ISO-10303-21;
HEADER;
FILE_DESCRIPTION (( 'STEP AP203' ),
    '1' );
FILE_NAME ('1147-0001-0001.STEP',
    '2024-11-25T19:36:16',
    ( '' ),
    ( '' ),
    'SwSTEP 2.0',
    'SolidWorks 2016',
    '' );
FILE_SCHEMA (( 'CONFIG_CONTROL_DESIGN' ));
ENDSEC;

DATA;
#1 = CARTESIAN_POINT ( 'NONE',  ( -2.500000000000000000, 5.499999999999998200, 5.650000000000000400 ) ) ;
#2 = CARTESIAN_POINT ( 'NONE',  ( 4.378085124944708400, 5.305713803993438800, 5.387585750815612000 ) ) ;
#3 = AXIS2_PLACEMENT_3D ( 'NONE', #3963, #2468, #368 ) ;
#4 = CARTESIAN_POINT ( 'NONE',  ( 6.701684510135629000, -13.41928619600651900, 4.971606782681496000 ) ) ;
#5 = CARTESIAN_POINT ( 'NONE',  ( 4.859272927391981700, -10.24011952933985900, 2.334600341910642900 ) ) ;
#6 = CARTESIAN_POINT ( 'NONE',  ( 4.298315489864346100, 11.51821380399342100, 3.028393217318457300 ) ) ;
#7 = CARTESIAN_POINT ( 'NONE',  ( -10.42716112004368900, 7.798843344302243400, 4.220573370311598200 ) ) ;
#8 = CARTESIAN_POINT ( 'NONE',  ( 5.619816710771525300, -0.3190923809975122500, 5.730907619000528400 ) ) ;
#9 = CARTESIAN_POINT ( 'NONE',  ( 3.633379675925022300, 1.484880470660109100, 4.718142441128664500 ) ) ;
#10 = CARTESIAN_POINT ( 'NONE',  ( -6.110494453377032900, 4.759475034189582800, 2.376513018916272200 ) ) ;
#11 = CARTESIAN_POINT ( 'NONE',  ( 12.99367221328958300, 4.159556185760689800, 5.880570050330726800 ) ) ;
#12 = DIRECTION ( 'NONE',  ( 2.220446049250312600E-016, 1.000000000000000000, -0.0000000000000000000 ) ) ;
#13 = CARTESIAN_POINT ( 'NONE',  ( 0.2770055466229525700, 4.759475034189582800, 2.376513018916271800 ) ) ;
#14 = ORIENTED_EDGE ( 'NONE', *, *, #5051, .T. ) ;
#15 = CARTESIAN_POINT ( 'NONE',  ( -0.09226061061532651900, 4.078266707395472100, 2.649236938160446400 ) ) ;
#16 = CARTESIAN_POINT ( 'NONE',  ( 7.781240055777093500, -14.41095286267318300, 4.359551305450801300 ) ) ;
#17 = CARTESIAN_POINT ( 'NONE',  ( 3.218759944222880300, 7.639047137326761200, 3.640448694549154800 ) ) ;
#18 = CARTESIAN_POINT ( 'NONE',  ( 7.422838879956266600, 3.201156655697758900, 3.779426629688413400 ) ) ;
#19 = CARTESIAN_POINT ( 'NONE',  ( -8.064661120043695100, 5.308977857911811400, 5.990856735486525000 ) ) ;
#20 = ORIENTED_EDGE ( 'NONE', *, *, #700, .F. ) ;
#21 = CARTESIAN_POINT ( 'NONE',  ( -14.94799445337700800, 6.905980968331821400, 3.358686567471581300 ) ) ;
#22 = CARTESIAN_POINT ( 'NONE',  ( 6.621914875055269400, 5.655713803993436700, 2.612414249184340500 ) ) ;
#23 = CARTESIAN_POINT ( 'NONE',  ( 5.259406098776346500, -14.23595286267318200, 5.526492704452465400 ) ) ;
#24 = CARTESIAN_POINT ( 'NONE',  ( 3.737358052336701200, -7.323452862673200100, 3.722186092726278000 ) ) ;
#25 = CARTESIAN_POINT ( 'NONE',  ( 4.859272927391985200, 10.05988047066009200, 2.334600341910640700 ) ) ;
#26 = CARTESIAN_POINT ( 'NONE',  ( 7.364505546622934800, 6.905980968331821400, 3.358686567471578700 ) ) ;
#27 = CARTESIAN_POINT ( 'NONE',  ( -13.81049445337701100, 6.458399530062931300, 6.101143420642320500 ) ) ;
#28 = CARTESIAN_POINT ( 'NONE',  ( -2.499999999999999600, 5.499999999999998200, 6.050000000000001600 ) ) ;
#29 = EDGE_CURVE ( 'NONE', #2758, #2718, #3747, .T. ) ;
#30 = CARTESIAN_POINT ( 'NONE',  ( 3.737358052336700300, -11.61095286267318900, 3.722186092726278900 ) ) ;
#31 = ORIENTED_EDGE ( 'NONE', *, *, #832, .F. ) ;
#32 = CARTESIAN_POINT ( 'NONE',  ( 3.944760240409291600, -0.03178619600655019400, 2.742530600695058100 ) ) ;
#33 = CARTESIAN_POINT ( 'NONE',  ( -6.052161120043699300, 5.647596759808096500, 2.461728047922992600 ) ) ;
#34 = EDGE_LOOP ( 'NONE', ( #3994, #4301, #4640, #4135, #116 ) ) ;
#35 = CARTESIAN_POINT ( 'NONE',  ( 10.19367221328959700, 4.159556185760689800, 5.880570050330726800 ) ) ;
#36 = CARTESIAN_POINT ( 'NONE',  ( 4.360338879956271900, 3.723756548762971400, 3.829569941986564100 ) ) ;
#37 = DIRECTION ( 'NONE',  ( 8.659560562354941500E-017, -0.7071067811865469100, 0.7071067811865482400 ) ) ;
#38 = CARTESIAN_POINT ( 'NONE',  ( 7.055239759590682200, -8.869286196006527200, 5.257469399304897100 ) ) ;
#39 = CARTESIAN_POINT ( 'NONE',  ( 5.188619435515715100, -17.29845286267317300, 5.975611840433585600 ) ) ;
#40 = CARTESIAN_POINT ( 'NONE',  ( 7.055239759590685700, 6.530713803993434900, 5.257469399304894400 ) ) ;
#41 = CARTESIAN_POINT ( 'NONE',  ( 7.247838879956266700, 5.308977857911811400, 5.990856735486523200 ) ) ;
#42 = CARTESIAN_POINT ( 'NONE',  ( -8.822994453377026100, 6.458399530062931300, 6.101143420642320500 ) ) ;
#43 = CARTESIAN_POINT ( 'NONE',  ( -13.66466112004368000, 5.647596759808096500, 2.461728047922993500 ) ) ;
#44 = CARTESIAN_POINT ( 'NONE',  ( 5.259406098776350900, 4.664047137326772200, 5.526492704452462800 ) ) ;
#45 = CARTESIAN_POINT ( 'NONE',  ( 5.259406098776346500, -13.53595286267318300, 5.526492704452464500 ) ) ;
#46 = CARTESIAN_POINT ( 'NONE',  ( 6.140727072607990800, -9.890119529339859400, 5.665399658089314400 ) ) ;
#47 = CARTESIAN_POINT ( 'NONE',  ( 6.621914875055272100, 10.64321380399342800, 2.612414249184340100 ) ) ;
#48 = CARTESIAN_POINT ( 'NONE',  ( 8.122838879956262300, 7.276243451237029100, 4.170430058013445200 ) ) ;
#49 = CARTESIAN_POINT ( 'NONE',  ( -13.63549445337701200, 3.680356420729224100, 4.829998340009573200 ) ) ;
#50 = AXIS2_PLACEMENT_3D ( 'NONE', #3670, #3690, #1724 ) ;
#51 = AXIS2_PLACEMENT_3D ( 'NONE', #3090, #5097, #1469 ) ;
#52 =( BOUNDED_CURVE ( )  B_SPLINE_CURVE ( 2, ( #5759, #3793, #6720, #4126, #6699, #3639, #3789 ),
 .UNSPECIFIED., .F., .F. ) 
 B_SPLINE_CURVE_WITH_KNOTS ( ( 3, 2, 2, 3 ),
 ( 0.4523613586207099700, 0.4555555555555555500, 0.4592592592592592600, 0.4611111111111111900 ),
 .UNSPECIFIED. ) 
 CURVE ( )  GEOMETRIC_REPRESENTATION_ITEM ( )  RATIONAL_B_SPLINE_CURVE ( ( 0.9682099195173232700, 0.8844558639636920200, 1.000000000000000000, 0.8660254037844387100, 1.000000000000000000, 0.9330127018922163000, 0.9330127018922193000 ) ) 
 REPRESENTATION_ITEM ( '' )  );
#53 = CARTESIAN_POINT ( 'NONE',  ( 1.250000000000000000, 1.250000000000000000, 8.000000000000000000 ) ) ;
#54 = CARTESIAN_POINT ( 'NONE',  ( 8.500000000000000000, 0.0000000000000000000, 0.0000000000000000000 ) ) ;
#55 = CARTESIAN_POINT ( 'NONE',  ( 6.701684510135629900, -11.31928619600652300, 4.971606782681496000 ) ) ;
#56 = CARTESIAN_POINT ( 'NONE',  ( 4.047999407627164800, -0.5567861960065473300, 5.795836187708173000 ) ) ;
#57 = CARTESIAN_POINT ( 'NONE',  ( -2.785494453377042000, 4.094019031668182200, 4.641313432528431100 ) ) ;
#58 = FACE_OUTER_BOUND ( 'NONE', #2441, .T. ) ;
#59 = EDGE_CURVE ( 'NONE', #3937, #4937, #4657, .T. ) ;
#60 = VECTOR ( 'NONE', #1764, 1000.000000000000000 ) ;
#61 = CARTESIAN_POINT ( 'NONE',  ( 10.66033887995625700, 7.798843344302243400, 4.220573370311595500 ) ) ;
#62 = CARTESIAN_POINT ( 'NONE',  ( 4.943672213289602300, 4.464281514573391600, 5.453056923070296800 ) ) ;
#63 = CARTESIAN_POINT ( 'NONE',  ( -2.500000000000000000, 5.499999999999998200, 2.349999999999999600 ) ) ;
#64 = CARTESIAN_POINT ( 'NONE',  ( 4.047999407627162100, -11.84428619600652200, 5.795836187708174800 ) ) ;
#65 = CARTESIAN_POINT ( 'NONE',  ( 7.055239759590681300, -15.78178619600651300, 5.257469399304897100 ) ) ;
#66 = CARTESIAN_POINT ( 'NONE',  ( 7.781240055777098000, 4.489047137326776000, 4.359551305450797700 ) ) ;
#67 = CYLINDRICAL_SURFACE ( 'NONE', #5819, 1.650000000000000400 ) ;
#68 = CARTESIAN_POINT ( 'NONE',  ( 6.197838879956271400, 5.691022142088190300, 2.009143264513485700 ) ) ;
#69 = CARTESIAN_POINT ( 'NONE',  ( -5.964661120043699900, 5.308977857911811400, 5.990856735486524100 ) ) ;
#70 = CARTESIAN_POINT ( 'NONE',  ( -16.11466112004367100, 5.352403240191906200, 5.538271952077019800 ) ) ;
#71 = LINE ( 'NONE', #5821, #5425 ) ;
#72 = CARTESIAN_POINT ( 'NONE',  ( 4.859272927391985200, 7.872380470660094600, 2.334600341910640700 ) ) ;
#73 = CARTESIAN_POINT ( 'NONE',  ( 6.942278411359267500, -12.60261952933985300, 3.445114078229010600 ) ) ;
#74 = CARTESIAN_POINT ( 'NONE',  ( 7.262641947663270900, -8.373452862673195400, 4.277813907273678500 ) ) ;
#75 = CARTESIAN_POINT ( 'NONE',  ( 14.07283887995624900, 3.723756548762971400, 3.829569941986563200 ) ) ;
#76 = CARTESIAN_POINT ( 'NONE',  ( -9.727161120043689400, 7.798843344302243400, 4.220573370311598200 ) ) ;
#77 = CARTESIAN_POINT ( 'NONE',  ( 1.250000000000000000, 0.0000000000000000000, 8.000000000000000000 ) ) ;
#78 = FACE_OUTER_BOUND ( 'NONE', #5176, .T. ) ;
#79 = CARTESIAN_POINT ( 'NONE',  ( 13.89783887995625200, 5.691022142088190300, 2.009143264513484800 ) ) ;
#80 = CARTESIAN_POINT ( 'NONE',  ( 4.859272927391981700, -8.227619529339865100, 2.334600341910642900 ) ) ;
#81 = CARTESIAN_POINT ( 'NONE',  ( 3.944760240409291600, 1.368213803993448200, 2.742530600695058100 ) ) ;
#82 = CARTESIAN_POINT ( 'NONE',  ( -1.968827786710374900, 4.241615791476277800, 3.103041480451418800 ) ) ;
#83 = ORIENTED_EDGE ( 'NONE', *, *, #475, .T. ) ;
#84 = CARTESIAN_POINT ( 'NONE',  ( 11.12700554662292000, 4.541600469937070500, 1.898856579357689300 ) ) ;
#85 = EDGE_CURVE ( 'NONE', #3031, #6505, #52, .T. ) ;
#86 = CARTESIAN_POINT ( 'NONE',  ( 4.068672213289610300, 6.758384208523724900, 4.896958519548592300 ) ) ;
#87 = CARTESIAN_POINT ( 'NONE',  ( -0.7729944533770429800, 4.670001659990469500, 2.180356420729214300 ) ) ;
#88 = CARTESIAN_POINT ( 'NONE',  ( 7.781240055777093500, -11.61095286267318900, 4.359551305450800400 ) ) ;
#89 = CARTESIAN_POINT ( 'NONE',  ( 7.781240055777093500, -14.32345286267318200, 4.359551305450801300 ) ) ;
#90 = CARTESIAN_POINT ( 'NONE',  ( 3.633379675925023200, 6.997380470660099000, 4.718142441128664500 ) ) ;
#91 = CARTESIAN_POINT ( 'NONE',  ( 7.481172213289599200, 3.871378562817414000, 2.839141604523051800 ) ) ;
#92 = CARTESIAN_POINT ( 'NONE',  ( -2.172994453377042700, 4.541600469937070500, 1.898856579357691000 ) ) ;
#93 = CARTESIAN_POINT ( 'NONE',  ( -15.58966112004367400, 7.276243451237029100, 4.170430058013448800 ) ) ;
#94 = CARTESIAN_POINT ( 'NONE',  ( 4.859272927391985200, 9.272380470660095900, 2.334600341910640700 ) ) ;
#95 = CARTESIAN_POINT ( 'NONE',  ( 6.621914875055267700, -6.856786196006534200, 2.612414249184342300 ) ) ;
#96 = CARTESIAN_POINT ( 'NONE',  ( 14.53950554662291200, 6.240524965810419800, 5.623486981083736700 ) ) ;
#97 = CARTESIAN_POINT ( 'NONE',  ( -7.977161120043695600, 3.201156655697758900, 3.779426629688414700 ) ) ;
#98 = CARTESIAN_POINT ( 'NONE',  ( -0.05000000000000821100, 5.499999999999998200, 4.000000000000000000 ) ) ;
#99 = CARTESIAN_POINT ( 'NONE',  ( 14.61450554662299000, 5.500000000000001800, 4.000000000000003600 ) ) ;
#100 = CARTESIAN_POINT ( 'NONE',  ( 4.298315489864341600, -9.569286196006526500, 3.028393217318460000 ) ) ;
#101 = CARTESIAN_POINT ( 'NONE',  ( 7.781240055777098000, 4.576547137326767400, 4.359551305450797700 ) ) ;
#102 = ORIENTED_EDGE ( 'NONE', *, *, #3472, .F. ) ;
#103 = CARTESIAN_POINT ( 'NONE',  ( -0.2771611200437116800, 7.276243451237029100, 4.170430058013447000 ) ) ;
#104 = CARTESIAN_POINT ( 'NONE',  ( 10.13533887995626200, 5.308977857911811400, 5.990856735486522300 ) ) ;
#105 = DATE_TIME_ROLE ( 'classification_date' ) ;
#106 = CARTESIAN_POINT ( 'NONE',  ( 6.052005546622933900, 6.905980968331821400, 3.358686567471578700 ) ) ;
#107 = CARTESIAN_POINT ( 'NONE',  ( 6.783072801662311400, -1.579713601790177200, 5.037412254426534700 ) ) ;
#108 = CARTESIAN_POINT ( 'NONE',  ( 5.811380564484254700, -11.43595286267318800, 2.024388159566372600 ) ) ;
#109 = CARTESIAN_POINT ( 'NONE',  ( 3.633379675925019200, -13.91511952933984900, 4.718142441128667200 ) ) ;
#110 = CARTESIAN_POINT ( 'NONE',  ( 4.047999407627167500, 9.855713803993428000, 5.795836187708171200 ) ) ;
#111 = CARTESIAN_POINT ( 'NONE',  ( 11.27283887995625700, 7.798843344302243400, 4.220573370311594600 ) ) ;
#112 = CARTESIAN_POINT ( 'NONE',  ( -1.647994453377044100, 3.680356420729224100, 4.829998340009571400 ) ) ;
#113 = CARTESIAN_POINT ( 'NONE',  ( -15.23966112004367400, 3.723756548762971400, 3.829569941986566800 ) ) ;
#114 = CARTESIAN_POINT ( 'NONE',  ( 3.737358052336704700, 7.989047137326763500, 3.722186092726276200 ) ) ;
#115 = CARTESIAN_POINT ( 'NONE',  ( 4.298315489864342500, -6.681786196006534300, 3.028393217318459600 ) ) ;
#116 = ORIENTED_EDGE ( 'NONE', *, *, #902, .T. ) ;
#117 = CARTESIAN_POINT ( 'NONE',  ( 12.49783887995625500, 5.352403240191906200, 5.538271952077016300 ) ) ;
#118 = CARTESIAN_POINT ( 'NONE',  ( -8.968827786710356500, 7.128621437182588700, 5.160858395476958900 ) ) ;
#119 = DIRECTION ( 'NONE',  ( 1.000000000000000000, 0.0000000000000000000, 0.0000000000000000000 ) ) ;
#120 = ORIENTED_EDGE ( 'NONE', *, *, #2646, .T. ) ;
#121 = CARTESIAN_POINT ( 'NONE',  ( 6.218142441128732000, -1.227619529339874400, 5.866620324074928000 ) ) ;
#122 = EDGE_CURVE ( 'NONE', #1589, #3668, #5660, .T. ) ;
#123 = CARTESIAN_POINT ( 'NONE',  ( 4.298315489864341600, -8.869286196006527200, 3.028393217318460000 ) ) ;
#124 = CARTESIAN_POINT ( 'NONE',  ( 5.811380564484258200, 4.051547137326770600, 2.024388159566370900 ) ) ;
#125 = CARTESIAN_POINT ( 'NONE',  ( -3.368827786710373300, 4.241615791476277800, 3.103041480451418800 ) ) ;
#126 = CARTESIAN_POINT ( 'NONE',  ( -15.73549445337700800, 6.905980968331821400, 3.358686567471581300 ) ) ;
#127 = CARTESIAN_POINT ( 'NONE',  ( 2.435338879956276500, 5.647596759808096500, 2.461728047922991700 ) ) ;
#128 = CARTESIAN_POINT ( 'NONE',  ( -0.2389385695075047500, 5.037463402565041500, 5.765927374543765400 ) ) ;
#129 = CARTESIAN_POINT ( 'NONE',  ( 7.366620324074951900, -9.452619529339861200, 3.281857558871291000 ) ) ;
#130 = CARTESIAN_POINT ( 'NONE',  ( 3.218759944222874900, -16.07345286267317900, 3.640448694549157400 ) ) ;
#131 = CARTESIAN_POINT ( 'NONE',  ( 6.952000592372813000, 8.805713803993432600, 2.204163812291780800 ) ) ;
#132 = CARTESIAN_POINT ( 'NONE',  ( 10.92283887995625600, 3.201156655697758900, 3.779426629688412900 ) ) ;
#133 = CARTESIAN_POINT ( 'NONE',  ( -5.031327786710369000, 3.871378562817414000, 2.839141604523053100 ) ) ;
#134 = CARTESIAN_POINT ( 'NONE',  ( -9.989661120043688700, 7.276243451237029100, 4.170430058013447900 ) ) ;
#135 = CARTESIAN_POINT ( 'NONE',  ( 7.262641947663274400, 8.339047137326762300, 4.277813907273675800 ) ) ;
#136 = B_SPLINE_CURVE_WITH_KNOTS ( 'NONE', 3,
 ( #580, #5756, #5777, #3202, #2751, #4781 ),
 .UNSPECIFIED., .F., .F.,
 ( 4, 2, 4 ),
 ( 0.007972251408665104900, 0.008492549882893316000, 0.009012848357121527200 ),
 .UNSPECIFIED. ) ;
#137 = CARTESIAN_POINT ( 'NONE',  ( 4.057721588640703200, -5.865119529339868800, 4.554885921770946300 ) ) ;
#138 = CARTESIAN_POINT ( 'NONE',  ( 12.96450554662292200, 6.905980968331821400, 3.358686567471578200 ) ) ;
#139 = CARTESIAN_POINT ( 'NONE',  ( -8.152161120043693600, 5.308977857911811400, 5.990856735486525000 ) ) ;
#140 = AXIS2_PLACEMENT_3D ( 'NONE', #6100, #447, #6143 ) ;
#141 = CARTESIAN_POINT ( 'NONE',  ( 6.697900488707565700, -1.196358790222918700, 2.518435145140717000 ) ) ;
#142 = LINE ( 'NONE', #1676, #1375 ) ;
#143 = CARTESIAN_POINT ( 'NONE',  ( -1.714150477759520900, 5.499999999999985800, 2.350000000000005000 ) ) ;
#144 = CARTESIAN_POINT ( 'NONE',  ( -2.168902115331374800, 7.167380011179679000, 4.465202146285124100 ) ) ;
#145 = CARTESIAN_POINT ( 'NONE',  ( 3.737358052336701200, -8.110952862673197900, 3.722186092726278000 ) ) ;
#146 = CARTESIAN_POINT ( 'NONE',  ( 5.188619435515720500, 3.001547137326775200, 5.975611840433583000 ) ) ;
#147 = CARTESIAN_POINT ( 'NONE',  ( -1.560494453377045300, 6.240524965810419800, 5.623486981083739300 ) ) ;
#148 = CARTESIAN_POINT ( 'NONE',  ( 13.75200554662291800, 3.680356420729224100, 4.829998340009569600 ) ) ;
#149 = CARTESIAN_POINT ( 'NONE',  ( 8.910338879956265500, 7.276243451237029100, 4.170430058013445200 ) ) ;
#150 = CARTESIAN_POINT ( 'NONE',  ( -0.1555580238131696000, 3.619656084691862400, 4.257690892367521400 ) ) ;
#151 = CARTESIAN_POINT ( 'NONE',  ( 7.366620324074952800, -5.952619529339870000, 3.281857558871290600 ) ) ;
#152 = ORIENTED_EDGE ( 'NONE', *, *, #1464, .T. ) ;
#153 = CARTESIAN_POINT ( 'NONE',  ( 3.944760240409288100, -16.13178619600651200, 2.742530600695060300 ) ) ;
#154 = CARTESIAN_POINT ( 'NONE',  ( 7.366620324074956400, 9.447380470660093000, 3.281857558871288400 ) ) ;
#155 = CARTESIAN_POINT ( 'NONE',  ( 12.03117221328959000, 7.128621437182588700, 5.160858395476956200 ) ) ;
#156 = CARTESIAN_POINT ( 'NONE',  ( -3.164661120043706700, 5.308977857911811400, 5.990856735486524100 ) ) ;
#157 = CARTESIAN_POINT ( 'NONE',  ( 6.952000592372821900, -0.9942861960065493300, 2.204163812291791000 ) ) ;
#158 = CARTESIAN_POINT ( 'NONE',  ( -10.16466112004368900, 5.647596759808096500, 2.461728047922993000 ) ) ;
#159 = CARTESIAN_POINT ( 'NONE',  ( 6.942278411359272800, 9.097380470660093400, 3.445114078229007900 ) ) ;
#160 = VERTEX_POINT ( 'NONE', #1453 ) ;
#161 = CARTESIAN_POINT ( 'NONE',  ( 3.737358052336701200, -6.623452862673200800, 3.722186092726278000 ) ) ;
#162 = ORIENTED_EDGE ( 'NONE', *, *, #6462, .T. ) ;
#163 = CARTESIAN_POINT ( 'NONE',  ( 13.60617221328958100, 6.535718485426611000, 2.546943076929710800 ) ) ;
#164 = CARTESIAN_POINT ( 'NONE',  ( -9.552161120043690400, 5.308977857911811400, 5.990856735486525000 ) ) ;
#165 = DIRECTION ( 'NONE',  ( -1.000000000000000000, 2.628368902995161500E-016, 0.0000000000000000000 ) ) ;
#166 = DIRECTION ( 'NONE',  ( 0.0000000000000000000, 0.0000000000000000000, 1.000000000000000000 ) ) ;
#167 = CARTESIAN_POINT ( 'NONE',  ( 5.382450941252817400, -2.363041065584617700, 2.086958934415316300 ) ) ;
#168 = CARTESIAN_POINT ( 'NONE',  ( 5.259406098776348200, -6.535952862673201300, 5.526492704452464500 ) ) ;
#169 = CARTESIAN_POINT ( 'NONE',  ( 3.218759944222879400, 4.226547137326773100, 3.640448694549154800 ) ) ;
#170 = CARTESIAN_POINT ( 'NONE',  ( 2.406172213289614200, 6.535718485426611000, 2.546943076929711700 ) ) ;
#171 = CARTESIAN_POINT ( 'NONE',  ( 14.39367221328958200, 4.159556185760689800, 5.880570050330726800 ) ) ;
#172 = CARTESIAN_POINT ( 'NONE',  ( 7.802005546622934800, 4.094019031668182200, 4.641313432528430200 ) ) ;
#173 = CARTESIAN_POINT ( 'NONE',  ( 3.944760240409289900, -7.819286196006531900, 2.742530600695058900 ) ) ;
#174 = CARTESIAN_POINT ( 'NONE',  ( 4.047999407627162100, -9.656786196006526900, 5.795836187708173900 ) ) ;
#175 = CARTESIAN_POINT ( 'NONE',  ( -0.6641504777595238500, 5.500000000000015100, 5.650000000000003900 ) ) ;
#176 = CARTESIAN_POINT ( 'NONE',  ( 3.944760240409293400, 8.980713803993428000, 2.742530600695057200 ) ) ;
#177 = CARTESIAN_POINT ( 'NONE',  ( 9.931172213289595900, 7.128621437182588700, 5.160858395476956200 ) ) ;
#178 = CARTESIAN_POINT ( 'NONE',  ( -4.914661120043702700, 5.691022142088190300, 2.009143264513486600 ) ) ;
#179 = ORIENTED_EDGE ( 'NONE', *, *, #6089, .T. ) ;
#180 = CARTESIAN_POINT ( 'NONE',  ( -12.03132778671034900, 6.758384208523724900, 4.896958519548594100 ) ) ;
#181 = CARTESIAN_POINT ( 'NONE',  ( 6.701684510135635300, 13.18071380399341700, 4.971606782681493400 ) ) ;
#182 = CARTESIAN_POINT ( 'NONE',  ( 4.378085124944706600, -5.106786196006537700, 5.387585750815612900 ) ) ;
#183 = DIRECTION ( 'NONE',  ( 0.0000000000000000000, 0.0000000000000000000, 1.000000000000000000 ) ) ;
#184 = EDGE_LOOP ( 'NONE', ( #739, #254, #3760, #2115 ) ) ;
#185 = CARTESIAN_POINT ( 'NONE',  ( -5.118827786710368400, 3.871378562817414000, 2.839141604523053100 ) ) ;
#186 = CARTESIAN_POINT ( 'NONE',  ( -16.58132778671033900, 7.128621437182588700, 5.160858395476959800 ) ) ;
#187 = EDGE_CURVE ( 'NONE', #526, #1544, #5170, .T. ) ;
#188 = CARTESIAN_POINT ( 'NONE',  ( 6.701684510135628200, -17.53178619600650700, 4.971606782681496900 ) ) ;
#189 = CARTESIAN_POINT ( 'NONE',  ( -2.099999999999996100, 5.499999999999998200, 5.650000000000000400 ) ) ;
#190 = CARTESIAN_POINT ( 'NONE',  ( -2.186408765052718600, 7.247306535336353900, 4.063086665959796800 ) ) ;
#191 = CARTESIAN_POINT ( 'NONE',  ( 6.701684510135630800, -7.819286196006531900, 4.971606782681496000 ) ) ;
#192 = CARTESIAN_POINT ( 'NONE',  ( 4.670760536595703400, 6.909880470660102200, 1.844612506840960200 ) ) ;
#193 = CARTESIAN_POINT ( 'NONE',  ( 2.931172213289611000, 4.241615791476277800, 3.103041480451417900 ) ) ;
#194 = CARTESIAN_POINT ( 'NONE',  ( 7.918672213289595700, 4.241615791476277800, 3.103041480451417500 ) ) ;
#195 = CARTESIAN_POINT ( 'NONE',  ( 3.944760240409289900, -7.119286196006532600, 2.742530600695058900 ) ) ;
#196 = ORIENTED_EDGE ( 'NONE', *, *, #313, .F. ) ;
#197 = CARTESIAN_POINT ( 'NONE',  ( 6.329239463404270800, -10.24011952933985900, 6.155387493158995600 ) ) ;
#198 = CARTESIAN_POINT ( 'NONE',  ( -2.499999999999998700, -3.423796334164748600E-016, 8.000000000000000000 ) ) ;
#199 = ORIENTED_EDGE ( 'NONE', *, *, #2976, .F. ) ;
#200 = CARTESIAN_POINT ( 'NONE',  ( 7.055239759590686600, 7.930713803993430000, 5.257469399304894400 ) ) ;
#201 = CARTESIAN_POINT ( 'NONE',  ( 11.97283887995625500, 7.798843344302243400, 4.220573370311594600 ) ) ;
#202 = CARTESIAN_POINT ( 'NONE',  ( 1.910338879956280600, 3.201156655697758900, 3.779426629688413800 ) ) ;
#203 = CARTESIAN_POINT ( 'NONE',  ( -0.8021611200437102100, 5.691022142088141500, 2.009143264513482100 ) ) ;
#204 = CARTESIAN_POINT ( 'NONE',  ( -11.50632778671035300, 6.535718485426611000, 2.546943076929713900 ) ) ;
#205 = CARTESIAN_POINT ( 'NONE',  ( 5.259406098776351800, 12.36404713732675400, 5.526492704452461900 ) ) ;
#206 = CARTESIAN_POINT ( 'NONE',  ( 5.259406098776349100, -0.1484528626732178900, 5.526492704452463700 ) ) ;
#207 = CARTESIAN_POINT ( 'NONE',  ( -2.099999999999996100, 6.019058217697600600, 5.566230687555505000 ) ) ;
#208 = CARTESIAN_POINT ( 'NONE',  ( -3.193827786710373500, 4.159556185760689800, 5.880570050330728500 ) ) ;
#209 = CARTESIAN_POINT ( 'NONE',  ( -1.709069811163946000, 5.578977160879484000, 2.350000000000004500 ) ) ;
#210 = CARTESIAN_POINT ( 'NONE',  ( 3.737358052336698900, -16.42345286267317700, 3.722186092726279300 ) ) ;
#211 = CARTESIAN_POINT ( 'NONE',  ( 3.960038232638142000, -0.4130469351235137000, 4.592467513931144800 ) ) ;
#212 = CARTESIAN_POINT ( 'NONE',  ( 5.499999999999761100, -2.145382289117179700, 5.695382289117175000 ) ) ;
#213 = EDGE_CURVE ( 'NONE', #869, #4633, #4168, .T. ) ;
#214 = CARTESIAN_POINT ( 'NONE',  ( 4.057721588640703200, -6.652619529339869300, 4.554885921770946300 ) ) ;
#215 = CARTESIAN_POINT ( 'NONE',  ( 3.633379675925023600, 8.484880470660094400, 4.718142441128663700 ) ) ;
#216 = CARTESIAN_POINT ( 'NONE',  ( 0.5395055466229514700, 6.240524965810419800, 5.623486981083739300 ) ) ;
#217 = CARTESIAN_POINT ( 'NONE',  ( 6.985338879956268300, 5.352403240191906200, 5.538271952077017200 ) ) ;
#218 = CARTESIAN_POINT ( 'NONE',  ( 5.188619435515717800, -6.185952862673201700, 5.975611840433584700 ) ) ;
#219 = CARTESIAN_POINT ( 'NONE',  ( -0.4000000000000065700, 6.972686586247812500, 3.255893677835103500 ) ) ;
#220 = CARTESIAN_POINT ( 'NONE',  ( 3.633379675925019600, -11.11511952933985700, 4.718142441128666300 ) ) ;
#221 = CIRCLE ( 'NONE', #2491, 1.000000000000000000 ) ;
#222 = CARTESIAN_POINT ( 'NONE',  ( -0.2604678452760338400, 5.068341042931885800, 2.259824823858448600 ) ) ;
#223 = CARTESIAN_POINT ( 'NONE',  ( 3.218759944222881600, 12.53904713732675300, 3.640448694549153900 ) ) ;
#224 = CONICAL_SURFACE ( 'NONE', #51, 2.050000000000009100, 0.7853981633974458400 ) ;
#225 = B_SPLINE_CURVE_WITH_KNOTS ( 'NONE', 3,
 ( #4089, #1541, #6189, #5621, #4607, #5167, #1520, #6646, #1584, #6145 ),
 .UNSPECIFIED., .F., .F.,
 ( 4, 2, 2, 2, 4 ),
 ( 2.070879791216064900E-016, 0.0006105113663515797100, 0.001221022732702952300, 0.001831534099054325000, 0.002442045465405697800 ),
 .UNSPECIFIED. ) ;
#226 = CARTESIAN_POINT ( 'NONE',  ( 13.08117221328958600, 3.871378562817414000, 2.839141604523051300 ) ) ;
#227 = CARTESIAN_POINT ( 'NONE',  ( 2.202005546622948500, 7.319643579270779000, 3.170001659990439300 ) ) ;
#228 = CARTESIAN_POINT ( 'NONE',  ( -0.1968778494742074700, 5.500000000015139000, 2.146877849474199800 ) ) ;
#229 = CARTESIAN_POINT ( 'NONE',  ( -10.39799445337702000, 4.094019031668182200, 4.641313432528432000 ) ) ;
#230 = CARTESIAN_POINT ( 'NONE',  ( 4.057721588640707600, 10.84738047066009200, 4.554885921770944500 ) ) ;
#231 = CARTESIAN_POINT ( 'NONE',  ( 3.218759944222878000, -2.160952862673210600, 3.640448694549156100 ) ) ;
#232 = CARTESIAN_POINT ( 'NONE',  ( 5.740593901223626000, -2.598452862673212000, 2.473507295547491500 ) ) ;
#233 = PERSON_AND_ORGANIZATION ( #2596, #402 ) ;
#234 = LINE ( 'NONE', #791, #5246 ) ;
#235 = CARTESIAN_POINT ( 'NONE',  ( -0.05000000000001760700, 5.044925856326080400, 2.052461162451590000 ) ) ;
#236 = CARTESIAN_POINT ( 'NONE',  ( -4.477161120043703600, 3.201156655697758900, 3.779426629688414700 ) ) ;
#237 = APPROVAL ( #3725, 'UNSPECIFIED' ) ;
#238 = CIRCLE ( 'NONE', #4227, 2.050000000000001600 ) ;
#239 = CARTESIAN_POINT ( 'NONE',  ( -0.8604944533770415600, 4.670001659990450800, 2.180356420729214800 ) ) ;
#240 = CARTESIAN_POINT ( 'NONE',  ( 7.262641947663269100, -15.37345286267318100, 4.277813907273678500 ) ) ;
#241 = DIRECTION ( 'NONE',  ( -1.000000000000000000, -2.863857827303820200E-031, 1.224646799147345600E-016 ) ) ;
#242 = DIRECTION ( 'NONE',  ( 1.000000000000000000, -0.0000000000000000000, -0.0000000000000000000 ) ) ;
#243 = CARTESIAN_POINT ( 'NONE',  ( 7.262641947663271800, -5.660952862673203100, 4.277813907273678500 ) ) ;
#244 = CARTESIAN_POINT ( 'NONE',  ( 7.055239759590685700, 5.918213803993433300, 5.257469399304894400 ) ) ;
#245 = CARTESIAN_POINT ( 'NONE',  ( 1.122838879956284300, 7.276243451237029100, 4.170430058013445200 ) ) ;
#246 = VERTEX_POINT ( 'NONE', #4498 ) ;
#247 = LINE ( 'NONE', #1819, #2668 ) ;
#248 = CARTESIAN_POINT ( 'NONE',  ( 9.785338879956258400, 5.352403240191906200, 5.538271952077017200 ) ) ;
#249 = CARTESIAN_POINT ( 'NONE',  ( 5.811380564484255600, -5.135952862673202700, 2.024388159566372200 ) ) ;
#250 = CARTESIAN_POINT ( 'NONE',  ( -1.560494453377040200, 4.670001659990453500, 2.180356420729221900 ) ) ;
#251 = CARTESIAN_POINT ( 'NONE',  ( 3.218759944222875800, -11.17345286267319300, 3.640448694549157000 ) ) ;
#252 = CARTESIAN_POINT ( 'NONE',  ( -15.09382778671034400, 6.535718485426611000, 2.546943076929714300 ) ) ;
#253 = CARTESIAN_POINT ( 'NONE',  ( 7.366620324074957300, 11.54738047066009100, 3.281857558871288400 ) ) ;
#254 = ORIENTED_EDGE ( 'NONE', *, *, #4383, .F. ) ;
#255 = CARTESIAN_POINT ( 'NONE',  ( 0.1603388799562824000, 7.798843344302243400, 4.220573370311596400 ) ) ;
#256 = CARTESIAN_POINT ( 'NONE',  ( -0.5688277867103783700, 7.128621437182604700, 5.160858395476936700 ) ) ;
#257 = CARTESIAN_POINT ( 'NONE',  ( -7.947994453377027000, 6.905980968331821400, 3.358686567471580500 ) ) ;
#258 = CARTESIAN_POINT ( 'NONE',  ( 4.057721588640707600, 12.94738047066008600, 4.554885921770944500 ) ) ;
#259 = CARTESIAN_POINT ( 'NONE',  ( 4.670760536595701700, -1.577619529339880300, 1.844612506840961800 ) ) ;
#260 = CARTESIAN_POINT ( 'NONE',  ( 6.621914875055268500, -1.956786196006544900, 2.612414249184341400 ) ) ;
#261 = EDGE_CURVE ( 'NONE', #3281, #6193, #4293, .T. ) ;
#262 = CARTESIAN_POINT ( 'NONE',  ( -5.993827786710366600, 4.159556185760689800, 5.880570050330728500 ) ) ;
#263 = CARTESIAN_POINT ( 'NONE',  ( -0.8917551924940077000, 4.182429632412351800, 2.402753805653952600 ) ) ;
#264 = CARTESIAN_POINT ( 'NONE',  ( 4.057721588640701400, -14.96511952933984600, 4.554885921770947200 ) ) ;
#265 = DIRECTION ( 'NONE',  ( 2.220446049250312600E-016, 1.000000000000000000, -0.0000000000000000000 ) ) ;
#266 = CARTESIAN_POINT ( 'NONE',  ( 3.938160326905069600, -2.296258321690017600, 3.008441953493123500 ) ) ;
#267 = CARTESIAN_POINT ( 'NONE',  ( 7.262641947663271800, -0.7609528626732169300, 4.277813907273677600 ) ) ;
#268 = CARTESIAN_POINT ( 'NONE',  ( 4.047999407627166600, 8.543213803993428000, 5.795836187708171200 ) ) ;
#269 = CARTESIAN_POINT ( 'NONE',  ( 0.3645055466229493700, 6.905980968331821400, 3.358686567471579600 ) ) ;
#270 = CARTESIAN_POINT ( 'NONE',  ( 12.29367221328958600, 6.535718485426611000, 2.546943076929710800 ) ) ;
#271 = CARTESIAN_POINT ( 'NONE',  ( 5.811380564484256400, -3.735952862673207700, 2.024388159566371700 ) ) ;
#272 = CARTESIAN_POINT ( 'NONE',  ( 4.859272927391983500, 1.659880470660109600, 2.334600341910642000 ) ) ;
#273 = ORIENTED_EDGE ( 'NONE', *, *, #261, .F. ) ;
#274 = CARTESIAN_POINT ( 'NONE',  ( 7.781240055777094400, -10.12345286267319400, 4.359551305450800400 ) ) ;
#275 = CARTESIAN_POINT ( 'NONE',  ( -14.56882778671034400, 4.241615791476277800, 3.103041480451420100 ) ) ;
#276 = CARTESIAN_POINT ( 'NONE',  ( 3.944760240409294300, 11.78071380399342200, 2.742530600695056700 ) ) ;
#277 = CARTESIAN_POINT ( 'NONE',  ( -0.9479944533770448000, 3.680356420729224100, 4.829998340009571400 ) ) ;
#278 = DIRECTION ( 'NONE',  ( 0.0000000000000000000, 0.0000000000000000000, -1.000000000000000000 ) ) ;
#279 = CARTESIAN_POINT ( 'NONE',  ( -6.081327786710366100, 4.241615791476277800, 3.103041480451419300 ) ) ;
#280 = CARTESIAN_POINT ( 'NONE',  ( 3.737358052336706000, 13.58904713732675200, 3.722186092726275800 ) ) ;
#281 = CARTESIAN_POINT ( 'NONE',  ( 3.944760240409290700, -2.219286196006545100, 2.742530600695058500 ) ) ;
#282 = CARTESIAN_POINT ( 'NONE',  ( 7.262641947663271800, -0.6734528626732154700, 4.277813907273677600 ) ) ;
#283 = CARTESIAN_POINT ( 'NONE',  ( -2.064150477759517000, 5.499999999999989300, 5.650000000000007500 ) ) ;
#284 = CARTESIAN_POINT ( 'NONE',  ( -4.768827786710368800, 7.128621437182588700, 5.160858395476958000 ) ) ;
#285 = CARTESIAN_POINT ( 'NONE',  ( -14.07299445337701200, 4.541600469937070500, 1.898856579357692400 ) ) ;
#286 = CARTESIAN_POINT ( 'NONE',  ( 3.737358052336698900, -15.72345286267317900, 3.722186092726279300 ) ) ;
#287 = CARTESIAN_POINT ( 'NONE',  ( 14.61450554662299000, 5.500000000000001800, 4.000000000000003600 ) ) ;
#288 = CARTESIAN_POINT ( 'NONE',  ( 5.499999999999997300, -2.100000000000002300, 4.000000000000000000 ) ) ;
#289 = CARTESIAN_POINT ( 'NONE',  ( 6.140727072607991700, -2.977619529339877900, 5.665399658089312700 ) ) ;
#290 = CARTESIAN_POINT ( 'NONE',  ( 7.366620324074956400, 8.834880470660090500, 3.281857558871288800 ) ) ;
#291 = CARTESIAN_POINT ( 'NONE',  ( 5.731172213289604600, 4.241615791476277800, 3.103041480451417500 ) ) ;
#292 = ORIENTED_EDGE ( 'NONE', *, *, #6710, .F. ) ;
#293 = EDGE_LOOP ( 'NONE', ( #6018, #2109, #2381, #3752 ) ) ;
#294 = CARTESIAN_POINT ( 'NONE',  ( 12.06033887995625900, 3.723756548762971400, 3.829569941986563200 ) ) ;
#295 = CARTESIAN_POINT ( 'NONE',  ( 3.633379675925021000, -4.202619529339871800, 4.718142441128665400 ) ) ;
#296 = CARTESIAN_POINT ( 'NONE',  ( 7.055239759590683100, -8.081786196006531100, 5.257469399304896200 ) ) ;
#297 = CARTESIAN_POINT ( 'NONE',  ( -13.57716112004368000, 7.276243451237029100, 4.170430058013448800 ) ) ;
#298 = CARTESIAN_POINT ( 'NONE',  ( 3.633379675925025000, 13.99738047066008500, 4.718142441128663700 ) ) ;
#299 = CARTESIAN_POINT ( 'NONE',  ( 1.443672213289616000, 6.840443814239312000, 2.119429949669281200 ) ) ;
#300 = CARTESIAN_POINT ( 'NONE',  ( -5.206327786710367900, 6.535718485426611000, 2.546943076929713000 ) ) ;
#301 = CARTESIAN_POINT ( 'NONE',  ( -2.500000000000000000, 5.499999999999998200, 5.650000000000000400 ) ) ;
#302 = CARTESIAN_POINT ( 'NONE',  ( 6.952000592372810300, -1.694286196006544100, 2.204163812291782200 ) ) ;
#303 = DESIGN_CONTEXT ( 'detailed design', #3188, 'design' ) ;
#304 = CARTESIAN_POINT ( 'NONE',  ( 6.621914875055268500, -1.256786196006550100, 2.612414249184341000 ) ) ;
#305 = DIRECTION ( 'NONE',  ( -1.000000000000000000, 4.231032868236115400E-016, 0.0000000000000000000 ) ) ;
#306 = CARTESIAN_POINT ( 'NONE',  ( 4.781857558871297300, -0.09011952933988245900, 2.133379675925006300 ) ) ;
#307 = CARTESIAN_POINT ( 'NONE',  ( -0.3938277867103798200, 4.159556185760689800, 5.880570050330728500 ) ) ;
#309 = CARTESIAN_POINT ( 'NONE',  ( -14.36466112004367800, 5.308977857911811400, 5.990856735486525000 ) ) ;
#308 = FACE_OUTER_BOUND ( 'NONE', #1186, .T. ) ;
#310 = CARTESIAN_POINT ( 'NONE',  ( 3.737358052336700300, -12.92345286267318400, 3.722186092726279300 ) ) ;
#311 = LINE ( 'NONE', #1731, #1366 ) ;
#312 = CARTESIAN_POINT ( 'NONE',  ( 5.264350342749655600, -2.154581031557688300, 5.692361805004043900 ) ) ;
#313 = EDGE_CURVE ( 'NONE', #484, #2037, #2920, .T. ) ;
#314 = CARTESIAN_POINT ( 'NONE',  ( 5.259406098776348200, -3.735952862673207700, 5.526492704452463700 ) ) ;
#315 = CARTESIAN_POINT ( 'NONE',  ( 3.633379675925024100, 11.28488047066009200, 4.718142441128663700 ) ) ;
#316 = CARTESIAN_POINT ( 'NONE',  ( 6.956172213289601600, 4.464281514573391600, 5.453056923070296800 ) ) ;
#317 = CARTESIAN_POINT ( 'NONE',  ( 4.378085124944708400, 4.693213803993437200, 5.387585750815612000 ) ) ;
#318 = COORDINATED_UNIVERSAL_TIME_OFFSET ( 6, 0, .BEHIND. ) ;
#319 = CARTESIAN_POINT ( 'NONE',  ( 10.13533887995626200, 5.647596759808096500, 2.461728047922990800 ) ) ;
#320 = DIRECTION ( 'NONE',  ( 0.0000000000000000000, 0.4149991700047700500, 0.9098217896353945100 ) ) ;
#321 = CARTESIAN_POINT ( 'NONE',  ( 7.366620324074951900, -7.965119529339864900, 3.281857558871290600 ) ) ;
#322 = CARTESIAN_POINT ( 'NONE',  ( -12.76049445337701700, 6.240524965810419800, 5.623486981083740200 ) ) ;
#323 = CARTESIAN_POINT ( 'NONE',  ( 6.329239463404277000, 13.47238047066008300, 6.155387493158992000 ) ) ;
#324 = CARTESIAN_POINT ( 'NONE',  ( 5.352005546622934600, 3.680356420729224100, 4.829998340009570500 ) ) ;
#325 = CARTESIAN_POINT ( 'NONE',  ( 3.849999999999988500, -1.153216402195260700, 4.000000000000016000 ) ) ;
#326 = CARTESIAN_POINT ( 'NONE',  ( -8.706327786710360800, 6.535718485426611000, 2.546943076929713900 ) ) ;
#327 = CARTESIAN_POINT ( 'NONE',  ( 3.218759944222878500, -0.06095286267321813800, 3.640448694549155200 ) ) ;
#328 = ORIENTED_EDGE ( 'NONE', *, *, #3209, .F. ) ;
#329 = CARTESIAN_POINT ( 'NONE',  ( 6.140727072607993400, 1.309880470660115300, 5.665399658089312700 ) ) ;
#330 = CARTESIAN_POINT ( 'NONE',  ( 4.781857558871282200, -0.8776195293398770800, 2.133379675925019600 ) ) ;
#331 = CARTESIAN_POINT ( 'NONE',  ( 6.718301849540079500, -1.896358790222912000, 5.674194636923979300 ) ) ;
#332 = CARTESIAN_POINT ( 'NONE',  ( 0.7728388799562836400, 7.798843344302243400, 4.220573370311596400 ) ) ;
#333 = ADVANCED_FACE ( 'NONE', ( #2750 ), #3800, .F. ) ;
#334 = CARTESIAN_POINT ( 'NONE',  ( -15.47299445337700900, 4.541600469937070500, 1.898856579357692600 ) ) ;
#335 = CARTESIAN_POINT ( 'NONE',  ( 6.942278411359267500, -13.21511952933985200, 3.445114078229010600 ) ) ;
#336 = ORIENTED_EDGE ( 'NONE', *, *, #4987, .F. ) ;
#337 = CARTESIAN_POINT ( 'NONE',  ( -1.560494453377040000, 4.670001659990454400, 2.180356420729221900 ) ) ;
#338 = CARTESIAN_POINT ( 'NONE',  ( 6.701684510135630800, -3.619286196006540100, 4.971606782681495100 ) ) ;
#339 = VERTEX_POINT ( 'NONE', #5041 ) ;
#340 = CARTESIAN_POINT ( 'NONE',  ( 7.055239759590687500, 12.91821380399341900, 5.257469399304893500 ) ) ;
#341 = CARTESIAN_POINT ( 'NONE',  ( 5.672838879956270100, 3.723756548762971400, 3.829569941986564100 ) ) ;
#342 = CARTESIAN_POINT ( 'NONE',  ( 6.701684510135632600, 3.468213803993438900, 4.971606782681494300 ) ) ;
#343 = CARTESIAN_POINT ( 'NONE',  ( 10.48533887995625800, 5.352403240191906200, 5.538271952077017200 ) ) ;
#344 = DIRECTION ( 'NONE',  ( -0.0000000000000000000, 0.0000000000000000000, 1.000000000000000000 ) ) ;
#345 = CARTESIAN_POINT ( 'NONE',  ( 7.781240055777096200, -8.023452862673199300, 4.359551305450800400 ) ) ;
#346 = CARTESIAN_POINT ( 'NONE',  ( -12.17716112004368300, 7.276243451237029100, 4.170430058013448800 ) ) ;
#347 = CARTESIAN_POINT ( 'NONE',  ( -0.7729944533770429800, 4.670001659990469500, 2.180356420729214300 ) ) ;
#348 = CARTESIAN_POINT ( 'NONE',  ( 3.602005546622939900, 7.319643579270779000, 3.170001659990438800 ) ) ;
#349 = CARTESIAN_POINT ( 'NONE',  ( 3.849999999999988500, -1.644861590627996200, 4.000000000000016000 ) ) ;
#350 = CARTESIAN_POINT ( 'NONE',  ( -3.047994453377039100, 6.905980968331821400, 3.358686567471580000 ) ) ;
#351 = DIRECTION ( 'NONE',  ( 1.000000000000000000, -0.0000000000000000000, -0.0000000000000000000 ) ) ;
#352 = CARTESIAN_POINT ( 'NONE',  ( 4.378085124944710100, 13.09321380399342200, 5.387585750815611100 ) ) ;
#353 = CARTESIAN_POINT ( 'NONE',  ( 4.057721588640705000, 1.134880470660113000, 4.554885921770946300 ) ) ;
#354 = EDGE_CURVE ( 'NONE', #2465, #2280, #647, .T. ) ;
#355 = CARTESIAN_POINT ( 'NONE',  ( -2.500000000000000000, 9.500000000000001800, 8.000000000000000000 ) ) ;
#356 = CARTESIAN_POINT ( 'NONE',  ( 5.811380564484304400, -2.248452862673213600, 2.024388159566378900 ) ) ;
#357 = ORIENTED_EDGE ( 'NONE', *, *, #2346, .F. ) ;
#358 = CARTESIAN_POINT ( 'NONE',  ( -2.143827786710378500, 6.840443814239312000, 2.119429949669282100 ) ) ;
#359 = CARTESIAN_POINT ( 'NONE',  ( -14.71466112004367800, 5.691022142088190300, 2.009143264513487900 ) ) ;
#360 = CARTESIAN_POINT ( 'NONE',  ( 1.250000000000000000, 1.250000000000000000, 8.000000000000000000 ) ) ;
#361 =( BOUNDED_SURFACE ( )  B_SPLINE_SURFACE ( 1, 2, ( 
 ( #2799, #4871, #2351, #5393, #188, #2307, #4382, #5983, #2326, #3814, #3295, #5961, #6484, #1309, #4357, #2893, #4422, #5913, #1242, #1839, #5441, #767, #720, #210, #4943, #4847, #2819, #6438, #3837, #3886, #789, #1772, #746, #5373, #3337, #286, #5937, #4895, #4401, #6459, #5419, #240, #4918, #1860, #3861, #6413, #2288, #3362, #264, #5889, #2869, #1288, #3909, #1818, #812, #1332, #5464, #6185, #1474, #6165, #1494, #2548, #2008, #6641, #5122, #3029, #4602, #2569, #4108, #3072, #2526, #5101, #463, #6141, #5617, #5077, #1517, #1537, #335, #6010, #5663, #3049, #6659, #310, #4085, #444, #995, #4557, #6681, #3561, #1354, #6508, #1988, #3581, #2034, #487, #5639, #3537, #1015, #4064, #4624, #3406, #5144, #974, #5597, #6532, #2503, #3933, #2054, #837, #4445, #4966, #6118, #1883, #4579, #5487, #2395, #2914, #3430, #3955, #861, #6254, #3093, #4710, #1079, #1103, #5707, #5207, #3112, #5, #4643, #3158, #507, #5753, #6229, #46, #598, #528, #1627, #2146, #2124, #4131, #3665, #5727, #4664, #1559, #3604, #5252, #2637, #6275, #2658, #576, #5229, #1037, #5164, #5186, #2610, #2166, #4199, #1059, #3178, #74, #2591, #1580, #3687, #2101, #6703, #3133, #4178, #5774, #4224, #2080, #5684, #1126, #4733, #1649, #4153, #2681, #6206, #24, #3620, #3643, #550, #4685, #1601, #3223, #1237, #95, #5816, #2725, #115, #161, #3782, #2281, #3735, #1150, #6345, #1170, #5864, #1192, #2257, #1720, #3244, #4822, #137, #4312, #4800, #5367, #4245, #1692, #3759, #5297, #5319, #2211, #2189, #670, #2234, #182, #3808, #4290, #1742, #5345, #5839, #2747, #694, #2703, #3710, #6370, #2773, #715, #3269, #644, #3199, #1214, #5794, #619, #4753, #4268, #6389, #1671, #5275, #3290, #5884, #4776, #4332, #6322, #4842, #1767, #6295, #1284, #1879, #5932, #6501, #2369, #4961, #4889, #3400, #1836, #3311, #5438, #232, #2792, #3856, #6454, #3358, #4416, #3879, #5956, #3333, #3906, #3378, #260, #2344, #4938, #1815, #1791, #4397, #5413, #785, #1326, #1855, #2324, #5459, #304, #3927, #831, #2865, #5481, #6480, #808, #762, #5977, #4438, #282, #1304, #2888, #4913, #2841, #5388, #1348, #2390, #6410, #206, #3832, #740, #4352, #1260, #4868, #4377, #2304, #5907, #2816, #6434, #2909, #6005, #5504, #6547, #3448, #3425, #2412, #1373, #6027, #2933, #6526, #353, #880, #3974, #329, #3949, #856, #4464, #4984, #1900, #272, #6017, #3896, #868, #4473, #1385, #1429, #4003, #6600, #6537, #5038, #3461, #4951, #366, #1890, #4427, #5492, #4995, #1909, #6056, #5514, #889, #4972, #5533, #5017, #2421, #3985, #6579, #2919, #3413, #6038, #342, #2942, #2964, #3478, #3436, #387, #1950, #5555, #2466, #4495, #3499, #1409, #2444, #2401, #914, #6079, #1929, #6556, #4515, #2984, #3960, #317, #405, #4022, #1337, #1867, #5470, #2378, #5989, #2898, #6514, #6015, #3938, #841, #4449, #1360, #5060, #1969, #5103, #2035, #6166, #5575, #2527, #2505, #3562, #3050, #1449, #6142, #1016, #3605, #5640, #4560, #446, #6661, #5664, #5618, #6120, #464, #6704, #2485, #3032, #4581, #6643, #4086, #3539, #3520, #1497, #996, #1538, #5145, #2009, #3073, #6682, #4603, #1518, #5124, #4043, #6099, #2549, #4109, #2056, #976, #5079, #4541, #4066, #425, #3009, #6619, #3583, #488, #509, #1476, #954, #4625, #1990, #2570, #6186, #3094, #935, #5599, #529, #5728, #1104, #2612, #2592, #4644, #1038, #2102, #1081, #1602, #1560, #6230, #4155, #25, #3134, #5165, #3644, #2638, #4200, #4686, #3113, #4665, #551, #47, #4179, #1060, #5208, #4132, #6207, #5708, #2125, #6256, #3159, #3666, #3621, #577, #2081, #5686, #6, #1581, #5187, #5521, #1961, #3972, #1938, #2477, #6026, #945, #4013, #4030, #5544, #1440, #6049, #2955, #879, #6088, #3447, #1982, #2455, #2997, #3531, #3469, #4551, #5068, #5050, #352, #6610, #2001, #395, #2975, #6108, #1487, #5563, #2495, #5589, #3511, #1462 ),
 ( #3020, #4506, #5005, #923, #6067, #3492, #6632, #435, #1420, #4057, #964, #4570, #5092, #417, #5609, #2932, #6546, #377, #4485, #1399, #1919, #6591, #2432, #6570, #3993, #901, #4530, #5031, #5154, #4635, #3042, #4121, #2603, #5198, #519, #6155, #2047, #1028, #540, #499, #4098, #1549, #1593, #456, #4614, #6177, #1528, #2070, #5135, #5114, #3083, #5677, #3124, #16, #1006, #3103, #4144, #3631, #2582, #6713, #5630, #6652, #3594, #5697, #4166, #2563, #6670, #6131, #5653, #2023, #3551, #4078, #3573, #4655, #4590, #1507, #6693, #2114, #6198, #6219, #986, #1072, #479, #3612, #1049, #1571, #5175, #4676, #2090, #2517, #2539, #3061, #4745, #6245, #1664, #3170, #5719, #64, #2672, #6286, #635, #88, #2181, #6266, #108, #6312, #3191, #5268, #1162, #4214, #4701, #611, #1641, #3702, #4258, #4767, #1117, #1683, #3235, #2715, #3751, #5786, #1182, #2695, #3728, #3680, #5289, #6337, #3213, #4237, #2204, #1139, #4724, #1616, #5808, #590, #5242, #1094, #129, #661, #4281, #4790, #1708, #2158, #5310, #2625, #3148, #2136, #38, #3656, #565, #4190, #5221, #5743, #5766, #2649, #3867, #2765, #1733, #1294, #4343, #1780, #2737, #2806, #2784, #6421, #173, #5400, #1250, #3773, #1826, #3799, #1805, #3821, #4880, #4858, #2271, #752, #195, #6401, #6358, #5357, #3301, #706, #2249, #4831, #3258, #4367, #728, #2313, #3322, #4323, #5379, #2294, #218, #775, #5333, #5896, #151, #1756, #3845, #2224, #1273, #5920, #2829, #5876, #6445, #5853, #6380, #685, #3347, #4304, #249, #4388, #4902, #5830, #3280, #1205, #4812, #1228, #5427, #5448, #2332, #4927, #1316, #3390, #5944, #2359, #295, #2855, #5967, #6468, #3369, #797, #1847, #2877, #271, #3895, #6492, #4408, #2887, #2323, #784, #1877, #4396, #6431, #4911, #3905, #1899, #1854, #3332, #2815, #5480, #6004, #830, #3878, #2411, #3948, #1835, #3855, #1347, #4960, #281, #231, #6453, #4463, #761, #2343, #5954, #3357, #3398, #302, #5502, #259, #5458, #4376, #1283, #4436, #4415, #4888, #2908, #1303, #3926, #2864, #6478, #3376, #6524, #2389, #4983, #5437, #3424, #2367, #1814, #5976, #807, #5412, #1325, #4936, #6500, #327, #854, #1372, #5931, #2839, #5116, #4571, #3553, #1553, #1509, #6090, #2479, #1529, #5656, #480, #3532, #2072, #3596, #1489, #3512, #1009, #4618, #6654, #3000, #6111, #4123, #6612, #2002, #5611, #3023, #3064, #6674, #5157, #6634, #2026, #418, #4035, #4102, #4079, #3574, #5633, #4595, #4059, #5136, #1030, #438, #1983, #947, #2541, #6160, #4552, #2049, #3043, #2564, #967, #6179, #3087, #1466, #5070, #5094, #6696, #990, #501, #4637, #2520, #5592, #457, #2497, #6134, #2117, #6247, #4169, #5699, #1595, #6200, #4217, #4192, #5768, #66, #542, #4703, #3150, #3682, #4239, #5179, #1618, #3613, #5200, #2138, #5679, #592, #3658, #1119, #5721, #1096, #2604, #6221, #520, #5746, #3105, #1643, #2627, #2651, #3193, #3126, #4726, #5244, #2161, #5223, #2674, #6717, #4146, #1073, #40, #4747, #6268, #3635, #3172, #6288, #2092, #4678, #90, #4658, #3704, #568, #5270, #614, #1573, #1142, #1666, #2584, #1051, #17, #664, #1231, #6404, #5879, #200, #4817, #4346, #5337, #3285, #3238, #4835, #2787, #2252, #2740, #4327, #3776, #1187, #1164, #4306, #131, #6339, #4262, #176, #2768, #732, #3803, #688, #3754, #5360, #4861, #154, #5291, #6315, #3215, #6363, #708, #1761, #110, #1207, #4284, #1736, #5857, #2697, #6383, #2274, #1784, #3304, #5810, #1712, #3824, #1254, #2183, #4793, #5789, #3730, #637, #5313, #5833, #2228, #4770, #3262, #1685, #2206, #2719, #5996, #2903, #253, #5970, #3394, #6518, #276, #2881, #1808, #2809, #6473, #1873, #3419, #5431, #2834, #2297, #1831, #1277, #6426, #223, #6449, #823, #754, #4370, #1299, #1365, #3872, #5476, #3849, #2384, #3352, #6496, #2337, #5948, #2859, #323, #4955, #848, #5405, #4906, #5901, #3920, #3899, #3944, #298 ) ),
 .UNSPECIFIED., .F., .F., .F. ) 
 B_SPLINE_SURFACE_WITH_KNOTS ( ( 2, 2 ),
 ( 3, 2, 2, 2, 2, 2, 2, 2, 2, 2, 2, 2, 2, 2, 2, 2, 2, 2, 2, 2, 2, 2, 2, 2, 2, 2, 2, 2, 2, 2, 2, 2, 2, 2, 2, 2, 2, 2, 2, 2, 2, 2, 2, 2, 2, 2, 2, 2, 2, 2, 2, 2, 2, 2, 2, 2, 2, 2, 2, 2, 2, 2, 2, 2, 2, 2, 2, 2, 2, 2, 2, 2, 2, 2, 2, 2, 2, 2, 2, 2, 2, 2, 2, 2, 2, 2, 2, 2, 2, 2, 2, 2, 2, 2, 2, 2, 2, 2, 2, 2, 2, 2, 2, 2, 2, 2, 2, 2, 2, 2, 2, 2, 2, 2, 2, 2, 2, 2, 2, 2, 2, 2, 2, 2, 2, 2, 2, 2, 2, 2, 2, 2, 2, 2, 2, 2, 2, 2, 2, 2, 2, 2, 2, 2, 2, 2, 2, 2, 2, 2, 2, 2, 2, 2, 2, 2, 2, 2, 2, 2, 2, 2, 2, 2, 2, 2, 2, 2, 2, 2, 2, 2, 2, 2, 2, 2, 2, 2, 2, 2, 2, 2, 2, 2, 2, 2, 2, 2, 2, 2, 2, 2, 2, 2, 2, 2, 2, 2, 2, 2, 2, 2, 2, 2, 2, 2, 2, 2, 2, 2, 2, 2, 2, 2, 2, 2, 2, 2, 2, 2, 2, 2, 2, 2, 2, 2, 2, 2, 2, 2, 2, 2, 2, 2, 2, 2, 2, 2, 2, 2, 2, 2, 2, 2, 2, 2, 2, 2, 2, 2, 2, 2, 2, 2, 2, 2, 2, 2, 2, 2, 2, 2, 2, 2, 2, 2, 2, 2, 2, 2, 3 ),
 ( 0.0000000000000000000, 1.000000000000000000 ),
 ( 0.0000000000000000000, 0.003703703703703703800, 0.007407407407407407700, 0.01111111111111111200, 0.01481481481481481500, 0.01851851851851851700, 0.02222222222222222300, 0.02592592592592592500, 0.02962962962962963100, 0.03333333333333333300, 0.03703703703703703500, 0.04074074074074074400, 0.04444444444444444600, 0.04814814814814814800, 0.05185185185185185000, 0.05555555555555555200, 0.05925925925925926200, 0.06296296296296295700, 0.06666666666666666600, 0.07037037037037037500, 0.07407407407407407000, 0.07777777777777777900, 0.08148148148148148800, 0.08518518518518518300, 0.08888888888888889200, 0.09259259259259258700, 0.09629629629629629700, 0.1000000000000000100, 0.1037037037037037000, 0.1074074074074074100, 0.1111111111111111000, 0.1148148148148148100, 0.1185185185185185200, 0.1222222222222222200, 0.1259259259259259100, 0.1296296296296296200, 0.1333333333333333300, 0.1370370370370370400, 0.1407407407407407500, 0.1444444444444444300, 0.1481481481481481400, 0.1518518518518518500, 0.1555555555555555600, 0.1592592592592592700, 0.1629629629629629800, 0.1666666666666666600, 0.1703703703703703700, 0.1740740740740740800, 0.1777777777777777800, 0.1814814814814814900, 0.1851851851851851700, 0.1888888888888888800, 0.1925925925925925900, 0.1962962962962963000, 0.2000000000000000100, 0.2037037037037036900, 0.2074074074074074000, 0.2111111111111111100, 0.2148148148148148200, 0.2185185185185185300, 0.2222222222222222100, 0.2259259259259259200, 0.2296296296296296300, 0.2333333333333333400, 0.2370370370370370500, 0.2407407407407407300, 0.2444444444444444400, 0.2481481481481481500, 0.2518518518518518300, 0.2555555555555555400, 0.2592592592592592400, 0.2629629629629629500, 0.2666666666666666600, 0.2703703703703703700, 0.2740740740740740800, 0.2777777777777777900, 0.2814814814814815000, 0.2851851851851852100, 0.2888888888888888600, 0.2925925925925925700, 0.2962962962962962800, 0.2999999999999999900, 0.3037037037037037000, 0.3074074074074074100, 0.3111111111111111200, 0.3148148148148148300, 0.3185185185185185300, 0.3222222222222222400, 0.3259259259259259500, 0.3296296296296296100, 0.3333333333333333100, 0.3370370370370370200, 0.3407407407407407300, 0.3444444444444444400, 0.3481481481481481500, 0.3518518518518518600, 0.3555555555555555700, 0.3592592592592592800, 0.3629629629629629900, 0.3666666666666666400, 0.3703703703703703500, 0.3740740740740740600, 0.3777777777777777700, 0.3814814814814814800, 0.3851851851851851900, 0.3888888888888889000, 0.3925925925925926000, 0.3962962962962963100, 0.4000000000000000200, 0.4037037037037037300, 0.4074074074074073800, 0.4111111111111110900, 0.4148148148148148000, 0.4185185185185185100, 0.4222222222222222200, 0.4259259259259259300, 0.4296296296296296400, 0.4333333333333333500, 0.4370370370370370600, 0.4407407407407407700, 0.4444444444444444200, 0.4481481481481481300, 0.4518518518518518400, 0.4555555555555555500, 0.4592592592592592600, 0.4629629629629629700, 0.4666666666666666700, 0.4703703703703703800, 0.4740740740740740900, 0.4777777777777778000, 0.4814814814814814500, 0.4851851851851851600, 0.4888888888888888700, 0.4925925925925925800, 0.4962962962962962900, 0.5000000000000000000, 0.5037037037037036500, 0.5074074074074074200, 0.5111111111111110700, 0.5148148148148148400, 0.5185185185185184900, 0.5222222222222222500, 0.5259259259259259100, 0.5296296296296296700, 0.5333333333333333300, 0.5370370370370370900, 0.5407407407407407400, 0.5444444444444444000, 0.5481481481481481600, 0.5518518518518518200, 0.5555555555555555800, 0.5592592592592592300, 0.5629629629629630000, 0.5666666666666666500, 0.5703703703703704200, 0.5740740740740740700, 0.5777777777777777200, 0.5814814814814814900, 0.5851851851851851400, 0.5888888888888889100, 0.5925925925925925600, 0.5962962962962963200, 0.5999999999999999800, 0.6037037037037037400, 0.6074074074074074000, 0.6111111111111111600, 0.6148148148148148100, 0.6185185185185184700, 0.6222222222222222300, 0.6259259259259258900, 0.6296296296296296500, 0.6333333333333333000, 0.6370370370370370700, 0.6407407407407407200, 0.6444444444444444900, 0.6481481481481481400, 0.6518518518518519000, 0.6555555555555555600, 0.6592592592592592100, 0.6629629629629629800, 0.6666666666666666300, 0.6703703703703703900, 0.6740740740740740500, 0.6777777777777778100, 0.6814814814814814700, 0.6851851851851852300, 0.6888888888888888800, 0.6925925925925925400, 0.6962962962962963000, 0.6999999999999999600, 0.7037037037037037200, 0.7074074074074073700, 0.7111111111111111400, 0.7148148148148147900, 0.7185185185185185600, 0.7222222222222222100, 0.7259259259259259700, 0.7296296296296296300, 0.7333333333333332800, 0.7370370370370370500, 0.7407407407407407000, 0.7444444444444444600, 0.7481481481481481200, 0.7518518518518518800, 0.7555555555555555400, 0.7592592592592593000, 0.7629629629629629500, 0.7666666666666667200, 0.7703703703703703700, 0.7740740740740740300, 0.7777777777777777900, 0.7814814814814814400, 0.7851851851851852100, 0.7888888888888888600, 0.7925925925925926300, 0.7962962962962962800, 0.8000000000000000400, 0.8037037037037037000, 0.8074074074074074600, 0.8111111111111111200, 0.8148148148148147700, 0.8185185185185185300, 0.8222222222222221900, 0.8259259259259259500, 0.8296296296296296100, 0.8333333333333333700, 0.8370370370370370200, 0.8407407407407407900, 0.8444444444444444400, 0.8481481481481481000, 0.8518518518518518600, 0.8555555555555555100, 0.8592592592592592800, 0.8629629629629629300, 0.8666666666666667000, 0.8703703703703703500, 0.8740740740740741100, 0.8777777777777777700, 0.8814814814814815300, 0.8851851851851851900, 0.8888888888888888400, 0.8925925925925926000, 0.8962962962962962600, 0.9000000000000000200, 0.9037037037037036800, 0.9074074074074074400, 0.9111111111111110900, 0.9148148148148148600, 0.9185185185185185100, 0.9222222222222222800, 0.9259259259259259300, 0.9296296296296295800, 0.9333333333333333500, 0.9370370370370370000, 0.9407407407407407700, 0.9444444444444444200, 0.9481481481481481800, 0.9518518518518518400, 0.9555555555555556000, 0.9592592592592592600, 0.9629629629629629100, 0.9666666666666666700, 0.9703703703703703300, 0.9740740740740740900, 0.9777777777777777500, 0.9814814814814815100, 0.9851851851851851600, 0.9888888888888889300, 0.9925925925925925800, 0.9962962962962963500, 1.000000000000000000 ),
 .UNSPECIFIED. ) 
 GEOMETRIC_REPRESENTATION_ITEM ( )  RATIONAL_B_SPLINE_SURFACE ( (
 ( 1.000000000000000000, 0.8660254037844387100, 1.000000000000000000, 0.8660254037844387100, 1.000000000000000000, 0.8660254037844387100, 1.000000000000000000, 0.8660254037844387100, 1.000000000000000000, 0.8660254037844387100, 1.000000000000000000, 0.8660254037844387100, 1.000000000000000000, 0.8660254037844387100, 1.000000000000000000, 0.8660254037844387100, 1.000000000000000000, 0.8660254037844387100, 1.000000000000000000, 0.8660254037844387100, 1.000000000000000000, 0.8660254037844387100, 1.000000000000000000, 0.8660254037844387100, 1.000000000000000000, 0.8660254037844387100, 1.000000000000000000, 0.8660254037844387100, 1.000000000000000000, 0.8660254037844387100, 1.000000000000000000, 0.8660254037844387100, 1.000000000000000000, 0.8660254037844387100, 1.000000000000000000, 0.8660254037844387100, 1.000000000000000000, 0.8660254037844387100, 1.000000000000000000, 0.8660254037844387100, 1.000000000000000000, 0.8660254037844387100, 1.000000000000000000, 0.8660254037844387100, 1.000000000000000000, 0.8660254037844387100, 1.000000000000000000, 0.8660254037844387100, 1.000000000000000000, 0.8660254037844387100, 1.000000000000000000, 0.8660254037844387100, 1.000000000000000000, 0.8660254037844387100, 1.000000000000000000, 0.8660254037844387100, 1.000000000000000000, 0.8660254037844387100, 1.000000000000000000, 0.8660254037844387100, 1.000000000000000000, 0.8660254037844387100, 1.000000000000000000, 0.8660254037844387100, 1.000000000000000000, 0.8660254037844387100, 1.000000000000000000, 0.8660254037844387100, 1.000000000000000000, 0.8660254037844387100, 1.000000000000000000, 0.8660254037844387100, 1.000000000000000000, 0.8660254037844387100, 1.000000000000000000, 0.8660254037844387100, 1.000000000000000000, 0.8660254037844387100, 1.000000000000000000, 0.8660254037844387100, 1.000000000000000000, 0.8660254037844387100, 1.000000000000000000, 0.8660254037844387100, 1.000000000000000000, 0.8660254037844387100, 1.000000000000000000, 0.8660254037844387100, 1.000000000000000000, 0.8660254037844387100, 1.000000000000000000, 0.8660254037844387100, 1.000000000000000000, 0.8660254037844387100, 1.000000000000000000, 0.8660254037844387100, 1.000000000000000000, 0.8660254037844387100, 1.000000000000000000, 0.8660254037844387100, 1.000000000000000000, 0.8660254037844387100, 1.000000000000000000, 0.8660254037844387100, 1.000000000000000000, 0.8660254037844387100, 1.000000000000000000, 0.8660254037844387100, 1.000000000000000000, 0.8660254037844387100, 1.000000000000000000, 0.8660254037844387100, 1.000000000000000000, 0.8660254037844387100, 1.000000000000000000, 0.8660254037844387100, 1.000000000000000000, 0.8660254037844387100, 1.000000000000000000, 0.8660254037844387100, 1.000000000000000000, 0.8660254037844387100, 1.000000000000000000, 0.8660254037844387100, 1.000000000000000000, 0.8660254037844387100, 1.000000000000000000, 0.8660254037844387100, 1.000000000000000000, 0.8660254037844387100, 1.000000000000000000, 0.8660254037844387100, 1.000000000000000000, 0.8660254037844387100, 1.000000000000000000, 0.8660254037844387100, 1.000000000000000000, 0.8660254037844387100, 1.000000000000000000, 0.8660254037844387100, 1.000000000000000000, 0.8660254037844387100, 1.000000000000000000, 0.8660254037844387100, 1.000000000000000000, 0.8660254037844387100, 1.000000000000000000, 0.8660254037844387100, 1.000000000000000000, 0.8660254037844387100, 1.000000000000000000, 0.8660254037844387100, 1.000000000000000000, 0.8660254037844387100, 1.000000000000000000, 0.8660254037844387100, 1.000000000000000000, 0.8660254037844387100, 1.000000000000000000, 0.8660254037844387100, 1.000000000000000000, 0.8660254037844387100, 1.000000000000000000, 0.8660254037844387100, 1.000000000000000000, 0.8660254037844387100, 1.000000000000000000, 0.8660254037844387100, 1.000000000000000000, 0.8660254037844387100, 1.000000000000000000, 0.8660254037844387100, 1.000000000000000000, 0.8660254037844387100, 1.000000000000000000, 0.8660254037844387100, 1.000000000000000000, 0.8660254037844387100, 1.000000000000000000, 0.8660254037844387100, 1.000000000000000000, 0.8660254037844387100, 1.000000000000000000, 0.8660254037844387100, 1.000000000000000000, 0.8660254037844387100, 1.000000000000000000, 0.8660254037844387100, 1.000000000000000000, 0.8660254037844387100, 1.000000000000000000, 0.8660254037844387100, 1.000000000000000000, 0.8660254037844387100, 1.000000000000000000, 0.8660254037844387100, 1.000000000000000000, 0.8660254037844387100, 1.000000000000000000, 0.8660254037844387100, 1.000000000000000000, 0.8660254037844387100, 1.000000000000000000, 0.8660254037844387100, 1.000000000000000000, 0.8660254037844387100, 1.000000000000000000, 0.8660254037844387100, 1.000000000000000000, 0.8660254037844387100, 1.000000000000000000, 0.8660254037844387100, 1.000000000000000000, 0.8660254037844387100, 1.000000000000000000, 0.8660254037844387100, 1.000000000000000000, 0.8660254037844387100, 1.000000000000000000, 0.8660254037844387100, 1.000000000000000000, 0.8660254037844387100, 1.000000000000000000, 0.8660254037844387100, 1.000000000000000000, 0.8660254037844387100, 1.000000000000000000, 0.8660254037844387100, 1.000000000000000000, 0.8660254037844387100, 1.000000000000000000, 0.8660254037844387100, 1.000000000000000000, 0.8660254037844387100, 1.000000000000000000, 0.8660254037844387100, 1.000000000000000000, 0.8660254037844387100, 1.000000000000000000, 0.8660254037844387100, 1.000000000000000000, 0.8660254037844387100, 1.000000000000000000, 0.8660254037844387100, 1.000000000000000000, 0.8660254037844387100, 1.000000000000000000, 0.8660254037844387100, 1.000000000000000000, 0.8660254037844387100, 1.000000000000000000, 0.8660254037844387100, 1.000000000000000000, 0.8660254037844387100, 1.000000000000000000, 0.8660254037844387100, 1.000000000000000000, 0.8660254037844387100, 1.000000000000000000, 0.8660254037844387100, 1.000000000000000000, 0.8660254037844387100, 1.000000000000000000, 0.8660254037844387100, 1.000000000000000000, 0.8660254037844387100, 1.000000000000000000, 0.8660254037844387100, 1.000000000000000000, 0.8660254037844387100, 1.000000000000000000, 0.8660254037844387100, 1.000000000000000000, 0.8660254037844387100, 1.000000000000000000, 0.8660254037844387100, 1.000000000000000000, 0.8660254037844387100, 1.000000000000000000, 0.8660254037844387100, 1.000000000000000000, 0.8660254037844387100, 1.000000000000000000, 0.8660254037844387100, 1.000000000000000000, 0.8660254037844387100, 1.000000000000000000, 0.8660254037844387100, 1.000000000000000000, 0.8660254037844387100, 1.000000000000000000, 0.8660254037844387100, 1.000000000000000000, 0.8660254037844387100, 1.000000000000000000, 0.8660254037844387100, 1.000000000000000000, 0.8660254037844387100, 1.000000000000000000, 0.8660254037844387100, 1.000000000000000000, 0.8660254037844387100, 1.000000000000000000, 0.8660254037844387100, 1.000000000000000000, 0.8660254037844387100, 1.000000000000000000, 0.8660254037844387100, 1.000000000000000000, 0.8660254037844387100, 1.000000000000000000, 0.8660254037844387100, 1.000000000000000000, 0.8660254037844387100, 1.000000000000000000, 0.8660254037844387100, 1.000000000000000000, 0.8660254037844387100, 1.000000000000000000, 0.8660254037844387100, 1.000000000000000000, 0.8660254037844387100, 1.000000000000000000, 0.8660254037844387100, 1.000000000000000000, 0.8660254037844387100, 1.000000000000000000, 0.8660254037844387100, 1.000000000000000000, 0.8660254037844387100, 1.000000000000000000, 0.8660254037844387100, 1.000000000000000000, 0.8660254037844387100, 1.000000000000000000, 0.8660254037844387100, 1.000000000000000000, 0.8660254037844387100, 1.000000000000000000, 0.8660254037844387100, 1.000000000000000000, 0.8660254037844387100, 1.000000000000000000, 0.8660254037844387100, 1.000000000000000000, 0.8660254037844387100, 1.000000000000000000, 0.8660254037844387100, 1.000000000000000000, 0.8660254037844387100, 1.000000000000000000, 0.8660254037844387100, 1.000000000000000000, 0.8660254037844387100, 1.000000000000000000, 0.8660254037844387100, 1.000000000000000000, 0.8660254037844387100, 1.000000000000000000, 0.8660254037844387100, 1.000000000000000000, 0.8660254037844387100, 1.000000000000000000, 0.8660254037844387100, 1.000000000000000000, 0.8660254037844387100, 1.000000000000000000, 0.8660254037844387100, 1.000000000000000000, 0.8660254037844387100, 1.000000000000000000, 0.8660254037844387100, 1.000000000000000000, 0.8660254037844387100, 1.000000000000000000, 0.8660254037844387100, 1.000000000000000000, 0.8660254037844387100, 1.000000000000000000, 0.8660254037844387100, 1.000000000000000000, 0.8660254037844387100, 1.000000000000000000, 0.8660254037844387100, 1.000000000000000000, 0.8660254037844387100, 1.000000000000000000, 0.8660254037844387100, 1.000000000000000000, 0.8660254037844387100, 1.000000000000000000, 0.8660254037844387100, 1.000000000000000000, 0.8660254037844387100, 1.000000000000000000, 0.8660254037844387100, 1.000000000000000000, 0.8660254037844387100, 1.000000000000000000, 0.8660254037844387100, 1.000000000000000000, 0.8660254037844387100, 1.000000000000000000, 0.8660254037844387100, 1.000000000000000000, 0.8660254037844387100, 1.000000000000000000, 0.8660254037844387100, 1.000000000000000000, 0.8660254037844387100, 1.000000000000000000, 0.8660254037844387100, 1.000000000000000000, 0.8660254037844387100, 1.000000000000000000, 0.8660254037844387100, 1.000000000000000000, 0.8660254037844387100, 1.000000000000000000, 0.8660254037844387100, 1.000000000000000000, 0.8660254037844387100, 1.000000000000000000, 0.8660254037844387100, 1.000000000000000000, 0.8660254037844387100, 1.000000000000000000, 0.8660254037844387100, 1.000000000000000000, 0.8660254037844387100, 1.000000000000000000, 0.8660254037844387100, 1.000000000000000000, 0.8660254037844387100, 1.000000000000000000, 0.8660254037844387100, 1.000000000000000000, 0.8660254037844387100, 1.000000000000000000, 0.8660254037844387100, 1.000000000000000000, 0.8660254037844387100, 1.000000000000000000, 0.8660254037844387100, 1.000000000000000000, 0.8660254037844387100, 1.000000000000000000, 0.8660254037844387100, 1.000000000000000000, 0.8660254037844387100, 1.000000000000000000, 0.8660254037844387100, 1.000000000000000000, 0.8660254037844387100, 1.000000000000000000, 0.8660254037844387100, 1.000000000000000000, 0.8660254037844387100, 1.000000000000000000, 0.8660254037844387100, 1.000000000000000000, 0.8660254037844387100, 1.000000000000000000, 0.8660254037844387100, 1.000000000000000000, 0.8660254037844387100, 1.000000000000000000, 0.8660254037844387100, 1.000000000000000000, 0.8660254037844387100, 1.000000000000000000, 0.8660254037844387100, 1.000000000000000000, 0.8660254037844387100, 1.000000000000000000, 0.8660254037844387100, 1.000000000000000000, 0.8660254037844387100, 1.000000000000000000, 0.8660254037844387100, 1.000000000000000000, 0.8660254037844387100, 1.000000000000000000, 0.8660254037844387100, 1.000000000000000000, 0.8660254037844387100, 1.000000000000000000, 0.8660254037844387100, 1.000000000000000000, 0.8660254037844387100, 1.000000000000000000, 0.8660254037844387100, 1.000000000000000000, 0.8660254037844387100, 1.000000000000000000, 0.8660254037844387100, 1.000000000000000000, 0.8660254037844387100, 1.000000000000000000, 0.8660254037844387100, 1.000000000000000000, 0.8660254037844387100, 1.000000000000000000, 0.8660254037844387100, 1.000000000000000000, 0.8660254037844387100, 1.000000000000000000, 0.8660254037844387100, 1.000000000000000000, 0.8660254037844387100, 1.000000000000000000, 0.8660254037844387100, 1.000000000000000000, 0.8660254037844387100, 1.000000000000000000, 0.8660254037844387100, 1.000000000000000000, 0.8660254037844387100, 1.000000000000000000, 0.8660254037844387100, 1.000000000000000000, 0.8660254037844387100, 1.000000000000000000, 0.8660254037844387100, 1.000000000000000000, 0.8660254037844387100, 1.000000000000000000, 0.8660254037844387100, 1.000000000000000000, 0.8660254037844387100, 1.000000000000000000, 0.8660254037844387100, 1.000000000000000000, 0.8660254037844387100, 1.000000000000000000, 0.8660254037844387100, 1.000000000000000000, 0.8660254037844387100, 1.000000000000000000, 0.8660254037844387100, 1.000000000000000000),
 ( 1.000000000000000000, 0.8660254037844387100, 1.000000000000000000, 0.8660254037844387100, 1.000000000000000000, 0.8660254037844387100, 1.000000000000000000, 0.8660254037844387100, 1.000000000000000000, 0.8660254037844387100, 1.000000000000000000, 0.8660254037844387100, 1.000000000000000000, 0.8660254037844387100, 1.000000000000000000, 0.8660254037844387100, 1.000000000000000000, 0.8660254037844387100, 1.000000000000000000, 0.8660254037844387100, 1.000000000000000000, 0.8660254037844387100, 1.000000000000000000, 0.8660254037844387100, 1.000000000000000000, 0.8660254037844387100, 1.000000000000000000, 0.8660254037844387100, 1.000000000000000000, 0.8660254037844387100, 1.000000000000000000, 0.8660254037844387100, 1.000000000000000000, 0.8660254037844387100, 1.000000000000000000, 0.8660254037844387100, 1.000000000000000000, 0.8660254037844387100, 1.000000000000000000, 0.8660254037844387100, 1.000000000000000000, 0.8660254037844387100, 1.000000000000000000, 0.8660254037844387100, 1.000000000000000000, 0.8660254037844387100, 1.000000000000000000, 0.8660254037844387100, 1.000000000000000000, 0.8660254037844387100, 1.000000000000000000, 0.8660254037844387100, 1.000000000000000000, 0.8660254037844387100, 1.000000000000000000, 0.8660254037844387100, 1.000000000000000000, 0.8660254037844387100, 1.000000000000000000, 0.8660254037844387100, 1.000000000000000000, 0.8660254037844387100, 1.000000000000000000, 0.8660254037844387100, 1.000000000000000000, 0.8660254037844387100, 1.000000000000000000, 0.8660254037844387100, 1.000000000000000000, 0.8660254037844387100, 1.000000000000000000, 0.8660254037844387100, 1.000000000000000000, 0.8660254037844387100, 1.000000000000000000, 0.8660254037844387100, 1.000000000000000000, 0.8660254037844387100, 1.000000000000000000, 0.8660254037844387100, 1.000000000000000000, 0.8660254037844387100, 1.000000000000000000, 0.8660254037844387100, 1.000000000000000000, 0.8660254037844387100, 1.000000000000000000, 0.8660254037844387100, 1.000000000000000000, 0.8660254037844387100, 1.000000000000000000, 0.8660254037844387100, 1.000000000000000000, 0.8660254037844387100, 1.000000000000000000, 0.8660254037844387100, 1.000000000000000000, 0.8660254037844387100, 1.000000000000000000, 0.8660254037844387100, 1.000000000000000000, 0.8660254037844387100, 1.000000000000000000, 0.8660254037844387100, 1.000000000000000000, 0.8660254037844387100, 1.000000000000000000, 0.8660254037844387100, 1.000000000000000000, 0.8660254037844387100, 1.000000000000000000, 0.8660254037844387100, 1.000000000000000000, 0.8660254037844387100, 1.000000000000000000, 0.8660254037844387100, 1.000000000000000000, 0.8660254037844387100, 1.000000000000000000, 0.8660254037844387100, 1.000000000000000000, 0.8660254037844387100, 1.000000000000000000, 0.8660254037844387100, 1.000000000000000000, 0.8660254037844387100, 1.000000000000000000, 0.8660254037844387100, 1.000000000000000000, 0.8660254037844387100, 1.000000000000000000, 0.8660254037844387100, 1.000000000000000000, 0.8660254037844387100, 1.000000000000000000, 0.8660254037844387100, 1.000000000000000000, 0.8660254037844387100, 1.000000000000000000, 0.8660254037844387100, 1.000000000000000000, 0.8660254037844387100, 1.000000000000000000, 0.8660254037844387100, 1.000000000000000000, 0.8660254037844387100, 1.000000000000000000, 0.8660254037844387100, 1.000000000000000000, 0.8660254037844387100, 1.000000000000000000, 0.8660254037844387100, 1.000000000000000000, 0.8660254037844387100, 1.000000000000000000, 0.8660254037844387100, 1.000000000000000000, 0.8660254037844387100, 1.000000000000000000, 0.8660254037844387100, 1.000000000000000000, 0.8660254037844387100, 1.000000000000000000, 0.8660254037844387100, 1.000000000000000000, 0.8660254037844387100, 1.000000000000000000, 0.8660254037844387100, 1.000000000000000000, 0.8660254037844387100, 1.000000000000000000, 0.8660254037844387100, 1.000000000000000000, 0.8660254037844387100, 1.000000000000000000, 0.8660254037844387100, 1.000000000000000000, 0.8660254037844387100, 1.000000000000000000, 0.8660254037844387100, 1.000000000000000000, 0.8660254037844387100, 1.000000000000000000, 0.8660254037844387100, 1.000000000000000000, 0.8660254037844387100, 1.000000000000000000, 0.8660254037844387100, 1.000000000000000000, 0.8660254037844387100, 1.000000000000000000, 0.8660254037844387100, 1.000000000000000000, 0.8660254037844387100, 1.000000000000000000, 0.8660254037844387100, 1.000000000000000000, 0.8660254037844387100, 1.000000000000000000, 0.8660254037844387100, 1.000000000000000000, 0.8660254037844387100, 1.000000000000000000, 0.8660254037844387100, 1.000000000000000000, 0.8660254037844387100, 1.000000000000000000, 0.8660254037844387100, 1.000000000000000000, 0.8660254037844387100, 1.000000000000000000, 0.8660254037844387100, 1.000000000000000000, 0.8660254037844387100, 1.000000000000000000, 0.8660254037844387100, 1.000000000000000000, 0.8660254037844387100, 1.000000000000000000, 0.8660254037844387100, 1.000000000000000000, 0.8660254037844387100, 1.000000000000000000, 0.8660254037844387100, 1.000000000000000000, 0.8660254037844387100, 1.000000000000000000, 0.8660254037844387100, 1.000000000000000000, 0.8660254037844387100, 1.000000000000000000, 0.8660254037844387100, 1.000000000000000000, 0.8660254037844387100, 1.000000000000000000, 0.8660254037844387100, 1.000000000000000000, 0.8660254037844387100, 1.000000000000000000, 0.8660254037844387100, 1.000000000000000000, 0.8660254037844387100, 1.000000000000000000, 0.8660254037844387100, 1.000000000000000000, 0.8660254037844387100, 1.000000000000000000, 0.8660254037844387100, 1.000000000000000000, 0.8660254037844387100, 1.000000000000000000, 0.8660254037844387100, 1.000000000000000000, 0.8660254037844387100, 1.000000000000000000, 0.8660254037844387100, 1.000000000000000000, 0.8660254037844387100, 1.000000000000000000, 0.8660254037844387100, 1.000000000000000000, 0.8660254037844387100, 1.000000000000000000, 0.8660254037844387100, 1.000000000000000000, 0.8660254037844387100, 1.000000000000000000, 0.8660254037844387100, 1.000000000000000000, 0.8660254037844387100, 1.000000000000000000, 0.8660254037844387100, 1.000000000000000000, 0.8660254037844387100, 1.000000000000000000, 0.8660254037844387100, 1.000000000000000000, 0.8660254037844387100, 1.000000000000000000, 0.8660254037844387100, 1.000000000000000000, 0.8660254037844387100, 1.000000000000000000, 0.8660254037844387100, 1.000000000000000000, 0.8660254037844387100, 1.000000000000000000, 0.8660254037844387100, 1.000000000000000000, 0.8660254037844387100, 1.000000000000000000, 0.8660254037844387100, 1.000000000000000000, 0.8660254037844387100, 1.000000000000000000, 0.8660254037844387100, 1.000000000000000000, 0.8660254037844387100, 1.000000000000000000, 0.8660254037844387100, 1.000000000000000000, 0.8660254037844387100, 1.000000000000000000, 0.8660254037844387100, 1.000000000000000000, 0.8660254037844387100, 1.000000000000000000, 0.8660254037844387100, 1.000000000000000000, 0.8660254037844387100, 1.000000000000000000, 0.8660254037844387100, 1.000000000000000000, 0.8660254037844387100, 1.000000000000000000, 0.8660254037844387100, 1.000000000000000000, 0.8660254037844387100, 1.000000000000000000, 0.8660254037844387100, 1.000000000000000000, 0.8660254037844387100, 1.000000000000000000, 0.8660254037844387100, 1.000000000000000000, 0.8660254037844387100, 1.000000000000000000, 0.8660254037844387100, 1.000000000000000000, 0.8660254037844387100, 1.000000000000000000, 0.8660254037844387100, 1.000000000000000000, 0.8660254037844387100, 1.000000000000000000, 0.8660254037844387100, 1.000000000000000000, 0.8660254037844387100, 1.000000000000000000, 0.8660254037844387100, 1.000000000000000000, 0.8660254037844387100, 1.000000000000000000, 0.8660254037844387100, 1.000000000000000000, 0.8660254037844387100, 1.000000000000000000, 0.8660254037844387100, 1.000000000000000000, 0.8660254037844387100, 1.000000000000000000, 0.8660254037844387100, 1.000000000000000000, 0.8660254037844387100, 1.000000000000000000, 0.8660254037844387100, 1.000000000000000000, 0.8660254037844387100, 1.000000000000000000, 0.8660254037844387100, 1.000000000000000000, 0.8660254037844387100, 1.000000000000000000, 0.8660254037844387100, 1.000000000000000000, 0.8660254037844387100, 1.000000000000000000, 0.8660254037844387100, 1.000000000000000000, 0.8660254037844387100, 1.000000000000000000, 0.8660254037844387100, 1.000000000000000000, 0.8660254037844387100, 1.000000000000000000, 0.8660254037844387100, 1.000000000000000000, 0.8660254037844387100, 1.000000000000000000, 0.8660254037844387100, 1.000000000000000000, 0.8660254037844387100, 1.000000000000000000, 0.8660254037844387100, 1.000000000000000000, 0.8660254037844387100, 1.000000000000000000, 0.8660254037844387100, 1.000000000000000000, 0.8660254037844387100, 1.000000000000000000, 0.8660254037844387100, 1.000000000000000000, 0.8660254037844387100, 1.000000000000000000, 0.8660254037844387100, 1.000000000000000000, 0.8660254037844387100, 1.000000000000000000, 0.8660254037844387100, 1.000000000000000000, 0.8660254037844387100, 1.000000000000000000, 0.8660254037844387100, 1.000000000000000000, 0.8660254037844387100, 1.000000000000000000, 0.8660254037844387100, 1.000000000000000000, 0.8660254037844387100, 1.000000000000000000, 0.8660254037844387100, 1.000000000000000000, 0.8660254037844387100, 1.000000000000000000, 0.8660254037844387100, 1.000000000000000000, 0.8660254037844387100, 1.000000000000000000, 0.8660254037844387100, 1.000000000000000000, 0.8660254037844387100, 1.000000000000000000, 0.8660254037844387100, 1.000000000000000000, 0.8660254037844387100, 1.000000000000000000, 0.8660254037844387100, 1.000000000000000000, 0.8660254037844387100, 1.000000000000000000, 0.8660254037844387100, 1.000000000000000000, 0.8660254037844387100, 1.000000000000000000, 0.8660254037844387100, 1.000000000000000000, 0.8660254037844387100, 1.000000000000000000, 0.8660254037844387100, 1.000000000000000000, 0.8660254037844387100, 1.000000000000000000, 0.8660254037844387100, 1.000000000000000000, 0.8660254037844387100, 1.000000000000000000, 0.8660254037844387100, 1.000000000000000000, 0.8660254037844387100, 1.000000000000000000, 0.8660254037844387100, 1.000000000000000000, 0.8660254037844387100, 1.000000000000000000, 0.8660254037844387100, 1.000000000000000000, 0.8660254037844387100, 1.000000000000000000, 0.8660254037844387100, 1.000000000000000000, 0.8660254037844387100, 1.000000000000000000, 0.8660254037844387100, 1.000000000000000000, 0.8660254037844387100, 1.000000000000000000, 0.8660254037844387100, 1.000000000000000000, 0.8660254037844387100, 1.000000000000000000, 0.8660254037844387100, 1.000000000000000000, 0.8660254037844387100, 1.000000000000000000, 0.8660254037844387100, 1.000000000000000000, 0.8660254037844387100, 1.000000000000000000, 0.8660254037844387100, 1.000000000000000000, 0.8660254037844387100, 1.000000000000000000, 0.8660254037844387100, 1.000000000000000000, 0.8660254037844387100, 1.000000000000000000, 0.8660254037844387100, 1.000000000000000000, 0.8660254037844387100, 1.000000000000000000, 0.8660254037844387100, 1.000000000000000000, 0.8660254037844387100, 1.000000000000000000, 0.8660254037844387100, 1.000000000000000000, 0.8660254037844387100, 1.000000000000000000, 0.8660254037844387100, 1.000000000000000000, 0.8660254037844387100, 1.000000000000000000, 0.8660254037844387100, 1.000000000000000000, 0.8660254037844387100, 1.000000000000000000, 0.8660254037844387100, 1.000000000000000000, 0.8660254037844387100, 1.000000000000000000, 0.8660254037844387100, 1.000000000000000000, 0.8660254037844387100, 1.000000000000000000, 0.8660254037844387100, 1.000000000000000000, 0.8660254037844387100, 1.000000000000000000, 0.8660254037844387100, 1.000000000000000000, 0.8660254037844387100, 1.000000000000000000, 0.8660254037844387100, 1.000000000000000000, 0.8660254037844387100, 1.000000000000000000, 0.8660254037844387100, 1.000000000000000000, 0.8660254037844387100, 1.000000000000000000, 0.8660254037844387100, 1.000000000000000000, 0.8660254037844387100, 1.000000000000000000, 0.8660254037844387100, 1.000000000000000000, 0.8660254037844387100, 1.000000000000000000, 0.8660254037844387100, 1.000000000000000000) ) ) 
 REPRESENTATION_ITEM ( '' )  SURFACE ( )  );
#362 = CARTESIAN_POINT ( 'NONE',  ( 5.740593901223626900, -1.285952862673214000, 2.473507295547491500 ) ) ;
#363 = CARTESIAN_POINT ( 'NONE',  ( 5.811380564484260000, 11.75154713732675500, 2.024388159566370000 ) ) ;
#364 = CARTESIAN_POINT ( 'NONE',  ( 4.097838879956274400, 5.352403240191906200, 5.538271952077017200 ) ) ;
#365 = ORIENTED_EDGE ( 'NONE', *, *, #3063, .F. ) ;
#366 = CARTESIAN_POINT ( 'NONE',  ( 4.298315489864344300, 2.418213803993443500, 3.028393217318458200 ) ) ;
#367 = CARTESIAN_POINT ( 'NONE',  ( 9.902005546622925500, 4.094019031668182200, 4.641313432528429300 ) ) ;
#368 = DIRECTION ( 'NONE',  ( 0.0000000000000000000, 0.4149991700047700500, 0.9098217896353945100 ) ) ;
#369 = CARTESIAN_POINT ( 'NONE',  ( 5.811380564484255600, -7.148452862673200200, 2.024388159566372200 ) ) ;
#370 = ADVANCED_FACE ( 'NONE', ( #6148, #3973 ), #4005, .T. ) ;
#371 = CARTESIAN_POINT ( 'NONE',  ( -8.910494453377026500, 4.759475034189582800, 2.376513018916272600 ) ) ;
#372 = CARTESIAN_POINT ( 'NONE',  ( 2.318672213289608900, 7.128621437182588700, 5.160858395476957100 ) ) ;
#373 = VERTEX_POINT ( 'NONE', #2509 ) ;
#374 = CARTESIAN_POINT ( 'NONE',  ( -0.3646611200437133200, 5.308977857911869200, 5.990856735486529400 ) ) ;
#375 = CARTESIAN_POINT ( 'NONE',  ( -3.864661120043704200, 5.647596759808096500, 2.461728047922992200 ) ) ;
#376 = CARTESIAN_POINT ( 'NONE',  ( 9.500000000000003600, -2.500000000000002200, 8.000000000000000000 ) ) ;
#377 = CARTESIAN_POINT ( 'NONE',  ( 7.781240055777093500, -16.51095286267317900, 4.359551305450801300 ) ) ;
#378 = ORIENTED_EDGE ( 'NONE', *, *, #2872, .F. ) ;
#379 = ADVANCED_FACE ( 'NONE', ( #2433 ), #6226, .F. ) ;
#380 = DIRECTION ( 'NONE',  ( -0.0000000000000000000, -0.0000000000000000000, -1.000000000000000000 ) ) ;
#381 = CARTESIAN_POINT ( 'NONE',  ( -2.085494453377042800, 7.319643579270779000, 3.170001659990439700 ) ) ;
#382 = CARTESIAN_POINT ( 'NONE',  ( -13.78132778671034600, 7.128621437182588700, 5.160858395476958900 ) ) ;
#383 = CARTESIAN_POINT ( 'NONE',  ( -2.500000000000000000, 8.500000000000000000, 1.000000000000000000 ) ) ;
#384 = CARTESIAN_POINT ( 'NONE',  ( 5.740593901223626900, 1.514047137326779400, 2.473507295547491500 ) ) ;
#385 = CARTESIAN_POINT ( 'NONE',  ( 5.811380564484260000, 11.05154713732675600, 2.024388159566370000 ) ) ;
#386 = CARTESIAN_POINT ( 'NONE',  ( 6.197838879956267800, 5.352403240191906200, 5.538271952077017200 ) ) ;
#387 = CARTESIAN_POINT ( 'NONE',  ( 4.859272927391984400, 3.759880470660108100, 2.334600341910641100 ) ) ;
#388 = CARTESIAN_POINT ( 'NONE',  ( 13.75200554662291800, 6.905980968331821400, 3.358686567471578200 ) ) ;
#389 = CARTESIAN_POINT ( 'NONE',  ( 1.250000000000000000, 1.250000000000000000, 0.0000000000000000000 ) ) ;
#390 = CARTESIAN_POINT ( 'NONE',  ( 6.952000592372809400, -8.606786196006531500, 2.204163812291782600 ) ) ;
#391 = CARTESIAN_POINT ( 'NONE',  ( -9.085494453377023700, 4.094019031668182200, 4.641313432528432000 ) ) ;
#392 = CARTESIAN_POINT ( 'NONE',  ( 2.785338879956279700, 5.691022142088190300, 2.009143264513485700 ) ) ;
#393 = CARTESIAN_POINT ( 'NONE',  ( -0.1896611200437160500, 3.201156655697757500, 3.779426629688428000 ) ) ;
#394 = CARTESIAN_POINT ( 'NONE',  ( -1.997994453377042000, 4.094019031668182200, 4.641313432528431100 ) ) ;
#395 = CARTESIAN_POINT ( 'NONE',  ( 6.701684510135635300, 13.26821380399341500, 4.971606782681493400 ) ) ;
#396 = CONICAL_SURFACE ( 'NONE', #4912, 1.650000000000000400, 0.7853981633974496100 ) ;
#397 = VECTOR ( 'NONE', #5140, 1000.000000000000000 ) ;
#398 = PLANE ( 'NONE',  #2446 ) ;
#399 = CARTESIAN_POINT ( 'NONE',  ( 0.01450554662295496000, 7.319643579270779000, 3.170001659990439300 ) ) ;
#400 = CARTESIAN_POINT ( 'NONE',  ( -9.289661120043691200, 3.201156655697758900, 3.779426629688415600 ) ) ;
#401 = CARTESIAN_POINT ( 'NONE',  ( 4.057721588640705000, 0.3473804706601163500, 4.554885921770946300 ) ) ;
#402 = ORGANIZATION ( 'UNSPECIFIED', 'UNSPECIFIED', '' ) ;
#403 = CARTESIAN_POINT ( 'NONE',  ( 7.366620324074957300, 11.63488047066008800, 3.281857558871288400 ) ) ;
#404 = CARTESIAN_POINT ( 'NONE',  ( 8.764505546622929800, 6.905980968331821400, 3.358686567471578700 ) ) ;
#405 = CARTESIAN_POINT ( 'NONE',  ( 5.259406098776350900, 4.751547137326769900, 5.526492704452462800 ) ) ;
#406 = VECTOR ( 'NONE', #3323, 1000.000000000000000 ) ;
#407 = CARTESIAN_POINT ( 'NONE',  ( -14.80216112004367600, 5.691022142088190300, 2.009143264513487900 ) ) ;
#408 = CARTESIAN_POINT ( 'NONE',  ( -0.5225052893267890800, 5.499999999999963600, 2.350000000000004500 ) ) ;
#409 = CARTESIAN_POINT ( 'NONE',  ( 6.952000592372810300, -5.106786196006537700, 2.204163812291782200 ) ) ;
#410 = CARTESIAN_POINT ( 'NONE',  ( -9.202161120043690800, 5.352403240191906200, 5.538271952077018900 ) ) ;
#411 = ORIENTED_EDGE ( 'NONE', *, *, #4295, .F. ) ;
#412 = LINE ( 'NONE', #3887, #5583 ) ;
#413 = CARTESIAN_POINT ( 'NONE',  ( 5.177005546622938300, 6.458399530062931300, 6.101143420642317800 ) ) ;
#414 = CARTESIAN_POINT ( 'NONE',  ( -0.3063277867103802500, 4.159556185760712000, 5.880570050330744500 ) ) ;
#415 = CARTESIAN_POINT ( 'NONE',  ( -2.114661120043707800, 5.352403240191906200, 5.538271952077018900 ) ) ;
#416 = DIRECTION ( 'NONE',  ( 0.0000000000000000000, 0.4149991700047700500, 0.9098217896353945100 ) ) ;
#417 = CARTESIAN_POINT ( 'NONE',  ( 4.047999407627161300, -16.74428619600650900, 5.795836187708174800 ) ) ;
#418 = CARTESIAN_POINT ( 'NONE',  ( 3.944760240409291600, 1.980713803993446700, 2.742530600695058100 ) ) ;
#419 = CARTESIAN_POINT ( 'NONE',  ( 1.881172213289615600, 3.871378562817414000, 2.839141604523052200 ) ) ;
#420 = CARTESIAN_POINT ( 'NONE',  ( -9.114661120043692200, 5.691022142088190300, 2.009143264513487000 ) ) ;
#421 = CARTESIAN_POINT ( 'NONE',  ( -0.05000000000001760000, 5.044925856326080400, 2.052461162451590000 ) ) ;
#422 = CARTESIAN_POINT ( 'NONE',  ( 3.737358052336703400, 0.9890471373267812900, 3.722186092726277100 ) ) ;
#423 = CARTESIAN_POINT ( 'NONE',  ( 3.633379675925025000, 13.38488047066008200, 4.718142441128663700 ) ) ;
#424 = CARTESIAN_POINT ( 'NONE',  ( 10.92283887995625600, 7.276243451237029100, 4.170430058013445200 ) ) ;
#425 = CARTESIAN_POINT ( 'NONE',  ( 7.262641947663274400, 8.426547137326759100, 4.277813907273675800 ) ) ;
#426 = CARTESIAN_POINT ( 'NONE',  ( 13.72283887995625100, 3.201156655697758900, 3.779426629688412500 ) ) ;
#427 = CARTESIAN_POINT ( 'NONE',  ( -15.44382778671034200, 6.840443814239312000, 2.119429949669283400 ) ) ;
#428 = CARTESIAN_POINT ( 'NONE',  ( 3.633379675925021400, -2.015119529339878500, 4.718142441128665400 ) ) ;
#429 = CARTESIAN_POINT ( 'NONE',  ( -8.793827786710359400, 6.535718485426611000, 2.546943076929713900 ) ) ;
#430 = CARTESIAN_POINT ( 'NONE',  ( 6.168672213289601000, 3.871378562817414000, 2.839141604523052200 ) ) ;
#431 = CARTESIAN_POINT ( 'NONE',  ( 3.849999999999995200, -1.623457465629296400, 4.306452386981076700 ) ) ;
#432 = CARTESIAN_POINT ( 'NONE',  ( -4.272994453377037900, 6.240524965810419800, 5.623486981083739300 ) ) ;
#433 = EDGE_LOOP ( 'NONE', ( #3435, #5826, #452, #2554 ) ) ;
#434 = DIRECTION ( 'NONE',  ( -1.000000000000000000, 2.628368902995161500E-016, 0.0000000000000000000 ) ) ;
#435 = CARTESIAN_POINT ( 'NONE',  ( 6.952000592372807700, -17.09428619600651100, 2.204163812291783900 ) ) ;
#436 = B_SPLINE_CURVE_WITH_KNOTS ( 'NONE', 3,
 ( #1243, #1798, #2753, #1725, #723, #1748, #3296, #4359, #4872, #4316 ),
 .UNSPECIFIED., .F., .F.,
 ( 4, 2, 2, 2, 4 ),
 ( 7.774871156275537300E-017, 0.0005760560942260446400, 0.001152112188452011600, 0.001728168282677978400, 0.002304224376903945200 ),
 .UNSPECIFIED. ) ;
#437 = EDGE_CURVE ( 'NONE', #4937, #3485, #1271, .T. ) ;
#438 = CARTESIAN_POINT ( 'NONE',  ( 5.811380564484257300, 2.564047137326778400, 2.024388159566371300 ) ) ;
#439 = CARTESIAN_POINT ( 'NONE',  ( 3.047838879956278600, 5.308977857911811400, 5.990856735486523200 ) ) ;
#440 = CARTESIAN_POINT ( 'NONE',  ( -12.26466112004368400, 5.308977857911811400, 5.990856735486525000 ) ) ;
#441 = CARTESIAN_POINT ( 'NONE',  ( 14.61450554662299000, 5.500000000000001800, 4.000000000000003600 ) ) ;
#442 = CARTESIAN_POINT ( 'NONE',  ( 6.140727072607993400, 1.922380470660112600, 5.665399658089312700 ) ) ;
#443 = CARTESIAN_POINT ( 'NONE',  ( 6.140727072607989000, -17.67761952933983900, 5.665399658089315300 ) ) ;
#444 = CARTESIAN_POINT ( 'NONE',  ( 4.378085124944703900, -12.80678619600651800, 5.387585750815615500 ) ) ;
#445 = CARTESIAN_POINT ( 'NONE',  ( 8.472838879956263700, 3.723756548762971400, 3.829569941986563600 ) ) ;
#446 = CARTESIAN_POINT ( 'NONE',  ( 5.740593901223628700, 6.501547137326764600, 2.473507295547490600 ) ) ;
#447 = DIRECTION ( 'NONE',  ( 3.652049423109062400E-016, 1.000000000000000000, -0.0000000000000000000 ) ) ;
#448 = CARTESIAN_POINT ( 'NONE',  ( -14.39382778671034300, 4.159556185760689800, 5.880570050330731200 ) ) ;
#449 = CARTESIAN_POINT ( 'NONE',  ( -1.968827786710374900, 7.128621437182603800, 5.160858395476936700 ) ) ;
#450 = CARTESIAN_POINT ( 'NONE',  ( 5.811380564484256400, -4.348452862673206600, 2.024388159566371700 ) ) ;
#451 = CARTESIAN_POINT ( 'NONE',  ( -10.19382778671035400, 6.535718485426611000, 2.546943076929713900 ) ) ;
#452 = ORIENTED_EDGE ( 'NONE', *, *, #5069, .F. ) ;
#453 = CARTESIAN_POINT ( 'NONE',  ( 6.285338879956269100, 5.691022142088190300, 2.009143264513485700 ) ) ;
#454 = CARTESIAN_POINT ( 'NONE',  ( 1.035338879956285000, 5.647596759808096500, 2.461728047922991700 ) ) ;
#455 = CARTESIAN_POINT ( 'NONE',  ( -0.2557741326597737200, 5.499999999999992000, 5.794225867340232500 ) ) ;
#456 = CARTESIAN_POINT ( 'NONE',  ( 6.952000592372808500, -14.99428619600651300, 2.204163812291783500 ) ) ;
#457 = CARTESIAN_POINT ( 'NONE',  ( 7.781240055777098000, 3.789047137326774900, 4.359551305450797700 ) ) ;
#458 = CARTESIAN_POINT ( 'NONE',  ( 2.872838879956274700, 7.798843344302243400, 4.220573370311596400 ) ) ;
#459 = CARTESIAN_POINT ( 'NONE',  ( -11.44799445337701900, 3.680356420729224100, 4.829998340009573200 ) ) ;
#460 = CARTESIAN_POINT ( 'NONE',  ( -0.4000000000000066800, 5.499999999999998200, 2.349999999999999600 ) ) ;
#461 = CARTESIAN_POINT ( 'NONE',  ( 6.621914875055268500, 0.05571380399345001600, 2.612414249184341000 ) ) ;
#462 = CARTESIAN_POINT ( 'NONE',  ( 4.298315489864339900, -17.26928619600650800, 3.028393217318460900 ) ) ;
#463 = CARTESIAN_POINT ( 'NONE',  ( 4.057721588640701400, -13.56511952933984900, 4.554885921770947200 ) ) ;
#464 = CARTESIAN_POINT ( 'NONE',  ( 4.378085124944708400, 6.793213803993431600, 5.387585750815612000 ) ) ;
#465 = CIRCLE ( 'NONE', #1236, 1.000000000000000000 ) ;
#466 = PLANE ( 'NONE',  #140 ) ;
#467 = CYLINDRICAL_SURFACE ( 'NONE', #622, 1.650000000000000400 ) ;
#468 = CARTESIAN_POINT ( 'NONE',  ( 14.04367221328957900, 4.464281514573391600, 5.453056923070295900 ) ) ;
#469 = CARTESIAN_POINT ( 'NONE',  ( 7.239393863045002300, -0.1860848866941755800, 3.319539408024750700 ) ) ;
#470 = CARTESIAN_POINT ( 'NONE',  ( 7.781240055777096200, -3.123452862673211000, 4.359551305450798600 ) ) ;
#471 = CARTESIAN_POINT ( 'NONE',  ( -6.518827786710363400, 6.758384208523724900, 4.896958519548593200 ) ) ;
#472 =( BOUNDED_CURVE ( )  B_SPLINE_CURVE ( 2, ( #4864, #4373, #3852, #3354, #736 ),
 .UNSPECIFIED., .F., .T. ) 
 B_SPLINE_CURVE_WITH_KNOTS ( ( 3, 2, 3 ),
 ( 0.5500000000000000400, 0.5518518518518518200, 0.5540288394849229900 ),
 .UNSPECIFIED. ) 
 CURVE ( )  GEOMETRIC_REPRESENTATION_ITEM ( )  RATIONAL_B_SPLINE_CURVE ( ( 0.9330127018922194100, 0.9330127018922214100, 1.000000000000000000, 0.9212515194411166100, 0.9350776517641423700 ) ) 
 REPRESENTATION_ITEM ( '' )  );
#473 = VECTOR ( 'NONE', #3530, 1000.000000000000000 ) ;
#474 = CARTESIAN_POINT ( 'NONE',  ( 6.402005546622937100, 7.319643579270779000, 3.170001659990438400 ) ) ;
#475 = EDGE_CURVE ( 'NONE', #1061, #6513, #225, .T. ) ;
#476 = CARTESIAN_POINT ( 'NONE',  ( -1.297994453377044400, 7.319643579270762100, 3.170001659990403700 ) ) ;
#477 = CARTESIAN_POINT ( 'NONE',  ( 1.677005546622944500, 4.759475034189582800, 2.376513018916271800 ) ) ;
#478 = CARTESIAN_POINT ( 'NONE',  ( 14.61450554662299000, 5.500000000000001800, 4.000000000000003600 ) ) ;
#479 = CARTESIAN_POINT ( 'NONE',  ( 3.944760240409288100, -12.71928619600652000, 2.742530600695059800 ) ) ;
#480 = CARTESIAN_POINT ( 'NONE',  ( 4.047999407627164800, 0.7557138039934489000, 5.795836187708173000 ) ) ;
#481 = CARTESIAN_POINT ( 'NONE',  ( 3.339505546622943300, 4.541600469937070500, 1.898856579357690400 ) ) ;
#482 = CARTESIAN_POINT ( 'NONE',  ( -10.80632778671035500, 4.159556185760689800, 5.880570050330730300 ) ) ;
#483 = CARTESIAN_POINT ( 'NONE',  ( 3.944760240409322300, -2.219286196006543300, 2.742530600695019900 ) ) ;
#484 = VERTEX_POINT ( 'NONE', #2041 ) ;
#485 = CARTESIAN_POINT ( 'NONE',  ( 5.259406098776350900, 5.364047137326771500, 5.526492704452462800 ) ) ;
#486 = CARTESIAN_POINT ( 'NONE',  ( 6.701684510135628200, -17.61928619600650600, 4.971606782681496900 ) ) ;
#487 = CARTESIAN_POINT ( 'NONE',  ( 3.737358052336700300, -12.22345286267318600, 3.722186092726278900 ) ) ;
#488 = CARTESIAN_POINT ( 'NONE',  ( 4.859272927391985200, 8.659880470660095100, 2.334600341910640700 ) ) ;
#489 = CARTESIAN_POINT ( 'NONE',  ( 14.77283887995625000, 7.798843344302243400, 4.220573370311594600 ) ) ;
#490 = ORIENTED_EDGE ( 'NONE', *, *, #630, .F. ) ;
#491 = CARTESIAN_POINT ( 'NONE',  ( -12.52716112004368300, 7.798843344302243400, 4.220573370311598200 ) ) ;
#492 = ORIENTED_EDGE ( 'NONE', *, *, #4946, .T. ) ;
#493 = CARTESIAN_POINT ( 'NONE',  ( -2.229233714260076200, 5.157573687568518700, 1.957959035804500900 ) ) ;
#494 = CARTESIAN_POINT ( 'NONE',  ( 4.670760536595701700, -1.490119529339880300, 1.844612506840961800 ) ) ;
#495 = CARTESIAN_POINT ( 'NONE',  ( -4.068827786710369500, 4.241615791476277800, 3.103041480451418800 ) ) ;
#496 = AXIS2_PLACEMENT_3D ( 'NONE', #691, #3308, #4349 ) ;
#497 = CARTESIAN_POINT ( 'NONE',  ( 8.443672213289593400, 6.840443814239312000, 2.119429949669280300 ) ) ;
#498 = CARTESIAN_POINT ( 'NONE',  ( 1.152005546622946000, 6.905980968331821400, 3.358686567471579600 ) ) ;
#499 = CARTESIAN_POINT ( 'NONE',  ( 6.329239463404269900, -15.22761952933984600, 6.155387493158995600 ) ) ;
#500 = CARTESIAN_POINT ( 'NONE',  ( 4.670760536595699900, -16.89011952933983800, 1.844612506840963300 ) ) ;
#501 = CARTESIAN_POINT ( 'NONE',  ( 4.047999407627165700, 3.555713803993442400, 5.795836187708173000 ) ) ;
#502 = CARTESIAN_POINT ( 'NONE',  ( 2.931172213289611000, 7.128621437182588700, 5.160858395476957100 ) ) ;
#503 = CARTESIAN_POINT ( 'NONE',  ( -6.722994453377031800, 6.458399530062931300, 6.101143420642320500 ) ) ;
#504 = CARTESIAN_POINT ( 'NONE',  ( 7.149999999999981700, -0.6356227891586050400, 4.583596226739971700 ) ) ;
#505 = CARTESIAN_POINT ( 'NONE',  ( 6.701684510135632600, 4.080713803993441000, 4.971606782681494300 ) ) ;
#506 = CARTESIAN_POINT ( 'NONE',  ( 4.298315489864339900, -16.56928619600650900, 3.028393217318460900 ) ) ;
#507 = CARTESIAN_POINT ( 'NONE',  ( 4.057721588640702300, -10.06511952933986000, 4.554885921770946300 ) ) ;
#508 = ORIENTED_EDGE ( 'NONE', *, *, #4946, .F. ) ;
#509 = CARTESIAN_POINT ( 'NONE',  ( 4.298315489864346100, 8.718213803993430500, 3.028393217318457800 ) ) ;
#510 = CARTESIAN_POINT ( 'NONE',  ( -10.66049445337701900, 4.541600469937070500, 1.898856579357692100 ) ) ;
#511 = CARTESIAN_POINT ( 'NONE',  ( 6.708112557051492800, -0.1499450097209726600, 2.528602843422413900 ) ) ;
#512 = CARTESIAN_POINT ( 'NONE',  ( 6.329239463404273500, 1.659880470660109600, 6.155387493158992900 ) ) ;
#513 = ORIENTED_EDGE ( 'NONE', *, *, #5263, .F. ) ;
#514 = CARTESIAN_POINT ( 'NONE',  ( -6.343827786710366300, 4.464281514573391600, 5.453056923070299400 ) ) ;
#515 = CARTESIAN_POINT ( 'NONE',  ( 9.202005546622926200, 7.319643579270779000, 3.170001659990438400 ) ) ;
#516 = CARTESIAN_POINT ( 'NONE',  ( 3.503880791900718400, -0.05000000000008104200, 3.875468449551223900 ) ) ;
#517 = CARTESIAN_POINT ( 'NONE',  ( 1.327005546622948000, 6.240524965810419800, 5.623486981083739300 ) ) ;
#518 = CARTESIAN_POINT ( 'NONE',  ( -0.05421018190165734900, 4.932807427067675800, 2.082983050304120500 ) ) ;
#519 = CARTESIAN_POINT ( 'NONE',  ( 3.944760240409288100, -15.51928619600651200, 2.742530600695059800 ) ) ;
#520 = CARTESIAN_POINT ( 'NONE',  ( 3.633379675925023200, 5.597380470660104000, 4.718142441128664500 ) ) ;
#521 = ORIENTED_EDGE ( 'NONE', *, *, #1588, .T. ) ;
#522 = CARTESIAN_POINT ( 'NONE',  ( 5.206172213289605100, 4.159556185760689800, 5.880570050330727700 ) ) ;
#523 = CARTESIAN_POINT ( 'NONE',  ( -5.206327786710370600, 4.159556185760689800, 5.880570050330728500 ) ) ;
#524 = CARTESIAN_POINT ( 'NONE',  ( 8.500000000000001800, -2.500000000000001800, 0.0000000000000000000 ) ) ;
#525 = CARTESIAN_POINT ( 'NONE',  ( 4.378085124944708400, 4.605713803993437800, 5.387585750815612900 ) ) ;
#526 = VERTEX_POINT ( 'NONE', #2105 ) ;
#527 = CARTESIAN_POINT ( 'NONE',  ( 5.259406098776346500, -12.13595286267318800, 5.526492704452464500 ) ) ;
#528 = CARTESIAN_POINT ( 'NONE',  ( 7.262641947663270000, -9.773452862673194000, 4.277813907273678500 ) ) ;
#529 = CARTESIAN_POINT ( 'NONE',  ( 5.740593901223628700, 9.301547137326760900, 2.473507295547490200 ) ) ;
#530 = CARTESIAN_POINT ( 'NONE',  ( -10.31049445337702000, 6.458399530062931300, 6.101143420642320500 ) ) ;
#531 = AXIS2_PLACEMENT_3D ( 'NONE', #2684, #1153, #1174 ) ;
#532 = DIRECTION ( 'NONE',  ( 2.220446049250312600E-016, 1.000000000000000000, -0.0000000000000000000 ) ) ;
#533 = CARTESIAN_POINT ( 'NONE',  ( 5.811380564484257300, 1.951547137326779900, 2.024388159566371300 ) ) ;
#534 = CARTESIAN_POINT ( 'NONE',  ( -7.335494453377029900, 6.905980968331821400, 3.358686567471580500 ) ) ;
#535 = EDGE_CURVE ( 'NONE', #1349, #6091, #2512, .T. ) ;
#536 = CARTESIAN_POINT ( 'NONE',  ( 9.902005546622925500, 7.319643579270779000, 3.170001659990438400 ) ) ;
#537 = DIRECTION ( 'NONE',  ( 0.0000000000000000000, 0.4149991700047700500, 0.9098217896353945100 ) ) ;
#538 = CARTESIAN_POINT ( 'NONE',  ( -0.7146611200437129600, 5.352403240191906200, 5.538271952077018100 ) ) ;
#539 = CARTESIAN_POINT ( 'NONE',  ( -1.064661120043712600, 5.308977857911826500, 5.990856735486525000 ) ) ;
#540 = CARTESIAN_POINT ( 'NONE',  ( 5.188619435515716000, -15.28595286267317900, 5.975611840433585600 ) ) ;
#541 = CARTESIAN_POINT ( 'NONE',  ( 4.670760536595698100, -17.59011952933984100, 1.844612506840963300 ) ) ;
#542 = CARTESIAN_POINT ( 'NONE',  ( 7.366620324074955500, 4.547380470660105100, 3.281857558871289300 ) ) ;
#543 = CARTESIAN_POINT ( 'NONE',  ( 7.656172213289599100, 6.840443814239312000, 2.119429949669280800 ) ) ;
#544 = CARTESIAN_POINT ( 'NONE',  ( -7.306327786710364000, 4.159556185760689800, 5.880570050330730300 ) ) ;
#545 = CARTESIAN_POINT ( 'NONE',  ( -12.61466112004368300, 5.352403240191906200, 5.538271952077019800 ) ) ;
#546 = LINE ( 'NONE', #4636, #2096 ) ;
#547 = CARTESIAN_POINT ( 'NONE',  ( 4.859272927391984400, 5.772380470660099400, 2.334600341910640700 ) ) ;
#548 = CYLINDRICAL_SURFACE ( 'NONE', #5955, 2.000000000000000000 ) ;
#549 = CARTESIAN_POINT ( 'NONE',  ( 6.701684510135629000, -14.11928619600651700, 4.971606782681496000 ) ) ;
#550 = CARTESIAN_POINT ( 'NONE',  ( 5.259406098776347300, -7.148452862673200200, 5.526492704452464500 ) ) ;
#551 = CARTESIAN_POINT ( 'NONE',  ( 6.942278411359272800, 10.58488047066009200, 3.445114078229007500 ) ) ;
#552 = CARTESIAN_POINT ( 'NONE',  ( 8.881172213289596900, 6.758384208523724900, 4.896958519548591400 ) ) ;
#553 = CARTESIAN_POINT ( 'NONE',  ( -13.69382778671034600, 4.159556185760689800, 5.880570050330731200 ) ) ;
#554 =( BOUNDED_CURVE ( )  B_SPLINE_CURVE ( 2, ( #3229, #1749, #5845, #1220, #651, #4250, #5822 ),
 .UNSPECIFIED., .F., .T. ) 
 B_SPLINE_CURVE_WITH_KNOTS ( ( 3, 2, 2, 3 ),
 ( 0.4506061348602348200, 0.4518518518518518400, 0.4555555555555556000, 0.4568661033106877800 ),
 .UNSPECIFIED. ) 
 CURVE ( )  GEOMETRIC_REPRESENTATION_ITEM ( )  RATIONAL_B_SPLINE_CURVE ( ( 0.9401892979933788000, 0.9549385036432958000, 1.000000000000000000, 0.8660254037844387100, 1.000000000000000000, 0.9525933712949377100, 0.9387362140368900000 ) ) 
 REPRESENTATION_ITEM ( '' )  );
#555 = LOCAL_TIME ( 13, 36, 16.00000000000000000, #6625 ) ;
#556 = CARTESIAN_POINT ( 'NONE',  ( -1.531327786710378100, 3.871378562817411300, 2.839141604523057100 ) ) ;
#557 = CARTESIAN_POINT ( 'NONE',  ( 7.262641947663270900, -8.460952862673197600, 4.277813907273678500 ) ) ;
#558 = CARTESIAN_POINT ( 'NONE',  ( 7.055239759590684800, -0.3817861960065532800, 5.257469399304895300 ) ) ;
#559 = CARTESIAN_POINT ( 'NONE',  ( -5.352161120043700000, 5.647596759808096500, 2.461728047922992600 ) ) ;
#560 = CARTESIAN_POINT ( 'NONE',  ( 12.76033887995624700, 7.798843344302243400, 4.220573370311594600 ) ) ;
#561 = EDGE_CURVE ( 'NONE', #655, #686, #4048, .T. ) ;
#562 = CARTESIAN_POINT ( 'NONE',  ( -1.154255192494007400, 6.817570367587657100, 5.597246194346059400 ) ) ;
#563 = CARTESIAN_POINT ( 'NONE',  ( 3.077005546622940000, 4.759475034189582800, 2.376513018916271300 ) ) ;
#564 = CARTESIAN_POINT ( 'NONE',  ( -1.329255192494011000, 4.156387314324367000, 3.042291823731519100 ) ) ;
#565 = CARTESIAN_POINT ( 'NONE',  ( 7.366620324074951900, -8.752619529339863600, 3.281857558871290600 ) ) ;
#566 = DIRECTION ( 'NONE',  ( -1.369518533665900100E-016, 1.000000000000000000, 0.0000000000000000000 ) ) ;
#567 = ORIENTED_EDGE ( 'NONE', *, *, #657, .T. ) ;
#568 = CARTESIAN_POINT ( 'NONE',  ( 6.329239463404274300, 7.172380470660101500, 6.155387493158992900 ) ) ;
#569 = VECTOR ( 'NONE', #1773, 1000.000000000000100 ) ;
#570 = CARTESIAN_POINT ( 'NONE',  ( 8.181172213289597700, 3.871378562817414000, 2.839141604523051800 ) ) ;
#571 = CARTESIAN_POINT ( 'NONE',  ( -8.122994453377028600, 6.458399530062931300, 6.101143420642320500 ) ) ;
#572 = CARTESIAN_POINT ( 'NONE',  ( -14.42299445337701000, 4.759475034189582800, 2.376513018916274000 ) ) ;
#573 = CARTESIAN_POINT ( 'NONE',  ( 4.378085124944708400, 6.005713803993436400, 5.387585750815612000 ) ) ;
#574 = AXIS2_PLACEMENT_3D ( 'NONE', #3137, #581, #601 ) ;
#575 = CARTESIAN_POINT ( 'NONE',  ( 7.262641947663270000, -14.06095286267318300, 4.277813907273678500 ) ) ;
#576 = CARTESIAN_POINT ( 'NONE',  ( 6.621914875055266800, -8.956786196006527600, 2.612414249184342300 ) ) ;
#577 = CARTESIAN_POINT ( 'NONE',  ( 6.621914875055272100, 11.34321380399341600, 2.612414249184340100 ) ) ;
#578 = CARTESIAN_POINT ( 'NONE',  ( 10.28117221328959200, 6.758384208523724900, 4.896958519548591400 ) ) ;
#579 = CARTESIAN_POINT ( 'NONE',  ( -10.95216112004368500, 5.308977857911811400, 5.990856735486525000 ) ) ;
#580 = CARTESIAN_POINT ( 'NONE',  ( 5.499999999999761100, -2.145382289117179700, 5.695382289117175000 ) ) ;
#581 = DIRECTION ( 'NONE',  ( 1.000000000000000000, -0.0000000000000000000, -0.0000000000000000000 ) ) ;
#582 = CARTESIAN_POINT ( 'NONE',  ( 4.378085124944704800, -8.694286196006528300, 5.387585750815614600 ) ) ;
#583 = CARTESIAN_POINT ( 'NONE',  ( 4.670760536595701700, -0.09011952933988468000, 1.844612506840961100 ) ) ;
#584 = CARTESIAN_POINT ( 'NONE',  ( -2.027161120043709600, 3.723756548762971400, 3.829569941986565000 ) ) ;
#585 = CARTESIAN_POINT ( 'NONE',  ( 9.960338879956260900, 7.798843344302243400, 4.220573370311595500 ) ) ;
#586 = CARTESIAN_POINT ( 'NONE',  ( -1.004233714260079000, 5.657593267222758000, 2.357543193223626600 ) ) ;
#587 = CARTESIAN_POINT ( 'NONE',  ( 5.702005546622937800, 4.094019031668182200, 4.641313432528430200 ) ) ;
#588 = ORIENTED_EDGE ( 'NONE', *, *, #5051, .F. ) ;
#589 = DIRECTION ( 'NONE',  ( 2.220446049250312600E-016, 1.000000000000000000, -0.0000000000000000000 ) ) ;
#590 = CARTESIAN_POINT ( 'NONE',  ( 6.329239463404270800, -9.627619529339860100, 6.155387493158995600 ) ) ;
#591 = CARTESIAN_POINT ( 'NONE',  ( 7.366620324074951000, -14.26511952933984900, 3.281857558871291000 ) ) ;
#592 = CARTESIAN_POINT ( 'NONE',  ( 7.781240055777098000, 5.189047137326769000, 4.359551305450797700 ) ) ;
#593 = CARTESIAN_POINT ( 'NONE',  ( 4.797838879956273700, 5.691022142088190300, 2.009143264513485700 ) ) ;
#594 = CARTESIAN_POINT ( 'NONE',  ( -5.789661120043700900, 3.201156655697758900, 3.779426629688414700 ) ) ;
#595 = ORIENTED_EDGE ( 'NONE', *, *, #5112, .T. ) ;
#596 = CARTESIAN_POINT ( 'NONE',  ( -13.60632778671034900, 6.535718485426611000, 2.546943076929713900 ) ) ;
#597 = CARTESIAN_POINT ( 'NONE',  ( 4.057721588640706800, 8.047380470660098000, 4.554885921770945400 ) ) ;
#598 = CARTESIAN_POINT ( 'NONE',  ( 6.701684510135629900, -9.831786196006527600, 4.971606782681496000 ) ) ;
#599 = CARTESIAN_POINT ( 'NONE',  ( 14.13117221328958500, 4.241615791476277800, 3.103041480451416600 ) ) ;
#600 = CARTESIAN_POINT ( 'NONE',  ( -7.860494453377024900, 4.541600469937070500, 1.898856579357691500 ) ) ;
#601 = DIRECTION ( 'NONE',  ( 0.0000000000000000000, 0.0000000000000000000, -1.000000000000000000 ) ) ;
#602 = CARTESIAN_POINT ( 'NONE',  ( -0.05000000000000359700, 6.573070985851639800, 2.312244490655305500 ) ) ;
#603 = EDGE_CURVE ( 'NONE', #2135, #1263, #6074, .T. ) ;
#604 = CARTESIAN_POINT ( 'NONE',  ( 4.298315489864340800, -11.66928619600652100, 3.028393217318460000 ) ) ;
#605 = CARTESIAN_POINT ( 'NONE',  ( 7.055239759590685700, 4.518213803993434800, 5.257469399304895300 ) ) ;
#606 = CARTESIAN_POINT ( 'NONE',  ( -0.4521611200437123400, 5.647596759808096500, 2.461728047922991700 ) ) ;
#607 = CARTESIAN_POINT ( 'NONE',  ( 9.785338879956258400, 5.691022142088190300, 2.009143264513485200 ) ) ;
#608 = CARTESIAN_POINT ( 'NONE',  ( -0.7709003809267471800, 6.843612685675634700, 4.957708176268490700 ) ) ;
#609 = CARTESIAN_POINT ( 'NONE',  ( 4.593672213289608000, 6.535718485426611000, 2.546943076929711700 ) ) ;
#610 = CARTESIAN_POINT ( 'NONE',  ( -0.1724539003823634100, 3.753595551508110500, 4.698851973512402600 ) ) ;
#611 = CARTESIAN_POINT ( 'NONE',  ( 6.329239463404270800, -11.02761952933985700, 6.155387493158995600 ) ) ;
#612 = CARTESIAN_POINT ( 'NONE',  ( 7.055239759590681300, -13.68178619600651800, 5.257469399304897100 ) ) ;
#613 = ORIENTED_EDGE ( 'NONE', *, *, #5673, .F. ) ;
#614 = CARTESIAN_POINT ( 'NONE',  ( 7.781240055777098900, 7.289047137326763300, 4.359551305450797700 ) ) ;
#615 = CARTESIAN_POINT ( 'NONE',  ( 4.739505546622937400, 4.541600469937070500, 1.898856579357689900 ) ) ;
#616 = CARTESIAN_POINT ( 'NONE',  ( -1.822994453377044100, 6.458399530062931300, 6.101143420642319600 ) ) ;
#617 = CARTESIAN_POINT ( 'NONE',  ( -12.73132778671034900, 6.758384208523724900, 4.896958519548594100 ) ) ;
#618 = CARTESIAN_POINT ( 'NONE',  ( 5.259406098776351800, 10.26404713732675900, 5.526492704452461900 ) ) ;
#619 = CARTESIAN_POINT ( 'NONE',  ( 6.621914875055267700, -4.056786196006542300, 2.612414249184342300 ) ) ;
#620 = CARTESIAN_POINT ( 'NONE',  ( 11.09783887995626000, 5.352403240191906200, 5.538271952077017200 ) ) ;
#621 = CARTESIAN_POINT ( 'NONE',  ( -7.685494453377027700, 7.319643579270779000, 3.170001659990440100 ) ) ;
#622 = AXIS2_PLACEMENT_3D ( 'NONE', #3373, #6498, #278 ) ;
#623 = CARTESIAN_POINT ( 'NONE',  ( -2.260494453377038100, 4.670001659990454400, 2.180356420729221900 ) ) ;
#624 = CARTESIAN_POINT ( 'NONE',  ( 7.366620324074965300, -0.9651195293398848700, 3.281857558871320400 ) ) ;
#625 = CARTESIAN_POINT ( 'NONE',  ( -0.8725052893267870600, 5.500000000000015100, 5.650000000000004800 ) ) ;
#626 = CARTESIAN_POINT ( 'NONE',  ( 4.057721588640702300, -9.452619529339862900, 4.554885921770946300 ) ) ;
#627 = CARTESIAN_POINT ( 'NONE',  ( 7.366620324074955500, 5.334880470660101200, 3.281857558871288800 ) ) ;
#628 = CARTESIAN_POINT ( 'NONE',  ( -2.085494453377042800, 4.094019031668182200, 4.641313432528431100 ) ) ;
#629 = VECTOR ( 'NONE', #4834, 1000.000000000000000 ) ;
#630 = EDGE_CURVE ( 'NONE', #686, #3281, #5897, .T. ) ;
#631 = CARTESIAN_POINT ( 'NONE',  ( 10.77700554662292600, 6.458399530062931300, 6.101143420642317800 ) ) ;
#632 = APPROVAL_ROLE ( '' ) ;
#633 = CARTESIAN_POINT ( 'NONE',  ( 4.885338879956270500, 5.352403240191906200, 5.538271952077017200 ) ) ;
#634 = CARTESIAN_POINT ( 'NONE',  ( 7.149999999999970200, -1.543977600725864800, 4.583596226739985900 ) ) ;
#635 = CARTESIAN_POINT ( 'NONE',  ( 7.055239759590681300, -11.66928619600652100, 5.257469399304897100 ) ) ;
#636 = CARTESIAN_POINT ( 'NONE',  ( 5.811380564484253800, -13.44845286267318600, 2.024388159566373100 ) ) ;
#637 = CARTESIAN_POINT ( 'NONE',  ( 6.952000592372813000, 10.90571380399342500, 2.204163812291780800 ) ) ;
#638 = FACE_OUTER_BOUND ( 'NONE', #5298, .T. ) ;
#639 = CARTESIAN_POINT ( 'NONE',  ( 8.939505546622930500, 4.541600469937070500, 1.898856579357689500 ) ) ;
#640 = CARTESIAN_POINT ( 'NONE',  ( -1.589661120043711900, 3.201156655697758900, 3.779426629688414300 ) ) ;
#641 = CARTESIAN_POINT ( 'NONE',  ( -10.22299445337702100, 4.759475034189582800, 2.376513018916272600 ) ) ;
#642 = CARTESIAN_POINT ( 'NONE',  ( 6.701684510135634400, 7.580713803993430300, 4.971606782681493400 ) ) ;
#643 =( BOUNDED_CURVE ( )  B_SPLINE_CURVE ( 2, ( #5938, #2848, #5551, #3956, #4967, #3003, #6552, #1885, #1925 ),
 .UNSPECIFIED., .F., .T. ) 
 B_SPLINE_CURVE_WITH_KNOTS ( ( 3, 2, 2, 2, 3 ),
 ( 0.5320227855782012600, 0.5333333333333333300, 0.5370370370370370900, 0.5407407407407407400, 0.5431338966893122200 ),
 .UNSPECIFIED. ) 
 CURVE ( )  GEOMETRIC_REPRESENTATION_ITEM ( )  RATIONAL_B_SPLINE_CURVE ( ( 0.9387362140368922200, 0.9525933712949417000, 1.000000000000000000, 0.8660254037844387100, 1.000000000000000000, 0.8660254037844387100, 1.000000000000000000, 0.9134320324895010000, 0.9387362140368900000 ) ) 
 REPRESENTATION_ITEM ( '' )  );
#644 = CARTESIAN_POINT ( 'NONE',  ( 6.140727072607991700, -4.290119529339873900, 5.665399658089312700 ) ) ;
#645 = CARTESIAN_POINT ( 'NONE',  ( 11.56450554662292300, 6.905980968331821400, 3.358686567471578700 ) ) ;
#646 = CARTESIAN_POINT ( 'NONE',  ( -9.843827786710356500, 6.840443814239312000, 2.119429949669282600 ) ) ;
#647 = CIRCLE ( 'NONE', #5296, 1.000000000000000000 ) ;
#648 = DIRECTION ( 'NONE',  ( 0.0000000000000000000, 0.0000000000000000000, 1.000000000000000000 ) ) ;
#649 = FACE_OUTER_BOUND ( 'NONE', #4378, .T. ) ;
#650 = CARTESIAN_POINT ( 'NONE',  ( 1.250000000000001100, 1.250000000000001100, 8.000000000000000000 ) ) ;
#651 = CARTESIAN_POINT ( 'NONE',  ( 7.039961767361834400, -0.5546921235562508600, 3.407532486068810800 ) ) ;
#652 = CARTESIAN_POINT ( 'NONE',  ( 3.737358052336701200, -8.810952862673197200, 3.722186092726278900 ) ) ;
#653 = CARTESIAN_POINT ( 'NONE',  ( 6.329239463404273500, 3.059880470660107500, 6.155387493158992900 ) ) ;
#654 = CARTESIAN_POINT ( 'NONE',  ( -3.660494453377040300, 6.240524965810419800, 5.623486981083739300 ) ) ;
#655 = VERTEX_POINT ( 'NONE', #1632 ) ;
#656 = CARTESIAN_POINT ( 'NONE',  ( -15.56049445337700700, 6.240524965810419800, 5.623486981083741100 ) ) ;
#657 = EDGE_CURVE ( 'NONE', #988, #3319, #911, .T. ) ;
#658 = ORIENTED_EDGE ( 'NONE', *, *, #2752, .T. ) ;
#659 = CARTESIAN_POINT ( 'NONE',  ( 4.418672213289606400, 4.241615791476277800, 3.103041480451417900 ) ) ;
#660 = CARTESIAN_POINT ( 'NONE',  ( -2.260128918610663500, 6.472072018107457600, 2.459342466420148200 ) ) ;
#661 = CARTESIAN_POINT ( 'NONE',  ( 6.952000592372809400, -9.394286196006527600, 2.204163812291782600 ) ) ;
#662 = CARTESIAN_POINT ( 'NONE',  ( 6.952000592372808500, -13.50678619600651900, 2.204163812291783000 ) ) ;
#663 = CARTESIAN_POINT ( 'NONE',  ( -2.396256738226764300, 4.664518966682824600, 5.769277318049744500 ) ) ;
#664 = CARTESIAN_POINT ( 'NONE',  ( 3.633379675925023200, 7.697380470660098300, 4.718142441128664500 ) ) ;
#665 = CARTESIAN_POINT ( 'NONE',  ( 11.33117221328959100, 7.128621437182588700, 5.160858395476956200 ) ) ;
#666 = CARTESIAN_POINT ( 'NONE',  ( -3.747994453377038400, 3.680356420729224100, 4.829998340009571400 ) ) ;
#667 = CARTESIAN_POINT ( 'NONE',  ( 7.055239759590647500, -1.169286196006546400, 5.257469399304941500 ) ) ;
#668 = CARTESIAN_POINT ( 'NONE',  ( -12.43966112004368300, 3.723756548762971400, 3.829569941986566300 ) ) ;
#669 = CARTESIAN_POINT ( 'NONE',  ( 5.259406098776351800, 8.864047137326760900, 5.526492704452462800 ) ) ;
#670 = CARTESIAN_POINT ( 'NONE',  ( 3.737358052336701600, -5.223452862673203100, 3.722186092726278000 ) ) ;
#671 = CARTESIAN_POINT ( 'NONE',  ( 12.03117221328959000, 4.241615791476277800, 3.103041480451417000 ) ) ;
#672 = ORIENTED_EDGE ( 'NONE', *, *, #1085, .F. ) ;
#673 = CARTESIAN_POINT ( 'NONE',  ( -8.327161120043694400, 7.798843344302243400, 4.220573370311597300 ) ) ;
#674 = CARTESIAN_POINT ( 'NONE',  ( 4.216927198337663700, -1.021358790222914600, 2.962587745573420000 ) ) ;
#675 = DIRECTION ( 'NONE',  ( -0.0000000000000000000, -0.0000000000000000000, -1.000000000000000000 ) ) ;
#676 = CARTESIAN_POINT ( 'NONE',  ( -0.1604944533770432400, 4.670001659990469500, 2.180356420729214300 ) ) ;
#677 = CARTESIAN_POINT ( 'NONE',  ( 5.259406098776347300, -7.235952862673200600, 5.526492704452464500 ) ) ;
#678 = CARTESIAN_POINT ( 'NONE',  ( 4.047999407627165700, 3.643213803993441900, 5.795836187708173000 ) ) ;
#679 = VERTEX_POINT ( 'NONE', #54 ) ;
#680 = CARTESIAN_POINT ( 'NONE',  ( -1.210494453377046800, 4.759475034189582800, 2.376513018916271800 ) ) ;
#681 = CARTESIAN_POINT ( 'NONE',  ( -16.31882778671034000, 6.758384208523724900, 4.896958519548595000 ) ) ;
#682 = DATE_TIME_ROLE ( 'creation_date' ) ;
#683 = CARTESIAN_POINT ( 'NONE',  ( 8.852005546622930200, 6.905980968331821400, 3.358686567471578700 ) ) ;
#684 = CARTESIAN_POINT ( 'NONE',  ( -0.1422149196834108200, 3.590775822756976200, 3.912261467713780100 ) ) ;
#685 = CARTESIAN_POINT ( 'NONE',  ( 7.781240055777096200, -5.310952862673205200, 4.359551305450798600 ) ) ;
#686 = VERTEX_POINT ( 'NONE', #5757 ) ;
#687 = CARTESIAN_POINT ( 'NONE',  ( 5.188619435515716000, -15.89845286267318000, 5.975611840433585600 ) ) ;
#688 = CARTESIAN_POINT ( 'NONE',  ( 5.188619435515721400, 9.214047137326760500, 5.975611840433583000 ) ) ;
#689 = CARTESIAN_POINT ( 'NONE',  ( 9.347838879956261900, 5.308977857911811400, 5.990856735486522300 ) ) ;
#690 = CARTESIAN_POINT ( 'NONE',  ( -2.347994453377041600, 3.680356420729224100, 4.829998340009571400 ) ) ;
#691 = CARTESIAN_POINT ( 'NONE',  ( 5.499999999999998200, -0.4000000000000105700, 4.000000000000000000 ) ) ;
#692 = CARTESIAN_POINT ( 'NONE',  ( -9.056327786710358700, 4.464281514573391600, 5.453056923070299400 ) ) ;
#693 = CARTESIAN_POINT ( 'NONE',  ( 5.259406098776350900, 7.464047137326765800, 5.526492704452462800 ) ) ;
#694 = CARTESIAN_POINT ( 'NONE',  ( 5.740593901223626000, -4.698452862673206300, 2.473507295547491900 ) ) ;
#695 = ORIENTED_EDGE ( 'NONE', *, *, #6151, .F. ) ;
#696 = CARTESIAN_POINT ( 'NONE',  ( 11.03950554662292700, 6.240524965810419800, 5.623486981083736700 ) ) ;
#697 = CARTESIAN_POINT ( 'NONE',  ( -7.627161120043695100, 7.798843344302243400, 4.220573370311597300 ) ) ;
#698 = ORIENTED_EDGE ( 'NONE', *, *, #2519, .F. ) ;
#699 = CARTESIAN_POINT ( 'NONE',  ( -1.572505289326785900, 5.500000000000015100, 5.650000000000004800 ) ) ;
#700 = EDGE_CURVE ( 'NONE', #3661, #1709, #4218, .T. ) ;
#701 = CARTESIAN_POINT ( 'NONE',  ( 4.057721588640703200, -7.352619529339865100, 4.554885921770946300 ) ) ;
#702 = CARTESIAN_POINT ( 'NONE',  ( 7.366620324074955500, 4.634880470660101900, 3.281857558871289300 ) ) ;
#703 = CARTESIAN_POINT ( 'NONE',  ( 3.047838879956278600, 5.647596759808096500, 2.461728047922991700 ) ) ;
#704 = CARTESIAN_POINT ( 'NONE',  ( -16.37716112004367400, 7.276243451237029100, 4.170430058013448800 ) ) ;
#705 = CARTESIAN_POINT ( 'NONE',  ( 6.693672213289598700, 6.535718485426611000, 2.546943076929711700 ) ) ;
#706 = CARTESIAN_POINT ( 'NONE',  ( 6.329239463404271700, -6.827619529339867400, 6.155387493158993800 ) ) ;
#707 = CARTESIAN_POINT ( 'NONE',  ( 7.055239759590682200, -9.481786196006527900, 5.257469399304897100 ) ) ;
#708 = CARTESIAN_POINT ( 'NONE',  ( 3.218759944222881100, 9.739047137326760900, 3.640448694549154300 ) ) ;
#709 = AXIS2_PLACEMENT_3D ( 'NONE', #4848, #1219, #5844 ) ;
#710 = CARTESIAN_POINT ( 'NONE',  ( 10.28117221328959200, 3.871378562817414000, 2.839141604523051300 ) ) ;
#711 = CARTESIAN_POINT ( 'NONE',  ( -2.522994453377042800, 6.458399530062931300, 6.101143420642319600 ) ) ;
#712 = CARTESIAN_POINT ( 'NONE',  ( 7.781240055777090900, -1.110952862673213700, 4.359551305450826100 ) ) ;
#713 = CARTESIAN_POINT ( 'NONE',  ( -10.33966112004368800, 3.723756548762971400, 3.829569941986566300 ) ) ;
#714 = CARTESIAN_POINT ( 'NONE',  ( -2.114661120043709500, 5.691022142088184100, 2.009143264513485700 ) ) ;
#715 = CARTESIAN_POINT ( 'NONE',  ( 4.378085124944706600, -4.406786196006540200, 5.387585750815612900 ) ) ;
#716 = CARTESIAN_POINT ( 'NONE',  ( 5.717983032717277100, -0.5588802684568429100, 6.059046011225897000 ) ) ;
#717 = CARTESIAN_POINT ( 'NONE',  ( -4.710494453377035200, 6.458399530062931300, 6.101143420642320500 ) ) ;
#719 = CARTESIAN_POINT ( 'NONE',  ( 6.952000592372834300, -1.694286196006544500, 2.204163812291800800 ) ) ;
#718 = FACE_OUTER_BOUND ( 'NONE', #2945, .T. ) ;
#720 = CARTESIAN_POINT ( 'NONE',  ( 4.298315489864339900, -16.48178619600651000, 3.028393217318460900 ) ) ;
#721 = CYLINDRICAL_SURFACE ( 'NONE', #5692, 1.999999999999999600 ) ;
#722 = VECTOR ( 'NONE', #3026, 1000.000000000000000 ) ;
#723 = CARTESIAN_POINT ( 'NONE',  ( 6.761400639845677900, -2.415659407838480500, 2.480216253031057000 ) ) ;
#724 = CARTESIAN_POINT ( 'NONE',  ( 3.737358052336701200, -6.710952862673199300, 3.722186092726278000 ) ) ;
#725 = CARTESIAN_POINT ( 'NONE',  ( 7.055239759590685700, 6.618213803993431700, 5.257469399304894400 ) ) ;
#726 = CARTESIAN_POINT ( 'NONE',  ( 3.222838879956276600, 7.276243451237029100, 4.170430058013445200 ) ) ;
#727 = CARTESIAN_POINT ( 'NONE',  ( 9.085338879956259100, 5.352403240191906200, 5.538271952077017200 ) ) ;
#728 = CARTESIAN_POINT ( 'NONE',  ( 5.811380564484255600, -6.535952862673201300, 2.024388159566372200 ) ) ;
#729 = EDGE_LOOP ( 'NONE', ( #4690, #2364, #5334, #899 ) ) ;
#730 = CARTESIAN_POINT ( 'NONE',  ( 3.944760240409289000, -9.831786196006527600, 2.742530600695059400 ) ) ;
#731 = CARTESIAN_POINT ( 'NONE',  ( -2.308623662804982300, 4.214229235109940000, 5.357100559647491900 ) ) ;
#732 = CARTESIAN_POINT ( 'NONE',  ( 3.633379675925024100, 9.097380470660096900, 4.718142441128663700 ) ) ;
#733 =( BOUNDED_CURVE ( )  B_SPLINE_CURVE ( 2, ( #3714, #3248, #2797, #2350, #3860, #1240, #5391, #3336, #2775 ),
 .UNSPECIFIED., .F., .F. ) 
 B_SPLINE_CURVE_WITH_KNOTS ( ( 3, 2, 2, 2, 3 ),
 ( 0.4611111111111111900, 0.4629629629629629700, 0.4666666666666666700, 0.4703703703703703800, 0.4722222222222223200 ),
 .UNSPECIFIED. ) 
 CURVE ( )  GEOMETRIC_REPRESENTATION_ITEM ( )  RATIONAL_B_SPLINE_CURVE ( ( 0.9330127018922193000, 0.9330127018922223000, 1.000000000000000000, 0.8660254037844387100, 1.000000000000000000, 0.8660254037844387100, 1.000000000000000000, 0.9330127018922163000, 0.9330127018922193000 ) ) 
 REPRESENTATION_ITEM ( '' )  );
#734 = CARTESIAN_POINT ( 'NONE',  ( 8.531172213289597300, 7.128621437182588700, 5.160858395476956200 ) ) ;
#735 = CARTESIAN_POINT ( 'NONE',  ( 2.143672213289614900, 6.840443814239312000, 2.119429949669281200 ) ) ;
#736 = CARTESIAN_POINT ( 'NONE',  ( 3.503880791900718400, -0.05000000000008104200, 3.875468449551223900 ) ) ;
#737 = CARTESIAN_POINT ( 'NONE',  ( -10.92299445337702000, 4.759475034189582800, 2.376513018916272600 ) ) ;
#738 = CARTESIAN_POINT ( 'NONE',  ( 7.149999999999986100, -0.5948615906280030300, 3.999999999999991600 ) ) ;
#739 = ORIENTED_EDGE ( 'NONE', *, *, #1241, .F. ) ;
#740 = CARTESIAN_POINT ( 'NONE',  ( 6.701684510135632600, -0.03178619600655019400, 4.971606782681494300 ) ) ;
#741 = ORIENTED_EDGE ( 'NONE', *, *, #4073, .F. ) ;
#742 = EDGE_CURVE ( 'NONE', #6037, #6116, #2843, .T. ) ;
#743 = CARTESIAN_POINT ( 'NONE',  ( 14.83117221328958000, 4.241615791476277800, 3.103041480451416600 ) ) ;
#744 = CARTESIAN_POINT ( 'NONE',  ( -2.960494453377041000, 4.541600469937070500, 1.898856579357691000 ) ) ;
#745 = DIRECTION ( 'NONE',  ( -1.000000000000000000, 2.628368902995161500E-016, 0.0000000000000000000 ) ) ;
#746 = CARTESIAN_POINT ( 'NONE',  ( 5.740593901223623300, -15.89845286267318000, 2.473507295547493300 ) ) ;
#747 = CARTESIAN_POINT ( 'NONE',  ( 4.781857558871279500, -2.277619529339874700, 2.133379675925013000 ) ) ;
#748 = CARTESIAN_POINT ( 'NONE',  ( 7.262641947663270900, -6.360952862673204100, 4.277813907273678500 ) ) ;
#749 = CARTESIAN_POINT ( 'NONE',  ( 6.952000592372812100, 6.093213803993435800, 2.204163812291781300 ) ) ;
#750 = CARTESIAN_POINT ( 'NONE',  ( 1.356172213289614300, 4.464281514573391600, 5.453056923070296800 ) ) ;
#751 = CARTESIAN_POINT ( 'NONE',  ( 7.160338879956268200, 3.723756548762971400, 3.829569941986563600 ) ) ;
#752 = CARTESIAN_POINT ( 'NONE',  ( 4.670760536595700800, -7.177619529339867900, 1.844612506840962000 ) ) ;
#753 = CARTESIAN_POINT ( 'NONE',  ( 7.366620324074951900, -10.76511952933985800, 3.281857558871291000 ) ) ;
#754 = CARTESIAN_POINT ( 'NONE',  ( 5.188619435515721400, 12.71404713732675300, 5.975611840433583000 ) ) ;
#755 = CARTESIAN_POINT ( 'NONE',  ( 12.26450554662292300, 3.680356420729224100, 4.829998340009569600 ) ) ;
#756 = CARTESIAN_POINT ( 'NONE',  ( -0.8896611200437128900, 3.201156655697758900, 3.779426629688414300 ) ) ;
#757 = ORIENTED_EDGE ( 'NONE', *, *, #6592, .T. ) ;
#758 = CARTESIAN_POINT ( 'NONE',  ( -0.7438277867103781900, 6.840443814239296900, 2.119429949669271500 ) ) ;
#759 = CARTESIAN_POINT ( 'NONE',  ( -7.306327786710364000, 6.535718485426611000, 2.546943076929713400 ) ) ;
#760 = CARTESIAN_POINT ( 'NONE',  ( 6.701684510135634400, 11.78071380399342200, 4.971606782681493400 ) ) ;
#761 = CARTESIAN_POINT ( 'NONE',  ( 5.188619435515718700, -1.985952862673213200, 5.975611840433584700 ) ) ;
#762 = CARTESIAN_POINT ( 'NONE',  ( 5.259406098776349100, -0.8484528626732170700, 5.526492704452463700 ) ) ;
#763 = CARTESIAN_POINT ( 'NONE',  ( 14.77283887995625000, 3.723756548762971400, 3.829569941986562300 ) ) ;
#764 = EDGE_LOOP ( 'NONE', ( #4802, #6321, #3349, #5469 ) ) ;
#765 = CARTESIAN_POINT ( 'NONE',  ( -3.543827786710372200, 6.840443814239312000, 2.119429949669282100 ) ) ;
#766 = DIRECTION ( 'NONE',  ( 1.000000000000000000, 6.938893903907223400E-016, -0.0000000000000000000 ) ) ;
#767 = CARTESIAN_POINT ( 'NONE',  ( 4.859272927391979900, -16.54011952933984700, 2.334600341910643800 ) ) ;
#768 = CARTESIAN_POINT ( 'NONE',  ( -1.795921859160674900, 7.001205952898393600, 3.315251369492113300 ) ) ;
#769 = CARTESIAN_POINT ( 'NONE',  ( 7.347520403120005200, -2.450000000000002000, 3.234057208366520400 ) ) ;
#770 = CARTESIAN_POINT ( 'NONE',  ( 4.298315489864342500, -5.369286196006537900, 3.028393217318459600 ) ) ;
#771 = CARTESIAN_POINT ( 'NONE',  ( 5.811380564484259100, 6.851547137326767800, 2.024388159566370400 ) ) ;
#772 = CARTESIAN_POINT ( 'NONE',  ( 1.181172213289616300, 6.758384208523724900, 4.896958519548592300 ) ) ;
#773 = ORIENTED_EDGE ( 'NONE', *, *, #3405, .T. ) ;
#774 = CARTESIAN_POINT ( 'NONE',  ( 6.518672213289604200, 4.241615791476277800, 3.103041480451417500 ) ) ;
#775 = CARTESIAN_POINT ( 'NONE',  ( 6.329239463404271700, -6.127619529339868100, 6.155387493158993800 ) ) ;
#776 = EDGE_LOOP ( 'NONE', ( #5370, #1995, #508, #5865, #4971, #20, #152, #5346 ) ) ;
#777 = CARTESIAN_POINT ( 'NONE',  ( 7.149999999999988800, -0.7818122771965649900, 3.693547613018903800 ) ) ;
#778 = CARTESIAN_POINT ( 'NONE',  ( 7.781240055777093500, -12.22345286267318800, 4.359551305450800400 ) ) ;
#779 = CARTESIAN_POINT ( 'NONE',  ( -12.35216112004368200, 5.647596759808096500, 2.461728047922993500 ) ) ;
#780 = CARTESIAN_POINT ( 'NONE',  ( 0.9770055466229514700, 6.458399530062931300, 6.101143420642319600 ) ) ;
#781 = CARTESIAN_POINT ( 'NONE',  ( 3.849999999999974300, -1.685622789158600200, 3.416403773260005700 ) ) ;
#782 = CARTESIAN_POINT ( 'NONE',  ( -7.072994453377028800, 6.240524965810419800, 5.623486981083739300 ) ) ;
#783 = CARTESIAN_POINT ( 'NONE',  ( 5.740593901223629600, 13.41404713732674900, 2.473507295547489700 ) ) ;
#784 = CARTESIAN_POINT ( 'NONE',  ( 5.188619435515718700, -3.385952862673208100, 5.975611840433584700 ) ) ;
#785 = CARTESIAN_POINT ( 'NONE',  ( 5.259406098776349100, -1.548452862673214600, 5.526492704452463700 ) ) ;
#786 = ORIENTED_EDGE ( 'NONE', *, *, #561, .F. ) ;
#787 = CARTESIAN_POINT ( 'NONE',  ( -2.843827786710373000, 6.840443814239312000, 2.119429949669282100 ) ) ;
#788 = CARTESIAN_POINT ( 'NONE',  ( 8.500000000000000000, 0.0000000000000000000, 8.000000000000000000 ) ) ;
#789 = CARTESIAN_POINT ( 'NONE',  ( 6.942278411359267500, -16.01511952933984500, 3.445114078229011100 ) ) ;
#790 = CARTESIAN_POINT ( 'NONE',  ( -1.910494453377038700, 6.329998340009541200, 5.819643579270792300 ) ) ;
#791 = CARTESIAN_POINT ( 'NONE',  ( 9.500000000000001800, 6.591949208711862200E-015, 7.000000000000000000 ) ) ;
#792 = EDGE_CURVE ( 'NONE', #2629, #1021, #946, .T. ) ;
#793 = CARTESIAN_POINT ( 'NONE',  ( 4.378085124944706600, -3.094286196006542400, 5.387585750815612900 ) ) ;
#794 = CARTESIAN_POINT ( 'NONE',  ( 7.781240055777098900, 7.376547137326762800, 4.359551305450797700 ) ) ;
#795 = CARTESIAN_POINT ( 'NONE',  ( 2.814505546622943400, 4.094019031668182200, 4.641313432528431100 ) ) ;
#796 = CARTESIAN_POINT ( 'NONE',  ( 11.12700554662292000, 6.240524965810419800, 5.623486981083736700 ) ) ;
#797 = CARTESIAN_POINT ( 'NONE',  ( 7.781240055777096200, -3.910952862673206600, 4.359551305450798600 ) ) ;
#798 = CARTESIAN_POINT ( 'NONE',  ( 4.781857558871276800, 13.19738047066015900, 2.133379675925019600 ) ) ;
#799 = CARTESIAN_POINT ( 'NONE',  ( 7.055239759590683100, -6.681786196006534300, 5.257469399304896200 ) ) ;
#800 = VECTOR ( 'NONE', #4283, 1000.000000000000000 ) ;
#801 = CARTESIAN_POINT ( 'NONE',  ( -12.46882778671034900, 4.241615791476277800, 3.103041480451420100 ) ) ;
#802 = CYLINDRICAL_SURFACE ( 'NONE', #3194, 1.999999999999999600 ) ;
#803 = CARTESIAN_POINT ( 'NONE',  ( 0.1020055466229505300, 7.319643579270779000, 3.170001659990439300 ) ) ;
#804 = CARTESIAN_POINT ( 'NONE',  ( 7.149999999999995000, -1.481812277196561200, 3.693547613018920200 ) ) ;
#805 = CARTESIAN_POINT ( 'NONE',  ( -5.497994453377033100, 4.094019031668182200, 4.641313432528432000 ) ) ;
#806 = CARTESIAN_POINT ( 'NONE',  ( 4.580692987834862800, -0.06700754287920521200, 2.239028276313028700 ) ) ;
#807 = CARTESIAN_POINT ( 'NONE',  ( 7.366620324074953700, -0.3526195293398828900, 3.281857558871289700 ) ) ;
#808 = CARTESIAN_POINT ( 'NONE',  ( 4.378085124944707500, -0.9067861960065517500, 5.387585750815612900 ) ) ;
#809 = LINE ( 'NONE', #5395, #6626 ) ;
#810 = CARTESIAN_POINT ( 'NONE',  ( -6.227161120043698300, 7.798843344302243400, 4.220573370311597300 ) ) ;
#811 = CARTESIAN_POINT ( 'NONE',  ( -15.88132778671034000, 7.128621437182588700, 5.160858395476959800 ) ) ;
#812 = CARTESIAN_POINT ( 'NONE',  ( 6.942278411359267500, -14.61511952933984800, 3.445114078229011100 ) ) ;
#813 = CARTESIAN_POINT ( 'NONE',  ( 5.811380564484261800, -2.335952862673211300, 2.024388159566372200 ) ) ;
#814 = CARTESIAN_POINT ( 'NONE',  ( 5.259406098776349100, -3.035952862673208900, 5.526492704452463700 ) ) ;
#815 = CARTESIAN_POINT ( 'NONE',  ( 6.329239463404274300, 7.259880470660096600, 6.155387493158992900 ) ) ;
#816 = CARTESIAN_POINT ( 'NONE',  ( 6.664505546622935500, 6.905980968331821400, 3.358686567471578700 ) ) ;
#817 = ORIENTED_EDGE ( 'NONE', *, *, #3787, .T. ) ;
#818 = LINE ( 'NONE', #926, #6316 ) ;
#819 = CARTESIAN_POINT ( 'NONE',  ( 12.11867221328959100, 4.241615791476277800, 3.103041480451417000 ) ) ;
#820 = CARTESIAN_POINT ( 'NONE',  ( 7.403982127163691200, -2.422759104204464700, 4.554719167131367800 ) ) ;
#821 = CARTESIAN_POINT ( 'NONE',  ( 3.218759944222876700, -6.973452862673199500, 3.640448694549156500 ) ) ;
#822 = CARTESIAN_POINT ( 'NONE',  ( -14.86049445337701200, 6.240524965810419800, 5.623486981083741100 ) ) ;
#823 = CARTESIAN_POINT ( 'NONE',  ( 4.047999407627167500, 12.65571380399342000, 5.795836187708170300 ) ) ;
#824 = ORIENTED_EDGE ( 'NONE', *, *, #3816, .T. ) ;
#825 = EDGE_LOOP ( 'NONE', ( #773, #567, #5432, #3724, #658, #5471, #5380, #6039 ) ) ;
#826 = CARTESIAN_POINT ( 'NONE',  ( 1.677005546622944500, 6.458399530062931300, 6.101143420642319600 ) ) ;
#827 = CARTESIAN_POINT ( 'NONE',  ( 3.849999999999974300, -1.193977600725863100, 3.416403773260005700 ) ) ;
#828 = CARTESIAN_POINT ( 'NONE',  ( -7.247994453377029500, 6.905980968331821400, 3.358686567471580500 ) ) ;
#829 = CARTESIAN_POINT ( 'NONE',  ( -0.05000000000000821100, 5.499999999999998200, 2.000000000000000000 ) ) ;
#830 = CARTESIAN_POINT ( 'NONE',  ( 5.188619435515718700, -2.685952862673209200, 5.975611840433584700 ) ) ;
#831 = CARTESIAN_POINT ( 'NONE',  ( 4.859272927391983500, -1.140119529339880000, 2.334600341910642000 ) ) ;
#832 = EDGE_CURVE ( 'NONE', #4537, #3937, #6241, .T. ) ;
#833 = DIRECTION ( 'NONE',  ( -0.0000000000000000000, 0.0000000000000000000, 1.000000000000000000 ) ) ;
#834 = CARTESIAN_POINT ( 'NONE',  ( 4.183758388053816700, -0.04999999999998129600, 2.494175302705713200 ) ) ;
#835 = CARTESIAN_POINT ( 'NONE',  ( 0.8895055466229518900, 6.458399530062931300, 6.101143420642319600 ) ) ;
#836 = CARTESIAN_POINT ( 'NONE',  ( -16.11466112004367100, 5.691022142088190300, 2.009143264513487900 ) ) ;
#837 = CARTESIAN_POINT ( 'NONE',  ( 4.378085124944704800, -11.40678619600652300, 5.387585750815614600 ) ) ;
#838 = CARTESIAN_POINT ( 'NONE',  ( 4.378085124944706600, -3.794286196006543000, 5.387585750815612900 ) ) ;
#839 = CARTESIAN_POINT ( 'NONE',  ( 3.633379675925024500, 12.68488047066008300, 4.718142441128663700 ) ) ;
#840 = CARTESIAN_POINT ( 'NONE',  ( 4.272838879956276000, 3.723756548762971400, 3.829569941986564100 ) ) ;
#841 = CARTESIAN_POINT ( 'NONE',  ( 4.378085124944708400, 5.393213803993434800, 5.387585750815612000 ) ) ;
#842 = CARTESIAN_POINT ( 'NONE',  ( 10.95200554662292100, 6.905980968331821400, 3.358686567471578700 ) ) ;
#843 = CARTESIAN_POINT ( 'NONE',  ( -2.054233714260075500, 5.342406732777244600, 5.642456806776384500 ) ) ;
#844 = ORIENTED_EDGE ( 'NONE', *, *, #1331, .F. ) ;
#845 = CARTESIAN_POINT ( 'NONE',  ( 3.218759944222877600, -6.273452862673202900, 3.640448694549156500 ) ) ;
#846 = ADVANCED_FACE ( 'NONE', ( #5737 ), #1296, .F. ) ;
#847 = CARTESIAN_POINT ( 'NONE',  ( -14.27716112004367800, 7.276243451237029100, 4.170430058013448800 ) ) ;
#848 = CARTESIAN_POINT ( 'NONE',  ( 7.781240055777099800, 13.58904713732675200, 4.359551305450797700 ) ) ;
#849 = CARTESIAN_POINT ( 'NONE',  ( 5.527005546622933500, 4.541600469937070500, 1.898856579357689900 ) ) ;
#850 = DIRECTION ( 'NONE',  ( -3.652049423109062400E-016, -1.000000000000000000, 0.0000000000000000000 ) ) ;
#851 = CARTESIAN_POINT ( 'NONE',  ( -6.314661120043697700, 5.352403240191906200, 5.538271952077018900 ) ) ;
#852 = VERTEX_POINT ( 'NONE', #28 ) ;
#853 = CARTESIAN_POINT ( 'NONE',  ( -0.1604944533770432400, 4.670001659990469500, 2.180356420729214300 ) ) ;
#854 = CARTESIAN_POINT ( 'NONE',  ( 3.633379675925021400, -0.002619529339883269700, 4.718142441128665400 ) ) ;
#855 = AXIS2_PLACEMENT_3D ( 'NONE', #4097, #6692, #416 ) ;
#856 = CARTESIAN_POINT ( 'NONE',  ( 7.262641947663273500, 1.426547137326781300, 4.277813907273677600 ) ) ;
#857 = CARTESIAN_POINT ( 'NONE',  ( 4.907532043115018000, -0.3474904667081192300, 5.603281843534600300 ) ) ;
#858 = DIRECTION ( 'NONE',  ( 6.938893903907223400E-016, -1.000000000000000000, 0.0000000000000000000 ) ) ;
#859 = CARTESIAN_POINT ( 'NONE',  ( -1.443827786710379000, 6.840443814239312000, 2.119429949669281700 ) ) ;
#860 = CARTESIAN_POINT ( 'NONE',  ( -15.29799445337700800, 7.319643579270779000, 3.170001659990441000 ) ) ;
#861 = CARTESIAN_POINT ( 'NONE',  ( 4.057721588640702300, -10.76511952933985800, 4.554885921770946300 ) ) ;
#862 = DIRECTION ( 'NONE',  ( -0.0000000000000000000, -0.0000000000000000000, -1.000000000000000000 ) ) ;
#863 =( BOUNDED_CURVE ( )  B_SPLINE_CURVE ( 2, ( #3067, #504, #6114, #2587, #5073, #6203, #2029, #6637, #3109 ),
 .UNSPECIFIED., .F., .T. ) 
 B_SPLINE_CURVE_WITH_KNOTS ( ( 3, 2, 2, 2, 3 ),
 ( 0.4568661033106877800, 0.4592592592592592600, 0.4629629629629629100, 0.4666666666666666700, 0.4679772144217987400 ),
 .UNSPECIFIED. ) 
 CURVE ( )  GEOMETRIC_REPRESENTATION_ITEM ( )  RATIONAL_B_SPLINE_CURVE ( ( 0.9387362140368900000, 0.9134320324895010000, 1.000000000000000000, 0.8660254037844387100, 1.000000000000000000, 0.8660254037844387100, 1.000000000000000000, 0.9525933712949417000, 0.9387362140368922200 ) ) 
 REPRESENTATION_ITEM ( '' )  );
#864 = CARTESIAN_POINT ( 'NONE',  ( 3.737358052336702000, -3.210952862673210500, 3.722186092726278000 ) ) ;
#865 = CARTESIAN_POINT ( 'NONE',  ( 7.781240055777099800, 12.97654713732675100, 4.359551305450797700 ) ) ;
#866 = CARTESIAN_POINT ( 'NONE',  ( 4.739505546622937400, 6.240524965810419800, 5.623486981083738500 ) ) ;
#867 = ORIENTED_EDGE ( 'NONE', *, *, #4139, .T. ) ;
#868 = CARTESIAN_POINT ( 'NONE',  ( 4.057721588640705000, 1.834880470660112100, 4.554885921770946300 ) ) ;
#869 = VERTEX_POINT ( 'NONE', #6327 ) ;
#870 = CARTESIAN_POINT ( 'NONE',  ( 11.53533887995625300, 5.647596759808096500, 2.461728047922990400 ) ) ;
#871 = CARTESIAN_POINT ( 'NONE',  ( -0.5771965872621565000, 4.649843164376926900, 2.350000000000024500 ) ) ;
#872 = CARTESIAN_POINT ( 'NONE',  ( 3.633379675925020100, -7.615119529339865200, 4.718142441128666300 ) ) ;
#873 = CARTESIAN_POINT ( 'NONE',  ( -15.03549445337700900, 6.905980968331821400, 3.358686567471581300 ) ) ;
#874 = CARTESIAN_POINT ( 'NONE',  ( -0.6563277867103807200, 6.840443814239257000, 2.119429949669242600 ) ) ;
#875 = CARTESIAN_POINT ( 'NONE',  ( 4.710338879956266200, 3.201156655697758900, 3.779426629688413400 ) ) ;
#876 = CARTESIAN_POINT ( 'NONE',  ( 7.039961767361832700, -1.954692123556246900, 3.407532486068810800 ) ) ;
#877 = CARTESIAN_POINT ( 'NONE',  ( -4.447994453377035900, 6.905980968331821400, 3.358686567471580000 ) ) ;
#878 = DIRECTION ( 'NONE',  ( 6.938893903907223400E-016, -1.000000000000000000, 0.0000000000000000000 ) ) ;
#879 = CARTESIAN_POINT ( 'NONE',  ( 5.259406098776352700, 12.45154713732675400, 5.526492704452461900 ) ) ;
#880 = CARTESIAN_POINT ( 'NONE',  ( 4.378085124944707500, 1.193213803993447000, 5.387585750815612900 ) ) ;
#881 = CARTESIAN_POINT ( 'NONE',  ( 4.770885159239897500, -0.3537901908313815200, 5.539115792442727200 ) ) ;
#882 = CARTESIAN_POINT ( 'NONE',  ( 0.0000000000000000000, 8.500000000000000000, 1.000000000000000000 ) ) ;
#883 = CARTESIAN_POINT ( 'NONE',  ( -0.5104944533770479100, 6.458399530062931300, 6.101143420642319600 ) ) ;
#884 = ADVANCED_FACE ( 'NONE', ( #4044 ), #4379, .T. ) ;
#885 = CARTESIAN_POINT ( 'NONE',  ( -14.01466112004368000, 5.691022142088190300, 2.009143264513487900 ) ) ;
#886 = CARTESIAN_POINT ( 'NONE',  ( 4.298315489864343400, -3.269286196006544000, 3.028393217318459100 ) ) ;
#887 = CARTESIAN_POINT ( 'NONE',  ( 3.944760240409293400, 10.46821380399342500, 2.742530600695057200 ) ) ;
#888 = CARTESIAN_POINT ( 'NONE',  ( 5.206172213289605100, 6.535718485426611000, 2.546943076929711700 ) ) ;
#889 = CARTESIAN_POINT ( 'NONE',  ( 6.942278411359271000, 2.884880470660107700, 3.445114078229008400 ) ) ;
#890 = VECTOR ( 'NONE', #566, 1000.000000000000000 ) ;
#891 = VECTOR ( 'NONE', #1715, 1000.000000000000000 ) ;
#892 = VECTOR ( 'NONE', #5614, 1000.000000000000000 ) ;
#893 = CARTESIAN_POINT ( 'NONE',  ( 10.31033887995625300, 7.276243451237029100, 4.170430058013445200 ) ) ;
#894 = CARTESIAN_POINT ( 'NONE',  ( 8.500000000000000000, 0.0000000000000000000, 7.000000000000000000 ) ) ;
#895 = CARTESIAN_POINT ( 'NONE',  ( 6.952000592372809400, -6.506786196006534500, 2.204163812291782600 ) ) ;
#896 = CARTESIAN_POINT ( 'NONE',  ( -11.36049445337702000, 6.240524965810419800, 5.623486981083740200 ) ) ;
#897 = CARTESIAN_POINT ( 'NONE',  ( 4.185338879956271200, 5.691022142088190300, 2.009143264513485700 ) ) ;
#898 = CARTESIAN_POINT ( 'NONE',  ( -2.872994453377041500, 6.240524965810419800, 5.623486981083739300 ) ) ;
#899 = ORIENTED_EDGE ( 'NONE', *, *, #4508, .F. ) ;
#900 = DIRECTION ( 'NONE',  ( -6.938893903907223400E-016, 1.000000000000000000, -0.0000000000000000000 ) ) ;
#901 = CARTESIAN_POINT ( 'NONE',  ( 4.047999407627161300, -16.04428619600651400, 5.795836187708174800 ) ) ;
#902 = EDGE_CURVE ( 'NONE', #2798, #5129, #2471, .T. ) ;
#903 = CARTESIAN_POINT ( 'NONE',  ( -15.21049445337700900, 4.759475034189582800, 2.376513018916274000 ) ) ;
#904 = CARTESIAN_POINT ( 'NONE',  ( 0.1895055466229529400, 6.458399530062931300, 6.101143420642319600 ) ) ;
#905 = CARTESIAN_POINT ( 'NONE',  ( -15.99799445337700700, 7.319643579270779000, 3.170001659990441500 ) ) ;
#906 = EDGE_LOOP ( 'NONE', ( #5042, #3359, #5990, #357 ) ) ;
#907 = CARTESIAN_POINT ( 'NONE',  ( -1.735494453377041300, 3.680356420729237000, 4.829998340009599800 ) ) ;
#908 = CARTESIAN_POINT ( 'NONE',  ( 4.378085124944707500, 2.505713803993443000, 5.387585750815612900 ) ) ;
#909 = ORIENTED_EDGE ( 'NONE', *, *, #475, .F. ) ;
#910 = CC_DESIGN_APPROVAL ( #5180, ( #6263 ) ) ;
#911 = LINE ( 'NONE', #3691, #2675 ) ;
#912 = CARTESIAN_POINT ( 'NONE',  ( 6.329239463404276100, 11.45988047066008700, 6.155387493158992000 ) ) ;
#913 = CARTESIAN_POINT ( 'NONE',  ( 4.214505546622941500, 4.094019031668182200, 4.641313432528430200 ) ) ;
#914 = CARTESIAN_POINT ( 'NONE',  ( 6.942278411359271900, 4.284880470660105800, 3.445114078229008400 ) ) ;
#915 = CARTESIAN_POINT ( 'NONE',  ( -15.56049445337700700, 4.541600469937070500, 1.898856579357692600 ) ) ;
#916 = CARTESIAN_POINT ( 'NONE',  ( 3.944760240409289900, -4.931786196006539700, 2.742530600695058900 ) ) ;
#917 = ADVANCED_FACE ( 'NONE', ( #78 ), #3893, .F. ) ;
#918 = CARTESIAN_POINT ( 'NONE',  ( -7.918827786710360300, 6.758384208523724900, 4.896958519548593200 ) ) ;
#919 = CARTESIAN_POINT ( 'NONE',  ( 3.135338879956275800, 5.308977857911811400, 5.990856735486523200 ) ) ;
#920 = CARTESIAN_POINT ( 'NONE',  ( -0.7729944533770429800, 4.670001659990469500, 2.180356420729214300 ) ) ;
#921 = CARTESIAN_POINT ( 'NONE',  ( -1.881327786710375900, 4.241615791476277800, 3.103041480451418800 ) ) ;
#922 = CARTESIAN_POINT ( 'NONE',  ( 5.188619435515705400, -1.898452862673214200, 5.975611840433582100 ) ) ;
#923 = CARTESIAN_POINT ( 'NONE',  ( 6.329239463404269900, -17.32761952933984200, 6.155387493158995600 ) ) ;
#924 = ADVANCED_FACE ( 'NONE', ( #3155 ), #4691, .F. ) ;
#925 = EDGE_CURVE ( 'NONE', #4736, #3236, #436, .T. ) ;
#926 = CARTESIAN_POINT ( 'NONE',  ( 14.61450554662299000, 4.670001659990461500, 2.180356420729214800 ) ) ;
#927 = VERTEX_POINT ( 'NONE', #5871 ) ;
#928 = CARTESIAN_POINT ( 'NONE',  ( -2.202161120043706800, 5.691022142088190300, 2.009143264513486100 ) ) ;
#929 = CARTESIAN_POINT ( 'NONE',  ( -9.172994453377025800, 4.541600469937070500, 1.898856579357691900 ) ) ;
#930 = CARTESIAN_POINT ( 'NONE',  ( -2.099999999999995600, 3.850098537301723600, 4.018032287322935900 ) ) ;
#931 = CARTESIAN_POINT ( 'NONE',  ( 5.740593901223627800, 2.914047137326778000, 2.473507295547491000 ) ) ;
#932 = CARTESIAN_POINT ( 'NONE',  ( 3.218759944222881100, 9.826547137326759400, 3.640448694549154300 ) ) ;
#933 = CARTESIAN_POINT ( 'NONE',  ( 7.714505546622934400, 4.094019031668182200, 4.641313432528430200 ) ) ;
#934 = ORIENTED_EDGE ( 'NONE', *, *, #261, .T. ) ;
#935 = CARTESIAN_POINT ( 'NONE',  ( 6.942278411359272800, 9.184880470660093700, 3.445114078229007900 ) ) ;
#936 = CARTESIAN_POINT ( 'NONE',  ( -14.62716112004367700, 7.798843344302243400, 4.220573370311598200 ) ) ;
#937 = CARTESIAN_POINT ( 'NONE',  ( -2.500000000000000000, 5.499999999999998200, 4.000000000000000000 ) ) ;
#938 = CARTESIAN_POINT ( 'NONE',  ( 4.670760536595700800, -3.590119529339875100, 1.844612506840961800 ) ) ;
#939 = CARTESIAN_POINT ( 'NONE',  ( -11.24382778671035200, 4.464281514573391600, 5.453056923070299400 ) ) ;
#940 = CARTESIAN_POINT ( 'NONE',  ( 2.435338879956276500, 5.308977857911811400, 5.990856735486523200 ) ) ;
#941 = ORIENTED_EDGE ( 'NONE', *, *, #5460, .T. ) ;
#942 = DIRECTION ( 'NONE',  ( 0.0000000000000000000, 0.0000000000000000000, -1.000000000000000000 ) ) ;
#943 = CARTESIAN_POINT ( 'NONE',  ( -4.506327786710369500, 6.535718485426611000, 2.546943076929713000 ) ) ;
#944 = CARTESIAN_POINT ( 'NONE',  ( 5.717983032717292200, -1.871380268456842600, 6.059046011225904100 ) ) ;
#945 = CARTESIAN_POINT ( 'NONE',  ( 6.621914875055272100, 12.04321380399341600, 2.612414249184340100 ) ) ;
#946 =( BOUNDED_CURVE ( )  B_SPLINE_CURVE ( 2, ( #1675, #2664, #5278, #5258, #1698, #2169, #556, #4693, #1605 ),
 .UNSPECIFIED., .F., .T. ) 
 B_SPLINE_CURVE_WITH_KNOTS ( ( 3, 2, 2, 2, 3 ),
 ( 0.4722222222222223200, 0.4740740740740740900, 0.4777777777777778000, 0.4814814814814814500, 0.4833333333333333900 ),
 .UNSPECIFIED. ) 
 CURVE ( )  GEOMETRIC_REPRESENTATION_ITEM ( )  RATIONAL_B_SPLINE_CURVE ( ( 0.9330127018922193000, 0.9330127018922223000, 1.000000000000000000, 0.8660254037844387100, 1.000000000000000000, 0.8660254037844387100, 1.000000000000000000, 0.9330127018922163000, 0.9330127018922193000 ) ) 
 REPRESENTATION_ITEM ( '' )  );
#947 = CARTESIAN_POINT ( 'NONE',  ( 3.944760240409291600, 2.680713803993442400, 2.742530600695058100 ) ) ;
#948 = CARTESIAN_POINT ( 'NONE',  ( 3.222838879956276600, 3.201156655697758900, 3.779426629688413800 ) ) ;
#949 = CARTESIAN_POINT ( 'NONE',  ( -9.639661120043690800, 7.798843344302243400, 4.220573370311598200 ) ) ;
#950 = CARTESIAN_POINT ( 'NONE',  ( -2.499999999999998700, 1.250000000000000700, 8.000000000000000000 ) ) ;
#951 = CARTESIAN_POINT ( 'NONE',  ( 6.621914875055268500, -0.6442861960065489100, 2.612414249184341000 ) ) ;
#952 = CARTESIAN_POINT ( 'NONE',  ( 5.259406098776345600, -16.33595286267317800, 5.526492704452465400 ) ) ;
#953 = CARTESIAN_POINT ( 'NONE',  ( 7.831172213289598900, 4.241615791476277800, 3.103041480451417500 ) ) ;
#954 = CARTESIAN_POINT ( 'NONE',  ( 4.057721588640706800, 8.834880470660097600, 4.554885921770944500 ) ) ;
#955 = CARTESIAN_POINT ( 'NONE',  ( 14.36450554662291700, 3.680356420729224100, 4.829998340009569600 ) ) ;
#956 = CARTESIAN_POINT ( 'NONE',  ( -14.68549445337700900, 7.319643579270779000, 3.170001659990441000 ) ) ;
#957 = CARTESIAN_POINT ( 'NONE',  ( 5.188619435515718700, -1.898452862673214200, 5.975611840433584700 ) ) ;
#958 = CARTESIAN_POINT ( 'NONE',  ( -9.785494453377022900, 4.094019031668182200, 4.641313432528432000 ) ) ;
#959 = CARTESIAN_POINT ( 'NONE',  ( 9.435338879956262300, 5.308977857911811400, 5.990856735486522300 ) ) ;
#960 = EDGE_CURVE ( 'NONE', #2537, #679, #6470, .T. ) ;
#961 = CARTESIAN_POINT ( 'NONE',  ( -0.3883219691950813800, 7.098591456269365300, 3.523419470752061000 ) ) ;
#962 = CARTESIAN_POINT ( 'NONE',  ( -4.331327786710369700, 6.758384208523724900, 4.896958519548593200 ) ) ;
#963 = CARTESIAN_POINT ( 'NONE',  ( -2.408012697280977700, 3.536093121723519400, 3.922462417047551500 ) ) ;
#964 = CARTESIAN_POINT ( 'NONE',  ( 3.944760240409288100, -16.91928619600650700, 2.742530600695060300 ) ) ;
#965 = CYLINDRICAL_SURFACE ( 'NONE', #2840, 1.650000000000000400 ) ;
#966 = LINE ( 'NONE', #5586, #4358 ) ;
#967 = CARTESIAN_POINT ( 'NONE',  ( 7.781240055777098000, 3.089047137326773800, 4.359551305450797700 ) ) ;
#968 = ORIENTED_EDGE ( 'NONE', *, *, #29, .T. ) ;
#969 = CARTESIAN_POINT ( 'NONE',  ( 2.464505546622946900, 3.680356420729224100, 4.829998340009571400 ) ) ;
#970 = CARTESIAN_POINT ( 'NONE',  ( -10.92299445337702000, 6.458399530062931300, 6.101143420642320500 ) ) ;
#971 = CARTESIAN_POINT ( 'NONE',  ( 4.378085124944707500, 0.4057138039934504700, 5.387585750815612900 ) ) ;
#972 = CIRCLE ( 'NONE', #2368, 1.650000000000000400 ) ;
#973 = CARTESIAN_POINT ( 'NONE',  ( 3.218759944222881600, 13.32654713732674900, 3.640448694549153900 ) ) ;
#974 = CARTESIAN_POINT ( 'NONE',  ( 6.621914875055266800, -11.75678619600652300, 2.612414249184343200 ) ) ;
#975 = CARTESIAN_POINT ( 'NONE',  ( 7.947838879956266000, 5.647596759808096500, 2.461728047922990800 ) ) ;
#976 = CARTESIAN_POINT ( 'NONE',  ( 4.378085124944709200, 8.193213803993430100, 5.387585750815612000 ) ) ;
#977 = CARTESIAN_POINT ( 'NONE',  ( 13.37283887995625300, 7.798843344302243400, 4.220573370311594600 ) ) ;
#978 = CARTESIAN_POINT ( 'NONE',  ( 13.63533887995625100, 5.647596759808096500, 2.461728047922989900 ) ) ;
#979 = CARTESIAN_POINT ( 'NONE',  ( 6.628839985181036500, -0.2740167317727323900, 5.376290246783309400 ) ) ;
#980 = CARTESIAN_POINT ( 'NONE',  ( 3.633379675925021000, -4.115119529339874100, 4.718142441128665400 ) ) ;
#981 = CARTESIAN_POINT ( 'NONE',  ( -9.143827786710359000, 4.464281514573391600, 5.453056923070299400 ) ) ;
#982 = VERTEX_POINT ( 'NONE', #189 ) ;
#983 = CARTESIAN_POINT ( 'NONE',  ( 7.452005546622932500, 3.680356420729224100, 4.829998340009570500 ) ) ;
#984 = CARTESIAN_POINT ( 'NONE',  ( 0.4520055466229466700, 6.905980968331821400, 3.358686567471579600 ) ) ;
#985 = CARTESIAN_POINT ( 'NONE',  ( -2.420733654117872100, 3.539588985534073200, 4.264023427808412600 ) ) ;
#986 = CARTESIAN_POINT ( 'NONE',  ( 5.811380564484253800, -12.83595286267318500, 2.024388159566373100 ) ) ;
#987 = EDGE_CURVE ( 'NONE', #3265, #2798, #6369, .T. ) ;
#988 = VERTEX_POINT ( 'NONE', #1265 ) ;
#989 = VERTEX_POINT ( 'NONE', #2821 ) ;
#990 = CARTESIAN_POINT ( 'NONE',  ( 3.633379675925022300, 3.497380470660109300, 4.718142441128664500 ) ) ;
#991 = CARTESIAN_POINT ( 'NONE',  ( 2.697838879956278900, 5.691022142088190300, 2.009143264513485700 ) ) ;
#992 = CARTESIAN_POINT ( 'NONE',  ( -12.20632778671035000, 4.159556185760689800, 5.880570050330730300 ) ) ;
#993 = CARTESIAN_POINT ( 'NONE',  ( 4.859272927391983500, 0.1723804706601141400, 2.334600341910642000 ) ) ;
#994 = CARTESIAN_POINT ( 'NONE',  ( 6.140727072607989000, -15.57761952933984500, 5.665399658089315300 ) ) ;
#995 = CARTESIAN_POINT ( 'NONE',  ( 5.259406098776346500, -12.74845286267318700, 5.526492704452464500 ) ) ;
#996 = CARTESIAN_POINT ( 'NONE',  ( 3.737358052336704300, 7.376547137326762800, 3.722186092726276700 ) ) ;
#997 = DIRECTION ( 'NONE',  ( 0.0000000000000000000, 0.0000000000000000000, -1.000000000000000000 ) ) ;
#998 = CARTESIAN_POINT ( 'NONE',  ( 15.15200554662291700, 6.905980968331821400, 3.358686567471578200 ) ) ;
#999 = CARTESIAN_POINT ( 'NONE',  ( 5.282016967282710400, -0.1213802684568480600, 1.940953988774056100 ) ) ;
#1000 = CARTESIAN_POINT ( 'NONE',  ( 7.366620324074953700, -4.465119529339873800, 3.281857558871290200 ) ) ;
#1001 = CARTESIAN_POINT ( 'NONE',  ( -6.752161120043698600, 5.647596759808096500, 2.461728047922992600 ) ) ;
#1002 = CARTESIAN_POINT ( 'NONE',  ( 6.110338879956268300, 3.201156655697758900, 3.779426629688413400 ) ) ;
#1003 = CARTESIAN_POINT ( 'NONE',  ( 1.793672213289612600, 6.535718485426611000, 2.546943076929712100 ) ) ;
#1004 = ORIENTED_EDGE ( 'NONE', *, *, #2346, .T. ) ;
#1005 = DIRECTION ( 'NONE',  ( 0.0000000000000000000, -0.0000000000000000000, -1.000000000000000000 ) ) ;
#1006 = CARTESIAN_POINT ( 'NONE',  ( 7.366620324074951000, -14.35261952933984900, 3.281857558871291000 ) ) ;
#1007 = PLANE ( 'NONE',  #6299 ) ;
#1008 = EDGE_CURVE ( 'NONE', #3668, #1148, #247, .T. ) ;
#1009 = CARTESIAN_POINT ( 'NONE',  ( 6.952000592372811200, 1.105713803993449300, 2.204163812291781300 ) ) ;
#1010 = CARTESIAN_POINT ( 'NONE',  ( 4.272838879956276000, 7.798843344302243400, 4.220573370311595500 ) ) ;
#1011 = CARTESIAN_POINT ( 'NONE',  ( -9.697994453377022600, 7.319643579270779000, 3.170001659990440600 ) ) ;
#1012 = VERTEX_POINT ( 'NONE', #143 ) ;
#1013 = CARTESIAN_POINT ( 'NONE',  ( 6.621914875055270300, 6.355713803993434200, 2.612414249184340500 ) ) ;
#1014 = CARTESIAN_POINT ( 'NONE',  ( 3.944760240409294300, 13.26821380399341500, 2.742530600695056300 ) ) ;
#1015 = CARTESIAN_POINT ( 'NONE',  ( 5.259406098776346500, -12.04845286267318700, 5.526492704452464500 ) ) ;
#1016 = CARTESIAN_POINT ( 'NONE',  ( 6.701684510135633500, 6.268213803993435600, 4.971606782681494300 ) ) ;
#1017 = CARTESIAN_POINT ( 'NONE',  ( 15.41450554662291600, 7.319643579270779000, 3.170001659990437900 ) ) ;
#1018 = ORIENTED_EDGE ( 'NONE', *, *, #987, .F. ) ;
#1019 = CARTESIAN_POINT ( 'NONE',  ( -11.18549445337702000, 7.319643579270779000, 3.170001659990440600 ) ) ;
#1020 = CARTESIAN_POINT ( 'NONE',  ( 5.811380564484264400, -0.1484528626732178900, 2.024388159566372200 ) ) ;
#1021 = VERTEX_POINT ( 'NONE', #6439 ) ;
#1022 = CARTESIAN_POINT ( 'NONE',  ( 4.670760536595701700, -0.7901195293398836100, 1.844612506840961100 ) ) ;
#1023 = CARTESIAN_POINT ( 'NONE',  ( -6.985494453377030200, 4.094019031668182200, 4.641313432528432000 ) ) ;
#1024 = ORIENTED_EDGE ( 'NONE', *, *, #1841, .F. ) ;
#1025 = CARTESIAN_POINT ( 'NONE',  ( 8.152005546622930900, 3.680356420729224100, 4.829998340009570500 ) ) ;
#1026 = CARTESIAN_POINT ( 'NONE',  ( 5.499999999999991100, 13.19738047066015900, 3.999999999999976000 ) ) ;
#1027 = CARTESIAN_POINT ( 'NONE',  ( -1.122994453377045300, 4.759475034189582800, 2.376513018916271800 ) ) ;
#1028 = CARTESIAN_POINT ( 'NONE',  ( 4.047999407627161300, -15.34428619600651100, 5.795836187708174800 ) ) ;
#1029 = DIRECTION ( 'NONE',  ( 1.000000000000000000, 0.0000000000000000000, 0.0000000000000000000 ) ) ;
#1030 = CARTESIAN_POINT ( 'NONE',  ( 6.952000592372811200, 2.505713803993443000, 2.204163812291781300 ) ) ;
#1031 = SECURITY_CLASSIFICATION ( '', '', #1661 ) ;
#1032 = CARTESIAN_POINT ( 'NONE',  ( 2.639505546622946200, 4.541600469937070500, 1.898856579357690400 ) ) ;
#1033 = CARTESIAN_POINT ( 'NONE',  ( -7.772994453377029000, 4.541600469937070500, 1.898856579357691500 ) ) ;
#1034 = CARTESIAN_POINT ( 'NONE',  ( -2.500000000000000000, 9.500000000000001800, 7.000000000000000000 ) ) ;
#1035 = CARTESIAN_POINT ( 'NONE',  ( 6.140727072607993400, 6.122380470660102600, 5.665399658089311800 ) ) ;
#1036 = CARTESIAN_POINT ( 'NONE',  ( 6.942278411359267500, -16.80261952933984300, 3.445114078229011100 ) ) ;
#1037 = CARTESIAN_POINT ( 'NONE',  ( 4.859272927391981700, -8.840119529339864000, 2.334600341910642900 ) ) ;
#1038 = CARTESIAN_POINT ( 'NONE',  ( 5.259406098776351800, 9.651547137326757000, 5.526492704452461900 ) ) ;
#1039 = CARTESIAN_POINT ( 'NONE',  ( -10.48549445337702200, 7.319643579270779000, 3.170001659990440600 ) ) ;
#1040 = CARTESIAN_POINT ( 'NONE',  ( 6.893919691260726300, -0.2603034882832144800, 5.129041540230525200 ) ) ;
#1041 = CARTESIAN_POINT ( 'NONE',  ( 6.952000592372811200, 0.4932138039934480000, 2.204163812291782200 ) ) ;
#1042 = CARTESIAN_POINT ( 'NONE',  ( -6.168827786710367400, 4.241615791476277800, 3.103041480451419300 ) ) ;
#1043 = FACE_OUTER_BOUND ( 'NONE', #5582, .T. ) ;
#1044 = VECTOR ( 'NONE', #1093, 1000.000000000000000 ) ;
#1045 = CARTESIAN_POINT ( 'NONE',  ( 8.793672213289593000, 4.159556185760689800, 5.880570050330727700 ) ) ;
#1046 = EDGE_CURVE ( 'NONE', #5828, #484, #71, .T. ) ;
#1047 = CARTESIAN_POINT ( 'NONE',  ( -1.181327786710378400, 4.241615791476277800, 3.103041480451418400 ) ) ;
#1048 = CARTESIAN_POINT ( 'NONE',  ( -0.8896611200437131200, 3.201156655697755800, 3.779426629688443600 ) ) ;
#1049 = CARTESIAN_POINT ( 'NONE',  ( 3.633379675925019200, -12.60261952933985300, 4.718142441128666300 ) ) ;
#1050 = CARTESIAN_POINT ( 'NONE',  ( 5.811380564484304400, -1.635952862673213600, 2.024388159566378900 ) ) ;
#1051 = CARTESIAN_POINT ( 'NONE',  ( 3.944760240409293400, 7.580713803993433900, 2.742530600695057200 ) ) ;
#1052 = CARTESIAN_POINT ( 'NONE',  ( 7.364505546622934800, 3.680356420729224100, 4.829998340009570500 ) ) ;
#1053 = ORIENTED_EDGE ( 'NONE', *, *, #5933, .F. ) ;
#1054 = CARTESIAN_POINT ( 'NONE',  ( -8.647994453377025400, 3.680356420729224100, 4.829998340009572300 ) ) ;
#1055 = CARTESIAN_POINT ( 'NONE',  ( -15.35632778671034200, 4.464281514573391600, 5.453056923070299400 ) ) ;
#1056 = CYLINDRICAL_SURFACE ( 'NONE', #50, 2.000000000000000000 ) ;
#1057 = CARTESIAN_POINT ( 'NONE',  ( 4.378085124944707500, 3.205713803993444100, 5.387585750815612900 ) ) ;
#1058 = CARTESIAN_POINT ( 'NONE',  ( 4.057721588640701400, -14.35261952933984900, 4.554885921770947200 ) ) ;
#1059 = CARTESIAN_POINT ( 'NONE',  ( 6.140727072607990800, -8.490119529339862600, 5.665399658089314400 ) ) ;
#1060 = CARTESIAN_POINT ( 'NONE',  ( 4.859272927391985200, 10.75988047066008600, 2.334600341910640700 ) ) ;
#1061 = VERTEX_POINT ( 'NONE', #2776 ) ;
#1062 = CARTESIAN_POINT ( 'NONE',  ( -10.89382778671035200, 4.159556185760689800, 5.880570050330730300 ) ) ;
#1063 = B_SPLINE_CURVE_WITH_KNOTS ( 'NONE', 3,
 ( #1346, #6590, #3491, #806, #1324, #4935, #1853, #5457, #1876, #4959 ),
 .UNSPECIFIED., .F., .F.,
 ( 4, 2, 2, 2, 4 ),
 ( 7.956302404609708200E-017, 0.0003538658313772055500, 0.0007077316627543315200, 0.001061597494131457400, 0.001415463325508583500 ),
 .UNSPECIFIED. ) ;
#1064 = CLOSED_SHELL ( 'NONE', ( #1401, #1942, #3022, #6581, #917, #6069, #2039, #1352, #4033, #379, #4468, #4986, #5517, #3965, #5020, #6573, #2988, #2447, #4101, #2436, #4976, #6042, #2979, #1432, #846, #6060, #924, #4507, #1423, #5591, #5485, #4068, #1390, #3454, #2912, #884, #5549, #2405, #2508, #5010, #3417, #3996, #370, #1973, #6672, #333, #3931, #1911, #4500, #2947, #3586, #6540, #2478, #5522, #5994, #3463, #1465 ) ) ;
#1065 = CARTESIAN_POINT ( 'NONE',  ( -2.085494453377041000, 7.319643579270762100, 3.170001659990404600 ) ) ;
#1066 = CARTESIAN_POINT ( 'NONE',  ( 3.633379675925021400, -0.6151195293398816800, 4.718142441128665400 ) ) ;
#1067 = CARTESIAN_POINT ( 'NONE',  ( -5.527161120043702500, 3.723756548762971400, 3.829569941986565000 ) ) ;
#1068 = CARTESIAN_POINT ( 'NONE',  ( 10.54367221328958900, 6.840443814239312000, 2.119429949669280300 ) ) ;
#1069 = CARTESIAN_POINT ( 'NONE',  ( 3.218759944222889600, -1.460952862673212000, 3.640448694549089000 ) ) ;
#1070 = CARTESIAN_POINT ( 'NONE',  ( -0.6563277867103806100, 4.464281514573391600, 5.453056923070297700 ) ) ;
#1071 = CARTESIAN_POINT ( 'NONE',  ( -0.05000000000000359700, 6.573070985851639800, 2.312244490655305900 ) ) ;
#1072 = CARTESIAN_POINT ( 'NONE',  ( 4.670760536595699900, -12.77761952933985300, 1.844612506840962700 ) ) ;
#1073 = CARTESIAN_POINT ( 'NONE',  ( 6.329239463404274300, 6.472380470660100500, 6.155387493158992900 ) ) ;
#1074 = CARTESIAN_POINT ( 'NONE',  ( 7.772838879956268900, 7.798843344302243400, 4.220573370311595500 ) ) ;
#1075 = CARTESIAN_POINT ( 'NONE',  ( -8.881327786710357900, 7.128621437182588700, 5.160858395476958900 ) ) ;
#1076 = CARTESIAN_POINT ( 'NONE',  ( -13.54799445337701200, 6.905980968331821400, 3.358686567471581300 ) ) ;
#1077 = CARTESIAN_POINT ( 'NONE',  ( 4.057721588640705900, 5.947380470660103700, 4.554885921770945400 ) ) ;
#1078 = CARTESIAN_POINT ( 'NONE',  ( 6.140727072607989900, -14.17761952933985000, 5.665399658089315300 ) ) ;
#1079 = CARTESIAN_POINT ( 'NONE',  ( 6.701684510135629900, -10.53178619600652500, 4.971606782681496000 ) ) ;
#1080 = VERTEX_POINT ( 'NONE', #6414 ) ;
#1081 = CARTESIAN_POINT ( 'NONE',  ( 6.701684510135634400, 9.768213803993425900, 4.971606782681493400 ) ) ;
#1082 = CARTESIAN_POINT ( 'NONE',  ( 9.172838879956263000, 3.723756548762971400, 3.829569941986563600 ) ) ;
#1083 = CARTESIAN_POINT ( 'NONE',  ( -12.06049445337701600, 4.541600469937070500, 1.898856579357692100 ) ) ;
#1084 = CARTESIAN_POINT ( 'NONE',  ( 6.952000592372860900, -0.9067861960065517500, 2.204163812291822600 ) ) ;
#1085 = EDGE_CURVE ( 'NONE', #5059, #1393, #3884, .T. ) ;
#1086 = CARTESIAN_POINT ( 'NONE',  ( 7.262641947663270000, -9.860952862673192600, 4.277813907273678500 ) ) ;
#1087 = CARTESIAN_POINT ( 'NONE',  ( 6.952000592372810300, -1.606786196006548800, 2.204163812291782200 ) ) ;
#1088 = ORIENTED_EDGE ( 'NONE', *, *, #4418, .T. ) ;
#1089 = CARTESIAN_POINT ( 'NONE',  ( -6.868827786710363100, 4.241615791476277800, 3.103041480451419300 ) ) ;
#1090 = CARTESIAN_POINT ( 'NONE',  ( 10.42700554662292400, 4.541600469937070500, 1.898856579357689300 ) ) ;
#1091 = CARTESIAN_POINT ( 'NONE',  ( 6.718301849540088400, -0.4963587902229137400, 5.674194636923979300 ) ) ;
#1092 = CARTESIAN_POINT ( 'NONE',  ( 4.243672213289606500, 4.464281514573391600, 5.453056923070296800 ) ) ;
#1093 = DIRECTION ( 'NONE',  ( 1.000000000000000000, -0.0000000000000000000, -0.0000000000000000000 ) ) ;
#1094 = CARTESIAN_POINT ( 'NONE',  ( 7.781240055777094400, -9.510952862673194700, 4.359551305450800400 ) ) ;
#1095 = CARTESIAN_POINT ( 'NONE',  ( 4.047999407627161300, -14.55678619600651500, 5.795836187708174800 ) ) ;
#1096 = CARTESIAN_POINT ( 'NONE',  ( 4.670760536595702600, 5.422380470660105100, 1.844612506840960500 ) ) ;
#1097 = VERTEX_POINT ( 'NONE', #1197 ) ;
#1098 = CARTESIAN_POINT ( 'NONE',  ( 7.831172213289598900, 7.128621437182588700, 5.160858395476957100 ) ) ;
#1099 = CARTESIAN_POINT ( 'NONE',  ( -8.589661120043693600, 3.201156655697758900, 3.779426629688415600 ) ) ;
#1100 = CARTESIAN_POINT ( 'NONE',  ( -13.25632778671034600, 4.464281514573391600, 5.453056923070299400 ) ) ;
#1101 = CARTESIAN_POINT ( 'NONE',  ( 6.942278411359272800, 7.697380470660098300, 3.445114078229007900 ) ) ;
#1102 = CARTESIAN_POINT ( 'NONE',  ( 6.621914875055265900, -12.54428619600652100, 2.612414249184343200 ) ) ;
#1103 = CARTESIAN_POINT ( 'NONE',  ( 7.262641947663270000, -10.47345286267319200, 4.277813907273678500 ) ) ;
#1104 = CARTESIAN_POINT ( 'NONE',  ( 4.298315489864346100, 9.418213803993429800, 3.028393217318457300 ) ) ;
#1105 = CARTESIAN_POINT ( 'NONE',  ( 10.45617221328959400, 4.464281514573391600, 5.453056923070295900 ) ) ;
#1106 = CARTESIAN_POINT ( 'NONE',  ( -12.29382778671034900, 4.159556185760689800, 5.880570050330730300 ) ) ;
#1107 = AXIS2_PLACEMENT_3D ( 'NONE', #1327, #5369, #5934 ) ;
#1108 = CARTESIAN_POINT ( 'NONE',  ( 7.149999999999987900, -1.294861590628003700, 4.000000000000024900 ) ) ;
#1109 = CARTESIAN_POINT ( 'NONE',  ( -2.099999999999995600, 3.850098537301723600, 4.018032287322935900 ) ) ;
#1110 = CARTESIAN_POINT ( 'NONE',  ( 6.621914875055266800, -11.84428619600652200, 2.612414249184343200 ) ) ;
#1111 = CARTESIAN_POINT ( 'NONE',  ( 4.047999407627164800, 0.8432138039934424800, 5.795836187708173000 ) ) ;
#1112 = CARTESIAN_POINT ( 'NONE',  ( -0.8604944533770464400, 6.240524965810419800, 5.623486981083739300 ) ) ;
#1113 = CARTESIAN_POINT ( 'NONE',  ( 12.17700554662291700, 6.458399530062931300, 6.101143420642317800 ) ) ;
#1114 = CARTESIAN_POINT ( 'NONE',  ( 3.218759944222886500, -1.373452862673214300, 3.640448694549105000 ) ) ;
#1115 = CARTESIAN_POINT ( 'NONE',  ( 3.718672213289607500, 4.241615791476277800, 3.103041480451417900 ) ) ;
#1116 = CARTESIAN_POINT ( 'NONE',  ( 3.849999999999995200, -1.831812277196558100, 4.306452386981076700 ) ) ;
#1117 = CARTESIAN_POINT ( 'NONE',  ( 5.811380564484254700, -10.73595286267318900, 2.024388159566372600 ) ) ;
#1118 = CARTESIAN_POINT ( 'NONE',  ( 6.329239463404270800, -13.04011952933985300, 6.155387493158995600 ) ) ;
#1119 = CARTESIAN_POINT ( 'NONE',  ( 6.952000592372812100, 5.305713803993438800, 2.204163812291781300 ) ) ;
#1120 = CC_DESIGN_PERSON_AND_ORGANIZATION_ASSIGNMENT ( #4203, #1136, ( #6263 ) ) ;
#1121 = CARTESIAN_POINT ( 'NONE',  ( 6.256172213289600500, 6.840443814239312000, 2.119429949669280800 ) ) ;
#1122 = CARTESIAN_POINT ( 'NONE',  ( -8.531327786710358300, 3.871378562817414000, 2.839141604523054000 ) ) ;
#1123 = CARTESIAN_POINT ( 'NONE',  ( -15.76466112004367300, 5.647596759808096500, 2.461728047922993500 ) ) ;
#1124 = CARTESIAN_POINT ( 'NONE',  ( 4.298315489864346100, 10.03071380399342300, 3.028393217318457300 ) ) ;
#1125 = CIRCLE ( 'NONE', #1770, 2.050000000000001600 ) ;
#1126 = CARTESIAN_POINT ( 'NONE',  ( 7.262641947663270900, -7.673452862673200600, 4.277813907273678500 ) ) ;
#1127 = CARTESIAN_POINT ( 'NONE',  ( 14.30617221328958000, 6.535718485426611000, 2.546943076929710800 ) ) ;
#1128 = CARTESIAN_POINT ( 'NONE',  ( -7.218827786710362700, 3.871378562817414000, 2.839141604523053500 ) ) ;
#1129 = LINE ( 'NONE', #4982, #3547 ) ;
#1130 = CARTESIAN_POINT ( 'NONE',  ( 13.66450554662291800, 3.680356420729224100, 4.829998340009569600 ) ) ;
#1131 = CARTESIAN_POINT ( 'NONE',  ( 6.942278411359268400, -10.50261952933985800, 3.445114078229010200 ) ) ;
#1132 = CARTESIAN_POINT ( 'NONE',  ( 7.781240055777098000, 3.176547137326777300, 4.359551305450797700 ) ) ;
#1133 = CARTESIAN_POINT ( 'NONE',  ( -3.485494453377037800, 4.094019031668182200, 4.641313432528431100 ) ) ;
#1134 = CARTESIAN_POINT ( 'NONE',  ( 11.01033887995625400, 3.201156655697758900, 3.779426629688412900 ) ) ;
#1135 = EDGE_CURVE ( 'NONE', #655, #6193, #5250, .T. ) ;
#1136 = PERSON_AND_ORGANIZATION_ROLE ( 'creator' ) ;
#1137 = CARTESIAN_POINT ( 'NONE',  ( 5.877005546622935800, 4.759475034189582800, 2.376513018916270900 ) ) ;
#1138 = CARTESIAN_POINT ( 'NONE',  ( -0.1803540169664629400, 3.858739325659154200, 4.902763935445317000 ) ) ;
#1139 = CARTESIAN_POINT ( 'NONE',  ( 3.218759944222876300, -9.860952862673192600, 3.640448694549157000 ) ) ;
#1140 = VECTOR ( 'NONE', #532, 1000.000000000000000 ) ;
#1141 = CARTESIAN_POINT ( 'NONE',  ( 5.811380564484253800, -15.54845286267318000, 2.024388159566373500 ) ) ;
#1142 = CARTESIAN_POINT ( 'NONE',  ( 6.952000592372812100, 7.405713803993434000, 2.204163812291781300 ) ) ;
#1143 = CYLINDRICAL_SURFACE ( 'NONE', #5902, 2.000000000000000000 ) ;
#1144 = CARTESIAN_POINT ( 'NONE',  ( 7.597838879956266400, 5.691022142088190300, 2.009143264513485700 ) ) ;
#1145 = CARTESIAN_POINT ( 'NONE',  ( -4.272994453377039600, 4.541600469937070500, 1.898856579357691300 ) ) ;
#1146 = CARTESIAN_POINT ( 'NONE',  ( -14.01466112004367800, 5.352403240191906200, 5.538271952077019800 ) ) ;
#1147 = CARTESIAN_POINT ( 'NONE',  ( 6.701684510135634400, 10.38071380399342300, 4.971606782681493400 ) ) ;
#1148 = VERTEX_POINT ( 'NONE', #5324 ) ;
#1149 =( BOUNDED_CURVE ( )  B_SPLINE_CURVE ( 2, ( #1274, #5473, #843, #4409, #4881, #1362, #6422, #2425, #5327 ),
 .UNSPECIFIED., .F., .F. ) 
 B_SPLINE_CURVE_WITH_KNOTS ( ( 3, 2, 2, 2, 3 ),
 ( 0.4515017864163907200, 0.4518518518518518400, 0.4555555555555555500, 0.4592592592592592600, 0.4626128975275017900 ),
 .UNSPECIFIED. ) 
 CURVE ( )  GEOMETRIC_REPRESENTATION_ITEM ( )  RATIONAL_B_SPLINE_CURVE ( ( 0.9770678153906136000, 0.9873370336514693000, 1.000000000000000000, 0.8660254037844386000, 1.000000000000000000, 0.8660254037844386000, 1.000000000000000000, 0.8786883701329713000, 0.9770678153906104900 ) ) 
 REPRESENTATION_ITEM ( '' )  );
#1150 = CARTESIAN_POINT ( 'NONE',  ( 6.140727072607990800, -6.390119529339869200, 5.665399658089314400 ) ) ;
#1151 = CARTESIAN_POINT ( 'NONE',  ( 13.66450554662291800, 6.905980968331821400, 3.358686567471578200 ) ) ;
#1152 = CARTESIAN_POINT ( 'NONE',  ( -9.085494453377023700, 7.319643579270779000, 3.170001659990440600 ) ) ;
#1153 = DIRECTION ( 'NONE',  ( -0.0000000000000000000, 1.000000000000000000, -0.0000000000000000000 ) ) ;
#1154 = DIRECTION ( 'NONE',  ( 1.000000000000000000, -3.652049423109062400E-016, 0.0000000000000000000 ) ) ;
#1155 = CARTESIAN_POINT ( 'NONE',  ( 6.218142441128671600, -1.140119529339878300, 5.866620324074942200 ) ) ;
#1156 = CARTESIAN_POINT ( 'NONE',  ( 5.259406098776347300, -9.335952862673194000, 5.526492704452464500 ) ) ;
#1157 = CARTESIAN_POINT ( 'NONE',  ( 3.633379675925022300, 2.884880470660107700, 4.718142441128664500 ) ) ;
#1158 = CARTESIAN_POINT ( 'NONE',  ( -3.018827786710374100, 6.758384208523724900, 4.896958519548593200 ) ) ;
#1159 = CARTESIAN_POINT ( 'NONE',  ( 12.81867221328958500, 7.128621437182588700, 5.160858395476956200 ) ) ;
#1160 = CARTESIAN_POINT ( 'NONE',  ( 2.785338879956279700, 5.352403240191906200, 5.538271952077018100 ) ) ;
#1161 = CARTESIAN_POINT ( 'NONE',  ( -2.291711830242000300, 5.704762010738443600, 2.158288169755599100 ) ) ;
#1162 = CARTESIAN_POINT ( 'NONE',  ( 3.633379675925019600, -11.20261952933985600, 4.718142441128666300 ) ) ;
#1163 = CARTESIAN_POINT ( 'NONE',  ( 5.811380564484253800, -16.24845286267317900, 2.024388159566373500 ) ) ;
#1164 = CARTESIAN_POINT ( 'NONE',  ( 7.781240055777098900, 8.689047137326760200, 4.359551305450797700 ) ) ;
#1165 = CARTESIAN_POINT ( 'NONE',  ( 11.56450554662292300, 3.680356420729224100, 4.829998340009569600 ) ) ;
#1166 = CARTESIAN_POINT ( 'NONE',  ( -2.756327786710375300, 6.840443814239312000, 2.119429949669282100 ) ) ;
#1167 = ORIENTED_EDGE ( 'NONE', *, *, #902, .F. ) ;
#1168 = CARTESIAN_POINT ( 'NONE',  ( -11.73966112004368500, 3.723756548762971400, 3.829569941986566300 ) ) ;
#1169 = CARTESIAN_POINT ( 'NONE',  ( 6.140727072607993400, 6.822380470660098300, 5.665399658089311800 ) ) ;
#1170 = CARTESIAN_POINT ( 'NONE',  ( 7.262641947663270900, -6.273452862673202900, 4.277813907273678500 ) ) ;
#1171 = CARTESIAN_POINT ( 'NONE',  ( 14.24783887995625000, 5.647596759808096500, 2.461728047922989900 ) ) ;
#1172 = ORIENTED_EDGE ( 'NONE', *, *, #832, .T. ) ;
#1173 = CARTESIAN_POINT ( 'NONE',  ( -7.510494453377027900, 6.458399530062931300, 6.101143420642320500 ) ) ;
#1174 = DIRECTION ( 'NONE',  ( 0.0000000000000000000, 0.0000000000000000000, 1.000000000000000000 ) ) ;
#1175 = EDGE_CURVE ( 'NONE', #3982, #1393, #412, .T. ) ;
#1176 = CARTESIAN_POINT ( 'NONE',  ( 6.701684510135629900, -10.61928619600652500, 4.971606782681496000 ) ) ;
#1177 = CARTESIAN_POINT ( 'NONE',  ( 6.952000592372811200, 2.593213803993446900, 2.204163812291781300 ) ) ;
#1178 = CARTESIAN_POINT ( 'NONE',  ( -2.552161120043706400, 5.647596759808096500, 2.461728047922992200 ) ) ;
#1179 = VECTOR ( 'NONE', #2076, 1000.000000000000000 ) ;
#1180 = CARTESIAN_POINT ( 'NONE',  ( -15.50216112004367400, 5.352403240191906200, 5.538271952077019800 ) ) ;
#1181 = CARTESIAN_POINT ( 'NONE',  ( 3.952005546622942700, 6.905980968331821400, 3.358686567471579100 ) ) ;
#1182 = CARTESIAN_POINT ( 'NONE',  ( 5.188619435515716900, -10.38595286267318900, 5.975611840433584700 ) ) ;
#1183 = EDGE_LOOP ( 'NONE', ( #4175, #824, #4948, #513 ) ) ;
#1184 = CARTESIAN_POINT ( 'NONE',  ( 4.670760536595699900, -13.39011952933985200, 1.844612506840962700 ) ) ;
#1185 = CARTESIAN_POINT ( 'NONE',  ( 5.499999999999991100, 13.19738047066015900, 3.999999999999976000 ) ) ;
#1186 = EDGE_LOOP ( 'NONE', ( #3344, #1980, #3582 ) ) ;
#1187 = CARTESIAN_POINT ( 'NONE',  ( 7.055239759590686600, 8.630713803993428400, 5.257469399304894400 ) ) ;
#1188 = CARTESIAN_POINT ( 'NONE',  ( 11.68117221328959100, 3.871378562817414000, 2.839141604523051300 ) ) ;
#1189 = CARTESIAN_POINT ( 'NONE',  ( -3.339661120043708300, 7.798843344302243400, 4.220573370311596400 ) ) ;
#1190 = CARTESIAN_POINT ( 'NONE',  ( -9.464661120043690100, 5.647596759808096500, 2.461728047922993000 ) ) ;
#1191 = CARTESIAN_POINT ( 'NONE',  ( 5.740593901223628700, 9.214047137326760500, 2.473507295547490200 ) ) ;
#1192 = CARTESIAN_POINT ( 'NONE',  ( 6.621914875055267700, -6.156786196006534900, 2.612414249184342300 ) ) ;
#1193 = CARTESIAN_POINT ( 'NONE',  ( 12.38117221328958600, 6.758384208523724900, 4.896958519548591400 ) ) ;
#1194 = CARTESIAN_POINT ( 'NONE',  ( -7.277161120043696300, 3.201156655697758900, 3.779426629688414700 ) ) ;
#1195 = AXIS2_PLACEMENT_3D ( 'NONE', #383, #1380, #3515 ) ;
#1196 = CARTESIAN_POINT ( 'NONE',  ( 4.815877442691452800, -1.079692123556249100, 2.221805318143790700 ) ) ;
#1197 = CARTESIAN_POINT ( 'NONE',  ( 5.499999999999761100, -2.145382289117179700, 5.695382289117175000 ) ) ;
#1198 = DIRECTION ( 'NONE',  ( 0.0000000000000000000, 0.0000000000000000000, 1.000000000000000000 ) ) ;
#1199 = CARTESIAN_POINT ( 'NONE',  ( 3.737358052336701200, -7.410952862673199500, 3.722186092726278000 ) ) ;
#1200 = CARTESIAN_POINT ( 'NONE',  ( 7.781240055777098000, 3.876547137326774800, 4.359551305450797700 ) ) ;
#1201 = CARTESIAN_POINT ( 'NONE',  ( -3.543827786710372200, 4.464281514573391600, 5.453056923070297700 ) ) ;
#1202 = CARTESIAN_POINT ( 'NONE',  ( 14.62700554662290900, 4.541600469937070500, 1.898856579357688800 ) ) ;
#1203 = CARTESIAN_POINT ( 'NONE',  ( 4.047999407627134600, -1.256786196006550100, 5.795836187708148100 ) ) ;
#1204 = CARTESIAN_POINT ( 'NONE',  ( 6.402005546622937100, 4.094019031668182200, 4.641313432528430200 ) ) ;
#1205 = CARTESIAN_POINT ( 'NONE',  ( 4.047999407627163900, -4.844286196006538400, 5.795836187708173000 ) ) ;
#1206 = CARTESIAN_POINT ( 'NONE',  ( 6.329239463404270800, -11.64011952933985600, 6.155387493158995600 ) ) ;
#1207 = CARTESIAN_POINT ( 'NONE',  ( 5.188619435515721400, 9.914047137326759800, 5.975611840433583000 ) ) ;
#1208 = PERSON_AND_ORGANIZATION ( #2596, #402 ) ;
#1209 = VECTOR ( 'NONE', #2894, 1000.000000000000000 ) ;
#1210 = CARTESIAN_POINT ( 'NONE',  ( 8.997838879956265900, 5.691022142088190300, 2.009143264513485200 ) ) ;
#1211 = CARTESIAN_POINT ( 'NONE',  ( -4.156327786710370700, 6.840443814239312000, 2.119429949669282100 ) ) ;
#1212 = CARTESIAN_POINT ( 'NONE',  ( -1.179233714260079300, 3.603454240950651100, 3.818026969492943800 ) ) ;
#1213 = CARTESIAN_POINT ( 'NONE',  ( -8.997994453377023300, 4.094019031668182200, 4.641313432528432000 ) ) ;
#1214 = CARTESIAN_POINT ( 'NONE',  ( 7.262641947663271800, -4.173452862673205900, 4.277813907273678500 ) ) ;
#1215 = CARTESIAN_POINT ( 'NONE',  ( 11.68117221328959100, 6.758384208523724900, 4.896958519548591400 ) ) ;
#1216 = CARTESIAN_POINT ( 'NONE',  ( -7.335494453377029900, 3.680356420729224100, 4.829998340009572300 ) ) ;
#1217 = ORIENTED_EDGE ( 'NONE', *, *, #960, .T. ) ;
#1218 = CARTESIAN_POINT ( 'NONE',  ( -1.529233714260080300, 7.396545759049352000, 4.181973030507069000 ) ) ;
#1219 = DIRECTION ( 'NONE',  ( 0.0000000000000000000, 1.000000000000000000, 0.0000000000000000000 ) ) ;
#1220 = CARTESIAN_POINT ( 'NONE',  ( 6.697900488707566600, -0.4963587902229162900, 2.518435145140717000 ) ) ;
#1221 = CARTESIAN_POINT ( 'NONE',  ( 3.737358052336701600, -6.010952862673204500, 3.722186092726278000 ) ) ;
#1222 = CARTESIAN_POINT ( 'NONE',  ( 4.670760536595702600, 2.009880470660111700, 1.844612506840960900 ) ) ;
#1223 = CARTESIAN_POINT ( 'NONE',  ( -0.04382778671037936000, 4.464281514573391600, 5.453056923070296800 ) ) ;
#1224 = ORIENTED_EDGE ( 'NONE', *, *, #5738, .T. ) ;
#1225 = CARTESIAN_POINT ( 'NONE',  ( 14.56867221328957700, 3.871378562817414000, 2.839141604523050900 ) ) ;
#1226 = ORIENTED_EDGE ( 'NONE', *, *, #6628, .F. ) ;
#1227 = CARTESIAN_POINT ( 'NONE',  ( 8.327005546622933400, 6.240524965810419800, 5.623486981083736700 ) ) ;
#1228 = CARTESIAN_POINT ( 'NONE',  ( 6.329239463404272600, -4.727619529339873900, 6.155387493158993800 ) ) ;
#1229 = CARTESIAN_POINT ( 'NONE',  ( 7.055239759590681300, -11.58178619600652400, 5.257469399304897100 ) ) ;
#1230 = CARTESIAN_POINT ( 'NONE',  ( -2.099999999999995600, 3.850098537301723600, 4.018032287322935900 ) ) ;
#1231 = CARTESIAN_POINT ( 'NONE',  ( 4.047999407627166600, 7.755713803993431900, 5.795836187708171200 ) ) ;
#1232 = CARTESIAN_POINT ( 'NONE',  ( 11.03950554662292700, 4.541600469937070500, 1.898856579357689300 ) ) ;
#1233 = CARTESIAN_POINT ( 'NONE',  ( -5.147994453377035200, 3.680356420729224100, 4.829998340009571400 ) ) ;
#1234 = CARTESIAN_POINT ( 'NONE',  ( 0.0000000000000000000, 9.500000000000001800, 7.000000000000000000 ) ) ;
#1235 = CARTESIAN_POINT ( 'NONE',  ( -8.939661120043691500, 3.723756548762971400, 3.829569941986565400 ) ) ;
#1236 = AXIS2_PLACEMENT_3D ( 'NONE', #882, #1922, #4989 ) ;
#1237 = CARTESIAN_POINT ( 'NONE',  ( 6.942278411359269300, -6.915119529339866000, 3.445114078229009700 ) ) ;
#1238 = PLANE ( 'NONE',  #6432 ) ;
#1239 = CARTESIAN_POINT ( 'NONE',  ( -4.418827786710369100, 3.871378562817414000, 2.839141604523053100 ) ) ;
#1240 = CARTESIAN_POINT ( 'NONE',  ( -1.327161120043711000, 7.798843344302245100, 4.220573370311576000 ) ) ;
#1241 = EDGE_CURVE ( 'NONE', #1585, #3047, #3487, .T. ) ;
#1242 = CARTESIAN_POINT ( 'NONE',  ( 6.942278411359267500, -16.71511952933984400, 3.445114078229011100 ) ) ;
#1243 = CARTESIAN_POINT ( 'NONE',  ( 7.347520403120005200, -2.450000000000002000, 3.234057208366520400 ) ) ;
#1244 = DIRECTION ( 'NONE',  ( -1.000000000000000000, -2.863857827303820200E-031, 1.224646799147345600E-016 ) ) ;
#1245 = CARTESIAN_POINT ( 'NONE',  ( 6.701684510135630800, -7.119286196006532600, 4.971606782681496000 ) ) ;
#1246 = CARTESIAN_POINT ( 'NONE',  ( 6.952000592372812100, 8.193213803993430100, 2.204163812291781300 ) ) ;
#1247 = EDGE_LOOP ( 'NONE', ( #4727, #595, #5525, #5625 ) ) ;
#1248 = CARTESIAN_POINT ( 'NONE',  ( 0.07283887995628478300, 3.723756548762971400, 3.829569941986564500 ) ) ;
#1249 = CARTESIAN_POINT ( 'NONE',  ( 6.285338879956269100, 5.352403240191906200, 5.538271952077017200 ) ) ;
#1250 = CARTESIAN_POINT ( 'NONE',  ( 3.633379675925020100, -7.702619529339864700, 4.718142441128666300 ) ) ;
#1251 = ORIENTED_EDGE ( 'NONE', *, *, #4631, .T. ) ;
#1252 = CARTESIAN_POINT ( 'NONE',  ( 6.329239463404270800, -9.540119529339861500, 6.155387493158995600 ) ) ;
#1253 = CARTESIAN_POINT ( 'NONE',  ( -2.450000000000010800, 5.033189859699293200, 5.944759186355076600 ) ) ;
#1254 = CARTESIAN_POINT ( 'NONE',  ( 5.188619435515721400, 10.61404713732675900, 5.975611840433583000 ) ) ;
#1255 = CARTESIAN_POINT ( 'NONE',  ( 9.056172213289592300, 6.840443814239312000, 2.119429949669280300 ) ) ;
#1256 = CARTESIAN_POINT ( 'NONE',  ( 1.327005546622948000, 4.541600469937070500, 1.898856579357690600 ) ) ;
#1257 = CARTESIAN_POINT ( 'NONE',  ( -1.295900380926746200, 4.394133853252570000, 5.551470291522854000 ) ) ;
#1258 = CARTESIAN_POINT ( 'NONE',  ( -11.27299445337701800, 6.240524965810419800, 5.623486981083740200 ) ) ;
#1259 = CARTESIAN_POINT ( 'NONE',  ( 4.378085124944710100, 13.00571380399341600, 5.387585750815611100 ) ) ;
#1260 = CARTESIAN_POINT ( 'NONE',  ( 6.942278411359271000, 0.08488047066011750200, 3.445114078229008800 ) ) ;
#1261 = ORIENTED_EDGE ( 'NONE', *, *, #2778, .T. ) ;
#1262 = CARTESIAN_POINT ( 'NONE',  ( -5.002161120043700400, 5.691022142088190300, 2.009143264513486600 ) ) ;
#1263 = VERTEX_POINT ( 'NONE', #790 ) ;
#1264 = DIRECTION ( 'NONE',  ( 0.7071067811865465700, 0.0000000000000000000, -0.7071067811865484600 ) ) ;
#1265 = CARTESIAN_POINT ( 'NONE',  ( -2.500000000000000000, 8.500000000000000000, 0.0000000000000000000 ) ) ;
#1266 = CARTESIAN_POINT ( 'NONE',  ( 5.030723411978778300, -2.163708523884297000, 5.652452460926285800 ) ) ;
#1267 = EDGE_CURVE ( 'NONE', #1080, #2305, #5453, .T. ) ;
#1268 = CARTESIAN_POINT ( 'NONE',  ( 5.740593901223625100, -6.185952862673201700, 2.473507295547492400 ) ) ;
#1269 = CARTESIAN_POINT ( 'NONE',  ( 6.329239463404274300, 6.559880470660095500, 6.155387493158992900 ) ) ;
#1270 = CARTESIAN_POINT ( 'NONE',  ( 0.1895055466229529400, 4.759475034189582800, 2.376513018916271800 ) ) ;
#1271 =( BOUNDED_CURVE ( )  B_SPLINE_CURVE ( 2, ( #1480, #1912, #6043, #2448, #2944, #2531, #1020, #999, #2597 ),
 .UNSPECIFIED., .F., .F. ) 
 B_SPLINE_CURVE_WITH_KNOTS ( ( 3, 2, 2, 2, 3 ),
 ( 0.5611111111111112300, 0.5629629629629630000, 0.5666666666666666500, 0.5703703703703704200, 0.5722222222222223000 ),
 .UNSPECIFIED. ) 
 CURVE ( )  GEOMETRIC_REPRESENTATION_ITEM ( )  RATIONAL_B_SPLINE_CURVE ( ( 0.9330127018922194100, 0.9330127018922234100, 1.000000000000000000, 0.8660254037844387100, 1.000000000000000000, 0.8660254037844387100, 1.000000000000000000, 0.9330127018922174100, 0.9330127018922194100 ) ) 
 REPRESENTATION_ITEM ( '' )  );
#1272 = CARTESIAN_POINT ( 'NONE',  ( 6.810338879956265000, 7.276243451237029100, 4.170430058013445200 ) ) ;
#1273 = CARTESIAN_POINT ( 'NONE',  ( 3.944760240409289900, -5.719286196006537500, 2.742530600695058900 ) ) ;
#1274 = CARTESIAN_POINT ( 'NONE',  ( -2.064150477759517000, 5.499999999999989300, 5.650000000000007500 ) ) ;
#1275 = CARTESIAN_POINT ( 'NONE',  ( 7.366620324074951900, -12.16511952933985400, 3.281857558871291000 ) ) ;
#1276 = CARTESIAN_POINT ( 'NONE',  ( -2.423916528285837000, 4.841103511289668800, 5.871827380877841000 ) ) ;
#1277 = CARTESIAN_POINT ( 'NONE',  ( 4.670760536595704300, 12.42238047066008600, 1.844612506840959800 ) ) ;
#1278 = CARTESIAN_POINT ( 'NONE',  ( 12.78950554662291800, 6.458399530062931300, 6.101143420642317000 ) ) ;
#1279 = CARTESIAN_POINT ( 'NONE',  ( 2.260338879956274900, 7.798843344302243400, 4.220573370311596400 ) ) ;
#1280 = CARTESIAN_POINT ( 'NONE',  ( 6.718301849540076800, -1.196358790222912700, 5.674194636923987300 ) ) ;
#1281 = CARTESIAN_POINT ( 'NONE',  ( -8.006327786710359700, 6.535718485426611000, 2.546943076929713400 ) ) ;
#1282 = CARTESIAN_POINT ( 'NONE',  ( 3.737358052336705600, 12.18904713732674900, 3.722186092726275800 ) ) ;
#1283 = CARTESIAN_POINT ( 'NONE',  ( 3.633379675925021400, -1.402619529339878200, 4.718142441128665400 ) ) ;
#1284 = CARTESIAN_POINT ( 'NONE',  ( 4.859272927391982600, -3.240119529339875000, 2.334600341910642000 ) ) ;
#1285 = CARTESIAN_POINT ( 'NONE',  ( 15.00617221328958300, 6.535718485426611000, 2.546943076929710800 ) ) ;
#1286 = CARTESIAN_POINT ( 'NONE',  ( -3.485494453377037800, 7.319643579270779000, 3.170001659990439700 ) ) ;
#1287 = CARTESIAN_POINT ( 'NONE',  ( 9.500000000000001800, 6.591949208711862200E-015, 8.000000000000000000 ) ) ;
#1288 = CARTESIAN_POINT ( 'NONE',  ( 6.140727072607989000, -14.79011952933984900, 5.665399658089315300 ) ) ;
#1289 = CARTESIAN_POINT ( 'NONE',  ( -1.679255192494007600, 6.843612685675635600, 4.957708176268491600 ) ) ;
#1290 = CARTESIAN_POINT ( 'NONE',  ( 4.057721588640704100, -5.252619529339870800, 4.554885921770946300 ) ) ;
#1291 = CARTESIAN_POINT ( 'NONE',  ( 7.055239759590686600, 8.018213803993431200, 5.257469399304894400 ) ) ;
#1292 = CARTESIAN_POINT ( 'NONE',  ( 2.231172213289611700, 4.241615791476277800, 3.103041480451418400 ) ) ;
#1293 = CARTESIAN_POINT ( 'NONE',  ( 7.102005546622935500, 4.094019031668182200, 4.641313432528430200 ) ) ;
#1294 = CARTESIAN_POINT ( 'NONE',  ( 6.329239463404271700, -8.227619529339861500, 6.155387493158995600 ) ) ;
#1295 = CARTESIAN_POINT ( 'NONE',  ( 5.499999999999997300, -2.100000000000002300, 4.000000000000000000 ) ) ;
#1296 = CYLINDRICAL_SURFACE ( 'NONE', #574, 1.650000000000000400 ) ;
#1297 = CARTESIAN_POINT ( 'NONE',  ( 5.811380564484254700, -10.64845286267319200, 2.024388159566372600 ) ) ;
#1298 = CARTESIAN_POINT ( 'NONE',  ( -11.88549445337701700, 4.094019031668182200, 4.641313432528432900 ) ) ;
#1299 = CARTESIAN_POINT ( 'NONE',  ( 7.055239759590687500, 12.83071380399341700, 5.257469399304893500 ) ) ;
#1300 = CARTESIAN_POINT ( 'NONE',  ( 1.210338879956279800, 3.201156655697758900, 3.779426629688413800 ) ) ;
#1301 = CARTESIAN_POINT ( 'NONE',  ( -6.722994453377031800, 4.759475034189582800, 2.376513018916272600 ) ) ;
#1302 = CARTESIAN_POINT ( 'NONE',  ( 4.298315489864347000, 13.53071380399341600, 3.028393217318457300 ) ) ;
#1303 = CARTESIAN_POINT ( 'NONE',  ( 7.781240055777097100, -1.110952862673213700, 4.359551305450797700 ) ) ;
#1304 = CARTESIAN_POINT ( 'NONE',  ( 6.942278411359271000, -0.6151195293398816800, 3.445114078229009300 ) ) ;
#1305 = EDGE_CURVE ( 'NONE', #1021, #1386, #4856, .T. ) ;
#1306 = DIRECTION ( 'NONE',  ( -0.0000000000000000000, 1.000000000000000000, -0.0000000000000000000 ) ) ;
#1307 = CARTESIAN_POINT ( 'NONE',  ( -5.177161120043702000, 3.201156655697758900, 3.779426629688414700 ) ) ;
#1308 = CARTESIAN_POINT ( 'NONE',  ( -1.418841775694889900, 6.350156835623066900, 5.649999999999997700 ) ) ;
#1309 = CARTESIAN_POINT ( 'NONE',  ( 4.378085124944703900, -17.00678619600650900, 5.387585750815615500 ) ) ;
#1310 = ORIENTED_EDGE ( 'NONE', *, *, #3552, .F. ) ;
#1311 = CARTESIAN_POINT ( 'NONE',  ( 7.366620324074970600, -1.665119529339878800, 3.281857558871333200 ) ) ;
#1312 = CARTESIAN_POINT ( 'NONE',  ( 4.298315489864343400, -1.869286196006545700, 3.028393217318459100 ) ) ;
#1313 = CARTESIAN_POINT ( 'NONE',  ( 5.188619435515720500, 6.501547137326764600, 5.975611840433583000 ) ) ;
#1314 = CARTESIAN_POINT ( 'NONE',  ( 3.106172213289610800, 6.535718485426611000, 2.546943076929711700 ) ) ;
#1315 = CARTESIAN_POINT ( 'NONE',  ( 12.64367221328958900, 4.464281514573391600, 5.453056923070295900 ) ) ;
#1316 = CARTESIAN_POINT ( 'NONE',  ( 5.811380564484256400, -4.435952862673207000, 2.024388159566372200 ) ) ;
#1317 = CARTESIAN_POINT ( 'NONE',  ( 7.422692722808426100, -2.394858670891373700, 4.354712504512612300 ) ) ;
#1318 = CARTESIAN_POINT ( 'NONE',  ( 7.366620324074952800, -7.265119529339865600, 3.281857558871290600 ) ) ;
#1319 = CARTESIAN_POINT ( 'NONE',  ( -11.53549445337701900, 6.905980968331821400, 3.358686567471580900 ) ) ;
#1320 = CARTESIAN_POINT ( 'NONE',  ( -0.4569134180982873400, 6.562653748206992400, 2.444383491028745900 ) ) ;
#1321 = CARTESIAN_POINT ( 'NONE',  ( -0.1896611200437160500, 3.201156655697758900, 3.779426629688414300 ) ) ;
#1322 = CARTESIAN_POINT ( 'NONE',  ( -0.5417551924940076100, 6.817570367587657100, 5.597246194346059400 ) ) ;
#1323 = CARTESIAN_POINT ( 'NONE',  ( -6.839661120043697200, 3.723756548762971400, 3.829569941986565400 ) ) ;
#1324 = CARTESIAN_POINT ( 'NONE',  ( 4.690410996557322900, -0.07146327754060011200, 2.190818409812464100 ) ) ;
#1325 = CARTESIAN_POINT ( 'NONE',  ( 5.811380564484257300, -0.2359528626732151900, 2.024388159566371300 ) ) ;
#1326 = CARTESIAN_POINT ( 'NONE',  ( 6.140727072607991700, -1.490119529339880300, 5.665399658089312700 ) ) ;
#1327 = CARTESIAN_POINT ( 'NONE',  ( -0.05000000000000821100, 5.499999999999998200, 4.000000000000000000 ) ) ;
#1328 = ORIENTED_EDGE ( 'NONE', *, *, #1046, .T. ) ;
#1329 = CARTESIAN_POINT ( 'NONE',  ( -4.535494453377036300, 3.680356420729224100, 4.829998340009571400 ) ) ;
#1330 = CARTESIAN_POINT ( 'NONE',  ( -13.66466112004368000, 5.308977857911811400, 5.990856735486525000 ) ) ;
#1331 = EDGE_CURVE ( 'NONE', #5999, #989, #5040, .T. ) ;
#1332 = CARTESIAN_POINT ( 'NONE',  ( 6.621914875055265900, -14.55678619600651500, 2.612414249184343200 ) ) ;
#1333 = CARTESIAN_POINT ( 'NONE',  ( 3.924099138038482900, -2.222430155786669500, 4.819754847146835900 ) ) ;
#1334 = CARTESIAN_POINT ( 'NONE',  ( 6.942278411359270200, -2.102619529339877500, 3.445114078229009300 ) ) ;
#1335 = CARTESIAN_POINT ( 'NONE',  ( 7.366620324074955500, 6.734880470660099800, 3.281857558871288800 ) ) ;
#1336 = CARTESIAN_POINT ( 'NONE',  ( 3.747838879956274300, 5.647596759808096500, 2.461728047922991300 ) ) ;
#1337 = CARTESIAN_POINT ( 'NONE',  ( 6.701684510135633500, 4.868213803993437900, 4.971606782681494300 ) ) ;
#1338 = CARTESIAN_POINT ( 'NONE',  ( 12.70200554662292300, 4.094019031668182200, 4.641313432528429300 ) ) ;
#1339 = DIRECTION ( 'NONE',  ( 1.000000000000000000, 0.0000000000000000000, 0.0000000000000000000 ) ) ;
#1340 = CARTESIAN_POINT ( 'NONE',  ( 7.055239759590682200, -8.781786196006530400, 5.257469399304896200 ) ) ;
#1341 = CARTESIAN_POINT ( 'NONE',  ( -14.04382778671034500, 4.464281514573391600, 5.453056923070299400 ) ) ;
#1342 = CARTESIAN_POINT ( 'NONE',  ( 0.4520055466229466700, 3.680356420729224100, 4.829998340009571400 ) ) ;
#1343 = VERTEX_POINT ( 'NONE', #5449 ) ;
#1344 = CARTESIAN_POINT ( 'NONE',  ( 5.756888965699509700, -1.346380268456845100, 2.370120231642253800 ) ) ;
#1345 = CARTESIAN_POINT ( 'NONE',  ( -7.131327786710363300, 6.758384208523724900, 4.896958519548593200 ) ) ;
#1346 = CARTESIAN_POINT ( 'NONE',  ( 4.183758388053816700, -0.04999999999998128900, 2.494175302705713200 ) ) ;
#1347 = CARTESIAN_POINT ( 'NONE',  ( 5.811380564484256400, -2.335952862673212700, 2.024388159566371700 ) ) ;
#1348 = CARTESIAN_POINT ( 'NONE',  ( 3.737358052336703400, -0.3234528626732190400, 3.722186092726278000 ) ) ;
#1349 = VERTEX_POINT ( 'NONE', #1806 ) ;
#1350 = CARTESIAN_POINT ( 'NONE',  ( 7.149999999999986100, -0.8032164021952659100, 3.999999999999991600 ) ) ;
#1351 = CARTESIAN_POINT ( 'NONE',  ( -0.1021611200437127400, 5.691022142088190300, 2.009143264513486100 ) ) ;
#1352 = ADVANCED_FACE ( 'NONE', ( #5093 ), #1631, .F. ) ;
#1353 = CARTESIAN_POINT ( 'NONE',  ( -14.53966112004367900, 7.798843344302243400, 4.220573370311598200 ) ) ;
#1354 = CARTESIAN_POINT ( 'NONE',  ( 6.942278411359267500, -12.51511952933985200, 3.445114078229010600 ) ) ;
#1355 = B_SPLINE_CURVE_WITH_KNOTS ( 'NONE', 3,
 ( #4077, #5629, #1461, #2562, #985, #963, #6087, #1439, #2996, #6176, #2476, #5134, #4589, #1506, #6669, #3572, #2000, #6609 ),
 .UNSPECIFIED., .F., .F.,
 ( 4, 2, 2, 2, 2, 2, 2, 2, 4 ),
 ( 1.772264344108167500E-017, 0.0005137970329806138700, 0.001027594065961210200, 0.001541391098941806400, 0.002055188131922402600, 0.002568985164902999000, 0.003082782197883595000, 0.003596579230864191000, 0.004110376263844787000 ),
 .UNSPECIFIED. ) ;
#1356 = EDGE_CURVE ( 'NONE', #1802, #2758, #3543, .T. ) ;
#1357 = CARTESIAN_POINT ( 'NONE',  ( 7.262641947663271800, -2.860952862673211700, 4.277813907273678500 ) ) ;
#1358 = CARTESIAN_POINT ( 'NONE',  ( 4.047999407627167500, 11.34321380399341600, 5.795836187708170300 ) ) ;
#1359 = CARTESIAN_POINT ( 'NONE',  ( 6.839505546622931800, 6.240524965810419800, 5.623486981083738500 ) ) ;
#1360 = CARTESIAN_POINT ( 'NONE',  ( 6.140727072607993400, 5.509880470660100100, 5.665399658089311800 ) ) ;
#1361 = CARTESIAN_POINT ( 'NONE',  ( 13.16867221328958600, 6.758384208523724900, 4.896958519548590500 ) ) ;
#1362 = CARTESIAN_POINT ( 'NONE',  ( -1.879233714260078600, 3.603454240950651100, 3.818026969492943800 ) ) ;
#1363 = CARTESIAN_POINT ( 'NONE',  ( 3.218759944222876300, -9.073452862673196500, 3.640448694549157000 ) ) ;
#1364 = CARTESIAN_POINT ( 'NONE',  ( -14.21882778671034400, 6.758384208523724900, 4.896958519548594100 ) ) ;
#1365 = CARTESIAN_POINT ( 'NONE',  ( 7.781240055777099800, 12.88904713732675100, 4.359551305450797700 ) ) ;
#1366 = VECTOR ( 'NONE', #6309, 1000.000000000000000 ) ;
#1367 = AXIS2_PLACEMENT_3D ( 'NONE', #1796, #5888, #745 ) ;
#1368 = CARTESIAN_POINT ( 'NONE',  ( 5.702005546622937800, 7.319643579270779000, 3.170001659990438400 ) ) ;
#1369 = DIRECTION ( 'NONE',  ( 0.3590712205643570300, 0.0000000000000000000, 0.9333101620374777400 ) ) ;
#1370 = CARTESIAN_POINT ( 'NONE',  ( -7.714661120043693600, 5.352403240191906200, 5.538271952077018900 ) ) ;
#1371 = CARTESIAN_POINT ( 'NONE',  ( -2.056327786710376900, 6.840443814239283600, 2.119429949669262100 ) ) ;
#1372 = CARTESIAN_POINT ( 'NONE',  ( 4.047999407627164800, 0.05571380399345001600, 5.795836187708173000 ) ) ;
#1373 = CARTESIAN_POINT ( 'NONE',  ( 5.740593901223626900, 0.9015471373267774900, 2.473507295547491500 ) ) ;
#1374 = DATE_AND_TIME ( #2577, #2017 ) ;
#1375 = VECTOR ( 'NONE', #3740, 1000.000000000000000 ) ;
#1376 = CARTESIAN_POINT ( 'NONE',  ( 4.198431654019156400, -0.3870250081116195000, 5.046124714908429200 ) ) ;
#1377 = DIRECTION ( 'NONE',  ( 0.0000000000000000000, 0.0000000000000000000, -1.000000000000000000 ) ) ;
#1378 = CARTESIAN_POINT ( 'NONE',  ( 0.1311722132896192000, 7.128621437182588700, 5.160858395476957100 ) ) ;
#1379 = CARTESIAN_POINT ( 'NONE',  ( -14.77299445337701100, 4.541600469937070500, 1.898856579357692600 ) ) ;
#1380 = DIRECTION ( 'NONE',  ( -1.000000000000000000, -1.369518533665900100E-016, 0.0000000000000000000 ) ) ;
#1381 = CARTESIAN_POINT ( 'NONE',  ( 6.701684510135631700, -2.919286196006544400, 4.971606782681495100 ) ) ;
#1382 = APPROVAL ( #6355, 'UNSPECIFIED' ) ;
#1383 = CARTESIAN_POINT ( 'NONE',  ( 3.633379675925024100, 10.58488047066009200, 4.718142441128663700 ) ) ;
#1384 = CARTESIAN_POINT ( 'NONE',  ( 4.039505546622943500, 6.240524965810419800, 5.623486981083738500 ) ) ;
#1385 = CARTESIAN_POINT ( 'NONE',  ( 5.259406098776350000, 1.951547137326779900, 5.526492704452462800 ) ) ;
#1386 = VERTEX_POINT ( 'NONE', #250 ) ;
#1387 = CARTESIAN_POINT ( 'NONE',  ( 10.77700554662292600, 4.759475034189582800, 2.376513018916270000 ) ) ;
#1388 = CARTESIAN_POINT ( 'NONE',  ( -2.499999999999998700, -3.423796334164748600E-016, 8.000000000000000000 ) ) ;
#1389 = CARTESIAN_POINT ( 'NONE',  ( 4.670760536595700800, -8.490119529339864400, 1.844612506840962200 ) ) ;
#1390 = ADVANCED_FACE ( 'NONE', ( #1463 ), #1795, .F. ) ;
#1391 = CARTESIAN_POINT ( 'NONE',  ( -12.58549445337701500, 4.094019031668182200, 4.641313432528432900 ) ) ;
#1392 = CARTESIAN_POINT ( 'NONE',  ( -0.4229944533770458300, 6.329998340009572300, 5.819643579270786100 ) ) ;
#1393 = VERTEX_POINT ( 'NONE', #2900 ) ;
#1394 = ORIENTED_EDGE ( 'NONE', *, *, #4162, .F. ) ;
#1395 = CARTESIAN_POINT ( 'NONE',  ( 4.768672213289602400, 3.871378562817414000, 2.839141604523052200 ) ) ;
#1396 = CARTESIAN_POINT ( 'NONE',  ( -0.5104944533770410200, 6.329998340009527000, 5.819643579270799400 ) ) ;
#1397 = CARTESIAN_POINT ( 'NONE',  ( -1.531327786710376500, 6.758384208523724900, 4.896958519548592300 ) ) ;
#1398 = CARTESIAN_POINT ( 'NONE',  ( -1.822994453377040800, 6.329998340009542100, 5.819643579270793200 ) ) ;
#1399 = CARTESIAN_POINT ( 'NONE',  ( 6.952000592372807700, -16.39428619600651200, 2.204163812291783900 ) ) ;
#1400 =( BOUNDED_CURVE ( )  B_SPLINE_CURVE ( 2, ( #2088, #1091, #2647, #2045, #3145, #4163, #6173, #5132, #4652 ),
 .UNSPECIFIED., .F., .T. ) 
 B_SPLINE_CURVE_WITH_KNOTS ( ( 3, 2, 2, 2, 3 ),
 ( 0.5388888888888890800, 0.5407407407407407400, 0.5444444444444444000, 0.5481481481481481600, 0.5500000000000000400 ),
 .UNSPECIFIED. ) 
 CURVE ( )  GEOMETRIC_REPRESENTATION_ITEM ( )  RATIONAL_B_SPLINE_CURVE ( ( 0.9330127018922194100, 0.9330127018922254000, 1.000000000000000000, 0.8660254037844387100, 1.000000000000000000, 0.8660254037844387100, 1.000000000000000000, 0.9330127018922174100, 0.9330127018922194100 ) ) 
 REPRESENTATION_ITEM ( '' )  );
#1401 = ADVANCED_FACE ( 'NONE', ( #1956 ), #4052, .F. ) ;
#1402 = EDGE_CURVE ( 'NONE', #4854, #3939, #6633, .T. ) ;
#1403 = CARTESIAN_POINT ( 'NONE',  ( -2.435494453377042400, 3.680356420729224100, 4.829998340009571400 ) ) ;
#1404 = CARTESIAN_POINT ( 'NONE',  ( -15.06466112004367700, 5.308977857911811400, 5.990856735486525000 ) ) ;
#1405 = CARTESIAN_POINT ( 'NONE',  ( -1.154255192494010800, 6.605866146747432700, 2.448529708477158500 ) ) ;
#1406 = CARTESIAN_POINT ( 'NONE',  ( 4.298315489864344300, 0.2307138039934486500, 3.028393217318458700 ) ) ;
#1407 = CARTESIAN_POINT ( 'NONE',  ( 3.218759944222881600, 11.92654713732675000, 3.640448694549153900 ) ) ;
#1408 = CARTESIAN_POINT ( 'NONE',  ( 3.864505546622941900, 6.905980968331821400, 3.358686567471579100 ) ) ;
#1409 = CARTESIAN_POINT ( 'NONE',  ( 6.140727072607993400, 4.109880470660102400, 5.665399658089312700 ) ) ;
#1410 = CARTESIAN_POINT ( 'NONE',  ( 11.41867221328959100, 4.241615791476277800, 3.103041480451417000 ) ) ;
#1411 = AXIS2_PLACEMENT_3D ( 'NONE', #3868, #2333, #2878 ) ;
#1412 = ORIENTED_EDGE ( 'NONE', *, *, #85, .F. ) ;
#1413 = CARTESIAN_POINT ( 'NONE',  ( 3.633379675925020500, -6.915119529339867700, 4.718142441128666300 ) ) ;
#1414 = CARTESIAN_POINT ( 'NONE',  ( -8.093827786710361800, 6.535718485426611000, 2.546943076929713400 ) ) ;
#1415 = CARTESIAN_POINT ( 'NONE',  ( 3.835338879956275100, 5.308977857911811400, 5.990856735486523200 ) ) ;
#1416 = CARTESIAN_POINT ( 'NONE',  ( 7.149999999999987900, -1.294861590628003700, 4.000000000000024900 ) ) ;
#1417 = CARTESIAN_POINT ( 'NONE',  ( -3.339661120043706100, 3.723756548762971400, 3.829569941986565000 ) ) ;
#1418 = VERTEX_POINT ( 'NONE', #219 ) ;
#1419 = CARTESIAN_POINT ( 'NONE',  ( -1.939661120043710400, 7.798843344302245100, 4.220573370311576000 ) ) ;
#1420 = CARTESIAN_POINT ( 'NONE',  ( 5.811380564484252900, -17.03595286267317700, 2.024388159566373500 ) ) ;
#1421 = CARTESIAN_POINT ( 'NONE',  ( -2.318827786710373000, 3.871378562817395300, 2.839141604523079700 ) ) ;
#1422 = CARTESIAN_POINT ( 'NONE',  ( 0.6561722132896196100, 6.840443814239312000, 2.119429949669281200 ) ) ;
#1423 = ADVANCED_FACE ( 'NONE', ( #6639 ), #5025, .F. ) ;
#1424 = CARTESIAN_POINT ( 'NONE',  ( -15.53132778671034200, 3.871378562817414000, 2.839141604523054900 ) ) ;
#1425 = CARTESIAN_POINT ( 'NONE',  ( 6.701684510135632600, -0.1192861960065509700, 4.971606782681494300 ) ) ;
#1426 = CARTESIAN_POINT ( 'NONE',  ( 5.188619435515721400, 10.00154713732676000, 5.975611840433583000 ) ) ;
#1427 = CARTESIAN_POINT ( 'NONE',  ( 4.856172213289607200, 4.464281514573391600, 5.453056923070296800 ) ) ;
#1428 = ORIENTED_EDGE ( 'NONE', *, *, #1655, .F. ) ;
#1429 = CARTESIAN_POINT ( 'NONE',  ( 6.140727072607993400, 2.009880470660111700, 5.665399658089312700 ) ) ;
#1430 = ORIENTED_EDGE ( 'NONE', *, *, #1680, .F. ) ;
#1431 = CARTESIAN_POINT ( 'NONE',  ( 14.39367221328958200, 6.535718485426611000, 2.546943076929710800 ) ) ;
#1432 = ADVANCED_FACE ( 'NONE', ( #2118 ), #2998, .F. ) ;
#1433 = CARTESIAN_POINT ( 'NONE',  ( 6.329239463404272600, -3.240119529339876800, 6.155387493158993800 ) ) ;
#1434 = CARTESIAN_POINT ( 'NONE',  ( -7.977161120043695600, 7.276243451237029100, 4.170430058013447900 ) ) ;
#1435 = CARTESIAN_POINT ( 'NONE',  ( 2.668672213289612100, 3.871378562817414000, 2.839141604523052200 ) ) ;
#1436 = EDGE_CURVE ( 'NONE', #3566, #1012, #1149, .T. ) ;
#1437 = CARTESIAN_POINT ( 'NONE',  ( 5.499999999999997300, -2.100000000000002300, 2.349999999999999600 ) ) ;
#1438 = CARTESIAN_POINT ( 'NONE',  ( -1.706327786710377900, 6.535718485426611000, 2.546943076929713000 ) ) ;
#1439 = CARTESIAN_POINT ( 'NONE',  ( -2.388515732756842300, 3.642982001472913700, 3.418251623802988500 ) ) ;
#1440 = CARTESIAN_POINT ( 'NONE',  ( 3.737358052336705600, 12.27654713732675200, 3.722186092726275800 ) ) ;
#1441 =( BOUNDED_CURVE ( )  B_SPLINE_CURVE ( 2, ( #4248, #3738, #674, #1196, #1652, #141, #3763, #5322, #1108 ),
 .UNSPECIFIED., .F., .F. ) 
 B_SPLINE_CURVE_WITH_KNOTS ( ( 3, 2, 2, 2, 3 ),
 ( 0.4679772144217987400, 0.4703703703703703300, 0.4740740740740740900, 0.4777777777777777500, 0.4790883255329100300 ),
 .UNSPECIFIED. ) 
 CURVE ( )  GEOMETRIC_REPRESENTATION_ITEM ( )  RATIONAL_B_SPLINE_CURVE ( ( 0.9387362140368922200, 0.9134320324894970000, 1.000000000000000000, 0.8660254037844387100, 1.000000000000000000, 0.8660254037844387100, 1.000000000000000000, 0.9525933712949350400, 0.9387362140368883400 ) ) 
 REPRESENTATION_ITEM ( '' )  );
#1442 = CARTESIAN_POINT ( 'NONE',  ( 0.0000000000000000000, 0.0000000000000000000, 8.000000000000000000 ) ) ;
#1443 = CARTESIAN_POINT ( 'NONE',  ( -1.793827786710377800, 4.159556185760689800, 5.880570050330728500 ) ) ;
#1444 = CARTESIAN_POINT ( 'NONE',  ( -11.73966112004368500, 7.798843344302243400, 4.220573370311598200 ) ) ;
#1445 = CARTESIAN_POINT ( 'NONE',  ( -1.910494453377038700, 6.329998340009542100, 5.819643579270792300 ) ) ;
#1446 = CARTESIAN_POINT ( 'NONE',  ( 7.262641947663273500, 2.739047137326775100, 4.277813907273675800 ) ) ;
#1447 = CARTESIAN_POINT ( 'NONE',  ( 7.781240055777099800, 10.17654713732675400, 4.359551305450797700 ) ) ;
#1448 = CARTESIAN_POINT ( 'NONE',  ( 10.63117221328959200, 4.241615791476277800, 3.103041480451417000 ) ) ;
#1449 = CARTESIAN_POINT ( 'NONE',  ( 5.259406098776350900, 6.151547137326768500, 5.526492704452462800 ) ) ;
#1450 = CARTESIAN_POINT ( 'NONE',  ( 14.42283887995624700, 3.201156655697758900, 3.779426629688412500 ) ) ;
#1451 = CIRCLE ( 'NONE', #6084, 1.000000000000000000 ) ;
#1452 = CARTESIAN_POINT ( 'NONE',  ( -15.21049445337700900, 6.458399530062931300, 6.101143420642321400 ) ) ;
#1453 = CARTESIAN_POINT ( 'NONE',  ( 7.149999999999998600, -2.100000000000002300, 4.000000000000000000 ) ) ;
#1454 = CARTESIAN_POINT ( 'NONE',  ( 4.047999407627164800, -1.956786196006544900, 5.795836187708173000 ) ) ;
#1455 = CARTESIAN_POINT ( 'NONE',  ( -9.668827786710355800, 4.241615791476277800, 3.103041480451419700 ) ) ;
#1456 = AXIS2_PLACEMENT_3D ( 'NONE', #1185, #5832, #2317 ) ;
#1457 = CONICAL_SURFACE ( 'NONE', #4437, 1.650000000000000400, 0.7853981633974496100 ) ;
#1458 = CARTESIAN_POINT ( 'NONE',  ( 5.468672213289601700, 3.871378562817414000, 2.839141604523052200 ) ) ;
#1459 = DIRECTION ( 'NONE',  ( -1.000000000000000000, -2.863857827303820200E-031, 1.224646799147345600E-016 ) ) ;
#1460 = CARTESIAN_POINT ( 'NONE',  ( -4.389661120043705000, 7.276243451237029100, 4.170430058013447900 ) ) ;
#1461 = CARTESIAN_POINT ( 'NONE',  ( -2.438773170528986800, 3.656937829071089700, 4.766785956005736400 ) ) ;
#1462 = CARTESIAN_POINT ( 'NONE',  ( 4.057721588640707600, 13.73488047066008600, 4.554885921770944500 ) ) ;
#1463 = FACE_OUTER_BOUND ( 'NONE', #1515, .T. ) ;
#1464 = EDGE_CURVE ( 'NONE', #3661, #5059, #3636, .T. ) ;
#1465 = ADVANCED_FACE ( 'NONE', ( #3708 ), #361, .T. ) ;
#1466 = CARTESIAN_POINT ( 'NONE',  ( 5.811380564484258200, 3.264047137326777600, 2.024388159566370900 ) ) ;
#1467 = CARTESIAN_POINT ( 'NONE',  ( 2.172838879956281700, 7.798843344302243400, 4.220573370311596400 ) ) ;
#1468 = CARTESIAN_POINT ( 'NONE',  ( -8.939661120043691500, 7.798843344302243400, 4.220573370311597300 ) ) ;
#1469 = DIRECTION ( 'NONE',  ( 0.0000000000000000000, 0.0000000000000000000, 1.000000000000000000 ) ) ;
#1470 = CARTESIAN_POINT ( 'NONE',  ( 6.701684510135632600, 1.280713803993447600, 4.971606782681494300 ) ) ;
#1471 = ORIENTED_EDGE ( 'NONE', *, *, #2559, .T. ) ;
#1472 = VECTOR ( 'NONE', #1154, 1000.000000000000000 ) ;
#1473 = CARTESIAN_POINT ( 'NONE',  ( 6.140727072607989000, -16.97761952933984400, 5.665399658089315300 ) ) ;
#1474 = CARTESIAN_POINT ( 'NONE',  ( 4.298315489864340800, -14.38178619600651600, 3.028393217318460500 ) ) ;
#1475 = CARTESIAN_POINT ( 'NONE',  ( 8.531172213289597300, 4.241615791476277800, 3.103041480451417500 ) ) ;
#1476 = CARTESIAN_POINT ( 'NONE',  ( 3.737358052336705100, 8.776547137326765800, 3.722186092726276200 ) ) ;
#1477 = CARTESIAN_POINT ( 'NONE',  ( 14.88950554662291200, 6.458399530062931300, 6.101143420642317000 ) ) ;
#1478 = ORIENTED_EDGE ( 'NONE', *, *, #4295, .T. ) ;
#1479 = CARTESIAN_POINT ( 'NONE',  ( -15.79382778671034000, 4.159556185760689800, 5.880570050330731200 ) ) ;
#1480 = CARTESIAN_POINT ( 'NONE',  ( 6.218142441128712500, -0.4401195293398787500, 5.866620324074926200 ) ) ;
#1481 = CARTESIAN_POINT ( 'NONE',  ( 6.329239463404272600, -3.940119529339875600, 6.155387493158993800 ) ) ;
#1482 = CARTESIAN_POINT ( 'NONE',  ( -10.54382778671035400, 4.464281514573391600, 5.453056923070299400 ) ) ;
#1483 = CARTESIAN_POINT ( 'NONE',  ( 7.918672213289595700, 7.128621437182588700, 5.160858395476957100 ) ) ;
#1484 = CARTESIAN_POINT ( 'NONE',  ( 3.849999999999988500, -1.644861590627996200, 4.000000000000016000 ) ) ;
#1485 = CARTESIAN_POINT ( 'NONE',  ( -2.406327786710376900, 6.535718485426611000, 2.546943076929713000 ) ) ;
#1486 = CARTESIAN_POINT ( 'NONE',  ( 4.047999407627121300, -1.956786196006544900, 5.795836187708139200 ) ) ;
#1487 = CARTESIAN_POINT ( 'NONE',  ( 6.621914875055272100, 13.44321380399341600, 2.612414249184339600 ) ) ;
#1488 = EDGE_CURVE ( 'NONE', #1418, #869, #3840, .T. ) ;
#1489 = CARTESIAN_POINT ( 'NONE',  ( 7.781240055777098000, 0.9890471373267812900, 4.359551305450797700 ) ) ;
#1490 = CARTESIAN_POINT ( 'NONE',  ( 4.506172213289604900, 4.159556185760689800, 5.880570050330727700 ) ) ;
#1491 = CARTESIAN_POINT ( 'NONE',  ( -9.814661120043689700, 5.691022142088190300, 2.009143264513487000 ) ) ;
#1492 = CARTESIAN_POINT ( 'NONE',  ( 5.740593901223627800, 2.214047137326778700, 2.473507295547491000 ) ) ;
#1493 = CARTESIAN_POINT ( 'NONE',  ( 4.057721588640700500, -17.85261952933984000, 4.554885921770947200 ) ) ;
#1494 = CARTESIAN_POINT ( 'NONE',  ( 4.057721588640701400, -14.26511952933984900, 4.554885921770947200 ) ) ;
#1495 = CARTESIAN_POINT ( 'NONE',  ( 7.656172213289599100, 4.464281514573391600, 5.453056923070296800 ) ) ;
#1496 = ORIENTED_EDGE ( 'NONE', *, *, #213, .T. ) ;
#1497 = CARTESIAN_POINT ( 'NONE',  ( 4.298315489864346100, 7.318213803993431000, 3.028393217318457800 ) ) ;
#1498 = CARTESIAN_POINT ( 'NONE',  ( -0.1722658805940514600, 5.681605031985854200, 2.122265880595483300 ) ) ;
#1499 = CARTESIAN_POINT ( 'NONE',  ( 14.62700554662290900, 6.240524965810419800, 5.623486981083736700 ) ) ;
#1500 = CARTESIAN_POINT ( 'NONE',  ( 6.319504457277331800, -0.2887690323874104700, 5.563595456695352000 ) ) ;
#1501 = CARTESIAN_POINT ( 'NONE',  ( 4.670760536595700800, -4.290119529339873900, 1.844612506840961800 ) ) ;
#1502 = CARTESIAN_POINT ( 'NONE',  ( -8.443827786710361500, 4.464281514573391600, 5.453056923070299400 ) ) ;
#1503 = CARTESIAN_POINT ( 'NONE',  ( 7.102005546622935500, 7.319643579270779000, 3.170001659990438400 ) ) ;
#1504 = CARTESIAN_POINT ( 'NONE',  ( -0.4229944533770458300, 6.329998340009572300, 5.819643579270786100 ) ) ;
#1505 = CARTESIAN_POINT ( 'NONE',  ( -0.9479944533770448000, 6.905980968331821400, 3.358686567471579600 ) ) ;
#1506 = CARTESIAN_POINT ( 'NONE',  ( -2.332272648704460000, 4.660682291797964900, 2.306535230298150100 ) ) ;
#1507 = CARTESIAN_POINT ( 'NONE',  ( 6.329239463404270800, -13.12761952933985100, 6.155387493158995600 ) ) ;
#1508 = CARTESIAN_POINT ( 'NONE',  ( 7.055239759590680400, -17.18178619600650900, 5.257469399304897100 ) ) ;
#1509 = CARTESIAN_POINT ( 'NONE',  ( 5.811380564484257300, 0.4640471373267840400, 2.024388159566371300 ) ) ;
#1510 = ORIENTED_EDGE ( 'NONE', *, *, #3379, .T. ) ;
#1511 = CARTESIAN_POINT ( 'NONE',  ( 3.689505546622941200, 6.458399530062931300, 6.101143420642317800 ) ) ;
#1512 = CARTESIAN_POINT ( 'NONE',  ( -11.27299445337702000, 4.541600469937070500, 1.898856579357692100 ) ) ;
#1513 = DIRECTION ( 'NONE',  ( -1.000000000000000000, 0.0000000000000000000, 0.0000000000000000000 ) ) ;
#1514 = CARTESIAN_POINT ( 'NONE',  ( 4.298315489864345200, 6.530713803993434900, 3.028393217318458200 ) ) ;
#1515 = EDGE_LOOP ( 'NONE', ( #4615, #6714, #2141, #2078, #2239, #6025, #3086, #2198, #5137 ) ) ;
#1516 = CARTESIAN_POINT ( 'NONE',  ( 6.621914875055265900, -14.64428619600651500, 2.612414249184343200 ) ) ;
#1517 = CARTESIAN_POINT ( 'NONE',  ( 6.701684510135629000, -13.33178619600651900, 4.971606782681496000 ) ) ;
#1518 = CARTESIAN_POINT ( 'NONE',  ( 6.942278411359272800, 7.784880470660095100, 3.445114078229007900 ) ) ;
#1519 = CARTESIAN_POINT ( 'NONE',  ( 15.03533887995625000, 5.647596759808096500, 2.461728047922989900 ) ) ;
#1520 = CARTESIAN_POINT ( 'NONE',  ( 3.811493172869585800, -0.1623495335853662500, 3.132567767779584200 ) ) ;
#1521 = CARTESIAN_POINT ( 'NONE',  ( 3.218759944222878000, -3.473452862673208900, 3.640448694549156100 ) ) ;
#1522 = CARTESIAN_POINT ( 'NONE',  ( -4.535494453377036300, 6.905980968331821400, 3.358686567471580000 ) ) ;
#1523 = CARTESIAN_POINT ( 'NONE',  ( 7.277005546622929100, 6.458399530062931300, 6.101143420642317800 ) ) ;
#1524 = EDGE_CURVE ( 'NONE', #3937, #1760, #5747, .T. ) ;
#1525 = DIRECTION ( 'NONE',  ( 0.3590712205643570300, 0.0000000000000000000, 0.9333101620374777400 ) ) ;
#1526 = CARTESIAN_POINT ( 'NONE',  ( 2.027005546622946400, 6.240524965810419800, 5.623486981083738500 ) ) ;
#1527 = CARTESIAN_POINT ( 'NONE',  ( -1.222505289326786500, 5.499999999999985800, 2.350000000000005000 ) ) ;
#1528 = CARTESIAN_POINT ( 'NONE',  ( 3.944760240409288100, -14.81928619600651400, 2.742530600695059800 ) ) ;
#1529 = CARTESIAN_POINT ( 'NONE',  ( 3.218759944222878900, 0.6390471373267807600, 3.640448694549155200 ) ) ;
#1530 = CARTESIAN_POINT ( 'NONE',  ( 1.589505546622950800, 6.458399530062931300, 6.101143420642319600 ) ) ;
#1531 = CARTESIAN_POINT ( 'NONE',  ( -12.14799445337701700, 3.680356420729224100, 4.829998340009573200 ) ) ;
#1532 = CARTESIAN_POINT ( 'NONE',  ( 14.61450554662299000, 6.329998340009541200, 5.819643579270792300 ) ) ;
#1533 = CARTESIAN_POINT ( 'NONE',  ( 5.259406098776350900, 6.764047137326766500, 5.526492704452462800 ) ) ;
#1534 = APPROVAL_DATE_TIME ( #1696, #237 ) ;
#1535 = LINE ( 'NONE', #3169, #3881 ) ;
#1536 = CARTESIAN_POINT ( 'NONE',  ( 4.378085124944703900, -17.79428619600651000, 5.387585750815615500 ) ) ;
#1537 = CARTESIAN_POINT ( 'NONE',  ( 7.262641947663270000, -13.27345286267318700, 4.277813907273678500 ) ) ;
#1538 = CARTESIAN_POINT ( 'NONE',  ( 4.057721588640706800, 7.434880470660099000, 4.554885921770945400 ) ) ;
#1539 = CARTESIAN_POINT ( 'NONE',  ( -0.1002157680051840400, 6.230177898487769800, 2.182991201266584600 ) ) ;
#1540 = CARTESIAN_POINT ( 'NONE',  ( -12.99382778671034800, 4.159556185760689800, 5.880570050330731200 ) ) ;
#1541 = CARTESIAN_POINT ( 'NONE',  ( 4.980961122771843100, -0.3668789643180441800, 2.386334626180815800 ) ) ;
#1542 = CARTESIAN_POINT ( 'NONE',  ( 7.781240055777097100, -1.023452862673220000, 4.359551305450797700 ) ) ;
#1543 = CARTESIAN_POINT ( 'NONE',  ( -5.410494453377034500, 4.759475034189582800, 2.376513018916272200 ) ) ;
#1544 = VERTEX_POINT ( 'NONE', #4931 ) ;
#1545 = CARTESIAN_POINT ( 'NONE',  ( 8.852005546622930200, 3.680356420729224100, 4.829998340009570500 ) ) ;
#1546 = CARTESIAN_POINT ( 'NONE',  ( 3.633379675925012500, -1.402619529339878200, 4.718142441128641500 ) ) ;
#1547 = CARTESIAN_POINT ( 'NONE',  ( 0.5686722132896143700, 6.758384208523724900, 4.896958519548592300 ) ) ;
#1548 = CARTESIAN_POINT ( 'NONE',  ( -0.05000000000001760700, 5.044925856326080400, 2.052461162451590000 ) ) ;
#1549 = CARTESIAN_POINT ( 'NONE',  ( 7.781240055777093500, -15.11095286267318200, 4.359551305450801300 ) ) ;
#1550 = ORIENTED_EDGE ( 'NONE', *, *, #2976, .T. ) ;
#1551 = CARTESIAN_POINT ( 'NONE',  ( 5.499999999999998200, 0.0000000000000000000, 6.050000000000009600 ) ) ;
#1552 = ORIENTED_EDGE ( 'NONE', *, *, #4099, .T. ) ;
#1553 = CARTESIAN_POINT ( 'NONE',  ( 6.952000592372811200, 0.4057138039934504700, 2.204163812291782200 ) ) ;
#1554 = CARTESIAN_POINT ( 'NONE',  ( 2.756172213289612000, 6.840443814239312000, 2.119429949669281200 ) ) ;
#1555 = CARTESIAN_POINT ( 'NONE',  ( -5.439661120043701300, 7.798843344302243400, 4.220573370311597300 ) ) ;
#1556 = CARTESIAN_POINT ( 'NONE',  ( 5.717983032717269200, -1.958880268456840700, 6.059046011225903200 ) ) ;
#1557 = CARTESIAN_POINT ( 'NONE',  ( 5.259406098776350000, 3.264047137326774100, 5.526492704452462800 ) ) ;
#1558 = CARTESIAN_POINT ( 'NONE',  ( 5.259406098776345600, -17.73595286267317700, 5.526492704452465400 ) ) ;
#1559 = CARTESIAN_POINT ( 'NONE',  ( 4.378085124944704800, -9.306786196006529000, 5.387585750815614600 ) ) ;
#1560 = CARTESIAN_POINT ( 'NONE',  ( 6.942278411359272800, 9.884880470660093000, 3.445114078229007500 ) ) ;
#1561 = CARTESIAN_POINT ( 'NONE',  ( -13.92716112004368000, 7.798843344302243400, 4.220573370311598200 ) ) ;
#1562 = B_SPLINE_CURVE_WITH_KNOTS ( 'NONE', 3,
 ( #1783, #4345, #5924, #4860, #5359, #2251, #222, #6448, #6382, #3283 ),
 .UNSPECIFIED., .F., .F.,
 ( 4, 2, 2, 2, 4 ),
 ( 4.258375700071567900E-017, 0.0003365366588191858600, 0.0006730733176383291000, 0.001009609976457472200, 0.001346146635276615500 ),
 .UNSPECIFIED. ) ;
#1563 = CARTESIAN_POINT ( 'NONE',  ( 7.325666285531174700, -0.1990494743550811900, 3.672077519286664100 ) ) ;
#1564 = CARTESIAN_POINT ( 'NONE',  ( 7.366620324074954600, 1.834880470660112100, 3.281857558871289700 ) ) ;
#1565 = CARTESIAN_POINT ( 'NONE',  ( -5.760494453377035000, 6.240524965810419800, 5.623486981083739300 ) ) ;
#1566 = CARTESIAN_POINT ( 'NONE',  ( 7.160338879956268200, 7.798843344302243400, 4.220573370311595500 ) ) ;
#1567 = CARTESIAN_POINT ( 'NONE',  ( 6.218142441128732000, -1.227619529339874400, 5.866620324074928000 ) ) ;
#1568 = CARTESIAN_POINT ( 'NONE',  ( 2.260338879956282900, 3.723756548762971400, 3.829569941986564100 ) ) ;
#1569 = ORIENTED_EDGE ( 'NONE', *, *, #1997, .T. ) ;
#1570 = CARTESIAN_POINT ( 'NONE',  ( -0.07134160132811479000, 4.516061370798370300, 2.279463205703430500 ) ) ;
#1571 = CARTESIAN_POINT ( 'NONE',  ( 4.047999407627162100, -12.54428619600651900, 5.795836187708174800 ) ) ;
#1572 = CARTESIAN_POINT ( 'NONE',  ( 6.329239463404269900, -17.94011952933983900, 6.155387493158996500 ) ) ;
#1573 = CARTESIAN_POINT ( 'NONE',  ( 7.366620324074955500, 7.347380470660098700, 3.281857558871288800 ) ) ;
#1574 = CARTESIAN_POINT ( 'NONE',  ( 5.731172213289604600, 7.128621437182588700, 5.160858395476957100 ) ) ;
#1575 = CARTESIAN_POINT ( 'NONE',  ( -7.947994453377027000, 3.680356420729224100, 4.829998340009572300 ) ) ;
#1576 = ORIENTED_EDGE ( 'NONE', *, *, #1488, .F. ) ;
#1577 = CARTESIAN_POINT ( 'NONE',  ( -14.88966112004367700, 7.276243451237029100, 4.170430058013448800 ) ) ;
#1578 = CARTESIAN_POINT ( 'NONE',  ( 6.621914875055269400, 3.555713803993438400, 2.612414249184341000 ) ) ;
#1579 = CARTESIAN_POINT ( 'NONE',  ( 4.057721588640702300, -12.95261952933985200, 4.554885921770947200 ) ) ;
#1580 = CARTESIAN_POINT ( 'NONE',  ( 6.621914875055266800, -8.256786196006530100, 2.612414249184342300 ) ) ;
#1581 = CARTESIAN_POINT ( 'NONE',  ( 3.737358052336705100, 11.57654713732675200, 3.722186092726276200 ) ) ;
#1582 = CARTESIAN_POINT ( 'NONE',  ( -10.25216112004368800, 5.308977857911811400, 5.990856735486525000 ) ) ;
#1583 = AXIS2_PLACEMENT_3D ( 'NONE', #6007, #858, #6504 ) ;
#1584 = CARTESIAN_POINT ( 'NONE',  ( 3.544255509218346800, -0.07782155199569761000, 3.675120468029548200 ) ) ;
#1585 = VERTEX_POINT ( 'NONE', #5383 ) ;
#1586 = CARTESIAN_POINT ( 'NONE',  ( 6.329239463404272600, -0.4401195293398811300, 6.155387493158992900 ) ) ;
#1587 = CARTESIAN_POINT ( 'NONE',  ( -5.935494453377031300, 6.905980968331821400, 3.358686567471580500 ) ) ;
#1588 = EDGE_CURVE ( 'NONE', #6399, #5700, #2349, .T. ) ;
#1589 = VERTEX_POINT ( 'NONE', #1895 ) ;
#1590 = CARTESIAN_POINT ( 'NONE',  ( 10.36867221328959100, 3.871378562817414000, 2.839141604523051300 ) ) ;
#1591 = CARTESIAN_POINT ( 'NONE',  ( -0.1896611200437120500, 7.276243451237029100, 4.170430058013447000 ) ) ;
#1592 = CARTESIAN_POINT ( 'NONE',  ( -1.122994453377041100, 6.329998340009527000, 5.819643579270799400 ) ) ;
#1593 = CARTESIAN_POINT ( 'NONE',  ( 7.366620324074951000, -15.05261952933984800, 3.281857558871291000 ) ) ;
#1594 = CARTESIAN_POINT ( 'NONE',  ( 4.047999407627161300, -17.35678619600651000, 5.795836187708174800 ) ) ;
#1595 = CARTESIAN_POINT ( 'NONE',  ( 3.633379675925022800, 4.197380470660109000, 4.718142441128664500 ) ) ;
#1596 = CARTESIAN_POINT ( 'NONE',  ( 6.547838879956267500, 5.308977857911811400, 5.990856735486523200 ) ) ;
#1597 = CARTESIAN_POINT ( 'NONE',  ( -8.706327786710360800, 4.159556185760689800, 5.880570050330730300 ) ) ;
#1598 = CARTESIAN_POINT ( 'NONE',  ( -15.82299445337701200, 4.759475034189582800, 2.376513018916274000 ) ) ;
#1599 = CARTESIAN_POINT ( 'NONE',  ( 4.057721588640705900, 3.147380470660109600, 4.554885921770945400 ) ) ;
#1600 = CARTESIAN_POINT ( 'NONE',  ( 4.378085124944703900, -14.29428619600651600, 5.387585750815615500 ) ) ;
#1601 = CARTESIAN_POINT ( 'NONE',  ( 6.701684510135630800, -7.031786196006534000, 4.971606782681496000 ) ) ;
#1602 = CARTESIAN_POINT ( 'NONE',  ( 7.262641947663275300, 9.826547137326759400, 4.277813907273675800 ) ) ;
#1603 = CARTESIAN_POINT ( 'NONE',  ( 9.697838879956261600, 5.352403240191906200, 5.538271952077017200 ) ) ;
#1604 = CARTESIAN_POINT ( 'NONE',  ( -11.59382778671035100, 4.159556185760689800, 5.880570050330730300 ) ) ;
#1605 = CARTESIAN_POINT ( 'NONE',  ( -1.472994453377042000, 4.670001659990450800, 2.180356420729214800 ) ) ;
#1606 = CARTESIAN_POINT ( 'NONE',  ( 5.259406098776347300, -10.03595286267319300, 5.526492704452464500 ) ) ;
#1607 = CARTESIAN_POINT ( 'NONE',  ( 4.047999407627164800, 0.1432138039934516300, 5.795836187708173000 ) ) ;
#1608 = CARTESIAN_POINT ( 'NONE',  ( -6.402161120043699000, 5.352403240191906200, 5.538271952077018900 ) ) ;
#1609 = CYLINDRICAL_SURFACE ( 'NONE', #5731, 1.650000000000000400 ) ;
#1610 = FACE_OUTER_BOUND ( 'NONE', #6583, .T. ) ;
#1611 = CARTESIAN_POINT ( 'NONE',  ( 13.34367221328958100, 6.840443814239312000, 2.119429949669279900 ) ) ;
#1612 = EDGE_CURVE ( 'NONE', #1544, #5282, #4538, .T. ) ;
#1613 = CARTESIAN_POINT ( 'NONE',  ( -1.414661120043710500, 5.691022142088141500, 2.009143264513482100 ) ) ;
#1614 = CARTESIAN_POINT ( 'NONE',  ( 4.010338879956277600, 7.276243451237029100, 4.170430058013445200 ) ) ;
#1615 = CARTESIAN_POINT ( 'NONE',  ( -0.05845126246312925400, 4.824827990221436400, 2.122874944129702800 ) ) ;
#1616 = CARTESIAN_POINT ( 'NONE',  ( 4.047999407627162100, -9.744286196006525500, 5.795836187708173900 ) ) ;
#1617 = CARTESIAN_POINT ( 'NONE',  ( 5.811380564484253800, -14.84845286267318100, 2.024388159566373100 ) ) ;
#1618 = CARTESIAN_POINT ( 'NONE',  ( 3.633379675925022800, 4.897380470660104700, 4.718142441128664500 ) ) ;
#1619 = APPROVAL_DATE_TIME ( #5414, #1382 ) ;
#1620 = FACE_OUTER_BOUND ( 'NONE', #34, .T. ) ;
#1621 = CARTESIAN_POINT ( 'NONE',  ( 8.297838879956266600, 5.691022142088190300, 2.009143264513485200 ) ) ;
#1622 = CARTESIAN_POINT ( 'NONE',  ( -6.547994453377032000, 3.680356420729224100, 4.829998340009572300 ) ) ;
#1623 = CARTESIAN_POINT ( 'NONE',  ( -13.72299445337701400, 4.759475034189582800, 2.376513018916273100 ) ) ;
#1624 = VECTOR ( 'NONE', #2949, 1000.000000000000000 ) ;
#1625 = CARTESIAN_POINT ( 'NONE',  ( 6.701684510135634400, 8.280713803993428700, 4.971606782681493400 ) ) ;
#1626 = CARTESIAN_POINT ( 'NONE',  ( 4.859272927391980800, -13.82761952933984900, 2.334600341910643800 ) ) ;
#1627 = CARTESIAN_POINT ( 'NONE',  ( 6.942278411359268400, -9.715119529339860400, 3.445114078229010200 ) ) ;
#1628 = CARTESIAN_POINT ( 'NONE',  ( 10.33950554662292400, 6.240524965810419800, 5.623486981083736700 ) ) ;
#1629 = CARTESIAN_POINT ( 'NONE',  ( -13.40216112004367900, 5.691022142088190300, 2.009143264513487500 ) ) ;
#1630 = ORIENTED_EDGE ( 'NONE', *, *, #1841, .T. ) ;
#1631 = CYLINDRICAL_SURFACE ( 'NONE', #2882, 1.999999999999999600 ) ;
#1632 = CARTESIAN_POINT ( 'NONE',  ( 5.499999999987145400, -0.1019929994879742600, 2.051992999487965100 ) ) ;
#1633 = CARTESIAN_POINT ( 'NONE',  ( 3.737358052336700300, -10.91095286267319300, 3.722186092726278900 ) ) ;
#1634 = CARTESIAN_POINT ( 'NONE',  ( 7.781240055777098000, 1.076547137326778800, 4.359551305450797700 ) ) ;
#1635 = CARTESIAN_POINT ( 'NONE',  ( -3.777161120043704300, 7.276243451237029100, 4.170430058013447900 ) ) ;
#1636 = ORIENTED_EDGE ( 'NONE', *, *, #2519, .T. ) ;
#1637 = CARTESIAN_POINT ( 'NONE',  ( 12.52700554662291800, 4.541600469937070500, 1.898856579357689000 ) ) ;
#1638 =( NAMED_UNIT ( * ) SI_UNIT ( $, .STERADIAN. ) SOLID_ANGLE_UNIT ( ) );
#1639 = CARTESIAN_POINT ( 'NONE',  ( 4.302005546622939200, 4.094019031668182200, 4.641313432528430200 ) ) ;
#1640 = CARTESIAN_POINT ( 'NONE',  ( -1.222505289326786500, 5.499999999999985800, 2.350000000000005000 ) ) ;
#1641 = CARTESIAN_POINT ( 'NONE',  ( 7.055239759590682200, -10.96928619600652300, 5.257469399304897100 ) ) ;
#1642 = CARTESIAN_POINT ( 'NONE',  ( 3.218759944222875400, -15.37345286267318100, 3.640448694549157400 ) ) ;
#1643 = CARTESIAN_POINT ( 'NONE',  ( 6.329239463404274300, 5.772380470660099400, 6.155387493158992900 ) ) ;
#1644 = CARTESIAN_POINT ( 'NONE',  ( 6.372838879956266700, 7.798843344302243400, 4.220573370311595500 ) ) ;
#1645 = CARTESIAN_POINT ( 'NONE',  ( -5.614661120043700200, 5.691022142088190300, 2.009143264513486600 ) ) ;
#1646 = CARTESIAN_POINT ( 'NONE',  ( -13.43132778671034600, 6.758384208523724900, 4.896958519548594100 ) ) ;
#1647 = CARTESIAN_POINT ( 'NONE',  ( 4.057721588640707600, 10.14738047066009200, 4.554885921770944500 ) ) ;
#1648 = MANIFOLD_SOLID_BREP ( 'Cavity1', #1064 ) ;
#1649 = CARTESIAN_POINT ( 'NONE',  ( 6.621914875055267700, -7.556786196006531700, 2.612414249184342300 ) ) ;
#1650 = CARTESIAN_POINT ( 'NONE',  ( 11.44783887995625600, 5.647596759808096500, 2.461728047922990400 ) ) ;
#1651 = CARTESIAN_POINT ( 'NONE',  ( -9.435494453377023300, 3.680356420729224100, 4.829998340009572300 ) ) ;
#1652 = CARTESIAN_POINT ( 'NONE',  ( 5.756888965699509700, -1.138025456889583600, 2.370120231642253800 ) ) ;
#1653 = DIRECTION ( 'NONE',  ( 0.0000000000000000000, 0.0000000000000000000, -1.000000000000000000 ) ) ;
#1654 = DIRECTION ( 'NONE',  ( -1.000000000000000000, -0.0000000000000000000, -0.0000000000000000000 ) ) ;
#1655 = EDGE_CURVE ( 'NONE', #6269, #4324, #4867, .T. ) ;
#1656 = CARTESIAN_POINT ( 'NONE',  ( 6.140727072607990800, -9.977619529339858000, 5.665399658089314400 ) ) ;
#1657 = CARTESIAN_POINT ( 'NONE',  ( 5.811380564484258200, 3.351547137326771300, 2.024388159566370900 ) ) ;
#1658 = VERTEX_POINT ( 'NONE', #1963 ) ;
#1659 = CARTESIAN_POINT ( 'NONE',  ( -0.9188277867103796800, 6.758384208523724900, 4.896958519548592300 ) ) ;
#1660 = CARTESIAN_POINT ( 'NONE',  ( 11.53533887995625300, 5.308977857911811400, 5.990856735486521400 ) ) ;
#1661 = SECURITY_CLASSIFICATION_LEVEL ( 'unclassified' ) ;
#1662 = CARTESIAN_POINT ( 'NONE',  ( 3.485338879956279000, 5.352403240191906200, 5.538271952077017200 ) ) ;
#1663 = CARTESIAN_POINT ( 'NONE',  ( -0.1202609185708564400, 3.680624961333440700, 3.346547355596730000 ) ) ;
#1664 = CARTESIAN_POINT ( 'NONE',  ( 3.944760240409289000, -12.01928619600652000, 2.742530600695059800 ) ) ;
#1665 = CARTESIAN_POINT ( 'NONE',  ( 7.781240055777093500, -16.42345286267317700, 4.359551305450801300 ) ) ;
#1666 = CARTESIAN_POINT ( 'NONE',  ( 5.811380564484259100, 7.464047137326765800, 2.024388159566370400 ) ) ;
#1667 = CARTESIAN_POINT ( 'NONE',  ( 5.672838879956270100, 7.798843344302243400, 4.220573370311595500 ) ) ;
#1668 = CARTESIAN_POINT ( 'NONE',  ( -3.281327786710373000, 7.128621437182588700, 5.160858395476958000 ) ) ;
#1669 = CARTESIAN_POINT ( 'NONE',  ( -14.30632778671034400, 6.535718485426611000, 2.546943076929713900 ) ) ;
#1670 = CARTESIAN_POINT ( 'NONE',  ( 6.621914875055270300, 9.155713803993425200, 2.612414249184340100 ) ) ;
#1671 = CARTESIAN_POINT ( 'NONE',  ( 3.737358052336702000, -3.823452862673209400, 3.722186092726278000 ) ) ;
#1672 = CARTESIAN_POINT ( 'NONE',  ( 11.33117221328959100, 4.241615791476277800, 3.103041480451417000 ) ) ;
#1673 = CARTESIAN_POINT ( 'NONE',  ( -8.910494453377024700, 6.458399530062931300, 6.101143420642320500 ) ) ;
#1674 = ORIENTED_EDGE ( 'NONE', *, *, #3038, .F. ) ;
#1675 = CARTESIAN_POINT ( 'NONE',  ( -1.822994453377040800, 6.329998340009542100, 5.819643579270793200 ) ) ;
#1676 = CARTESIAN_POINT ( 'NONE',  ( 4.781857558871276800, 13.19738047066015900, 2.133379675925019600 ) ) ;
#1677 = CARTESIAN_POINT ( 'NONE',  ( 4.859272927391980800, -11.72761952933985400, 2.334600341910643400 ) ) ;
#1678 = CARTESIAN_POINT ( 'NONE',  ( 7.055239759590684800, 3.818213803993442100, 5.257469399304895300 ) ) ;
#1679 = CARTESIAN_POINT ( 'NONE',  ( -3.718827786710373000, 6.758384208523724900, 4.896958519548593200 ) ) ;
#1680 = EDGE_CURVE ( 'NONE', #4796, #2135, #2636, .T. ) ;
#1681 = CARTESIAN_POINT ( 'NONE',  ( 11.24367221328959100, 6.840443814239312000, 2.119429949669280300 ) ) ;
#1682 = CARTESIAN_POINT ( 'NONE',  ( 2.727005546622945700, 6.240524965810419800, 5.623486981083738500 ) ) ;
#1683 = CARTESIAN_POINT ( 'NONE',  ( 4.670760536595700800, -10.67761952933985900, 1.844612506840962500 ) ) ;
#1684 = CARTESIAN_POINT ( 'NONE',  ( 6.329239463404269900, -15.84011952933984600, 6.155387493158995600 ) ) ;
#1685 = CARTESIAN_POINT ( 'NONE',  ( 4.047999407627167500, 11.25571380399342300, 5.795836187708170300 ) ) ;
#1686 = CARTESIAN_POINT ( 'NONE',  ( 9.114505546622929400, 7.319643579270779000, 3.170001659990438400 ) ) ;
#1687 = CARTESIAN_POINT ( 'NONE',  ( -1.472994453377045600, 4.541600469937070500, 1.898856579357690800 ) ) ;
#1688 = CARTESIAN_POINT ( 'NONE',  ( -10.28132778671035500, 4.241615791476277800, 3.103041480451419700 ) ) ;
#1689 = FACE_OUTER_BOUND ( 'NONE', #1721, .T. ) ;
#1690 = CARTESIAN_POINT ( 'NONE',  ( 7.262641947663274400, 6.939047137326765500, 4.277813907273675800 ) ) ;
#1691 = CYLINDRICAL_SURFACE ( 'NONE', #2456, 1.650000000000000400 ) ;
#1692 = CARTESIAN_POINT ( 'NONE',  ( 7.262641947663271800, -5.573452862673203600, 4.277813907273678500 ) ) ;
#1693 = CARTESIAN_POINT ( 'NONE',  ( 13.08117221328958600, 6.758384208523724900, 4.896958519548590500 ) ) ;
#1694 = CARTESIAN_POINT ( 'NONE',  ( -9.027161120043691900, 7.798843344302243400, 4.220573370311597300 ) ) ;
#1695 = CARTESIAN_POINT ( 'NONE',  ( 4.216927198337663700, -1.929713601790176800, 2.962587745573420000 ) ) ;
#1696 = DATE_AND_TIME ( #3880, #555 ) ;
#1697 = VECTOR ( 'NONE', #37, 1000.000000000000000 ) ;
#1698 = CARTESIAN_POINT ( 'NONE',  ( -1.647994453377044100, 3.680356420729231600, 4.829998340009586500 ) ) ;
#1699 = CARTESIAN_POINT ( 'NONE',  ( 4.704522523242628700, -2.335743194616791900, 2.286197534579314200 ) ) ;
#1700 = CARTESIAN_POINT ( 'NONE',  ( 5.740593901223626000, -5.485952862673202400, 2.473507295547492400 ) ) ;
#1701 = CARTESIAN_POINT ( 'NONE',  ( 4.047999407627165700, 5.043213803993440400, 5.795836187708171200 ) ) ;
#1702 = CARTESIAN_POINT ( 'NONE',  ( -3.893827786710372300, 6.535718485426611000, 2.546943076929713000 ) ) ;
#1703 = CARTESIAN_POINT ( 'NONE',  ( 14.33533887995625000, 5.308977857911811400, 5.990856735486521400 ) ) ;
#1704 = EDGE_CURVE ( 'NONE', #686, #2718, #2269, .T. ) ;
#1705 = CARTESIAN_POINT ( 'NONE',  ( -1.014150477759522100, 5.499999999999985800, 2.350000000000005000 ) ) ;
#1706 = CARTESIAN_POINT ( 'NONE',  ( 3.193672213289610300, 6.535718485426611000, 2.546943076929711700 ) ) ;
#1707 = CARTESIAN_POINT ( 'NONE',  ( -0.2113327392475746700, 4.401826845264057700, 5.492379110250791300 ) ) ;
#1708 = CARTESIAN_POINT ( 'NONE',  ( 3.944760240409289900, -9.219286196006526900, 2.742530600695059400 ) ) ;
#1709 = VERTEX_POINT ( 'NONE', #2413 ) ;
#1710 = CARTESIAN_POINT ( 'NONE',  ( 4.047999407627161300, -15.25678619600651600, 5.795836187708174800 ) ) ;
#1711 = CARTESIAN_POINT ( 'NONE',  ( -0.5104944533770410200, 6.329998340009527000, 5.819643579270799400 ) ) ;
#1712 = CARTESIAN_POINT ( 'NONE',  ( 3.633379675925024100, 10.49738047066009200, 4.718142441128663700 ) ) ;
#1713 = CARTESIAN_POINT ( 'NONE',  ( 10.86450554662292400, 3.680356420729224100, 4.829998340009569600 ) ) ;
#1714 = CARTESIAN_POINT ( 'NONE',  ( -2.931327786710373300, 3.871378562817414000, 2.839141604523053100 ) ) ;
#1715 = DIRECTION ( 'NONE',  ( -1.000000000000000000, -2.863857827303820200E-031, 1.224646799147345600E-016 ) ) ;
#1716 = CARTESIAN_POINT ( 'NONE',  ( -9.231327786710357600, 6.758384208523724900, 4.896958519548593200 ) ) ;
#1717 = CARTESIAN_POINT ( 'NONE',  ( 5.259406098776351800, 9.564047137326760200, 5.526492704452461900 ) ) ;
#1718 = VERTEX_POINT ( 'NONE', #2977 ) ;
#1719 = AXIS2_PLACEMENT_3D ( 'NONE', #4804, #6326, #2238 ) ;
#1720 = CARTESIAN_POINT ( 'NONE',  ( 4.859272927391981700, -6.040119529339868600, 2.334600341910642900 ) ) ;
#1721 = EDGE_LOOP ( 'NONE', ( #2458, #1217, #3102, #3443, #2588, #3900 ) ) ;
#1722 = CARTESIAN_POINT ( 'NONE',  ( 11.91450554662292300, 4.094019031668182200, 4.641313432528429300 ) ) ;
#1723 = CARTESIAN_POINT ( 'NONE',  ( -6.810494453377028600, 6.458399530062931300, 6.101143420642320500 ) ) ;
#1724 = DIRECTION ( 'NONE',  ( 0.3590712205643570300, 0.0000000000000000000, 0.9333101620374777400 ) ) ;
#1725 = CARTESIAN_POINT ( 'NONE',  ( 6.907813798111795300, -2.422850111983757300, 2.604389934884570900 ) ) ;
#1726 = CARTESIAN_POINT ( 'NONE',  ( 6.701684510135630800, -5.719286196006537500, 4.971606782681495100 ) ) ;
#1727 = CARTESIAN_POINT ( 'NONE',  ( 5.811380564484257300, 2.651547137326779200, 2.024388159566371300 ) ) ;
#1728 = CARTESIAN_POINT ( 'NONE',  ( -2.902161120043706100, 5.352403240191906200, 5.538271952077018900 ) ) ;
#1729 = CARTESIAN_POINT ( 'NONE',  ( 13.57700554662291400, 6.458399530062931300, 6.101143420642317000 ) ) ;
#1730 = CC_DESIGN_APPROVAL ( #237, ( #1031 ) ) ;
#1731 = CARTESIAN_POINT ( 'NONE',  ( 9.500000000000001800, 1.323488975154463600E-021, 8.000000000000000000 ) ) ;
#1732 = CARTESIAN_POINT ( 'NONE',  ( 9.143672213289590900, 4.464281514573391600, 5.453056923070296800 ) ) ;
#1733 = CARTESIAN_POINT ( 'NONE',  ( 5.188619435515717800, -8.285952862673195100, 5.975611840433584700 ) ) ;
#1734 = CARTESIAN_POINT ( 'NONE',  ( 5.811380564484254700, -9.948452862673193000, 2.024388159566372600 ) ) ;
#1735 = CARTESIAN_POINT ( 'NONE',  ( 6.942278411359268400, -11.90261952933985500, 3.445114078229010200 ) ) ;
#1736 = CARTESIAN_POINT ( 'NONE',  ( 7.055239759590686600, 10.03071380399342700, 5.257469399304894400 ) ) ;
#1737 = CARTESIAN_POINT ( 'NONE',  ( 8.647838879956266200, 5.308977857911811400, 5.990856735486522300 ) ) ;
#1738 = CARTESIAN_POINT ( 'NONE',  ( -3.397994453377038800, 7.319643579270779000, 3.170001659990439700 ) ) ;
#1739 = EDGE_LOOP ( 'NONE', ( #5854, #6599, #6362, #3502 ) ) ;
#1740 = CARTESIAN_POINT ( 'NONE',  ( -12.26466112004368400, 5.647596759808096500, 2.461728047922993500 ) ) ;
#1741 = CARTESIAN_POINT ( 'NONE',  ( 6.140727072607996100, 13.12238047066008100, 5.665399658089310900 ) ) ;
#1742 = CARTESIAN_POINT ( 'NONE',  ( 6.701684510135630800, -4.931786196006537900, 4.971606782681495100 ) ) ;
#1743 = CARTESIAN_POINT ( 'NONE',  ( 13.78117221328958500, 6.758384208523724900, 4.896958519548590500 ) ) ;
#1744 = ORIENTED_EDGE ( 'NONE', *, *, #3209, .T. ) ;
#1745 = CARTESIAN_POINT ( 'NONE',  ( -7.802161120043694000, 5.691022142088190300, 2.009143264513487000 ) ) ;
#1746 = CARTESIAN_POINT ( 'NONE',  ( -16.69799445337700300, 7.319643579270779000, 3.170001659990441500 ) ) ;
#1747 = CARTESIAN_POINT ( 'NONE',  ( 3.633379675925002300, -0.6151195293398816800, 4.718142441128614800 ) ) ;
#1748 = CARTESIAN_POINT ( 'NONE',  ( 6.434466332036453900, -2.401171092894421700, 2.276370511923381900 ) ) ;
#1749 = CARTESIAN_POINT ( 'NONE',  ( 5.469854980381484200, -0.4202322112872037800, 2.324880168515846000 ) ) ;
#1750 = EDGE_CURVE ( 'NONE', #373, #4777, #1803, .T. ) ;
#1751 = CARTESIAN_POINT ( 'NONE',  ( 5.740593901223625100, -6.885952862673200900, 2.473507295547492400 ) ) ;
#1752 = CARTESIAN_POINT ( 'NONE',  ( 3.944760240409292500, 4.868213803993437900, 2.742530600695057600 ) ) ;
#1753 = CARTESIAN_POINT ( 'NONE',  ( 3.397838879956278200, 5.352403240191906200, 5.538271952077017200 ) ) ;
#1754 = CARTESIAN_POINT ( 'NONE',  ( 14.68533887995624600, 5.691022142088190300, 2.009143264513484800 ) ) ;
#1755 = CARTESIAN_POINT ( 'NONE',  ( 8.793672213289593000, 6.535718485426611000, 2.546943076929711200 ) ) ;
#1756 = CARTESIAN_POINT ( 'NONE',  ( 6.952000592372810300, -5.894286196006536500, 2.204163812291782600 ) ) ;
#1757 = ORIENTED_EDGE ( 'NONE', *, *, #4760, .T. ) ;
#1758 = CARTESIAN_POINT ( 'NONE',  ( 6.952000592372809400, -9.306786196006529000, 2.204163812291782600 ) ) ;
#1759 = CARTESIAN_POINT ( 'NONE',  ( -0.6590698111639488000, 5.421022839120518600, 5.650000000000006600 ) ) ;
#1760 = VERTEX_POINT ( 'NONE', #330 ) ;
#1761 = CARTESIAN_POINT ( 'NONE',  ( 3.633379675925024100, 9.797380470660092700, 4.718142441128663700 ) ) ;
#1762 = CARTESIAN_POINT ( 'NONE',  ( 9.406172213289595500, 4.159556185760689800, 5.880570050330727700 ) ) ;
#1763 = CARTESIAN_POINT ( 'NONE',  ( -3.456327786710374100, 6.840443814239312000, 2.119429949669282100 ) ) ;
#1764 = DIRECTION ( 'NONE',  ( -2.220446049250337700E-016, -1.000000000000000000, 1.224646799147324600E-016 ) ) ;
#1765 = CARTESIAN_POINT ( 'NONE',  ( -10.74799445337702000, 6.905980968331821400, 3.358686567471580900 ) ) ;
#1766 = CARTESIAN_POINT ( 'NONE',  ( 5.740593901223629600, 10.61404713732675900, 2.473507295547490200 ) ) ;
#1767 = CARTESIAN_POINT ( 'NONE',  ( 6.621914875055267700, -3.356786196006543000, 2.612414249184341400 ) ) ;
#1768 = CARTESIAN_POINT ( 'NONE',  ( 5.188619435515662700, -0.5859528626732147800, 5.975611840433574100 ) ) ;
#1769 = CARTESIAN_POINT ( 'NONE',  ( -5.468827786710368100, 7.128621437182588700, 5.160858395476958000 ) ) ;
#1770 = AXIS2_PLACEMENT_3D ( 'NONE', #5195, #2111, #5716 ) ;
#1771 = CARTESIAN_POINT ( 'NONE',  ( -16.40632778671034200, 4.159556185760689800, 5.880570050330731200 ) ) ;
#1772 = CARTESIAN_POINT ( 'NONE',  ( 6.621914875055265900, -15.95678619600651000, 2.612414249184343200 ) ) ;
#1773 = DIRECTION ( 'NONE',  ( 8.659560562354911900E-017, 0.7071067811865491300, -0.7071067811865459100 ) ) ;
#1774 = CARTESIAN_POINT ( 'NONE',  ( 3.747060025050997100, -2.239944763105686600, 4.380747348241206900 ) ) ;
#1775 = CARTESIAN_POINT ( 'NONE',  ( 6.942278411359269300, -7.702619529339864700, 3.445114078229010200 ) ) ;
#1776 = CARTESIAN_POINT ( 'NONE',  ( 3.633379675925024100, 9.184880470660093700, 4.718142441128663700 ) ) ;
#1777 = CARTESIAN_POINT ( 'NONE',  ( 0.7728388799562836400, 3.723756548762971400, 3.829569941986564500 ) ) ;
#1778 = B_SPLINE_CURVE_WITH_KNOTS ( 'NONE', 3,
 ( #1548, #518, #1615, #4143, #1570, #2602, #3123, #15, #2714, #3257, #3772, #6311, #1663, #6336, #2694, #684, #3727, #150, #3212, #3701, #610, #1138, #4236, #4789, #4280, #1707, #2203, #128, #4744, #2736 ),
 .UNSPECIFIED., .F., .F.,
 ( 4, 2, 2, 2, 2, 2, 2, 2, 2, 2, 2, 2, 2, 2, 4 ),
 ( 1.016114115540116300E-016, 0.0003449101363143267700, 0.0006898202726285519600, 0.001034730408942777200, 0.001379640545257002400, 0.001724550681571227700, 0.002069460817885452500, 0.002414370954199677900, 0.002759281090513901600, 0.003104191226828125800, 0.003449101363142349900, 0.003794011499456574100, 0.004138921635770797400, 0.004828741908399241400, 0.005518562181027686200 ),
 .UNSPECIFIED. ) ;
#1779 = CARTESIAN_POINT ( 'NONE',  ( 9.493672213289594100, 6.535718485426611000, 2.546943076929711200 ) ) ;
#1780 = CARTESIAN_POINT ( 'NONE',  ( 7.781240055777096200, -8.110952862673197900, 4.359551305450800400 ) ) ;
#1781 = CARTESIAN_POINT ( 'NONE',  ( 5.188619435515716900, -11.69845286267318800, 5.975611840433584700 ) ) ;
#1782 = VECTOR ( 'NONE', #3836, 1000.000000000000000 ) ;
#1783 = CARTESIAN_POINT ( 'NONE',  ( -0.4000000000000081300, 4.369787163106228600, 2.797868999101796200 ) ) ;
#1784 = CARTESIAN_POINT ( 'NONE',  ( 4.670760536595704300, 10.32238047066009100, 1.844612506840960000 ) ) ;
#1785 = CYLINDRICAL_SURFACE ( 'NONE', #3320, 1.650000000000000400 ) ;
#1786 = FACE_OUTER_BOUND ( 'NONE', #5508, .T. ) ;
#1787 = CARTESIAN_POINT ( 'NONE',  ( 12.61450554662292200, 7.319643579270779000, 3.170001659990437900 ) ) ;
#1788 = CARTESIAN_POINT ( 'NONE',  ( -0.4229944533770483300, 6.458399530062931300, 6.101143420642319600 ) ) ;
#1789 = CARTESIAN_POINT ( 'NONE',  ( -12.08966112004368500, 7.276243451237029100, 4.170430058013448800 ) ) ;
#1790 = CARTESIAN_POINT ( 'NONE',  ( 4.057721588640707600, 13.64738047066008500, 4.554885921770944500 ) ) ;
#1791 = CARTESIAN_POINT ( 'NONE',  ( 3.737358052336702000, -1.723452862673212600, 3.722186092726278000 ) ) ;
#1792 = EDGE_CURVE ( 'NONE', #5622, #2884, #2831, .T. ) ;
#1793 = CARTESIAN_POINT ( 'NONE',  ( -1.822994453377040800, 6.329998340009541200, 5.819643579270793200 ) ) ;
#1794 = CARTESIAN_POINT ( 'NONE',  ( -5.060494453377035700, 4.541600469937070500, 1.898856579357691300 ) ) ;
#1795 = CONICAL_SURFACE ( 'NONE', #4047, 1.650000000000000400, 0.7853981633974491700 ) ;
#1796 = CARTESIAN_POINT ( 'NONE',  ( 5.499999999999997300, -2.500000000000004000, 4.000000000000000000 ) ) ;
#1797 = CARTESIAN_POINT ( 'NONE',  ( 5.756888965699508800, -2.046380268456844400, 2.370120231642253800 ) ) ;
#1798 = CARTESIAN_POINT ( 'NONE',  ( 7.267383895191088100, -2.443695112626334900, 3.057224081707992100 ) ) ;
#1799 = CARTESIAN_POINT ( 'NONE',  ( 4.057721588640703200, -5.952619529339870000, 4.554885921770946300 ) ) ;
#1800 = CARTESIAN_POINT ( 'NONE',  ( 7.781240055777098000, 6.676547137326766200, 4.359551305450797700 ) ) ;
#1801 = CARTESIAN_POINT ( 'NONE',  ( -0.1021611200437127400, 5.352403240191906200, 5.538271952077018100 ) ) ;
#1802 = VERTEX_POINT ( 'NONE', #1350 ) ;
#1803 = CIRCLE ( 'NONE', #2530, 2.049999999999999800 ) ;
#1804 = CARTESIAN_POINT ( 'NONE',  ( 7.627005546622932300, 6.240524965810419800, 5.623486981083738500 ) ) ;
#1805 = CARTESIAN_POINT ( 'NONE',  ( 7.055239759590683100, -7.469286196006532200, 5.257469399304896200 ) ) ;
#1806 = CARTESIAN_POINT ( 'NONE',  ( 3.849999999999988500, -1.153216402195260400, 4.000000000000016000 ) ) ;
#1807 = CARTESIAN_POINT ( 'NONE',  ( 3.944760240409289000, -11.23178619600652400, 2.742530600695059800 ) ) ;
#1808 = CARTESIAN_POINT ( 'NONE',  ( 3.633379675925024100, 11.89738047066009100, 4.718142441128663700 ) ) ;
#1809 = CARTESIAN_POINT ( 'NONE',  ( 12.84783887995625500, 5.308977857911811400, 5.990856735486521400 ) ) ;
#1810 = CARTESIAN_POINT ( 'NONE',  ( -1.239661120043711500, 7.798843344302243400, 4.220573370311596400 ) ) ;
#1811 = CARTESIAN_POINT ( 'NONE',  ( 6.218142441128732000, -1.227619529339874400, 5.866620324074928000 ) ) ;
#1812 = CARTESIAN_POINT ( 'NONE',  ( -6.139661120043699700, 3.723756548762971400, 3.829569941986565000 ) ) ;
#1813 = CARTESIAN_POINT ( 'NONE',  ( 6.140727072607994300, 12.42238047066008600, 5.665399658089310900 ) ) ;
#1814 = CARTESIAN_POINT ( 'NONE',  ( 7.055239759590684800, -0.4692861960065470800, 5.257469399304895300 ) ) ;
#1815 = CARTESIAN_POINT ( 'NONE',  ( 4.298315489864343400, -1.781786196006546600, 3.028393217318459100 ) ) ;
#1816 = CARTESIAN_POINT ( 'NONE',  ( -3.135494453377038100, 3.680356420729224100, 4.829998340009571400 ) ) ;
#1817 = CARTESIAN_POINT ( 'NONE',  ( -1.179233714260078400, 5.842426312431478600, 6.042040964195517300 ) ) ;
#1818 = CARTESIAN_POINT ( 'NONE',  ( 7.262641947663270000, -14.67345286267318200, 4.277813907273678500 ) ) ;
#1819 = CARTESIAN_POINT ( 'NONE',  ( -2.500000000000000000, 8.500000000000000000, 8.000000000000000000 ) ) ;
#1820 = CARTESIAN_POINT ( 'NONE',  ( 6.218142441128715200, -1.927619529339873900, 5.866620324074927100 ) ) ;
#1821 = CARTESIAN_POINT ( 'NONE',  ( 4.057721588640704100, -1.752619529339877900, 4.554885921770946300 ) ) ;
#1822 = CARTESIAN_POINT ( 'NONE',  ( 4.047999407627165700, 5.743213803993437100, 5.795836187708171200 ) ) ;
#1823 = CARTESIAN_POINT ( 'NONE',  ( 1.939505546622947200, 6.240524965810419800, 5.623486981083739300 ) ) ;
#1824 = CC_DESIGN_PERSON_AND_ORGANIZATION_ASSIGNMENT ( #233, #3255, ( #4364 ) ) ;
#1825 = CARTESIAN_POINT ( 'NONE',  ( 8.502005546622927000, 4.094019031668182200, 4.641313432528430200 ) ) ;
#1826 = CARTESIAN_POINT ( 'NONE',  ( 5.188619435515717800, -7.585952862673196700, 5.975611840433584700 ) ) ;
#1827 = CARTESIAN_POINT ( 'NONE',  ( 6.826472851460573900, -2.165700899497672500, 2.893384689217600100 ) ) ;
#1828 = ORIENTED_EDGE ( 'NONE', *, *, #5285, .F. ) ;
#1829 = CARTESIAN_POINT ( 'NONE',  ( 3.218759944222876300, -10.47345286267319200, 3.640448694549157000 ) ) ;
#1830 = CARTESIAN_POINT ( 'NONE',  ( -11.76882778671035000, 4.241615791476277800, 3.103041480451420100 ) ) ;
#1831 = CARTESIAN_POINT ( 'NONE',  ( 5.811380564484260000, 12.36404713732675400, 2.024388159566370000 ) ) ;
#1832 = CARTESIAN_POINT ( 'NONE',  ( -1.064661120043712600, 5.308977857911811400, 5.990856735486523200 ) ) ;
#1833 = CARTESIAN_POINT ( 'NONE',  ( -5.964661120043698100, 5.647596759808096500, 2.461728047922992600 ) ) ;
#1834 = CARTESIAN_POINT ( 'NONE',  ( 4.378085124944710100, 12.30571380399342000, 5.387585750815611100 ) ) ;
#1835 = CARTESIAN_POINT ( 'NONE',  ( 7.366620324074953700, -2.452619529339877100, 3.281857558871290200 ) ) ;
#1836 = CARTESIAN_POINT ( 'NONE',  ( 7.262641947663271800, -2.773452862673210500, 4.277813907273678500 ) ) ;
#1837 = CARTESIAN_POINT ( 'NONE',  ( -6.168827786710363800, 7.128621437182588700, 5.160858395476958900 ) ) ;
#1838 = DIRECTION ( 'NONE',  ( -6.938893903907223400E-016, 1.000000000000000000, 0.0000000000000000000 ) ) ;
#1839 = CARTESIAN_POINT ( 'NONE',  ( 6.621914875055265900, -16.65678619600651100, 2.612414249184343200 ) ) ;
#1840 = CARTESIAN_POINT ( 'NONE',  ( 3.703130220034813300, -2.249204292245171400, 4.149197597429586700 ) ) ;
#1841 = EDGE_CURVE ( 'NONE', #982, #852, #2032, .T. ) ;
#1842 = CARTESIAN_POINT ( 'NONE',  ( 4.057721588640704100, -1.052619529339882100, 4.554885921770946300 ) ) ;
#1843 = CARTESIAN_POINT ( 'NONE',  ( 6.952000592372812100, 7.493213803993433500, 2.204163812291781300 ) ) ;
#1844 = CARTESIAN_POINT ( 'NONE',  ( 2.581172213289611300, 6.758384208523724900, 4.896958519548592300 ) ) ;
#1845 = ORIENTED_EDGE ( 'NONE', *, *, #2308, .F. ) ;
#1846 = CARTESIAN_POINT ( 'NONE',  ( 10.36867221328959100, 6.758384208523724900, 4.896958519548591400 ) ) ;
#1847 = CARTESIAN_POINT ( 'NONE',  ( 7.366620324074953700, -3.852619529339875700, 3.281857558871290200 ) ) ;
#1848 = CARTESIAN_POINT ( 'NONE',  ( 3.633379675925021000, -6.215119529339868400, 4.718142441128666300 ) ) ;
#1849 = CARTESIAN_POINT ( 'NONE',  ( -15.15216112004367600, 5.647596759808096500, 2.461728047922993500 ) ) ;
#1850 = CARTESIAN_POINT ( 'NONE',  ( 1.152005546622946000, 3.680356420729224100, 4.829998340009571400 ) ) ;
#1851 = CARTESIAN_POINT ( 'NONE',  ( 3.849999999999988500, -0.9448615906279984600, 4.000000000000016000 ) ) ;
#1852 = CARTESIAN_POINT ( 'NONE',  ( -5.789661120043700900, 7.276243451237029100, 4.170430058013447900 ) ) ;
#1853 = CARTESIAN_POINT ( 'NONE',  ( 5.029002336493036300, -0.08471446861769226000, 2.088359727952591200 ) ) ;
#1854 = CARTESIAN_POINT ( 'NONE',  ( 4.670760536595701700, -2.977619529339875700, 1.844612506840961800 ) ) ;
#1855 = CARTESIAN_POINT ( 'NONE',  ( 6.701684510135631700, -1.431786196006547000, 4.971606782681495100 ) ) ;
#1856 = CARTESIAN_POINT ( 'NONE',  ( 3.849999999999988500, -0.4532164021952642100, 3.999999999999981800 ) ) ;
#1857 = CARTESIAN_POINT ( 'NONE',  ( -4.302161120043704700, 5.691022142088190300, 2.009143264513486600 ) ) ;
#1859 = CARTESIAN_POINT ( 'NONE',  ( -14.83132778671034300, 3.871378562817414000, 2.839141604523054900 ) ) ;
#1858 = CIRCLE ( 'NONE', #3526, 3.750000000000000000 ) ;
#1860 = CARTESIAN_POINT ( 'NONE',  ( 6.621914875055265900, -15.25678619600651600, 2.612414249184343200 ) ) ;
#1861 = LINE ( 'NONE', #6137, #2098 ) ;
#1862 = CARTESIAN_POINT ( 'NONE',  ( 3.869399932526103500, -2.226769259412389800, 4.715566755967526700 ) ) ;
#1863 = B_SPLINE_CURVE_WITH_KNOTS ( 'NONE', 3,
 ( #4759, #167, #4806, #5279, #3791, #1699, #2194, #5798, #2706, #4825, #5962, #266, #3315, #4921, #3338, #5984, #1840, #1774, #2352, #1862, #1333, #5443, #3408, #2871, #4403, #3888, #1266, #312, #4897, #212 ),
 .UNSPECIFIED., .F., .F.,
 ( 4, 2, 2, 2, 2, 2, 2, 2, 2, 2, 2, 2, 2, 2, 4 ),
 ( 0.002304224376903945200, 0.002658476066389017400, 0.003012727755874089600, 0.003366979445359161900, 0.003721231134844234100, 0.004075482824329306300, 0.004429734513814379300, 0.005138237892784522900, 0.005492489582269594200, 0.005846741271754665600, 0.006200992961239737800, 0.006555244650724810800, 0.007263748029694957900, 0.007617999719180030900, 0.007972251408665104900 ),
 .UNSPECIFIED. ) ;
#1864 = CARTESIAN_POINT ( 'NONE',  ( 5.740593901223626000, -2.685952862673212300, 2.473507295547491500 ) ) ;
#1865 = CARTESIAN_POINT ( 'NONE',  ( 6.952000592372813000, 8.893213803993424100, 2.204163812291780800 ) ) ;
#1866 = CARTESIAN_POINT ( 'NONE',  ( 4.622838879956274700, 7.276243451237029100, 4.170430058013445200 ) ) ;
#1867 = CARTESIAN_POINT ( 'NONE',  ( 7.262641947663274400, 4.926547137326770600, 4.277813907273675800 ) ) ;
#1868 = DATE_AND_TIME ( #3151, #2662 ) ;
#1869 = CYLINDRICAL_SURFACE ( 'NONE', #5387, 1.999999999999999600 ) ;
#1870 = CARTESIAN_POINT ( 'NONE',  ( 10.66033887995625700, 3.723756548762971400, 3.829569941986563200 ) ) ;
#1871 = CARTESIAN_POINT ( 'NONE',  ( 4.670760536595700800, -7.090119529339867600, 1.844612506840962000 ) ) ;
#1872 = CARTESIAN_POINT ( 'NONE',  ( -13.11049445337701500, 4.759475034189582800, 2.376513018916273100 ) ) ;
#1873 = CARTESIAN_POINT ( 'NONE',  ( 6.329239463404276100, 12.07238047066008800, 6.155387493158992000 ) ) ;
#1874 = CARTESIAN_POINT ( 'NONE',  ( -1.181327786710378400, 7.128621437182588700, 5.160858395476958000 ) ) ;
#1875 = CARTESIAN_POINT ( 'NONE',  ( -6.781327786710363600, 4.241615791476277800, 3.103041480451419300 ) ) ;
#1876 = CARTESIAN_POINT ( 'NONE',  ( 5.382069831134349300, -0.09781393524881769300, 2.047813935249591700 ) ) ;
#1877 = CARTESIAN_POINT ( 'NONE',  ( 6.329239463404272600, -3.327619529339874500, 6.155387493158993800 ) ) ;
#1878 = ORIENTED_EDGE ( 'NONE', *, *, #59, .F. ) ;
#1879 = CARTESIAN_POINT ( 'NONE',  ( 4.298315489864343400, -3.181786196006543200, 3.028393217318459100 ) ) ;
#1880 = DIRECTION ( 'NONE',  ( -1.000000000000000000, 0.0000000000000000000, 0.0000000000000000000 ) ) ;
#1881 = CARTESIAN_POINT ( 'NONE',  ( -0.8604944533770464400, 4.541600469937070500, 1.898856579357690800 ) ) ;
#1882 = CARTESIAN_POINT ( 'NONE',  ( -15.93966112004367600, 7.798843344302243400, 4.220573370311598200 ) ) ;
#1883 = CARTESIAN_POINT ( 'NONE',  ( 7.262641947663270000, -11.17345286267319300, 4.277813907273678500 ) ) ;
#1884 = ORIENTED_EDGE ( 'NONE', *, *, #2308, .T. ) ;
#1885 = CARTESIAN_POINT ( 'NONE',  ( 7.149999999999981700, -0.8439776007258674700, 4.583596226739971700 ) ) ;
#1886 = CARTESIAN_POINT ( 'NONE',  ( 5.259406098776349100, -2.335952862673212700, 5.526492704452463700 ) ) ;
#1887 = EDGE_LOOP ( 'NONE', ( #5382, #6261, #120, #3339, #741 ) ) ;
#1888 = CARTESIAN_POINT ( 'NONE',  ( 3.218759944222881100, 10.52654713732675900, 3.640448694549154300 ) ) ;
#1889 = CARTESIAN_POINT ( 'NONE',  ( 4.506172213289604900, 6.535718485426611000, 2.546943076929711700 ) ) ;
#1890 = CARTESIAN_POINT ( 'NONE',  ( 3.737358052336703400, 2.476547137326776700, 3.722186092726277100 ) ) ;
#1891 = CARTESIAN_POINT ( 'NONE',  ( 10.19367221328959700, 6.535718485426611000, 2.546943076929710800 ) ) ;
#1892 = CARTESIAN_POINT ( 'NONE',  ( 5.756888965699509700, -0.6463802684568463700, 2.370120231642253800 ) ) ;
#1893 = CARTESIAN_POINT ( 'NONE',  ( 7.781240055777096200, -7.323452862673200100, 4.359551305450800400 ) ) ;
#1894 = CARTESIAN_POINT ( 'NONE',  ( -13.16882778671034700, 4.241615791476277800, 3.103041480451420100 ) ) ;
#1895 = CARTESIAN_POINT ( 'NONE',  ( 0.0000000000000000000, 9.500000000000001800, 7.000000000000000000 ) ) ;
#1896 = CARTESIAN_POINT ( 'NONE',  ( 2.377005546622943400, 6.458399530062931300, 6.101143420642317800 ) ) ;
#1897 = DIRECTION ( 'NONE',  ( -2.220446049250337700E-016, -1.000000000000000000, 1.224646799147324600E-016 ) ) ;
#1898 = CARTESIAN_POINT ( 'NONE',  ( -6.256327786710368600, 4.464281514573391600, 5.453056923070299400 ) ) ;
#1899 = CARTESIAN_POINT ( 'NONE',  ( 5.811380564484256400, -3.035952862673208900, 2.024388159566371700 ) ) ;
#1900 = CARTESIAN_POINT ( 'NONE',  ( 5.740593901223626900, 1.601547137326776700, 2.473507295547491500 ) ) ;
#1901 = DIRECTION ( 'NONE',  ( -1.000000000000000000, -2.863857827303820200E-031, 1.224646799147345600E-016 ) ) ;
#1902 = ORIENTED_EDGE ( 'NONE', *, *, #1046, .F. ) ;
#1903 = CARTESIAN_POINT ( 'NONE',  ( 0.4228388799562832200, 3.201156655697758900, 3.779426629688413800 ) ) ;
#1904 = CARTESIAN_POINT ( 'NONE',  ( -14.59799445337701100, 7.319643579270779000, 3.170001659990441000 ) ) ;
#1905 = CARTESIAN_POINT ( 'NONE',  ( 6.140727072607991700, -1.577619529339880300, 5.665399658089312700 ) ) ;
#1906 = CARTESIAN_POINT ( 'NONE',  ( 3.633379675925024100, 9.884880470660093000, 4.718142441128663700 ) ) ;
#1907 = CARTESIAN_POINT ( 'NONE',  ( 6.256172213289600500, 4.464281514573391600, 5.453056923070296800 ) ) ;
#1908 = ORIENTED_EDGE ( 'NONE', *, *, #5738, .F. ) ;
#1909 = CARTESIAN_POINT ( 'NONE',  ( 6.140727072607993400, 2.709880470660112700, 5.665399658089312700 ) ) ;
#1910 = CARTESIAN_POINT ( 'NONE',  ( 11.30200554662292400, 4.094019031668182200, 4.641313432528429300 ) ) ;
#1911 = ADVANCED_FACE ( 'NONE', ( #5099 ), #3559, .T. ) ;
#1912 = CARTESIAN_POINT ( 'NONE',  ( 6.718301849540088400, -0.4088587902229179900, 5.674194636923984600 ) ) ;
#1913 = CARTESIAN_POINT ( 'NONE',  ( 3.944760240409289900, -8.431786196006530800, 2.742530600695058900 ) ) ;
#1914 = CARTESIAN_POINT ( 'NONE',  ( -12.06049445337701600, 6.240524965810419800, 5.623486981083740200 ) ) ;
#1915 = CARTESIAN_POINT ( 'NONE',  ( 5.410338879956268200, 3.201156655697758900, 3.779426629688413400 ) ) ;
#1916 = ORIENTED_EDGE ( 'NONE', *, *, #85, .T. ) ;
#1917 = CARTESIAN_POINT ( 'NONE',  ( -1.414661120043710500, 5.352403240191906200, 5.538271952077018100 ) ) ;
#1918 = CARTESIAN_POINT ( 'NONE',  ( -0.5104944533770410200, 6.329998340009527000, 5.819643579270799400 ) ) ;
#1919 = CARTESIAN_POINT ( 'NONE',  ( 5.811380564484253800, -16.33595286267317800, 2.024388159566373500 ) ) ;
#1920 = ORIENTED_EDGE ( 'NONE', *, *, #603, .F. ) ;
#1921 = CARTESIAN_POINT ( 'NONE',  ( -2.377161120043708400, 3.201156655697754900, 3.779426629688458700 ) ) ;
#1922 = DIRECTION ( 'NONE',  ( 1.000000000000000000, -0.0000000000000000000, -0.0000000000000000000 ) ) ;
#1923 = CARTESIAN_POINT ( 'NONE',  ( -1.910494453377041600, 6.458399530062931300, 6.101143420642319600 ) ) ;
#1924 = CARTESIAN_POINT ( 'NONE',  ( -15.76466112004367300, 5.308977857911811400, 5.990856735486525000 ) ) ;
#1925 = CARTESIAN_POINT ( 'NONE',  ( 7.149999999999986100, -0.8032164021952660200, 3.999999999999991600 ) ) ;
#1926 = CARTESIAN_POINT ( 'NONE',  ( 3.737358052336703400, -0.4109528626732166200, 3.722186092726278000 ) ) ;
#1927 = CARTESIAN_POINT ( 'NONE',  ( 7.366620324074956400, 10.23488047066008900, 3.281857558871288400 ) ) ;
#1928 = CARTESIAN_POINT ( 'NONE',  ( 5.089505546622938900, 4.759475034189582800, 2.376513018916270900 ) ) ;
#1929 = CARTESIAN_POINT ( 'NONE',  ( 5.740593901223627800, 4.401547137326773800, 2.473507295547490600 ) ) ;
#1930 = CARTESIAN_POINT ( 'NONE',  ( 11.47700554662292300, 4.759475034189582800, 2.376513018916270000 ) ) ;
#1931 = CARTESIAN_POINT ( 'NONE',  ( -0.8674246227312110100, 5.421022839120508000, 5.650000000000003900 ) ) ;
#1932 = CARTESIAN_POINT ( 'NONE',  ( 4.047999407627163900, -6.856786196006534200, 5.795836187708173900 ) ) ;
#1933 = CARTESIAN_POINT ( 'NONE',  ( -10.07716112004368700, 7.276243451237029100, 4.170430058013447900 ) ) ;
#1934 = CARTESIAN_POINT ( 'NONE',  ( 5.002005546622938500, 7.319643579270779000, 3.170001659990438800 ) ) ;
#1935 = CARTESIAN_POINT ( 'NONE',  ( 6.184122557308522300, -1.429692123556249200, 5.778194681856164500 ) ) ;
#1936 = CARTESIAN_POINT ( 'NONE',  ( -2.581327786710373700, 4.241615791476277800, 3.103041480451418800 ) ) ;
#1937 = DIRECTION ( 'NONE',  ( 0.0000000000000000000, 0.0000000000000000000, -1.000000000000000000 ) ) ;
#1938 = CARTESIAN_POINT ( 'NONE',  ( 6.701684510135634400, 11.86821380399342400, 4.971606782681493400 ) ) ;
#1939 = LINE ( 'NONE', #301, #5887 ) ;
#1940 = EDGE_CURVE ( 'NONE', #6269, #3743, #818, .T. ) ;
#1941 = CYLINDRICAL_SURFACE ( 'NONE', #4566, 1.999999999999999600 ) ;
#1942 = ADVANCED_FACE ( 'NONE', ( #649 ), #1143, .F. ) ;
#1943 =( BOUNDED_CURVE ( )  B_SPLINE_CURVE ( 2, ( #2428, #6528, #1797, #4756, #1695, #3226, #5797 ),
 .UNSPECIFIED., .F., .F. ) 
 B_SPLINE_CURVE_WITH_KNOTS ( ( 3, 2, 2, 3 ),
 ( 0.5019915231696756600, 0.5037037037037036500, 0.5074074074074074200, 0.5098005633559790100 ),
 .UNSPECIFIED. ) 
 CURVE ( )  GEOMETRIC_REPRESENTATION_ITEM ( )  RATIONAL_B_SPLINE_CURVE ( ( 0.9333937628392103800, 0.9380650521624720500, 1.000000000000000000, 0.8660254037844387100, 1.000000000000000000, 0.9134320324894970000, 0.9387362140368922200 ) ) 
 REPRESENTATION_ITEM ( '' )  );
#1944 = DIRECTION ( 'NONE',  ( -2.220446049250337700E-016, -1.000000000000000000, 1.224646799147324600E-016 ) ) ;
#1945 = CARTESIAN_POINT ( 'NONE',  ( -2.377161120043710200, 3.201156655697758900, 3.779426629688414300 ) ) ;
#1946 = CARTESIAN_POINT ( 'NONE',  ( -13.25632778671034600, 6.840443814239312000, 2.119429949669283000 ) ) ;
#1947 = CARTESIAN_POINT ( 'NONE',  ( 6.701684510135632600, 2.680713803993442400, 4.971606782681494300 ) ) ;
#1948 = CARTESIAN_POINT ( 'NONE',  ( 7.366620324074956400, 10.93488047066008800, 3.281857558871288400 ) ) ;
#1949 = CARTESIAN_POINT ( 'NONE',  ( 6.489505546622936500, 4.759475034189582800, 2.376513018916270900 ) ) ;
#1950 = CARTESIAN_POINT ( 'NONE',  ( 4.298315489864344300, 3.818213803993442100, 3.028393217318458200 ) ) ;
#1951 = CARTESIAN_POINT ( 'NONE',  ( 14.68533887995624600, 5.352403240191906200, 5.538271952077016300 ) ) ;
#1952 = DIRECTION ( 'NONE',  ( 0.0000000000000000000, 1.000000000000000000, 0.0000000000000000000 ) ) ;
#1953 = CARTESIAN_POINT ( 'NONE',  ( 7.366620324074953700, -2.365119529339878100, 3.281857558871290200 ) ) ;
#1954 = CARTESIAN_POINT ( 'NONE',  ( -11.18549445337702000, 4.094019031668182200, 4.641313432528432900 ) ) ;
#1955 = ORIENTED_EDGE ( 'NONE', *, *, #2024, .F. ) ;
#1956 = FACE_OUTER_BOUND ( 'NONE', #3005, .T. ) ;
#1957 = CARTESIAN_POINT ( 'NONE',  ( 3.543672213289604600, 6.840443814239312000, 2.119429949669281200 ) ) ;
#1958 = DIRECTION ( 'NONE',  ( 0.0000000000000000000, -0.7071067811865469100, -0.7071067811865482400 ) ) ;
#1959 = CARTESIAN_POINT ( 'NONE',  ( -1.939661120043710200, 3.723756548762971400, 3.829569941986564500 ) ) ;
#1960 = CARTESIAN_POINT ( 'NONE',  ( 4.781857558871279500, -2.277619529339874700, 2.133379675925013000 ) ) ;
#1961 = CARTESIAN_POINT ( 'NONE',  ( 5.259406098776351800, 11.75154713732675500, 5.526492704452461900 ) ) ;
#1962 = EDGE_CURVE ( 'NONE', #4777, #373, #2193, .T. ) ;
#1963 = CARTESIAN_POINT ( 'NONE',  ( 9.500000000000003600, -2.500000000000002200, 1.000000000000000000 ) ) ;
#1964 = CARTESIAN_POINT ( 'NONE',  ( -1.210494453377046800, 6.458399530062931300, 6.101143420642319600 ) ) ;
#1965 = CARTESIAN_POINT ( 'NONE',  ( -9.931327786710356900, 3.871378562817414000, 2.839141604523054000 ) ) ;
#1966 = CARTESIAN_POINT ( 'NONE',  ( 5.259406098776349100, 0.4640471373267840400, 5.526492704452462800 ) ) ;
#1967 = CARTESIAN_POINT ( 'NONE',  ( 6.329239463404276100, 12.15988047066008300, 6.155387493158992000 ) ) ;
#1968 = CARTESIAN_POINT ( 'NONE',  ( 9.464505546622929100, 6.905980968331821400, 3.358686567471578700 ) ) ;
#1969 = CARTESIAN_POINT ( 'NONE',  ( 7.262641947663274400, 5.626547137326770800, 4.277813907273675800 ) ) ;
#1970 = CARTESIAN_POINT ( 'NONE',  ( 14.83117221328958400, 7.128621437182588700, 5.160858395476956200 ) ) ;
#1971 = CARTESIAN_POINT ( 'NONE',  ( -15.96882778671034100, 7.128621437182588700, 5.160858395476959800 ) ) ;
#1972 = AXIS2_PLACEMENT_3D ( 'NONE', #2641, #5302, #6393 ) ;
#1973 = ADVANCED_FACE ( 'NONE', ( #3715 ), #398, .T. ) ;
#1974 = ORIENTED_EDGE ( 'NONE', *, *, #1524, .F. ) ;
#1975 = CARTESIAN_POINT ( 'NONE',  ( 4.047999407627163900, -3.356786196006543000, 5.795836187708173000 ) ) ;
#1976 = CARTESIAN_POINT ( 'NONE',  ( -8.968827786710358300, 4.241615791476277800, 3.103041480451419700 ) ) ;
#1977 = CARTESIAN_POINT ( 'NONE',  ( 2.902005546622940600, 7.319643579270779000, 3.170001659990438800 ) ) ;
#1978 = CARTESIAN_POINT ( 'NONE',  ( 5.499999999999998200, 0.0000000000000000000, 1.949999999999990900 ) ) ;
#1979 = CARTESIAN_POINT ( 'NONE',  ( -4.039661120043705400, 3.723756548762971400, 3.829569941986565000 ) ) ;
#1980 = ORIENTED_EDGE ( 'NONE', *, *, #1588, .F. ) ;
#1981 = CARTESIAN_POINT ( 'NONE',  ( 5.499999999999998200, 0.0000000000000000000, 4.000000000000000000 ) ) ;
#1982 = CARTESIAN_POINT ( 'NONE',  ( 7.262641947663276200, 12.62654713732674800, 4.277813907273675800 ) ) ;
#1983 = CARTESIAN_POINT ( 'NONE',  ( 4.670760536595702600, 2.622380470660113300, 1.844612506840960700 ) ) ;
#1984 = CARTESIAN_POINT ( 'NONE',  ( 3.806172213289607900, 4.159556185760689800, 5.880570050330728500 ) ) ;
#1985 = CARTESIAN_POINT ( 'NONE',  ( -9.406327786710356500, 4.159556185760689800, 5.880570050330730300 ) ) ;
#1986 = CARTESIAN_POINT ( 'NONE',  ( 5.740593901223626900, -0.5859528626732147800, 2.473507295547491500 ) ) ;
#1987 = CARTESIAN_POINT ( 'NONE',  ( 5.740593901223623300, -14.58595286267318200, 2.473507295547493300 ) ) ;
#1988 = CARTESIAN_POINT ( 'NONE',  ( 5.740593901223624200, -12.39845286267318700, 2.473507295547493300 ) ) ;
#1989 = CARTESIAN_POINT ( 'NONE',  ( 8.647838879956266200, 5.647596759808096500, 2.461728047922990800 ) ) ;
#1990 = CARTESIAN_POINT ( 'NONE',  ( 5.259406098776351800, 8.951547137326757700, 5.526492704452461900 ) ) ;
#1991 = CARTESIAN_POINT ( 'NONE',  ( -14.27716112004367800, 3.201156655697758900, 3.779426629688416000 ) ) ;
#1992 = CARTESIAN_POINT ( 'NONE',  ( 0.0000000000000000000, 8.500000000000000000, 7.000000000000000000 ) ) ;
#1993 = CARTESIAN_POINT ( 'NONE',  ( 7.366620324074952800, -5.165119529339871300, 3.281857558871290600 ) ) ;
#1994 = CARTESIAN_POINT ( 'NONE',  ( -9.610494453377024000, 4.759475034189582800, 2.376513018916272600 ) ) ;
#1995 = ORIENTED_EDGE ( 'NONE', *, *, #6242, .T. ) ;
#1996 = CARTESIAN_POINT ( 'NONE',  ( 8.268672213289599800, 3.871378562817414000, 2.839141604523051800 ) ) ;
#1997 = EDGE_CURVE ( 'NONE', #5999, #246, #1943, .T. ) ;
#1998 = CARTESIAN_POINT ( 'NONE',  ( -0.3319538940485576300, 7.021994015115302200, 4.810168367068070200 ) ) ;
#1999 = CARTESIAN_POINT ( 'NONE',  ( -5.031327786710369000, 6.758384208523724900, 4.896958519548593200 ) ) ;
#2000 = CARTESIAN_POINT ( 'NONE',  ( -2.305377184029929100, 5.329252280524282300, 2.144622815972263600 ) ) ;
#2001 = CARTESIAN_POINT ( 'NONE',  ( 6.140727072607996100, 13.20988047066007800, 5.665399658089310900 ) ) ;
#2002 = CARTESIAN_POINT ( 'NONE',  ( 5.188619435515719600, 1.514047137326779400, 5.975611840433583800 ) ) ;
#2003 = CARTESIAN_POINT ( 'NONE',  ( 4.564505546622941200, 3.680356420729224100, 4.829998340009570500 ) ) ;
#2004 = CARTESIAN_POINT ( 'NONE',  ( -12.32299445337701500, 6.458399530062931300, 6.101143420642320500 ) ) ;
#2005 = CARTESIAN_POINT ( 'NONE',  ( 4.047999407627160400, -2.044286196006544800, 5.795836187708169400 ) ) ;
#2006 = CARTESIAN_POINT ( 'NONE',  ( 6.701684510135632600, 0.5807138039934483000, 4.971606782681494300 ) ) ;
#2007 = CARTESIAN_POINT ( 'NONE',  ( 4.057721588640700500, -17.15261952933984100, 4.554885921770947200 ) ) ;
#2008 = CARTESIAN_POINT ( 'NONE',  ( 5.259406098776346500, -14.14845286267318200, 5.526492704452465400 ) ) ;
#2009 = CARTESIAN_POINT ( 'NONE',  ( 5.259406098776350900, 7.551547137326767100, 5.526492704452462800 ) ) ;
#2010 = CIRCLE ( 'NONE', #3181, 2.050000000000008300 ) ;
#2011 = CARTESIAN_POINT ( 'NONE',  ( 14.30617221328958000, 4.159556185760689800, 5.880570050330726800 ) ) ;
#2012 = CYLINDRICAL_SURFACE ( 'NONE', #4531, 2.000000000000000000 ) ;
#2013 = CARTESIAN_POINT ( 'NONE',  ( -15.91049445337700500, 6.458399530062931300, 6.101143420642321400 ) ) ;
#2014 = CARTESIAN_POINT ( 'NONE',  ( 4.047999407627163900, -4.056786196006542300, 5.795836187708173000 ) ) ;
#2015 = CARTESIAN_POINT ( 'NONE',  ( -10.48549445337702200, 4.094019031668182200, 4.641313432528432000 ) ) ;
#2016 = AXIS2_PLACEMENT_3D ( 'NONE', #3446, #2907, #1937 ) ;
#2017 = LOCAL_TIME ( 13, 36, 16.00000000000000000, #5978 ) ;
#2018 = FACE_OUTER_BOUND ( 'NONE', #2030, .T. ) ;
#2019 = CARTESIAN_POINT ( 'NONE',  ( 6.868672213289600300, 3.871378562817414000, 2.839141604523051800 ) ) ;
#2020 = CARTESIAN_POINT ( 'NONE',  ( 7.149999999999970200, -1.335622789158604600, 4.583596226739985900 ) ) ;
#2021 = CARTESIAN_POINT ( 'NONE',  ( -0.3063277867103801900, 6.535718485426611000, 2.546943076929713000 ) ) ;
#2022 = DIRECTION ( 'NONE',  ( 2.220446049250312600E-016, 1.000000000000000000, -0.0000000000000000000 ) ) ;
#2023 = CARTESIAN_POINT ( 'NONE',  ( 4.670760536595699900, -13.47761952933985100, 1.844612506840962700 ) ) ;
#2024 = EDGE_CURVE ( 'NONE', #4796, #3031, #6149, .T. ) ;
#2025 = CARTESIAN_POINT ( 'NONE',  ( 3.944760240409288100, -16.83178619600651200, 2.742530600695060300 ) ) ;
#2026 = CARTESIAN_POINT ( 'NONE',  ( 4.670760536595702600, 1.922380470660112600, 1.844612506840960900 ) ) ;
#2027 = CARTESIAN_POINT ( 'NONE',  ( 1.939505546622947200, 4.541600469937070500, 1.898856579357690600 ) ) ;
#2028 = CARTESIAN_POINT ( 'NONE',  ( -11.09799445337701900, 7.319643579270779000, 3.170001659990440600 ) ) ;
#2029 = CARTESIAN_POINT ( 'NONE',  ( 3.960038232638141100, -0.9046921235562531700, 4.592467513931144800 ) ) ;
#2030 = EDGE_LOOP ( 'NONE', ( #14, #941, #5705, #2518 ) ) ;
#2031 = CARTESIAN_POINT ( 'NONE',  ( 3.737358052336704300, 6.589047137326766700, 3.722186092726276700 ) ) ;
#2032 = LINE ( 'NONE', #5980, #4939 ) ;
#2033 = CARTESIAN_POINT ( 'NONE',  ( 5.259406098776345600, -17.03595286267317700, 5.526492704452465400 ) ) ;
#2034 = CARTESIAN_POINT ( 'NONE',  ( 4.298315489864340800, -12.28178619600652000, 3.028393217318460500 ) ) ;
#2035 = CARTESIAN_POINT ( 'NONE',  ( 6.621914875055269400, 5.743213803993437100, 2.612414249184340500 ) ) ;
#2036 = CARTESIAN_POINT ( 'NONE',  ( 14.65617221328958000, 6.840443814239312000, 2.119429949669279400 ) ) ;
#2037 = VERTEX_POINT ( 'NONE', #4271 ) ;
#2038 = CARTESIAN_POINT ( 'NONE',  ( 13.86867221328958500, 6.758384208523724900, 4.896958519548590500 ) ) ;
#2039 = ADVANCED_FACE ( 'NONE', ( #2357 ), #1056, .F. ) ;
#2040 = ORIENTED_EDGE ( 'NONE', *, *, #6213, .F. ) ;
#2041 = CARTESIAN_POINT ( 'NONE',  ( 0.0000000000000000000, 1.250000000000000000, 0.0000000000000000000 ) ) ;
#2042 = CARTESIAN_POINT ( 'NONE',  ( 7.055239759590683900, -3.181786196006543200, 5.257469399304895300 ) ) ;
#2043 = CARTESIAN_POINT ( 'NONE',  ( -4.418827786710369100, 6.758384208523724900, 4.896958519548593200 ) ) ;
#2044 = CARTESIAN_POINT ( 'NONE',  ( 7.802005546622928600, 7.319643579270779000, 3.170001659990438400 ) ) ;
#2045 = CARTESIAN_POINT ( 'NONE',  ( 7.781240055777093500, -0.4109528626732165700, 4.359551305450810200 ) ) ;
#2046 = CARTESIAN_POINT ( 'NONE',  ( 0.8020055466229497600, 4.094019031668182200, 4.641313432528431100 ) ) ;
#2047 = CARTESIAN_POINT ( 'NONE',  ( 3.633379675925018300, -15.40261952933984600, 4.718142441128667200 ) ) ;
#2048 = CARTESIAN_POINT ( 'NONE',  ( 7.366620324074950200, -17.06511952933984200, 3.281857558871291500 ) ) ;
#2049 = CARTESIAN_POINT ( 'NONE',  ( 5.188619435515720500, 2.914047137326778000, 5.975611840433583000 ) ) ;
#2050 = CARTESIAN_POINT ( 'NONE',  ( 3.922838879956274600, 3.201156655697758900, 3.779426629688413800 ) ) ;
#2051 = CARTESIAN_POINT ( 'NONE',  ( -9.756327786710357900, 6.840443814239312000, 2.119429949669282600 ) ) ;
#2052 = CARTESIAN_POINT ( 'NONE',  ( 4.859272927391984400, 5.072380470660107200, 2.334600341910640700 ) ) ;
#2053 = CARTESIAN_POINT ( 'NONE',  ( 4.057721588640701400, -15.75261952933984600, 4.554885921770947200 ) ) ;
#2054 = CARTESIAN_POINT ( 'NONE',  ( 4.057721588640702300, -11.46511952933985500, 4.554885921770946300 ) ) ;
#2055 = ORIENTED_EDGE ( 'NONE', *, *, #5421, .T. ) ;
#2056 = CARTESIAN_POINT ( 'NONE',  ( 4.057721588640706800, 8.134880470660098300, 4.554885921770945400 ) ) ;
#2057 = CARTESIAN_POINT ( 'NONE',  ( 14.13117221328958500, 7.128621437182588700, 5.160858395476956200 ) ) ;
#2058 = CARTESIAN_POINT ( 'NONE',  ( -12.00216112004368400, 5.691022142088190300, 2.009143264513487500 ) ) ;
#2059 = AXIS2_PLACEMENT_3D ( 'NONE', #3882, #1306, #183 ) ;
#2060 =( BOUNDED_CURVE ( )  B_SPLINE_CURVE ( 2, ( #5119, #3556, #2545, #4574, #4105 ),
 .UNSPECIFIED., .F., .T. ) 
 B_SPLINE_CURVE_WITH_KNOTS ( ( 3, 2, 3 ),
 ( 0.5013105477551322900, 0.5037037037037037600, 0.5046613691615700100 ),
 .UNSPECIFIED. ) 
 CURVE ( )  GEOMETRIC_REPRESENTATION_ITEM ( )  RATIONAL_B_SPLINE_CURVE ( ( 0.9387362140368883400, 0.9134320324895035500, 1.000000000000000000, 0.9653582323826499500, 0.9486310858584454700 ) ) 
 REPRESENTATION_ITEM ( '' )  );
#2061 = CARTESIAN_POINT ( 'NONE',  ( 4.781857558871299000, -0.7901195293398815000, 2.133379675925013400 ) ) ;
#2062 = CARTESIAN_POINT ( 'NONE',  ( 7.098924319058330200, -0.1733022199363834200, 2.988670235134945700 ) ) ;
#2063 = CARTESIAN_POINT ( 'NONE',  ( 5.188619435515719600, -1.198452862673214900, 5.975611840433584700 ) ) ;
#2064 = ORIENTED_EDGE ( 'NONE', *, *, #5027, .T. ) ;
#2065 = CARTESIAN_POINT ( 'NONE',  ( -6.810494453377032200, 4.759475034189582800, 2.376513018916272600 ) ) ;
#2066 = CARTESIAN_POINT ( 'NONE',  ( 6.052005546622933900, 3.680356420729224100, 4.829998340009570500 ) ) ;
#2067 = CARTESIAN_POINT ( 'NONE',  ( 3.944760240409314300, -1.519286196006546000, 2.742530600695030100 ) ) ;
#2068 = CARTESIAN_POINT ( 'NONE',  ( 0.2186722132896182200, 4.241615791476277800, 3.103041480451418400 ) ) ;
#2069 = CARTESIAN_POINT ( 'NONE',  ( -0.1604944533770432400, 4.670001659990469500, 2.180356420729214300 ) ) ;
#2070 = CARTESIAN_POINT ( 'NONE',  ( 3.218759944222875400, -14.76095286267318200, 3.640448694549157400 ) ) ;
#2071 = CARTESIAN_POINT ( 'NONE',  ( 7.366620324074950200, -17.76511952933984200, 3.281857558871291500 ) ) ;
#2072 = CARTESIAN_POINT ( 'NONE',  ( 6.329239463404273500, 0.8723804706601131500, 6.155387493158992900 ) ) ;
#2073 = VERTEX_POINT ( 'NONE', #4228 ) ;
#2074 = CARTESIAN_POINT ( 'NONE',  ( 5.264505546622940500, 3.680356420729224100, 4.829998340009570500 ) ) ;
#2075 = CARTESIAN_POINT ( 'NONE',  ( -6.022994453377033400, 6.458399530062931300, 6.101143420642320500 ) ) ;
#2076 = DIRECTION ( 'NONE',  ( -1.000000000000000000, -2.863857827303820200E-031, 1.224646799147345600E-016 ) ) ;
#2077 = CARTESIAN_POINT ( 'NONE',  ( 7.262641947663274400, 4.139047137326772800, 4.277813907273675800 ) ) ;
#2078 = ORIENTED_EDGE ( 'NONE', *, *, #4721, .F. ) ;
#2079 = CARTESIAN_POINT ( 'NONE',  ( 6.701684510135629000, -14.81928619600651400, 4.971606782681496900 ) ) ;
#2080 = CARTESIAN_POINT ( 'NONE',  ( 6.140727072607990800, -7.790119529339866000, 5.665399658089314400 ) ) ;
#2081 = CARTESIAN_POINT ( 'NONE',  ( 5.740593901223629600, 11.40154713732675200, 2.473507295547489700 ) ) ;
#2082 = CARTESIAN_POINT ( 'NONE',  ( -11.82716112004368400, 7.798843344302243400, 4.220573370311598200 ) ) ;
#2083 = CARTESIAN_POINT ( 'NONE',  ( 7.338446637205219500, -0.2036216650184618800, 3.791194413699603000 ) ) ;
#2084 = CARTESIAN_POINT ( 'NONE',  ( 7.055239759590684800, 0.3182138039934459500, 5.257469399304895300 ) ) ;
#2085 = CARTESIAN_POINT ( 'NONE',  ( -5.002161120043700400, 5.352403240191906200, 5.538271952077018900 ) ) ;
#2086 = CARTESIAN_POINT ( 'NONE',  ( 10.95200554662292100, 3.680356420729224100, 4.829998340009569600 ) ) ;
#2087 = EDGE_CURVE ( 'NONE', #1097, #6485, #136, .T. ) ;
#2088 = CARTESIAN_POINT ( 'NONE',  ( 6.218142441128731200, -0.5276195293398751000, 5.866620324074919100 ) ) ;
#2089 = CARTESIAN_POINT ( 'NONE',  ( 2.377005546622943400, 4.759475034189582800, 2.376513018916271300 ) ) ;
#2090 = CARTESIAN_POINT ( 'NONE',  ( 7.055239759590681300, -12.36928619600652000, 5.257469399304897100 ) ) ;
#2091 = CARTESIAN_POINT ( 'NONE',  ( -1.572505289326785900, 5.500000000000015100, 5.650000000000004800 ) ) ;
#2092 = CARTESIAN_POINT ( 'NONE',  ( 3.944760240409293400, 6.880713803993434600, 2.742530600695057200 ) ) ;
#2093 = CARTESIAN_POINT ( 'NONE',  ( 5.906172213289606200, 4.159556185760689800, 5.880570050330727700 ) ) ;
#2094 = CARTESIAN_POINT ( 'NONE',  ( -6.956327786710364300, 6.840443814239312000, 2.119429949669282600 ) ) ;
#2095 = CARTESIAN_POINT ( 'NONE',  ( -13.19799445337701400, 4.094019031668182200, 4.641313432528432900 ) ) ;
#2096 = VECTOR ( 'NONE', #1029, 1000.000000000000000 ) ;
#2097 = CARTESIAN_POINT ( 'NONE',  ( 6.140727072607993400, 4.722380470660104000, 5.665399658089311800 ) ) ;
#2098 = VECTOR ( 'NONE', #1513, 1000.000000000000000 ) ;
#2099 = LINE ( 'NONE', #1, #722 ) ;
#2100 = CARTESIAN_POINT ( 'NONE',  ( 6.621914875055265900, -13.94428619600651800, 2.612414249184343200 ) ) ;
#2101 = CARTESIAN_POINT ( 'NONE',  ( 4.859272927391981700, -8.140119529339864700, 2.334600341910642900 ) ) ;
#2102 = CARTESIAN_POINT ( 'NONE',  ( 6.140727072607994300, 9.709880470660090500, 5.665399658089311800 ) ) ;
#2103 = CARTESIAN_POINT ( 'NONE',  ( 8.822838879956263400, 7.276243451237029100, 4.170430058013445200 ) ) ;
#2104 = CARTESIAN_POINT ( 'NONE',  ( -12.93549445337701300, 3.680356420729224100, 4.829998340009573200 ) ) ;
#2105 = CARTESIAN_POINT ( 'NONE',  ( -2.499999999999998700, 1.250000000000000700, 0.0000000000000000000 ) ) ;
#2106 = CARTESIAN_POINT ( 'NONE',  ( 5.259406098776347300, -8.635952862673194700, 5.526492704452464500 ) ) ;
#2107 = CARTESIAN_POINT ( 'NONE',  ( 3.633379675925021400, 0.08488047066011750200, 4.718142441128665400 ) ) ;
#2108 = CARTESIAN_POINT ( 'NONE',  ( -7.685494453377027700, 4.094019031668182200, 4.641313432528432000 ) ) ;
#2109 = ORIENTED_EDGE ( 'NONE', *, *, #3676, .T. ) ;
#2110 = CARTESIAN_POINT ( 'NONE',  ( 13.16867221328958600, 3.871378562817414000, 2.839141604523051300 ) ) ;
#2111 = DIRECTION ( 'NONE',  ( 1.000000000000000000, 1.369518533665900100E-016, -0.0000000000000000000 ) ) ;
#2112 = CARTESIAN_POINT ( 'NONE',  ( 0.6853388799562820700, 5.352403240191906200, 5.538271952077018100 ) ) ;
#2113 = DIRECTION ( 'NONE',  ( 1.000000000000000000, -0.0000000000000000000, -0.0000000000000000000 ) ) ;
#2114 = CARTESIAN_POINT ( 'NONE',  ( 7.781240055777093500, -13.01095286267318600, 4.359551305450800400 ) ) ;
#2115 = ORIENTED_EDGE ( 'NONE', *, *, #6411, .F. ) ;
#2116 = ORIENTED_EDGE ( 'NONE', *, *, #4444, .F. ) ;
#2117 = CARTESIAN_POINT ( 'NONE',  ( 5.811380564484258200, 3.964047137326773400, 2.024388159566370900 ) ) ;
#2118 = FACE_OUTER_BOUND ( 'NONE', #4398, .T. ) ;
#2119 = CARTESIAN_POINT ( 'NONE',  ( 8.006172213289596900, 4.159556185760689800, 5.880570050330727700 ) ) ;
#2120 = CARTESIAN_POINT ( 'NONE',  ( -8.764661120043694400, 5.308977857911811400, 5.990856735486525000 ) ) ;
#2121 = CARTESIAN_POINT ( 'NONE',  ( -13.31466112004368100, 5.352403240191906200, 5.538271952077019800 ) ) ;
#2122 = CARTESIAN_POINT ( 'NONE',  ( 4.298315489864345200, 4.430713803993440600, 3.028393217318458200 ) ) ;
#2123 = CARTESIAN_POINT ( 'NONE',  ( 5.740593901223624200, -12.48595286267318700, 2.473507295547493300 ) ) ;
#2124 = CARTESIAN_POINT ( 'NONE',  ( 5.740593901223625100, -9.598452862673193300, 2.473507295547492400 ) ) ;
#2125 = CARTESIAN_POINT ( 'NONE',  ( 5.259406098776351800, 11.05154713732675600, 5.526492704452461900 ) ) ;
#2126 = CARTESIAN_POINT ( 'NONE',  ( 10.10617221328959100, 6.535718485426611000, 2.546943076929711200 ) ) ;
#2127 = CARTESIAN_POINT ( 'NONE',  ( -12.35216112004368200, 5.308977857911811400, 5.990856735486525000 ) ) ;
#2128 = CARTESIAN_POINT ( 'NONE',  ( -1.922505289326784900, 5.499999999999985800, 2.350000000000005000 ) ) ;
#2129 = EDGE_CURVE ( 'NONE', #160, #6485, #2513, .T. ) ;
#2130 = CARTESIAN_POINT ( 'NONE',  ( 6.621914875055266800, -8.344286196006530400, 2.612414249184342300 ) ) ;
#2131 = CARTESIAN_POINT ( 'NONE',  ( 6.952000592372811200, -0.2067861960065528200, 2.204163812291782200 ) ) ;
#2132 = CARTESIAN_POINT ( 'NONE',  ( -5.585494453377031700, 4.094019031668182200, 4.641313432528432000 ) ) ;
#2133 = CARTESIAN_POINT ( 'NONE',  ( 13.46033887995624700, 7.798843344302243400, 4.220573370311594600 ) ) ;
#2134 = CARTESIAN_POINT ( 'NONE',  ( 4.127005546622943800, 6.240524965810419800, 5.623486981083738500 ) ) ;
#2135 = VERTEX_POINT ( 'NONE', #623 ) ;
#2136 = CARTESIAN_POINT ( 'NONE',  ( 6.329239463404271700, -8.927619529339862600, 6.155387493158995600 ) ) ;
#2137 = CARTESIAN_POINT ( 'NONE',  ( 3.218759944222875800, -13.27345286267318700, 3.640448694549157400 ) ) ;
#2138 = CARTESIAN_POINT ( 'NONE',  ( 6.329239463404274300, 5.072380470660107200, 6.155387493158992900 ) ) ;
#2139 = CARTESIAN_POINT ( 'NONE',  ( 8.414505546622930200, 7.319643579270779000, 3.170001659990438400 ) ) ;
#2140 = CARTESIAN_POINT ( 'NONE',  ( -6.314661120043697700, 5.691022142088190300, 2.009143264513486600 ) ) ;
#2141 = ORIENTED_EDGE ( 'NONE', *, *, #2129, .F. ) ;
#2142 = CARTESIAN_POINT ( 'NONE',  ( -16.23132778671033800, 6.758384208523724900, 4.896958519548595000 ) ) ;
#2143 = CARTESIAN_POINT ( 'NONE',  ( 4.057721588640706800, 8.747380470660097300, 4.554885921770944500 ) ) ;
#2144 = CARTESIAN_POINT ( 'NONE',  ( 5.740593901223623300, -13.88595286267318400, 2.473507295547493300 ) ) ;
#2145 =( BOUNDED_CURVE ( )  B_SPLINE_CURVE ( 2, ( #5505, #2935, #2414, #3452, #356, #3952, #2392 ),
 .UNSPECIFIED., .F., .F. ) 
 B_SPLINE_CURVE_WITH_KNOTS ( ( 3, 2, 2, 3 ),
 ( 0.4973513858354057800, 0.5000000000000000000, 0.5037037037037036500, 0.5055555555555556500 ),
 .UNSPECIFIED. ) 
 CURVE ( )  GEOMETRIC_REPRESENTATION_ITEM ( )  RATIONAL_B_SPLINE_CURVE ( ( 0.9454131548140609600, 0.9041913064272719700, 1.000000000000000000, 0.8660254037844387100, 1.000000000000000000, 0.9330127018922154100, 0.9330127018922194100 ) ) 
 REPRESENTATION_ITEM ( '' )  );
#2146 = CARTESIAN_POINT ( 'NONE',  ( 6.621914875055266800, -9.656786196006526900, 2.612414249184342700 ) ) ;
#2147 = CARTESIAN_POINT ( 'NONE',  ( 7.247838879956266700, 5.647596759808096500, 2.461728047922990800 ) ) ;
#2148 = CARTESIAN_POINT ( 'NONE',  ( -12.87716112004368100, 3.201156655697758900, 3.779426629688416000 ) ) ;
#2149 = AXIS2_PLACEMENT_3D ( 'NONE', #2686, #3765, #6394 ) ;
#2150 = CARTESIAN_POINT ( 'NONE',  ( 5.811380564484277800, -0.8484528626732170700, 2.024388159566374400 ) ) ;
#2151 = CARTESIAN_POINT ( 'NONE',  ( 4.378085124944704800, -11.49428619600652200, 5.387585750815614600 ) ) ;
#2152 = EDGE_LOOP ( 'NONE', ( #6716, #4577, #5608, #5942, #411 ) ) ;
#2153 = CARTESIAN_POINT ( 'NONE',  ( 4.047999407627164800, -1.256786196006550100, 5.795836187708173000 ) ) ;
#2154 = CARTESIAN_POINT ( 'NONE',  ( -3.135494453377038100, 6.905980968331821400, 3.358686567471580000 ) ) ;
#2155 = CARTESIAN_POINT ( 'NONE',  ( 10.07700554662292600, 6.458399530062931300, 6.101143420642317800 ) ) ;
#2156 = CARTESIAN_POINT ( 'NONE',  ( 0.0000000000000000000, 0.0000000000000000000, 0.0000000000000000000 ) ) ;
#2157 = CARTESIAN_POINT ( 'NONE',  ( 2.552005546622944500, 6.905980968331821400, 3.358686567471579100 ) ) ;
#2158 = CARTESIAN_POINT ( 'NONE',  ( 3.218759944222876300, -9.160952862673196900, 3.640448694549157000 ) ) ;
#2159 = CARTESIAN_POINT ( 'NONE',  ( 6.952000592372808500, -14.90678619600651400, 2.204163812291783500 ) ) ;
#2160 = ORIENTED_EDGE ( 'NONE', *, *, #1680, .T. ) ;
#2161 = CARTESIAN_POINT ( 'NONE',  ( 3.944760240409293400, 6.180713803993435300, 2.742530600695057200 ) ) ;
#2162 = CARTESIAN_POINT ( 'NONE',  ( 6.722838879956269900, 3.201156655697758900, 3.779426629688413400 ) ) ;
#2163 = CARTESIAN_POINT ( 'NONE',  ( -8.239661120043695800, 7.798843344302243400, 4.220573370311597300 ) ) ;
#2164 = CARTESIAN_POINT ( 'NONE',  ( -16.17299445337700400, 6.240524965810419800, 5.623486981083741100 ) ) ;
#2165 = CARTESIAN_POINT ( 'NONE',  ( 7.262641947663275300, 10.43904713732675700, 4.277813907273675800 ) ) ;
#2166 = CARTESIAN_POINT ( 'NONE',  ( 4.378085124944704800, -8.606786196006527900, 5.387585750815614600 ) ) ;
#2167 = CARTESIAN_POINT ( 'NONE',  ( 11.27283887995625700, 3.723756548762971400, 3.829569941986563200 ) ) ;
#2168 = CARTESIAN_POINT ( 'NONE',  ( -8.268827786710359000, 7.128621437182588700, 5.160858395476958900 ) ) ;
#2169 = CARTESIAN_POINT ( 'NONE',  ( -1.589661120043712100, 3.201156655697754900, 3.779426629688459500 ) ) ;
#2170 = DIRECTION ( 'NONE',  ( -1.000000000000000000, -2.863857827303820200E-031, 1.224646799147345600E-016 ) ) ;
#2171 = CARTESIAN_POINT ( 'NONE',  ( 4.057721588640702300, -10.85261952933985800, 4.554885921770946300 ) ) ;
#2172 = CARTESIAN_POINT ( 'NONE',  ( 6.329239463404273500, 3.759880470660108100, 6.155387493158992900 ) ) ;
#2173 = CARTESIAN_POINT ( 'NONE',  ( -3.252161120043705700, 5.647596759808096500, 2.461728047922992200 ) ) ;
#2174 = CIRCLE ( 'NONE', #1107, 2.000000000000000000 ) ;
#2175 = FACE_OUTER_BOUND ( 'NONE', #6479, .T. ) ;
#2176 = CARTESIAN_POINT ( 'NONE',  ( 11.88533887995625600, 5.691022142088190300, 2.009143264513484800 ) ) ;
#2177 = EDGE_CURVE ( 'NONE', #5828, #4458, #3401, .T. ) ;
#2178 =( NAMED_UNIT ( * ) PLANE_ANGLE_UNIT ( ) SI_UNIT ( $, .RADIAN. ) );
#2179 = CARTESIAN_POINT ( 'NONE',  ( 4.477005546622938100, 4.759475034189582800, 2.376513018916270900 ) ) ;
#2180 = CARTESIAN_POINT ( 'NONE',  ( 4.302099511292409400, -1.754713601790175700, 5.481564854859236400 ) ) ;
#2181 = CARTESIAN_POINT ( 'NONE',  ( 7.366620324074951900, -11.55261952933985700, 3.281857558871291000 ) ) ;
#2182 = CARTESIAN_POINT ( 'NONE',  ( 6.952000592372807700, -16.30678619600651300, 2.204163812291783900 ) ) ;
#2183 = CARTESIAN_POINT ( 'NONE',  ( 6.329239463404276100, 10.67238047066008900, 6.155387493158992000 ) ) ;
#2184 = VECTOR ( 'NONE', #2454, 1000.000000000000000 ) ;
#2185 = CARTESIAN_POINT ( 'NONE',  ( 10.22283887995626200, 3.201156655697758900, 3.779426629688412900 ) ) ;
#2186 = CARTESIAN_POINT ( 'NONE',  ( -4.856327786710370000, 6.840443814239312000, 2.119429949669282100 ) ) ;
#2187 = CARTESIAN_POINT ( 'NONE',  ( -14.07299445337701200, 6.240524965810419800, 5.623486981083740200 ) ) ;
#2188 = CARTESIAN_POINT ( 'NONE',  ( 4.298315489864346100, 9.330713803993427600, 3.028393217318457300 ) ) ;
#2189 = CARTESIAN_POINT ( 'NONE',  ( 4.298315489864342500, -5.281786196006537500, 3.028393217318459600 ) ) ;
#2190 = CARTESIAN_POINT ( 'NONE',  ( 14.01450554662291700, 4.094019031668182200, 4.641313432528429300 ) ) ;
#2191 = CARTESIAN_POINT ( 'NONE',  ( -6.927161120043695800, 7.798843344302243400, 4.220573370311597300 ) ) ;
#2192 = DIRECTION ( 'NONE',  ( -0.0000000000000000000, 0.0000000000000000000, 1.000000000000000000 ) ) ;
#2193 = CIRCLE ( 'NONE', #6685, 2.049999999999999800 ) ;
#2194 = CARTESIAN_POINT ( 'NONE',  ( 4.599293569768861700, -2.331047130783867600, 2.344398942824741800 ) ) ;
#2195 = CARTESIAN_POINT ( 'NONE',  ( 6.942278411359268400, -9.802619529339859000, 3.445114078229010200 ) ) ;
#2196 = CARTESIAN_POINT ( 'NONE',  ( 5.811380564484258200, 5.451547137326769200, 2.024388159566370900 ) ) ;
#2197 = CARTESIAN_POINT ( 'NONE',  ( -1.502161120043711300, 5.352403240191906200, 5.538271952077018100 ) ) ;
#2198 = ORIENTED_EDGE ( 'NONE', *, *, #6374, .T. ) ;
#2199 = CARTESIAN_POINT ( 'NONE',  ( -16.14382778671034300, 4.464281514573391600, 5.453056923070299400 ) ) ;
#2200 = ORIENTED_EDGE ( 'NONE', *, *, #1008, .F. ) ;
#2201 = CARTESIAN_POINT ( 'NONE',  ( -0.9459003809267471100, 6.605866146747434400, 2.448529708477158900 ) ) ;
#2202 = CARTESIAN_POINT ( 'NONE',  ( 5.177005546622938300, 4.759475034189582800, 2.376513018916270900 ) ) ;
#2203 = CARTESIAN_POINT ( 'NONE',  ( -0.2208386914667151100, 4.605506958577598700, 5.611896207140622600 ) ) ;
#2204 = CARTESIAN_POINT ( 'NONE',  ( 3.944760240409289000, -9.919286196006526200, 2.742530600695059400 ) ) ;
#2205 = CARTESIAN_POINT ( 'NONE',  ( 7.366620324074951000, -14.96511952933984800, 3.281857558871291000 ) ) ;
#2206 = CARTESIAN_POINT ( 'NONE',  ( 5.188619435515721400, 11.31404713732675500, 5.975611840433583000 ) ) ;
#2207 = CARTESIAN_POINT ( 'NONE',  ( 9.231172213289596600, 7.128621437182588700, 5.160858395476956200 ) ) ;
#2208 = CARTESIAN_POINT ( 'NONE',  ( -2.989661120043707300, 3.201156655697758900, 3.779426629688414300 ) ) ;
#2209 = CARTESIAN_POINT ( 'NONE',  ( -12.20632778671035000, 6.535718485426611000, 2.546943076929713900 ) ) ;
#2210 = CARTESIAN_POINT ( 'NONE',  ( 3.737358052336705100, 9.389047137326763000, 3.722186092726276200 ) ) ;
#2211 = CARTESIAN_POINT ( 'NONE',  ( 4.859272927391982600, -5.340119529339871100, 2.334600341910642500 ) ) ;
#2212 = CARTESIAN_POINT ( 'NONE',  ( 13.31450554662291800, 4.094019031668182200, 4.641313432528429300 ) ) ;
#2213 = CARTESIAN_POINT ( 'NONE',  ( -8.735494453377024000, 3.680356420729224100, 4.829998340009572300 ) ) ;
#2214 = CARTESIAN_POINT ( 'NONE',  ( -2.062188126327925800, 3.844220885981484600, 3.480244410497330700 ) ) ;
#2215 = CARTESIAN_POINT ( 'NONE',  ( -2.195284909978098200, 7.251041005197422800, 3.852382944229209000 ) ) ;
#2216 = EDGE_CURVE ( 'NONE', #927, #6513, #5576, .T. ) ;
#2217 = CARTESIAN_POINT ( 'NONE',  ( 5.259406098776348200, -5.135952862673206300, 5.526492704452463700 ) ) ;
#2218 = CARTESIAN_POINT ( 'NONE',  ( 3.944760240409292500, 3.468213803993438900, 2.742530600695058100 ) ) ;
#2219 = ORIENTED_EDGE ( 'NONE', *, *, #3950, .F. ) ;
#2220 = CARTESIAN_POINT ( 'NONE',  ( -2.668827786710374500, 4.241615791476277800, 3.103041480451418800 ) ) ;
#2221 = CARTESIAN_POINT ( 'NONE',  ( 14.10200554662291400, 7.319643579270779000, 3.170001659990437900 ) ) ;
#2222 = PLANE ( 'NONE',  #3141 ) ;
#2223 = CARTESIAN_POINT ( 'NONE',  ( 3.660338879956271300, 3.723756548762971400, 3.829569941986564100 ) ) ;
#2224 = CARTESIAN_POINT ( 'NONE',  ( 4.670760536595700800, -5.777619529339869300, 1.844612506840962000 ) ) ;
#2225 = EDGE_LOOP ( 'NONE', ( #6232, #695, #4682, #2055 ) ) ;
#2226 = CARTESIAN_POINT ( 'NONE',  ( 3.944760240409288100, -14.73178619600651600, 2.742530600695059800 ) ) ;
#2227 = CARTESIAN_POINT ( 'NONE',  ( 7.055239759590675100, -1.869286196006545700, 5.257469399304907800 ) ) ;
#2228 = CARTESIAN_POINT ( 'NONE',  ( 3.944760240409294300, 11.08071380399342200, 2.742530600695056700 ) ) ;
#2229 = CARTESIAN_POINT ( 'NONE',  ( 8.881172213289596900, 3.871378562817414000, 2.839141604523051300 ) ) ;
#2230 = CARTESIAN_POINT ( 'NONE',  ( -5.089661120043702500, 3.201156655697758900, 3.779426629688414700 ) ) ;
#2231 = CARTESIAN_POINT ( 'NONE',  ( 4.781857558871282200, -0.8776195293398770800, 2.133379675925019600 ) ) ;
#2232 = CARTESIAN_POINT ( 'NONE',  ( -9.581327786710357200, 4.241615791476277800, 3.103041480451419700 ) ) ;
#2233 = CARTESIAN_POINT ( 'NONE',  ( 7.262641947663275300, 9.739047137326757300, 4.277813907273675800 ) ) ;
#2234 = CARTESIAN_POINT ( 'NONE',  ( 4.057721588640704100, -5.165119529339871300, 4.554885921770946300 ) ) ;
#2235 = EDGE_LOOP ( 'NONE', ( #3846, #3021, #3979, #2965 ) ) ;
#2236 = CARTESIAN_POINT ( 'NONE',  ( 12.78950554662291800, 4.759475034189582800, 2.376513018916269500 ) ) ;
#2237 = CARTESIAN_POINT ( 'NONE',  ( -6.752161120043698600, 5.308977857911811400, 5.990856735486525000 ) ) ;
#2238 = DIRECTION ( 'NONE',  ( 0.0000000000000000000, 0.0000000000000000000, 1.000000000000000000 ) ) ;
#2239 = ORIENTED_EDGE ( 'NONE', *, *, #1331, .T. ) ;
#2240 = CARTESIAN_POINT ( 'NONE',  ( 3.997102260630843100, -0.4067262305173673400, 4.688805599498856200 ) ) ;
#2241 = CARTESIAN_POINT ( 'NONE',  ( -1.737588525827341600, 7.396545759049350200, 4.181973030507068100 ) ) ;
#2242 = DIRECTION ( 'NONE',  ( 0.0000000000000000000, 0.0000000000000000000, 1.000000000000000000 ) ) ;
#2243 = CARTESIAN_POINT ( 'NONE',  ( 4.859272927391982600, -4.727619529339873900, 2.334600341910642500 ) ) ;
#2244 = CARTESIAN_POINT ( 'NONE',  ( 3.633379675925022300, 3.584880470660106500, 4.718142441128664500 ) ) ;
#2245 = CARTESIAN_POINT ( 'NONE',  ( -1.035494453377043800, 6.905980968331821400, 3.358686567471579600 ) ) ;
#2246 = CARTESIAN_POINT ( 'NONE',  ( 14.74367221328958000, 6.840443814239312000, 2.119429949669279400 ) ) ;
#2247 = CARTESIAN_POINT ( 'NONE',  ( -0.8875670475934127600, 7.001205952898393600, 3.315251369492113300 ) ) ;
#2248 = CARTESIAN_POINT ( 'NONE',  ( 7.977005546622926600, 4.759475034189582800, 2.376513018916270900 ) ) ;
#2249 = CARTESIAN_POINT ( 'NONE',  ( 7.055239759590683100, -6.769286196006532900, 5.257469399304896200 ) ) ;
#2250 = CARTESIAN_POINT ( 'NONE',  ( 4.670760536595700800, -9.890119529339859400, 1.844612506840962500 ) ) ;
#2251 = CARTESIAN_POINT ( 'NONE',  ( -0.2772431958465441700, 4.967264392595033100, 2.305588161814633000 ) ) ;
#2252 = CARTESIAN_POINT ( 'NONE',  ( 3.633379675925023600, 8.397380470660097600, 4.718142441128664500 ) ) ;
#2253 = CARTESIAN_POINT ( 'NONE',  ( 8.472838879956263700, 7.798843344302243400, 4.220573370311595500 ) ) ;
#2254 = CARTESIAN_POINT ( 'NONE',  ( -2.814661120043707100, 5.691022142088190300, 2.009143264513486100 ) ) ;
#2255 = CARTESIAN_POINT ( 'NONE',  ( -9.756327786710357900, 4.464281514573391600, 5.453056923070299400 ) ) ;
#2256 = CARTESIAN_POINT ( 'NONE',  ( 6.942278411359273700, 13.29738047066008600, 3.445114078229007500 ) ) ;
#2257 = CARTESIAN_POINT ( 'NONE',  ( 5.740593901223625100, -6.098452862673203100, 2.473507295547492400 ) ) ;
#2258 = CARTESIAN_POINT ( 'NONE',  ( 12.14783887995625600, 5.647596759808096500, 2.461728047922989900 ) ) ;
#2259 = CARTESIAN_POINT ( 'NONE',  ( -8.385494453377026100, 7.319643579270779000, 3.170001659990440100 ) ) ;
#2260 = LINE ( 'NONE', #198, #800 ) ;
#2261 = LINE ( 'NONE', #1234, #3221 ) ;
#2262 = CARTESIAN_POINT ( 'NONE',  ( 4.047999407627145300, -0.5567861960065473300, 5.795836187708159700 ) ) ;
#2263 = VECTOR ( 'NONE', #900, 1000.000000000000000 ) ;
#2264 = DIRECTION ( 'NONE',  ( 0.0000000000000000000, 0.0000000000000000000, -1.000000000000000000 ) ) ;
#2265 = CARTESIAN_POINT ( 'NONE',  ( 3.737358052336702000, -4.610952862673205900, 3.722186092726278000 ) ) ;
#2266 = CARTESIAN_POINT ( 'NONE',  ( 4.047999407627165700, 2.943213803993441200, 5.795836187708173000 ) ) ;
#2267 = CARTESIAN_POINT ( 'NONE',  ( 1.706172213289614900, 6.535718485426611000, 2.546943076929712100 ) ) ;
#2268 = CARTESIAN_POINT ( 'NONE',  ( 13.86867221328958500, 3.871378562817414000, 2.839141604523050900 ) ) ;
#2269 = B_SPLINE_CURVE_WITH_KNOTS ( 'NONE', 3,
 ( #4487, #4015, #3975, #857, #881, #5052, #3928, #1376, #2934, #4988 ),
 .UNSPECIFIED., .F., .F.,
 ( 4, 2, 2, 2, 4 ),
 ( 0.007183647057091996500, 0.007637897833046384700, 0.008092148609000772100, 0.008546399384955161200, 0.009000650160909548500 ),
 .UNSPECIFIED. ) ;
#2270 = CARTESIAN_POINT ( 'NONE',  ( 8.968672213289599100, 6.758384208523724900, 4.896958519548591400 ) ) ;
#2271 = CARTESIAN_POINT ( 'NONE',  ( 5.811380564484255600, -7.235952862673200600, 2.024388159566372200 ) ) ;
#2272 = CARTESIAN_POINT ( 'NONE',  ( 7.366620324074951000, -12.86511952933985400, 3.281857558871291000 ) ) ;
#2273 = CARTESIAN_POINT ( 'NONE',  ( 4.781857558871276800, 13.19738047066015900, 2.133379675925019600 ) ) ;
#2274 = CARTESIAN_POINT ( 'NONE',  ( 5.811380564484259100, 10.26404713732675900, 2.024388159566370000 ) ) ;
#2275 = CARTESIAN_POINT ( 'NONE',  ( 11.09783887995626000, 5.691022142088190300, 2.009143264513485200 ) ) ;
#2276 = CARTESIAN_POINT ( 'NONE',  ( -3.222994453377042000, 6.458399530062931300, 6.101143420642319600 ) ) ;
#2277 = CARTESIAN_POINT ( 'NONE',  ( -0.8292337142600784100, 5.157573687568503700, 1.957959035804499100 ) ) ;
#2278 = CARTESIAN_POINT ( 'NONE',  ( -8.822994453377026100, 4.759475034189582800, 2.376513018916272600 ) ) ;
#2279 = CARTESIAN_POINT ( 'NONE',  ( 6.701684510135634400, 11.08071380399342200, 4.971606782681493400 ) ) ;
#2280 = VERTEX_POINT ( 'NONE', #6278 ) ;
#2281 = CARTESIAN_POINT ( 'NONE',  ( 4.378085124944705700, -6.506786196006534500, 5.387585750815614600 ) ) ;
#2282 = VERTEX_POINT ( 'NONE', #2661 ) ;
#2283 = VECTOR ( 'NONE', #265, 1000.000000000000000 ) ;
#2284 = CARTESIAN_POINT ( 'NONE',  ( 6.218142441128731200, -0.5276195293398751000, 5.866620324074919100 ) ) ;
#2285 = CARTESIAN_POINT ( 'NONE',  ( -3.660494453377040300, 4.541600469937070500, 1.898856579357691000 ) ) ;
#2286 = CARTESIAN_POINT ( 'NONE',  ( -1.587567047593410700, 7.001205952898393600, 3.315251369492113300 ) ) ;
#2287 = EDGE_CURVE ( 'NONE', #6091, #3047, #1441, .T. ) ;
#2288 = CARTESIAN_POINT ( 'NONE',  ( 4.298315489864340800, -15.08178619600651300, 3.028393217318460900 ) ) ;
#2289 = DIRECTION ( 'NONE',  ( -1.000000000000000000, 0.0000000000000000000, 0.0000000000000000000 ) ) ;
#2290 = CARTESIAN_POINT ( 'NONE',  ( 4.378085124944705700, -6.594286196006534000, 5.387585750815614600 ) ) ;
#2291 = CARTESIAN_POINT ( 'NONE',  ( 5.188619435515721400, 7.201547137326763900, 5.975611840433583000 ) ) ;
#2292 = CARTESIAN_POINT ( 'NONE',  ( 0.8895055466229518900, 4.759475034189582800, 2.376513018916271800 ) ) ;
#2293 = CARTESIAN_POINT ( 'NONE',  ( 6.868672213289600300, 6.758384208523724900, 4.896958519548591400 ) ) ;
#2294 = CARTESIAN_POINT ( 'NONE',  ( 4.047999407627163900, -6.244286196006536100, 5.795836187708173900 ) ) ;
#2295 = CARTESIAN_POINT ( 'NONE',  ( 4.047999407627162100, -12.45678619600652000, 5.795836187708174800 ) ) ;
#2296 = CARTESIAN_POINT ( 'NONE',  ( -0.6542337142600809200, 5.342406732777244600, 5.642456806776383600 ) ) ;
#2297 = CARTESIAN_POINT ( 'NONE',  ( 6.952000592372814800, 12.30571380399342000, 2.204163812291780800 ) ) ;
#2298 = CARTESIAN_POINT ( 'NONE',  ( 12.38117221328959000, 3.871378562817414000, 2.839141604523051300 ) ) ;
#2299 = CARTESIAN_POINT ( 'NONE',  ( -0.07299445337704789400, 4.541600469937070500, 1.898856579357690800 ) ) ;
#2300 = EDGE_LOOP ( 'NONE', ( #6323, #1478, #1471 ) ) ;
#2301 = CARTESIAN_POINT ( 'NONE',  ( -1.068841775694889600, 4.649843164376934900, 2.350000000000013000 ) ) ;
#2302 = CARTESIAN_POINT ( 'NONE',  ( -11.15632778671035100, 4.464281514573391600, 5.453056923070299400 ) ) ;
#2303 = CARTESIAN_POINT ( 'NONE',  ( 3.737358052336705100, 11.48904713732675700, 3.722186092726276200 ) ) ;
#2304 = CARTESIAN_POINT ( 'NONE',  ( 4.859272927391983500, 0.2598804706601117700, 2.334600341910642000 ) ) ;
#2305 = VERTEX_POINT ( 'NONE', #4714 ) ;
#2306 = CARTESIAN_POINT ( 'NONE',  ( -5.760494453377035000, 4.541600469937070500, 1.898856579357691300 ) ) ;
#2307 = CARTESIAN_POINT ( 'NONE',  ( 7.262641947663269100, -17.47345286267317700, 4.277813907273678500 ) ) ;
#2308 = EDGE_CURVE ( 'NONE', #852, #2781, #238, .T. ) ;
#2309 = CARTESIAN_POINT ( 'NONE',  ( 6.942278411359269300, -7.002619529339865400, 3.445114078229009700 ) ) ;
#2310 = CARTESIAN_POINT ( 'NONE',  ( 4.670760536595703400, 7.609880470660090900, 1.844612506840960200 ) ) ;
#2311 = CARTESIAN_POINT ( 'NONE',  ( 1.064505546622948700, 6.905980968331821400, 3.358686567471579600 ) ) ;
#2312 = CARTESIAN_POINT ( 'NONE',  ( 8.735338879956263000, 5.647596759808096500, 2.461728047922990800 ) ) ;
#2313 = CARTESIAN_POINT ( 'NONE',  ( 4.670760536595700800, -6.477619529339868600, 1.844612506840962000 ) ) ;
#2314 = ORIENTED_EDGE ( 'NONE', *, *, #6151, .T. ) ;
#2315 = CARTESIAN_POINT ( 'NONE',  ( 6.666131662020956300, -2.133612464364850000, 2.769097167027757300 ) ) ;
#2316 = CARTESIAN_POINT ( 'NONE',  ( 6.952000592372808500, -10.70678619600652600, 2.204163812291783000 ) ) ;
#2317 = DIRECTION ( 'NONE',  ( 0.3590712205643570300, 0.0000000000000000000, 0.9333101620374777400 ) ) ;
#2318 = CARTESIAN_POINT ( 'NONE',  ( 12.55617221328958300, 6.840443814239312000, 2.119429949669279900 ) ) ;
#2319 = CARTESIAN_POINT ( 'NONE',  ( -0.3063277867103801900, 4.159556185760689800, 5.880570050330728500 ) ) ;
#2320 = CARTESIAN_POINT ( 'NONE',  ( -1.237567047593412200, 3.998794047101609900, 4.684748630507896500 ) ) ;
#2321 = CARTESIAN_POINT ( 'NONE',  ( -8.531327786710358300, 6.758384208523724900, 4.896958519548593200 ) ) ;
#2322 = CARTESIAN_POINT ( 'NONE',  ( 7.262641947663275300, 11.83904713732675500, 4.277813907273675800 ) ) ;
#2323 = CARTESIAN_POINT ( 'NONE',  ( 4.047999407627163900, -3.444286196006542500, 5.795836187708173000 ) ) ;
#2324 = CARTESIAN_POINT ( 'NONE',  ( 7.262641947663271800, -1.373452862673214300, 4.277813907273677600 ) ) ;
#2325 = CARTESIAN_POINT ( 'NONE',  ( -2.902161120043706100, 5.691022142088190300, 2.009143264513486100 ) ) ;
#2326 = CARTESIAN_POINT ( 'NONE',  ( 5.740593901223623300, -17.29845286267317300, 2.473507295547493300 ) ) ;
#2327 = CARTESIAN_POINT ( 'NONE',  ( 6.218142441128732000, -1.840119529339874900, 5.866620324074928000 ) ) ;
#2328 = CARTESIAN_POINT ( 'NONE',  ( 7.262641947663271800, -2.160952862673210600, 4.277813907273677600 ) ) ;
#2329 = CARTESIAN_POINT ( 'NONE',  ( 5.811380564484259100, 8.251547137326758400, 2.024388159566370400 ) ) ;
#2330 = CARTESIAN_POINT ( 'NONE',  ( 2.697838879956278900, 5.352403240191906200, 5.538271952077018100 ) ) ;
#2331 = CARTESIAN_POINT ( 'NONE',  ( 7.860338879956260300, 3.723756548762971400, 3.829569941986563600 ) ) ;
#2332 = CARTESIAN_POINT ( 'NONE',  ( 7.366620324074953700, -4.552619529339871500, 3.281857558871290200 ) ) ;
#2333 = DIRECTION ( 'NONE',  ( -2.220446049250337700E-016, -1.000000000000000000, 1.224646799147324600E-016 ) ) ;
#2334 = CARTESIAN_POINT ( 'NONE',  ( 3.633379675925019200, -12.51511952933985200, 4.718142441128666300 ) ) ;
#2335 = CYLINDRICAL_SURFACE ( 'NONE', #6564, 1.650000000000000400 ) ;
#2336 = CARTESIAN_POINT ( 'NONE',  ( -11.94382778671035100, 4.464281514573391600, 5.453056923070299400 ) ) ;
#2337 = CARTESIAN_POINT ( 'NONE',  ( 3.633379675925025000, 13.29738047066008600, 4.718142441128663700 ) ) ;
#2338 = VECTOR ( 'NONE', #5341, 1000.000000000000000 ) ;
#2339 = CARTESIAN_POINT ( 'NONE',  ( -0.01466112004371369900, 5.691022142088190300, 2.009143264513486100 ) ) ;
#2340 = CARTESIAN_POINT ( 'NONE',  ( 7.149999999999987000, -1.994861590628000700, 4.000000000000008900 ) ) ;
#2341 = CARTESIAN_POINT ( 'NONE',  ( -5.847994453377032700, 6.905980968331821400, 3.358686567471580500 ) ) ;
#2342 = CARTESIAN_POINT ( 'NONE',  ( 4.298315489864346100, 11.43071380399342200, 3.028393217318457300 ) ) ;
#2343 = CARTESIAN_POINT ( 'NONE',  ( 6.329239463404272600, -1.927619529339880600, 6.155387493158993800 ) ) ;
#2344 = CARTESIAN_POINT ( 'NONE',  ( 5.740593901223626000, -1.898452862673214200, 2.473507295547491500 ) ) ;
#2345 = LINE ( 'NONE', #4613, #6548 ) ;
#2346 = EDGE_CURVE ( 'NONE', #1386, #339, #733, .T. ) ;
#2347 = CARTESIAN_POINT ( 'NONE',  ( 4.281698150459907200, -0.8463587902229143800, 2.325805363075963900 ) ) ;
#2348 = CARTESIAN_POINT ( 'NONE',  ( -5.702161120043699700, 5.691022142088190300, 2.009143264513486600 ) ) ;
#2349 = CIRCLE ( 'NONE', #4176, 1.650000000000000400 ) ;
#2350 = CARTESIAN_POINT ( 'NONE',  ( -1.443827786710377000, 6.840443814239283600, 2.119429949669262100 ) ) ;
#2351 = CARTESIAN_POINT ( 'NONE',  ( 5.259406098776345600, -17.64845286267317400, 5.526492704452465400 ) ) ;
#2352 = CARTESIAN_POINT ( 'NONE',  ( 3.780863754302712400, -2.235372278338561000, 4.496092836159293800 ) ) ;
#2353 =( BOUNDED_CURVE ( )  B_SPLINE_CURVE ( 2, ( #1918, #3947, #4484, #2431, #2954, #6569, #3925, #5975, #853 ),
 .UNSPECIFIED., .F., .F. ) 
 B_SPLINE_CURVE_WITH_KNOTS ( ( 3, 2, 2, 2, 3 ),
 ( 0.4944444444444445800, 0.4962962962962962900, 0.5000000000000000000, 0.5037037037037036500, 0.5055555555555556500 ),
 .UNSPECIFIED. ) 
 CURVE ( )  GEOMETRIC_REPRESENTATION_ITEM ( )  RATIONAL_B_SPLINE_CURVE ( ( 0.9330127018922193000, 0.9330127018922242900, 1.000000000000000000, 0.8660254037844387100, 1.000000000000000000, 0.8660254037844387100, 1.000000000000000000, 0.9330127018922154100, 0.9330127018922194100 ) ) 
 REPRESENTATION_ITEM ( '' )  );
#2354 = CARTESIAN_POINT ( 'NONE',  ( 4.859272927391982600, -1.927619529339880600, 2.334600341910642000 ) ) ;
#2355 = CARTESIAN_POINT ( 'NONE',  ( 6.329239463404274300, 7.959880470660099400, 6.155387493158992900 ) ) ;
#2356 = CARTESIAN_POINT ( 'NONE',  ( 0.9478388799562843500, 5.647596759808096500, 2.461728047922991700 ) ) ;
#2357 = FACE_OUTER_BOUND ( 'NONE', #1183, .T. ) ;
#2358 = CARTESIAN_POINT ( 'NONE',  ( 10.54367221328958900, 4.464281514573391600, 5.453056923070295900 ) ) ;
#2359 = CARTESIAN_POINT ( 'NONE',  ( 3.218759944222878000, -4.260952862673205400, 3.640448694549156100 ) ) ;
#2360 = CARTESIAN_POINT ( 'NONE',  ( 7.366620324074952800, -5.865119529339870600, 3.281857558871290600 ) ) ;
#2361 = CARTESIAN_POINT ( 'NONE',  ( -14.16049445337701100, 6.240524965810419800, 5.623486981083740200 ) ) ;
#2362 = DIRECTION ( 'NONE',  ( -2.220446049250337700E-016, -1.000000000000000000, 1.224646799147324600E-016 ) ) ;
#2363 = ORIENTED_EDGE ( 'NONE', *, *, #3063, .T. ) ;
#2364 = ORIENTED_EDGE ( 'NONE', *, *, #561, .T. ) ;
#2365 = CARTESIAN_POINT ( 'NONE',  ( -0.1313277867103813900, 3.871378562817414000, 2.839141604523052600 ) ) ;
#2366 = CARTESIAN_POINT ( 'NONE',  ( -5.439661120043701300, 3.723756548762971400, 3.829569941986565000 ) ) ;
#2367 = CARTESIAN_POINT ( 'NONE',  ( 6.329239463404272600, -0.5276195293398807700, 6.155387493158992900 ) ) ;
#2368 = AXIS2_PLACEMENT_3D ( 'NONE', #4338, #1654, #2242 ) ;
#2369 = CARTESIAN_POINT ( 'NONE',  ( 4.378085124944706600, -3.006786196006544300, 5.387585750815612900 ) ) ;
#2370 = CARTESIAN_POINT ( 'NONE',  ( -1.922505289326784900, 5.499999999999985800, 2.350000000000005000 ) ) ;
#2371 = CARTESIAN_POINT ( 'NONE',  ( -0.6854944533770442900, 7.319643579270779000, 3.170001659990439300 ) ) ;
#2372 = CARTESIAN_POINT ( 'NONE',  ( -13.02299445337701500, 6.458399530062931300, 6.101143420642320500 ) ) ;
#2373 = EDGE_CURVE ( 'NONE', #4458, #2037, #6307, .T. ) ;
#2374 = DIRECTION ( 'NONE',  ( 0.0000000000000000000, -1.000000000000000000, 0.0000000000000000000 ) ) ;
#2375 = CARTESIAN_POINT ( 'NONE',  ( 6.942278411359271000, -1.402619529339878200, 3.445114078229009300 ) ) ;
#2376 = CARTESIAN_POINT ( 'NONE',  ( 3.633379675925023200, 6.384880470660096600, 4.718142441128664500 ) ) ;
#2377 = CARTESIAN_POINT ( 'NONE',  ( 4.447838879956274000, 5.647596759808096500, 2.461728047922991300 ) ) ;
#2378 = CARTESIAN_POINT ( 'NONE',  ( 6.621914875055269400, 5.043213803993440400, 2.612414249184340500 ) ) ;
#2379 = CARTESIAN_POINT ( 'NONE',  ( 12.93533887995625200, 5.647596759808096500, 2.461728047922989900 ) ) ;
#2380 = CARTESIAN_POINT ( 'NONE',  ( 7.149999999999986100, -0.8032164021952660200, 3.999999999999991600 ) ) ;
#2381 = ORIENTED_EDGE ( 'NONE', *, *, #3591, .F. ) ;
#2382 = CARTESIAN_POINT ( 'NONE',  ( 3.218759944222876700, -8.373452862673195400, 3.640448694549157000 ) ) ;
#2383 = CARTESIAN_POINT ( 'NONE',  ( -14.97716112004367700, 7.276243451237029100, 4.170430058013448800 ) ) ;
#2384 = CARTESIAN_POINT ( 'NONE',  ( 4.670760536595704300, 13.12238047066008700, 1.844612506840959300 ) ) ;
#2385 = CARTESIAN_POINT ( 'NONE',  ( 2.610338879956279400, 3.201156655697758900, 3.779426629688413800 ) ) ;
#2386 = CARTESIAN_POINT ( 'NONE',  ( -8.297994453377025800, 4.094019031668182200, 4.641313432528432000 ) ) ;
#2387 = EDGE_LOOP ( 'NONE', ( #5908, #3672 ) ) ;
#2388 = CARTESIAN_POINT ( 'NONE',  ( -1.854255192494006500, 6.817570367587651800, 5.597246194346048800 ) ) ;
#2389 = CARTESIAN_POINT ( 'NONE',  ( 3.218759944222878500, -0.7609528626732130500, 3.640448694549156100 ) ) ;
#2390 = CARTESIAN_POINT ( 'NONE',  ( 4.057721588640705000, -0.2651195293398855800, 4.554885921770946300 ) ) ;
#2391 = DIRECTION ( 'NONE',  ( 1.000000000000000000, 0.0000000000000000000, 0.0000000000000000000 ) ) ;
#2392 = CARTESIAN_POINT ( 'NONE',  ( 4.781857558871264400, -2.190119529339875600, 2.133379675925025900 ) ) ;
#2393 = CARTESIAN_POINT ( 'NONE',  ( -0.04382778671037936000, 6.840443814239312000, 2.119429949669281200 ) ) ;
#2394 = CARTESIAN_POINT ( 'NONE',  ( -13.83966112004368100, 7.798843344302243400, 4.220573370311598200 ) ) ;
#2395 = CARTESIAN_POINT ( 'NONE',  ( 5.740593901223624200, -10.99845286267319000, 2.473507295547492800 ) ) ;
#2396 = CARTESIAN_POINT ( 'NONE',  ( 0.0000000000000000000, 9.500000000000001800, 8.000000000000000000 ) ) ;
#2397 = CARTESIAN_POINT ( 'NONE',  ( 4.298315489864342500, -3.969286196006539800, 3.028393217318459100 ) ) ;
#2398 = CARTESIAN_POINT ( 'NONE',  ( 7.781240055777099800, 12.27654713732675200, 4.359551305450797700 ) ) ;
#2399 = CARTESIAN_POINT ( 'NONE',  ( 7.072838879956267800, 3.723756548762971400, 3.829569941986563600 ) ) ;
#2400 = ORIENTED_EDGE ( 'NONE', *, *, #2687, .T. ) ;
#2401 = CARTESIAN_POINT ( 'NONE',  ( 7.262641947663274400, 4.226547137326773100, 4.277813907273675800 ) ) ;
#2402 = EDGE_LOOP ( 'NONE', ( #6068, #6565, #2842, #1920 ) ) ;
#2403 = CARTESIAN_POINT ( 'NONE',  ( 11.59367221328958500, 6.535718485426611000, 2.546943076929710800 ) ) ;
#2404 = CARTESIAN_POINT ( 'NONE',  ( 5.188619435515717800, -6.098452862673203100, 5.975611840433584700 ) ) ;
#2405 = ADVANCED_FACE ( 'NONE', ( #4031 ), #3294, .T. ) ;
#2406 = CARTESIAN_POINT ( 'NONE',  ( -13.46049445337701300, 6.240524965810419800, 5.623486981083740200 ) ) ;
#2407 = CARTESIAN_POINT ( 'NONE',  ( -0.7146611200437129600, 5.691022142088154800, 2.009143264513483500 ) ) ;
#2408 = CARTESIAN_POINT ( 'NONE',  ( 5.935338879956265900, 5.308977857911811400, 5.990856735486523200 ) ) ;
#2409 = CARTESIAN_POINT ( 'NONE',  ( -7.889661120043695200, 7.276243451237029100, 4.170430058013447900 ) ) ;
#2410 = DIRECTION ( 'NONE',  ( -1.000000000000000000, -0.0000000000000000000, -0.0000000000000000000 ) ) ;
#2411 = CARTESIAN_POINT ( 'NONE',  ( 7.055239759590683900, -2.569286196006544700, 5.257469399304895300 ) ) ;
#2412 = CARTESIAN_POINT ( 'NONE',  ( 6.621914875055268500, 0.8432138039934505800, 2.612414249184341000 ) ) ;
#2413 = CARTESIAN_POINT ( 'NONE',  ( -0.05000000000000359700, 6.573070985851639800, 2.312244490655305500 ) ) ;
#2414 = CARTESIAN_POINT ( 'NONE',  ( 7.366620324074955500, -2.365119529339878100, 3.281857558871292800 ) ) ;
#2415 = CARTESIAN_POINT ( 'NONE',  ( -0.9771611200437107000, 3.201156655697758900, 3.779426629688414300 ) ) ;
#2416 = CARTESIAN_POINT ( 'NONE',  ( -14.65632778671034400, 6.840443814239312000, 2.119429949669283400 ) ) ;
#2417 = CARTESIAN_POINT ( 'NONE',  ( -0.9792551924940114900, 6.843612685675635600, 4.957708176268491600 ) ) ;
#2418 = CARTESIAN_POINT ( 'NONE',  ( 5.740593901223626000, -1.985952862673213200, 2.473507295547491500 ) ) ;
#2419 = CARTESIAN_POINT ( 'NONE',  ( 7.366620324074956400, 9.534880470660089800, 3.281857558871288400 ) ) ;
#2420 = CARTESIAN_POINT ( 'NONE',  ( 3.689505546622941200, 4.759475034189582800, 2.376513018916271300 ) ) ;
#2421 = CARTESIAN_POINT ( 'NONE',  ( 4.298315489864344300, 3.118213803993442800, 3.028393217318458200 ) ) ;
#2422 = CIRCLE ( 'NONE', #2796, 2.000000000000000000 ) ;
#2423 = FACE_OUTER_BOUND ( 'NONE', #2963, .T. ) ;
#2424 = CARTESIAN_POINT ( 'NONE',  ( 13.11033887995625200, 7.276243451237029100, 4.170430058013445200 ) ) ;
#2425 = CARTESIAN_POINT ( 'NONE',  ( -1.768841775694886400, 4.649843164376934900, 2.350000000000013000 ) ) ;
#2426 = CARTESIAN_POINT ( 'NONE',  ( 4.047999407627163000, -7.556786196006534300, 5.795836187708173900 ) ) ;
#2427 = CARTESIAN_POINT ( 'NONE',  ( -12.81882778671034700, 6.758384208523724900, 4.896958519548594100 ) ) ;
#2428 = CARTESIAN_POINT ( 'NONE',  ( 6.484726107165319500, -2.100000000000002800, 2.676060993146953700 ) ) ;
#2429 = CARTESIAN_POINT ( 'NONE',  ( 5.643672213289604200, 6.840443814239312000, 2.119429949669280800 ) ) ;
#2430 = CARTESIAN_POINT ( 'NONE',  ( -4.739661120043702000, 3.723756548762971400, 3.829569941986565000 ) ) ;
#2431 = CARTESIAN_POINT ( 'NONE',  ( -0.3938277867103798200, 4.159556185760725300, 5.880570050330753400 ) ) ;
#2432 = CARTESIAN_POINT ( 'NONE',  ( 3.944760240409288100, -16.21928619600650700, 2.742530600695060300 ) ) ;
#2433 = FACE_OUTER_BOUND ( 'NONE', #1739, .T. ) ;
#2434 = EDGE_CURVE ( 'NONE', #339, #3743, #2760, .T. ) ;
#2435 = CARTESIAN_POINT ( 'NONE',  ( 0.4811722132896170700, 3.871378562817414000, 2.839141604523052600 ) ) ;
#2436 = ADVANCED_FACE ( 'NONE', ( #5403 ), #3303, .F. ) ;
#2437 = CARTESIAN_POINT ( 'NONE',  ( -15.18132778671034300, 7.128621437182588700, 5.160858395476959800 ) ) ;
#2438 = CARTESIAN_POINT ( 'NONE',  ( 6.218142441128712500, -0.4401195293398787500, 5.866620324074926200 ) ) ;
#2439 = ORIENTED_EDGE ( 'NONE', *, *, #4594, .F. ) ;
#2440 = CARTESIAN_POINT ( 'NONE',  ( 4.298315489864344300, 0.9307138039934479400, 3.028393217318458700 ) ) ;
#2441 = EDGE_LOOP ( 'NONE', ( #5511, #3654, #4846, #4711 ) ) ;
#2442 = CARTESIAN_POINT ( 'NONE',  ( 5.188619435515721400, 10.70154713732675200, 5.975611840433583000 ) ) ;
#2443 = CARTESIAN_POINT ( 'NONE',  ( 5.556172213289604800, 4.464281514573391600, 5.453056923070296800 ) ) ;
#2444 = CARTESIAN_POINT ( 'NONE',  ( 6.701684510135632600, 4.168213803993438700, 4.971606782681494300 ) ) ;
#2445 = CARTESIAN_POINT ( 'NONE',  ( 11.94367221328958800, 4.464281514573391600, 5.453056923070295900 ) ) ;
#2446 = AXIS2_PLACEMENT_3D ( 'NONE', #1442, #833, #2391 ) ;
#2447 = ADVANCED_FACE ( 'NONE', ( #4431 ), #1609, .F. ) ;
#2448 = CARTESIAN_POINT ( 'NONE',  ( 7.781240055777087300, -0.3234528626732190400, 4.359551305450859000 ) ) ;
#2449 = CARTESIAN_POINT ( 'NONE',  ( 4.670760536595700800, -6.390119529339869200, 1.844612506840962000 ) ) ;
#2450 = CARTESIAN_POINT ( 'NONE',  ( -8.268827786710359000, 4.241615791476277800, 3.103041480451419300 ) ) ;
#2451 = CARTESIAN_POINT ( 'NONE',  ( 3.718672213289607500, 7.128621437182588700, 5.160858395476957100 ) ) ;
#2452 = CARTESIAN_POINT ( 'NONE',  ( -0.3941397731713690600, 7.044512811454529500, 3.385052833284651900 ) ) ;
#2453 = CARTESIAN_POINT ( 'NONE',  ( -4.622994453377035700, 4.759475034189582800, 2.376513018916272200 ) ) ;
#2454 = DIRECTION ( 'NONE',  ( -0.0000000000000000000, -0.0000000000000000000, -1.000000000000000000 ) ) ;
#2455 = CARTESIAN_POINT ( 'NONE',  ( 6.942278411359273700, 12.68488047066008300, 3.445114078229007500 ) ) ;
#2456 = AXIS2_PLACEMENT_3D ( 'NONE', #5218, #12, #6690 ) ;
#2457 = CARTESIAN_POINT ( 'NONE',  ( -2.442501543090778600, 3.737918633489993900, 4.956194629579911700 ) ) ;
#2458 = ORIENTED_EDGE ( 'NONE', *, *, #6673, .T. ) ;
#2459 = CARTESIAN_POINT ( 'NONE',  ( -2.610494453377040900, 6.458399530062931300, 6.101143420642319600 ) ) ;
#2460 = CARTESIAN_POINT ( 'NONE',  ( -14.13132778671034600, 3.871378562817414000, 2.839141604523054400 ) ) ;
#2461 = CARTESIAN_POINT ( 'NONE',  ( -1.122994453377041100, 6.329998340009527000, 5.819643579270799400 ) ) ;
#2462 = CARTESIAN_POINT ( 'NONE',  ( 5.259406098776349100, -0.2359528626732151900, 5.526492704452463700 ) ) ;
#2463 = CARTESIAN_POINT ( 'NONE',  ( 5.188619435515721400, 11.40154713732675200, 5.975611840433583000 ) ) ;
#2464 = CARTESIAN_POINT ( 'NONE',  ( 5.322838879956271400, 7.276243451237029100, 4.170430058013445200 ) ) ;
#2465 = VERTEX_POINT ( 'NONE', #788 ) ;
#2466 = CARTESIAN_POINT ( 'NONE',  ( 4.057721588640705900, 3.934880470660109700, 4.554885921770945400 ) ) ;
#2467 = CARTESIAN_POINT ( 'NONE',  ( 14.86033887995624500, 3.723756548762971400, 3.829569941986562300 ) ) ;
#2468 = DIRECTION ( 'NONE',  ( -1.000000000000000000, -2.863857827303820200E-031, 1.224646799147345600E-016 ) ) ;
#2469 = CARTESIAN_POINT ( 'NONE',  ( 3.218759944222878000, -2.773452862673212200, 3.640448694549156100 ) ) ;
#2470 = CARTESIAN_POINT ( 'NONE',  ( -7.743827786710361300, 4.464281514573391600, 5.453056923070299400 ) ) ;
#2471 =( BOUNDED_CURVE ( )  B_SPLINE_CURVE ( 2, ( #2128, #4205, #4272, #2214, #1109 ),
 .UNSPECIFIED., .F., .F. ) 
 B_SPLINE_CURVE_WITH_KNOTS ( ( 3, 2, 3 ),
 ( 0.5373871024724982100, 0.5407407407407407400, 0.5429612597139388300 ),
 .UNSPECIFIED. ) 
 CURVE ( )  GEOMETRIC_REPRESENTATION_ITEM ( )  RATIONAL_B_SPLINE_CURVE ( ( 0.9770678153906076100, 0.8786883701329731800, 1.000000000000000000, 0.9196768541377357000, 0.9356676057374919700 ) ) 
 REPRESENTATION_ITEM ( '' )  );
#2472 = CARTESIAN_POINT ( 'NONE',  ( 4.477005546622938100, 6.458399530062931300, 6.101143420642317800 ) ) ;
#2473 = EDGE_CURVE ( 'NONE', #1012, #5997, #5655, .T. ) ;
#2474 = ORIENTED_EDGE ( 'NONE', *, *, #2216, .T. ) ;
#2475 = CARTESIAN_POINT ( 'NONE',  ( -3.281327786710373000, 4.241615791476277800, 3.103041480451418800 ) ) ;
#2476 = CARTESIAN_POINT ( 'NONE',  ( -2.364402915258973200, 3.980713502169490200, 2.822456547124054400 ) ) ;
#2477 = CARTESIAN_POINT ( 'NONE',  ( 7.262641947663275300, 11.92654713732675400, 4.277813907273675800 ) ) ;
#2478 = ADVANCED_FACE ( 'NONE', ( #2496 ), #5156, .T. ) ;
#2479 = CARTESIAN_POINT ( 'NONE',  ( 3.944760240409291600, 0.5807138039934483000, 2.742530600695058100 ) ) ;
#2480 = CARTESIAN_POINT ( 'NONE',  ( 3.747838879956277800, 5.308977857911811400, 5.990856735486523200 ) ) ;
#2481 = CARTESIAN_POINT ( 'NONE',  ( -12.08966112004368500, 3.201156655697758900, 3.779426629688415600 ) ) ;
#2482 = CARTESIAN_POINT ( 'NONE',  ( 6.701684510135632600, 1.980713803993446700, 4.971606782681494300 ) ) ;
#2483 = CARTESIAN_POINT ( 'NONE',  ( 5.188619435515721400, 12.10154713732675100, 5.975611840433583000 ) ) ;
#2484 = CARTESIAN_POINT ( 'NONE',  ( 9.814505546622928700, 4.094019031668182200, 4.641313432528430200 ) ) ;
#2485 = CARTESIAN_POINT ( 'NONE',  ( 6.140727072607993400, 6.909880470660102200, 5.665399658089311800 ) ) ;
#2486 = CARTESIAN_POINT ( 'NONE',  ( 15.12283887995625000, 3.201156655697758900, 3.779426629688412500 ) ) ;
#2487 = CARTESIAN_POINT ( 'NONE',  ( 14.51033887995625100, 7.276243451237029100, 4.170430058013445200 ) ) ;
#2488 = DIRECTION ( 'NONE',  ( 0.0000000000000000000, 0.0000000000000000000, 1.000000000000000000 ) ) ;
#2489 = CARTESIAN_POINT ( 'NONE',  ( 5.811380564484256400, -2.248452862673213600, 2.024388159566371700 ) ) ;
#2490 = CARTESIAN_POINT ( 'NONE',  ( -10.66049445337702300, 6.240524965810419800, 5.623486981083740200 ) ) ;
#2491 = AXIS2_PLACEMENT_3D ( 'NONE', #6030, #6549, #5524 ) ;
#2492 = CARTESIAN_POINT ( 'NONE',  ( 7.218672213289596400, 7.128621437182588700, 5.160858395476957100 ) ) ;
#2493 = CARTESIAN_POINT ( 'NONE',  ( -2.931327786710373300, 6.758384208523724900, 4.896958519548593200 ) ) ;
#2494 = CARTESIAN_POINT ( 'NONE',  ( 5.499999999999997300, -2.100000000000002300, 5.650000000000000400 ) ) ;
#2495 = CARTESIAN_POINT ( 'NONE',  ( 4.859272927391987000, 13.55988047066008500, 2.334600341910639800 ) ) ;
#2496 = FACE_OUTER_BOUND ( 'NONE', #2761, .T. ) ;
#2497 = CARTESIAN_POINT ( 'NONE',  ( 7.366620324074955500, 3.847380470660108900, 3.281857558871289300 ) ) ;
#2498 = CARTESIAN_POINT ( 'NONE',  ( 3.514505546622942200, 7.319643579270779000, 3.170001659990438800 ) ) ;
#2499 = CARTESIAN_POINT ( 'NONE',  ( -11.97299445337701800, 4.541600469937070500, 1.898856579357692100 ) ) ;
#2500 = CARTESIAN_POINT ( 'NONE',  ( 6.621914875055268500, 0.7557138039934489000, 2.612414249184341000 ) ) ;
#2501 = CONICAL_SURFACE ( 'NONE', #5255, 2.050000000000009100, 0.7853981633974458400 ) ;
#2502 = CARTESIAN_POINT ( 'NONE',  ( 4.859272927391979900, -15.22761952933984700, 2.334600341910643800 ) ) ;
#2503 = CARTESIAN_POINT ( 'NONE',  ( 4.298315489864340800, -11.58178619600652200, 3.028393217318460000 ) ) ;
#2504 = CARTESIAN_POINT ( 'NONE',  ( 8.414505546622930200, 4.094019031668182200, 4.641313432528430200 ) ) ;
#2505 = CARTESIAN_POINT ( 'NONE',  ( 3.737358052336704300, 5.976547137326766000, 3.722186092726276700 ) ) ;
#2506 = CARTESIAN_POINT ( 'NONE',  ( 15.18117221328958000, 3.871378562817414000, 2.839141604523050900 ) ) ;
#2507 = CARTESIAN_POINT ( 'NONE',  ( -14.16049445337701100, 4.541600469937070500, 1.898856579357692400 ) ) ;
#2508 = ADVANCED_FACE ( 'NONE', ( #2985, #1689 ), #1238, .T. ) ;
#2509 = CARTESIAN_POINT ( 'NONE',  ( 5.499999999999997300, -2.500000000000000900, 1.950000000000000400 ) ) ;
#2510 = CARTESIAN_POINT ( 'NONE',  ( 5.188619435515718700, -2.598452862673212000, 5.975611840433584700 ) ) ;
#2511 = CARTESIAN_POINT ( 'NONE',  ( -9.435494453377023300, 6.905980968331821400, 3.358686567471580500 ) ) ;
#2512 = LINE ( 'NONE', #4049, #1140 ) ;
#2513 = CIRCLE ( 'NONE', #1719, 1.650000000000000400 ) ;
#2514 = CARTESIAN_POINT ( 'NONE',  ( 9.085338879956259100, 5.691022142088190300, 2.009143264513485200 ) ) ;
#2515 = CARTESIAN_POINT ( 'NONE',  ( -0.3566844771710853100, 7.181648394776354700, 4.246995298592405100 ) ) ;
#2516 = CARTESIAN_POINT ( 'NONE',  ( -4.097994453377038000, 4.094019031668182200, 4.641313432528431100 ) ) ;
#2517 = CARTESIAN_POINT ( 'NONE',  ( 7.781240055777093500, -12.31095286267318700, 4.359551305450800400 ) ) ;
#2518 = ORIENTED_EDGE ( 'NONE', *, *, #5673, .T. ) ;
#2519 = EDGE_CURVE ( 'NONE', #5023, #3566, #5740, .T. ) ;
#2520 = CARTESIAN_POINT ( 'NONE',  ( 6.329239463404273500, 3.672380470660108600, 6.155387493158992900 ) ) ;
#2521 = CARTESIAN_POINT ( 'NONE',  ( 4.622838879956274700, 3.201156655697758900, 3.779426629688413400 ) ) ;
#2522 = CARTESIAN_POINT ( 'NONE',  ( -12.03132778671035100, 3.871378562817414000, 2.839141604523054000 ) ) ;
#2523 = CARTESIAN_POINT ( 'NONE',  ( 3.633379675925007200, -2.102619529339877500, 4.718142441128629000 ) ) ;
#2524 = CARTESIAN_POINT ( 'NONE',  ( 7.262641947663273500, 0.6390471373267807600, 4.277813907273677600 ) ) ;
#2525 = CARTESIAN_POINT ( 'NONE',  ( 4.378085124944703900, -15.69428619600651100, 5.387585750815615500 ) ) ;
#2526 = CARTESIAN_POINT ( 'NONE',  ( 4.298315489864340800, -13.68178619600651800, 3.028393217318460500 ) ) ;
#2527 = CARTESIAN_POINT ( 'NONE',  ( 4.298315489864345200, 5.918213803993433300, 3.028393217318458200 ) ) ;
#2528 = CARTESIAN_POINT ( 'NONE',  ( 13.60617221328958400, 4.159556185760689800, 5.880570050330726800 ) ) ;
#2529 = CARTESIAN_POINT ( 'NONE',  ( -15.85216112004367300, 5.308977857911811400, 5.990856735486525000 ) ) ;
#2530 = AXIS2_PLACEMENT_3D ( 'NONE', #3951, #5523, #6050 ) ;
#2531 = CARTESIAN_POINT ( 'NONE',  ( 6.952000592372848500, -0.2067861960065528200, 2.204163812291812400 ) ) ;
#2532 = CARTESIAN_POINT ( 'NONE',  ( 7.781240055777096200, -3.823452862673209400, 4.359551305450798600 ) ) ;
#2533 = CARTESIAN_POINT ( 'NONE',  ( -8.210494453377027200, 4.759475034189582800, 2.376513018916272600 ) ) ;
#2534 = CARTESIAN_POINT ( 'NONE',  ( 8.968672213289599100, 3.871378562817414000, 2.839141604523051300 ) ) ;
#2535 = DIRECTION ( 'NONE',  ( 0.0000000000000000000, -1.000000000000000000, 0.0000000000000000000 ) ) ;
#2536 = CARTESIAN_POINT ( 'NONE',  ( 0.6270055466229489400, 6.240524965810419800, 5.623486981083739300 ) ) ;
#2537 = VERTEX_POINT ( 'NONE', #6455 ) ;
#2538 = CARTESIAN_POINT ( 'NONE',  ( 3.218759944222889600, -2.073452862673213400, 3.640448694549089000 ) ) ;
#2539 = CARTESIAN_POINT ( 'NONE',  ( 7.366620324074951900, -12.25261952933985500, 3.281857558871291000 ) ) ;
#2540 = CARTESIAN_POINT ( 'NONE',  ( 3.633379675925018300, -18.11511952933983900, 4.718142441128667200 ) ) ;
#2541 = CARTESIAN_POINT ( 'NONE',  ( 3.218759944222879400, 2.739047137326775100, 3.640448694549155200 ) ) ;
#2542 = CARTESIAN_POINT ( 'NONE',  ( 3.281172213289610600, 3.871378562817414000, 2.839141604523052200 ) ) ;
#2543 = CARTESIAN_POINT ( 'NONE',  ( -10.10632778671035800, 4.159556185760689800, 5.880570050330730300 ) ) ;
#2544 = ORIENTED_EDGE ( 'NONE', *, *, #5711, .F. ) ;
#2545 = CARTESIAN_POINT ( 'NONE',  ( 6.783072801662311400, -2.071358790222914700, 5.037412254426534700 ) ) ;
#2546 = CARTESIAN_POINT ( 'NONE',  ( 4.378085124944708400, 6.705713803993432100, 5.387585750815612000 ) ) ;
#2547 = CARTESIAN_POINT ( 'NONE',  ( 4.298315489864340800, -15.86928619600651300, 3.028393217318460900 ) ) ;
#2548 = CARTESIAN_POINT ( 'NONE',  ( 4.378085124944703900, -14.20678619600651500, 5.387585750815615500 ) ) ;
#2549 = CARTESIAN_POINT ( 'NONE',  ( 4.298315489864346100, 8.018213803993431200, 3.028393217318457800 ) ) ;
#2550 = CARTESIAN_POINT ( 'NONE',  ( 14.18950554662291800, 6.458399530062931300, 6.101143420642317000 ) ) ;
#2551 = CARTESIAN_POINT ( 'NONE',  ( 14.80200554662291300, 4.094019031668182200, 4.641313432528429300 ) ) ;
#2552 =( BOUNDED_CURVE ( )  B_SPLINE_CURVE ( 2, ( #306, #3929, #834 ),
 .UNSPECIFIED., .F., .F. ) 
 B_SPLINE_CURVE_WITH_KNOTS ( ( 3, 3 ),
 ( 0.5722222222222223000, 0.5734479163618746400 ),
 .UNSPECIFIED. ) 
 CURVE ( )  GEOMETRIC_REPRESENTATION_ITEM ( )  RATIONAL_B_SPLINE_CURVE ( ( 0.9330127018922194100, 0.9330127018922207400, 0.9623583834182860600 ) ) 
 REPRESENTATION_ITEM ( '' )  );
#2553 = CARTESIAN_POINT ( 'NONE',  ( 5.500000000027389600, -0.3238841081627947800, 5.726115891837213900 ) ) ;
#2554 = ORIENTED_EDGE ( 'NONE', *, *, #5460, .F. ) ;
#2555 = CARTESIAN_POINT ( 'NONE',  ( 5.811380564484255600, -5.048452862673205900, 2.024388159566372200 ) ) ;
#2556 = CARTESIAN_POINT ( 'NONE',  ( -4.360494453377036500, 6.240524965810419800, 5.623486981083739300 ) ) ;
#2557 = ORIENTED_EDGE ( 'NONE', *, *, #4508, .T. ) ;
#2558 = CARTESIAN_POINT ( 'NONE',  ( 8.502005546622927000, 7.319643579270779000, 3.170001659990438400 ) ) ;
#2559 = EDGE_CURVE ( 'NONE', #3632, #2718, #6620, .T. ) ;
#2560 = CARTESIAN_POINT ( 'NONE',  ( 14.61450554662299000, 5.500000000000001800, 4.000000000000003600 ) ) ;
#2561 = CARTESIAN_POINT ( 'NONE',  ( 1.093672213289613500, 6.535718485426611000, 2.546943076929712100 ) ) ;
#2562 = CARTESIAN_POINT ( 'NONE',  ( -2.426965232188755800, 3.563863866259283400, 4.435187942534720500 ) ) ;
#2563 = CARTESIAN_POINT ( 'NONE',  ( 7.781240055777093500, -13.71095286267318300, 4.359551305450800400 ) ) ;
#2564 = CARTESIAN_POINT ( 'NONE',  ( 7.055239759590684800, 3.030713803993442000, 5.257469399304895300 ) ) ;
#2565 = CARTESIAN_POINT ( 'NONE',  ( 1.706172213289614900, 4.159556185760689800, 5.880570050330728500 ) ) ;
#2566 = CARTESIAN_POINT ( 'NONE',  ( -11.21466112004368700, 5.691022142088190300, 2.009143264513487500 ) ) ;
#2567 = CARTESIAN_POINT ( 'NONE',  ( 6.701684510135633500, 6.180713803993435300, 4.971606782681494300 ) ) ;
#2568 = CARTESIAN_POINT ( 'NONE',  ( 4.057721588640701400, -15.05261952933984700, 4.554885921770947200 ) ) ;
#2569 = CARTESIAN_POINT ( 'NONE',  ( 6.621914875055265900, -13.85678619600651700, 2.612414249184343200 ) ) ;
#2570 = CARTESIAN_POINT ( 'NONE',  ( 6.140727072607994300, 9.009880470660094800, 5.665399658089311800 ) ) ;
#2571 = CARTESIAN_POINT ( 'NONE',  ( 14.01450554662291700, 7.319643579270779000, 3.170001659990437900 ) ) ;
#2572 = CARTESIAN_POINT ( 'NONE',  ( -12.81882778671034700, 3.871378562817414000, 2.839141604523054400 ) ) ;
#2573 = CARTESIAN_POINT ( 'NONE',  ( 7.159240095130939200, -0.2421921248862561900, 4.727755897601957400 ) ) ;
#2574 = CARTESIAN_POINT ( 'NONE',  ( 5.811380564484257300, 1.251547137326780600, 2.024388159566371300 ) ) ;
#2575 = CARTESIAN_POINT ( 'NONE',  ( -5.235494453377035600, 6.905980968331821400, 3.358686567471580500 ) ) ;
#2576 = AXIS2_PLACEMENT_3D ( 'NONE', #99, #2170, #3717 ) ;
#2577 = CALENDAR_DATE ( 2024, 25, 11 ) ;
#2578 = LINE ( 'NONE', #3911, #1209 ) ;
#2579 = CARTESIAN_POINT ( 'NONE',  ( 7.977005546622926600, 6.458399530062931300, 6.101143420642317800 ) ) ;
#2580 = CARTESIAN_POINT ( 'NONE',  ( 2.143672213289614900, 4.464281514573391600, 5.453056923070296800 ) ) ;
#2581 = CARTESIAN_POINT ( 'NONE',  ( -0.4229944533770458300, 6.329998340009572300, 5.819643579270786100 ) ) ;
#2582 = CARTESIAN_POINT ( 'NONE',  ( 3.944760240409288100, -14.11928619600651500, 2.742530600695059800 ) ) ;
#2583 = CARTESIAN_POINT ( 'NONE',  ( 6.952000592372807700, -17.00678619600651200, 2.204163812291783900 ) ) ;
#2584 = CARTESIAN_POINT ( 'NONE',  ( 4.670760536595703400, 7.522380470660099400, 1.844612506840960200 ) ) ;
#2585 = CARTESIAN_POINT ( 'NONE',  ( 5.964505546622936200, 3.680356420729224100, 4.829998340009570500 ) ) ;
#2586 = CARTESIAN_POINT ( 'NONE',  ( -5.672994453377035600, 4.541600469937070500, 1.898856579357691300 ) ) ;
#2587 = CARTESIAN_POINT ( 'NONE',  ( 6.184122557308523200, -0.7296921235562517900, 5.778194681856164500 ) ) ;
#2588 = ORIENTED_EDGE ( 'NONE', *, *, #3449, .T. ) ;
#2589 = CARTESIAN_POINT ( 'NONE',  ( 4.298315489864344300, 3.730713803993441300, 3.028393217318458200 ) ) ;
#2590 = CARTESIAN_POINT ( 'NONE',  ( 6.621914875055264100, -17.44428619600650900, 2.612414249184343200 ) ) ;
#2591 = CARTESIAN_POINT ( 'NONE',  ( 6.942278411359269300, -8.315119529339863600, 3.445114078229010200 ) ) ;
#2592 = CARTESIAN_POINT ( 'NONE',  ( 4.057721588640706800, 9.534880470660089800, 4.554885921770944500 ) ) ;
#2593 = ORIENTED_EDGE ( 'NONE', *, *, #1750, .F. ) ;
#2594 = CARTESIAN_POINT ( 'NONE',  ( -12.64382778671034800, 6.840443814239312000, 2.119429949669283000 ) ) ;
#2595 = ORIENTED_EDGE ( 'NONE', *, *, #5632, .F. ) ;
#2596 = PERSON ( 'UNSPECIFIED', 'UNSPECIFIED', 'UNSPECIFIED', ('UNSPECIFIED'), ('UNSPECIFIED'), ('UNSPECIFIED') ) ;
#2597 = CARTESIAN_POINT ( 'NONE',  ( 4.781857558871297300, -0.09011952933988245900, 2.133379675925006300 ) ) ;
#2598 = CARTESIAN_POINT ( 'NONE',  ( 7.055239759590683900, -1.081786196006545600, 5.257469399304895300 ) ) ;
#2599 = CARTESIAN_POINT ( 'NONE',  ( -7.568827786710362400, 4.241615791476277800, 3.103041480451419300 ) ) ;
#2600 = CARTESIAN_POINT ( 'NONE',  ( 9.843672213289590200, 6.840443814239312000, 2.119429949669280300 ) ) ;
#2601 = CARTESIAN_POINT ( 'NONE',  ( 0.1020055466229540000, 4.094019031668182200, 4.641313432528431100 ) ) ;
#2602 = CARTESIAN_POINT ( 'NONE',  ( -0.07988322663639782500, 4.327553777943013100, 2.412541973782734500 ) ) ;
#2603 = CARTESIAN_POINT ( 'NONE',  ( 5.811380564484253800, -15.63595286267317700, 2.024388159566373500 ) ) ;
#2604 = CARTESIAN_POINT ( 'NONE',  ( 3.944760240409292500, 5.480713803993436000, 2.742530600695057200 ) ) ;
#2605 = CARTESIAN_POINT ( 'NONE',  ( 7.131172213289603200, 7.128621437182588700, 5.160858395476957100 ) ) ;
#2606 = CARTESIAN_POINT ( 'NONE',  ( -7.072994453377030600, 4.541600469937070500, 1.898856579357691500 ) ) ;
#2607 = CARTESIAN_POINT ( 'NONE',  ( -13.13966112004368000, 3.723756548762971400, 3.829569941986566300 ) ) ;
#2608 = CARTESIAN_POINT ( 'NONE',  ( 6.942278411359271900, 5.597380470660104000, 3.445114078229008400 ) ) ;
#2609 = CARTESIAN_POINT ( 'NONE',  ( 6.621914875055265900, -13.24428619600651800, 2.612414249184343200 ) ) ;
#2610 = CARTESIAN_POINT ( 'NONE',  ( 4.057721588640702300, -8.665119529339863300, 4.554885921770946300 ) ) ;
#2611 = ORIENTED_EDGE ( 'NONE', *, *, #437, .T. ) ;
#2612 = CARTESIAN_POINT ( 'NONE',  ( 3.737358052336705100, 9.476547137326761600, 3.722186092726276200 ) ) ;
#2613 = CARTESIAN_POINT ( 'NONE',  ( 9.347838879956261900, 5.647596759808096500, 2.461728047922990800 ) ) ;
#2614 = CARTESIAN_POINT ( 'NONE',  ( -13.28549445337701200, 7.319643579270779000, 3.170001659990441000 ) ) ;
#2615 = CARTESIAN_POINT ( 'NONE',  ( 4.781857558871299000, -0.7901195293398815000, 2.133379675925013400 ) ) ;
#2616 = CARTESIAN_POINT ( 'NONE',  ( 4.298315489864341600, -10.96928619600652300, 3.028393217318460000 ) ) ;
#2617 = CARTESIAN_POINT ( 'NONE',  ( 6.329239463404272600, -1.140119529339880000, 6.155387493158992900 ) ) ;
#2618 = ORIENTED_EDGE ( 'NONE', *, *, #4594, .T. ) ;
#2619 = CARTESIAN_POINT ( 'NONE',  ( -6.635494453377030600, 6.905980968331821400, 3.358686567471580500 ) ) ;
#2620 = EDGE_CURVE ( 'NONE', #1080, #4980, #5565, .T. ) ;
#2621 = CARTESIAN_POINT ( 'NONE',  ( 12.93533887995625200, 5.308977857911811400, 5.990856735486521400 ) ) ;
#2622 = CARTESIAN_POINT ( 'NONE',  ( -1.472994453377042000, 4.670001659990450800, 2.180356420729214800 ) ) ;
#2623 = CARTESIAN_POINT ( 'NONE',  ( -0.8896611200437128900, 7.276243451237029100, 4.170430058013447000 ) ) ;
#2624 = CARTESIAN_POINT ( 'NONE',  ( -1.014150477759522100, 5.499999999999985800, 2.350000000000005000 ) ) ;
#2625 = CARTESIAN_POINT ( 'NONE',  ( 4.047999407627162100, -9.044286196006527900, 5.795836187708173900 ) ) ;
#2626 = CARTESIAN_POINT ( 'NONE',  ( 4.047999407627160400, -18.05678619600650600, 5.795836187708174800 ) ) ;
#2627 = CARTESIAN_POINT ( 'NONE',  ( 7.055239759590685700, 5.830713803993435600, 5.257469399304894400 ) ) ;
#2628 =( GEOMETRIC_REPRESENTATION_CONTEXT ( 3 ) GLOBAL_UNCERTAINTY_ASSIGNED_CONTEXT ( ( #3578 ) ) GLOBAL_UNIT_ASSIGNED_CONTEXT ( ( #4278, #2178, #1638 ) ) REPRESENTATION_CONTEXT ( 'NONE', 'WORKASPACE' ) );
#2629 = VERTEX_POINT ( 'NONE', #1793 ) ;
#2630 = CARTESIAN_POINT ( 'NONE',  ( 5.147838879956272400, 5.308977857911811400, 5.990856735486523200 ) ) ;
#2631 = CARTESIAN_POINT ( 'NONE',  ( -7.014661120043697000, 5.691022142088190300, 2.009143264513487000 ) ) ;
#2632 = CARTESIAN_POINT ( 'NONE',  ( -15.53132778671034100, 6.758384208523724900, 4.896958519548594100 ) ) ;
#2633 = CARTESIAN_POINT ( 'NONE',  ( 4.057721588640705900, 4.547380470660105100, 4.554885921770945400 ) ) ;
#2634 = ORIENTED_EDGE ( 'NONE', *, *, #1008, .T. ) ;
#2635 = CARTESIAN_POINT ( 'NONE',  ( 4.378085124944703900, -13.59428619600651800, 5.387585750815615500 ) ) ;
#2636 =( BOUNDED_CURVE ( )  B_SPLINE_CURVE ( 2, ( #5008, #2457, #5547, #1921, #1421, #6503, #4441 ),
 .UNSPECIFIED., .F., .F. ) 
 B_SPLINE_CURVE_WITH_KNOTS ( ( 3, 2, 2, 3 ),
 ( 0.4328289855441941300, 0.4333333333333333500, 0.4370370370370370600, 0.4388888888888889900 ),
 .UNSPECIFIED. ) 
 CURVE ( )  GEOMETRIC_REPRESENTATION_ITEM ( )  RATIONAL_B_SPLINE_CURVE ( ( 0.9684809834441794300, 0.9817561563214229900, 1.000000000000000000, 0.8660254037844387100, 1.000000000000000000, 0.9330127018922163000, 0.9330127018922193000 ) ) 
 REPRESENTATION_ITEM ( '' )  );
#2637 = CARTESIAN_POINT ( 'NONE',  ( 6.701684510135629900, -9.131786196006528300, 4.971606782681496000 ) ) ;
#2638 = CARTESIAN_POINT ( 'NONE',  ( 4.378085124944709200, 10.29321380399342300, 5.387585750815612000 ) ) ;
#2639 = CARTESIAN_POINT ( 'NONE',  ( 7.597838879956266400, 5.352403240191906200, 5.538271952077017200 ) ) ;
#2640 = CARTESIAN_POINT ( 'NONE',  ( -11.24382778671035200, 6.840443814239312000, 2.119429949669283000 ) ) ;
#2641 = CARTESIAN_POINT ( 'NONE',  ( 5.499999999999991100, 13.19738047066015900, 3.999999999999976000 ) ) ;
#2642 = CARTESIAN_POINT ( 'NONE',  ( 5.740593901223625100, -8.285952862673195100, 2.473507295547492400 ) ) ;
#2643 = CARTESIAN_POINT ( 'NONE',  ( 6.952000592372810300, -0.9067861960065517500, 2.204163812291782200 ) ) ;
#2644 = CARTESIAN_POINT ( 'NONE',  ( -5.293827786710366500, 6.535718485426611000, 2.546943076929713000 ) ) ;
#2645 = CARTESIAN_POINT ( 'NONE',  ( 11.82700554662292300, 4.541600469937070500, 1.898856579357689300 ) ) ;
#2646 = EDGE_CURVE ( 'NONE', #2680, #3661, #2174, .T. ) ;
#2647 = CARTESIAN_POINT ( 'NONE',  ( 7.055239759590656400, -0.4692861960065470800, 5.257469399304930000 ) ) ;
#2648 = CARTESIAN_POINT ( 'NONE',  ( 4.185338879956271200, 5.352403240191906200, 5.538271952077017200 ) ) ;
#2649 = CARTESIAN_POINT ( 'NONE',  ( 3.218759944222876700, -8.460952862673197600, 3.640448694549157000 ) ) ;
#2650 = CARTESIAN_POINT ( 'NONE',  ( 4.047999407627161300, -16.65678619600651100, 5.795836187708174800 ) ) ;
#2651 = CARTESIAN_POINT ( 'NONE',  ( 7.781240055777098000, 5.889047137326769200, 4.359551305450797700 ) ) ;
#2652 = CARTESIAN_POINT ( 'NONE',  ( 5.497838879956272100, 5.691022142088190300, 2.009143264513485700 ) ) ;
#2653 = CARTESIAN_POINT ( 'NONE',  ( -7.889661120043695200, 3.201156655697758900, 3.779426629688414700 ) ) ;
#2654 = CARTESIAN_POINT ( 'NONE',  ( -14.59799445337700900, 4.094019031668182200, 4.641313432528432900 ) ) ;
#2655 = CARTESIAN_POINT ( 'NONE',  ( 4.859272927391985200, 8.572380470660094800, 2.334600341910640700 ) ) ;
#2656 = AXIS2_PLACEMENT_3D ( 'NONE', #3391, #1339, #5945 ) ;
#2657 = CARTESIAN_POINT ( 'NONE',  ( 6.942278411359267500, -13.30261952933985200, 3.445114078229010600 ) ) ;
#2658 = CARTESIAN_POINT ( 'NONE',  ( 6.942278411359269300, -9.015119529339862900, 3.445114078229010200 ) ) ;
#2659 = CARTESIAN_POINT ( 'NONE',  ( 11.85617221328958800, 4.464281514573391600, 5.453056923070295900 ) ) ;
#2660 = CARTESIAN_POINT ( 'NONE',  ( -10.01882778671035400, 3.871378562817414000, 2.839141604523054000 ) ) ;
#2661 = CARTESIAN_POINT ( 'NONE',  ( 0.0000000000000000000, 9.500000000000001800, 1.000000000000000000 ) ) ;
#2662 = LOCAL_TIME ( 13, 36, 16.00000000000000000, #3069 ) ;
#2663 = LINE ( 'NONE', #63, #3228 ) ;
#2664 = CARTESIAN_POINT ( 'NONE',  ( -1.791733714260078400, 5.842426312431478600, 6.042040964195517300 ) ) ;
#2665 = CARTESIAN_POINT ( 'NONE',  ( 3.737358052336700700, -10.21095286267319200, 3.722186092726278900 ) ) ;
#2666 = CARTESIAN_POINT ( 'NONE',  ( 3.218759944222878500, -0.6734528626732154700, 3.640448694549156100 ) ) ;
#2667 = CARTESIAN_POINT ( 'NONE',  ( -3.310494453377041500, 4.759475034189582800, 2.376513018916271800 ) ) ;
#2668 = VECTOR ( 'NONE', #2289, 1000.000000000000000 ) ;
#2669 = CARTESIAN_POINT ( 'NONE',  ( 10.83533887995626100, 5.308977857911811400, 5.990856735486522300 ) ) ;
#2670 = MECHANICAL_CONTEXT ( 'NONE', #5240, 'mechanical' ) ;
#2671 = CARTESIAN_POINT ( 'NONE',  ( 5.760338879956269600, 3.723756548762971400, 3.829569941986564100 ) ) ;
#2672 = CARTESIAN_POINT ( 'NONE',  ( 5.188619435515716900, -11.78595286267318800, 5.975611840433584700 ) ) ;
#2673 = CARTESIAN_POINT ( 'NONE',  ( 4.670760536595699900, -14.79011952933984900, 1.844612506840963100 ) ) ;
#2674 = CARTESIAN_POINT ( 'NONE',  ( 3.633379675925023200, 6.297380470660103300, 4.718142441128664500 ) ) ;
#2675 = VECTOR ( 'NONE', #6236, 1000.000000000000000 ) ;
#2676 = CARTESIAN_POINT ( 'NONE',  ( 4.972838879956273500, 7.798843344302243400, 4.220573370311595500 ) ) ;
#2677 = CARTESIAN_POINT ( 'NONE',  ( -2.056327786710376900, 6.840443814239312000, 2.119429949669281700 ) ) ;
#2678 = CARTESIAN_POINT ( 'NONE',  ( -12.96466112004368100, 5.647596759808096500, 2.461728047922993500 ) ) ;
#2679 = CARTESIAN_POINT ( 'NONE',  ( 4.057721588640706800, 7.347380470660098700, 4.554885921770945400 ) ) ;
#2680 = VERTEX_POINT ( 'NONE', #235 ) ;
#2681 = CARTESIAN_POINT ( 'NONE',  ( 4.859272927391981700, -7.440119529339866300, 2.334600341910642900 ) ) ;
#2682 = CARTESIAN_POINT ( 'NONE',  ( 14.48117221328958400, 6.758384208523724900, 4.896958519548590500 ) ) ;
#2683 = CARTESIAN_POINT ( 'NONE',  ( -9.377161120043691500, 3.201156655697758900, 3.779426629688415600 ) ) ;
#2684 = CARTESIAN_POINT ( 'NONE',  ( 5.499999999999998200, -0.05000000000000947400, 4.000000000000000000 ) ) ;
#2685 = DIRECTION ( 'NONE',  ( 1.000000000000000000, 0.0000000000000000000, 0.0000000000000000000 ) ) ;
#2686 = CARTESIAN_POINT ( 'NONE',  ( 8.500000000000000000, 5.898059818321140200E-015, 1.000000000000000000 ) ) ;
#2687 = EDGE_CURVE ( 'NONE', #4633, #1718, #5236, .T. ) ;
#2688 = CARTESIAN_POINT ( 'NONE',  ( 4.859272927391981700, -9.627619529339860100, 2.334600341910642900 ) ) ;
#2689 = CARTESIAN_POINT ( 'NONE',  ( 3.218759944222878900, 2.126547137326774400, 3.640448694549155200 ) ) ;
#2690 = CARTESIAN_POINT ( 'NONE',  ( -0.5688277867103800300, 4.241615791476277800, 3.103041480451418400 ) ) ;
#2691 = CARTESIAN_POINT ( 'NONE',  ( 12.58533887995625600, 5.691022142088190300, 2.009143264513484800 ) ) ;
#2692 = APPLICATION_PROTOCOL_DEFINITION ( 'international standard', 'config_control_design', 1994, #3188 ) ;
#2693 = CARTESIAN_POINT ( 'NONE',  ( 3.018672213289608200, 4.241615791476277800, 3.103041480451417900 ) ) ;
#2694 = CARTESIAN_POINT ( 'NONE',  ( -0.1333305603371959000, 3.606256459620029300, 3.682906574421785700 ) ) ;
#2695 = CARTESIAN_POINT ( 'NONE',  ( 6.329239463404270800, -10.32761952933985800, 6.155387493158995600 ) ) ;
#2696 = CARTESIAN_POINT ( 'NONE',  ( 7.781240055777093500, -15.72345286267317900, 4.359551305450801300 ) ) ;
#2697 = CARTESIAN_POINT ( 'NONE',  ( 7.366620324074956400, 10.14738047066009200, 3.281857558871288400 ) ) ;
#2698 = CARTESIAN_POINT ( 'NONE',  ( 10.51450554662292800, 7.319643579270779000, 3.170001659990438400 ) ) ;
#2699 = CARTESIAN_POINT ( 'NONE',  ( -1.706327786710377900, 4.159556185760689800, 5.880570050330728500 ) ) ;
#2700 = EDGE_LOOP ( 'NONE', ( #3807, #4223, #1845, #1024, #2720, #2363, #1955 ) ) ;
#2701 = CARTESIAN_POINT ( 'NONE',  ( -15.47299445337700900, 6.240524965810419800, 5.623486981083741100 ) ) ;
#2702 = CARTESIAN_POINT ( 'NONE',  ( 4.859272927391985200, 7.172380470660101500, 2.334600341910640700 ) ) ;
#2703 = CARTESIAN_POINT ( 'NONE',  ( 4.859272927391982600, -4.640119529339872700, 2.334600341910642500 ) ) ;
#2704 = CARTESIAN_POINT ( 'NONE',  ( 14.59783887995625000, 5.352403240191906200, 5.538271952077016300 ) ) ;
#2705 = CARTESIAN_POINT ( 'NONE',  ( -8.502161120043691500, 5.691022142088190300, 2.009143264513487000 ) ) ;
#2706 = CARTESIAN_POINT ( 'NONE',  ( 4.313602366408827200, -2.317448231752274400, 2.553007149409435500 ) ) ;
#2707 = CARTESIAN_POINT ( 'NONE',  ( 4.378085124944704800, -10.79428619600652600, 5.387585750815614600 ) ) ;
#2708 = CARTESIAN_POINT ( 'NONE',  ( 3.944760240409292500, 5.568213803993436400, 2.742530600695057200 ) ) ;
#2709 = CARTESIAN_POINT ( 'NONE',  ( -3.077161120043709000, 7.276243451237029100, 4.170430058013447900 ) ) ;
#2710 = EDGE_CURVE ( 'NONE', #1760, #5532, #2970, .T. ) ;
#2711 = CARTESIAN_POINT ( 'NONE',  ( -15.79382778671034200, 6.535718485426611000, 2.546943076929714300 ) ) ;
#2712 = CARTESIAN_POINT ( 'NONE',  ( 3.944760240409304500, -1.431786196006547000, 2.742530600695041200 ) ) ;
#2713 = CARTESIAN_POINT ( 'NONE',  ( 3.543672213289604600, 4.464281514573391600, 5.453056923070296800 ) ) ;
#2714 = CARTESIAN_POINT ( 'NONE',  ( -0.09630743865487684200, 4.003383034289855800, 2.738923403010298200 ) ) ;
#2715 = CARTESIAN_POINT ( 'NONE',  ( 3.218759944222876300, -10.56095286267319000, 3.640448694549157000 ) ) ;
#2716 = ORIENTED_EDGE ( 'NONE', *, *, #5763, .F. ) ;
#2717 = CARTESIAN_POINT ( 'NONE',  ( 7.366620324074950200, -16.36511952933984300, 3.281857558871291500 ) ) ;
#2718 = VERTEX_POINT ( 'NONE', #2794 ) ;
#2719 = CARTESIAN_POINT ( 'NONE',  ( 6.329239463404276100, 11.37238047066008800, 6.155387493158992000 ) ) ;
#2720 = ORIENTED_EDGE ( 'NONE', *, *, #4548, .F. ) ;
#2721 = CARTESIAN_POINT ( 'NONE',  ( 10.80617221328959200, 4.159556185760689800, 5.880570050330726800 ) ) ;
#2722 = CARTESIAN_POINT ( 'NONE',  ( -4.389661120043705000, 3.201156655697758900, 3.779426629688414700 ) ) ;
#2723 = CARTESIAN_POINT ( 'NONE',  ( -11.03966112004368600, 3.723756548762971400, 3.829569941986566300 ) ) ;
#2724 = CARTESIAN_POINT ( 'NONE',  ( 4.378085124944709200, 9.505713803993424800, 5.387585750815612000 ) ) ;
#2725 = CARTESIAN_POINT ( 'NONE',  ( 4.859272927391981700, -6.740119529339868800, 2.334600341910642900 ) ) ;
#2726 = CARTESIAN_POINT ( 'NONE',  ( 10.98117221328959100, 6.758384208523724900, 4.896958519548591400 ) ) ;
#2727 = CARTESIAN_POINT ( 'NONE',  ( -7.393827786710359900, 4.159556185760689800, 5.880570050330730300 ) ) ;
#2728 = CARTESIAN_POINT ( 'NONE',  ( -1.627196587262151700, 6.350156835623055300, 5.650000000000012800 ) ) ;
#2729 = CARTESIAN_POINT ( 'NONE',  ( -2.109258458717925100, 6.219172191552087400, 5.509665363925550200 ) ) ;
#2730 = CARTESIAN_POINT ( 'NONE',  ( 6.701684510135630800, -5.019286196006538200, 4.971606782681495100 ) ) ;
#2731 = CARTESIAN_POINT ( 'NONE',  ( 7.366620324074954600, 2.534880470660111100, 3.281857558871289300 ) ) ;
#2732 = CARTESIAN_POINT ( 'NONE',  ( -2.143827786710378500, 4.464281514573391600, 5.453056923070297700 ) ) ;
#2733 = CARTESIAN_POINT ( 'NONE',  ( -16.08549445337700600, 4.094019031668182200, 4.641313432528432900 ) ) ;
#2734 = CARTESIAN_POINT ( 'NONE',  ( -0.6641504777595238500, 5.500000000000015100, 5.650000000000003900 ) ) ;
#2735 = CARTESIAN_POINT ( 'NONE',  ( 3.893672213289607300, 6.535718485426611000, 2.546943076929711700 ) ) ;
#2736 = CARTESIAN_POINT ( 'NONE',  ( -0.2557741326597737200, 5.499999999999992000, 5.794225867340232500 ) ) ;
#2737 = CARTESIAN_POINT ( 'NONE',  ( 7.366620324074951900, -8.052619529339864400, 3.281857558871290600 ) ) ;
#2738 = CARTESIAN_POINT ( 'NONE',  ( 6.952000592372808500, -14.20678619600651700, 2.204163812291783500 ) ) ;
#2739 = CARTESIAN_POINT ( 'NONE',  ( -0.4109176327886909800, 4.251012313330520000, 2.909538076611929200 ) ) ;
#2740 = CARTESIAN_POINT ( 'NONE',  ( 4.047999407627166600, 8.455713803993429400, 5.795836187708171200 ) ) ;
#2741 = PERSON_AND_ORGANIZATION ( #2596, #402 ) ;
#2742 = CIRCLE ( 'NONE', #4780, 2.050000000000009100 ) ;
#2743 = CARTESIAN_POINT ( 'NONE',  ( 11.73950554662292200, 4.541600469937070500, 1.898856579357689300 ) ) ;
#2744 = CARTESIAN_POINT ( 'NONE',  ( -3.864661120043704200, 5.308977857911811400, 5.990856735486524100 ) ) ;
#2745 = CARTESIAN_POINT ( 'NONE',  ( -11.62299445337702000, 4.759475034189582800, 2.376513018916272600 ) ) ;
#2746 = CARTESIAN_POINT ( 'NONE',  ( 5.740593901223628700, 8.514047137326761200, 2.473507295547490600 ) ) ;
#2747 = CARTESIAN_POINT ( 'NONE',  ( 6.621914875055267700, -4.756786196006538100, 2.612414249184342300 ) ) ;
#2748 = CARTESIAN_POINT ( 'NONE',  ( 13.02283887995625000, 7.276243451237029100, 4.170430058013445200 ) ) ;
#2749 = CARTESIAN_POINT ( 'NONE',  ( -6.635494453377030600, 3.680356420729224100, 4.829998340009572300 ) ) ;
#2750 = FACE_OUTER_BOUND ( 'NONE', #3084, .T. ) ;
#2751 = CARTESIAN_POINT ( 'NONE',  ( 6.327034978775936100, -2.107604390489625800, 5.447216807871570600 ) ) ;
#2752 = EDGE_CURVE ( 'NONE', #2037, #679, #3219, .T. ) ;
#2753 = CARTESIAN_POINT ( 'NONE',  ( 7.163376417097643900, -2.437012903224567300, 2.895948935838805700 ) ) ;
#2754 = CARTESIAN_POINT ( 'NONE',  ( 7.347520403120005200, -2.450000000000002000, 3.234057208366520400 ) ) ;
#2755 = CARTESIAN_POINT ( 'NONE',  ( 4.057721588640704100, -4.552619529339871500, 4.554885921770946300 ) ) ;
#2756 = CARTESIAN_POINT ( 'NONE',  ( 6.952000592372812100, 3.993213803993436600, 2.204163812291781300 ) ) ;
#2757 = CARTESIAN_POINT ( 'NONE',  ( -2.435494453377042400, 6.905980968331821400, 3.358686567471579600 ) ) ;
#2758 = VERTEX_POINT ( 'NONE', #1856 ) ;
#2759 = CARTESIAN_POINT ( 'NONE',  ( 14.21867221328958100, 7.128621437182588700, 5.160858395476956200 ) ) ;
#2760 =( BOUNDED_CURVE ( )  B_SPLINE_CURVE ( 2, ( #3813, #1817, #6437, #5960, #4870, #3361, #4315, #263, #239 ),
 .UNSPECIFIED., .F., .F. ) 
 B_SPLINE_CURVE_WITH_KNOTS ( ( 3, 2, 2, 2, 3 ),
 ( 0.4722222222222223200, 0.4740740740740740900, 0.4777777777777778000, 0.4814814814814814500, 0.4833333333333333900 ),
 .UNSPECIFIED. ) 
 CURVE ( )  GEOMETRIC_REPRESENTATION_ITEM ( )  RATIONAL_B_SPLINE_CURVE ( ( 0.9330127018922193000, 0.9330127018922223000, 1.000000000000000000, 0.8660254037844387100, 1.000000000000000000, 0.8660254037844387100, 1.000000000000000000, 0.9330127018922163000, 0.9330127018922193000 ) ) 
 REPRESENTATION_ITEM ( '' )  );
#2761 = EDGE_LOOP ( 'NONE', ( #1412, #365, #1167, #1018, #1394, #4718, #4090, #1576, #5264, #4647, #4009, #3917, #1428, #5024, #5178, #4159, #102 ) ) ;
#2762 = CC_DESIGN_PERSON_AND_ORGANIZATION_ASSIGNMENT ( #4524, #4302, ( #6263 ) ) ;
#2763 = CARTESIAN_POINT ( 'NONE',  ( -0.8292337142600810800, 7.396545759049352000, 4.181973030507069000 ) ) ;
#2764 = CARTESIAN_POINT ( 'NONE',  ( 6.460338879956269800, 3.723756548762971400, 3.829569941986563600 ) ) ;
#2765 = CARTESIAN_POINT ( 'NONE',  ( 4.047999407627163000, -8.344286196006530400, 5.795836187708173900 ) ) ;
#2766 = CARTESIAN_POINT ( 'NONE',  ( 3.218759944222876300, -9.773452862673194000, 3.640448694549157000 ) ) ;
#2767 = CARTESIAN_POINT ( 'NONE',  ( -2.338506949434132800, 4.350246375600359100, 5.511615227280360700 ) ) ;
#2768 = CARTESIAN_POINT ( 'NONE',  ( 3.218759944222880300, 9.039047137326763300, 3.640448694549154300 ) ) ;
#2769 = CARTESIAN_POINT ( 'NONE',  ( 9.522838879956260900, 3.201156655697758900, 3.779426629688412900 ) ) ;
#2770 = CARTESIAN_POINT ( 'NONE',  ( -4.506327786710369500, 4.159556185760689800, 5.880570050330728500 ) ) ;
#2771 = CARTESIAN_POINT ( 'NONE',  ( -9.931327786710355100, 6.758384208523724900, 4.896958519548594100 ) ) ;
#2772 = CARTESIAN_POINT ( 'NONE',  ( 6.621914875055272100, 10.55571380399342400, 2.612414249184340100 ) ) ;
#2773 = CARTESIAN_POINT ( 'NONE',  ( 4.057721588640704100, -4.465119529339872000, 4.554885921770946300 ) ) ;
#2774 = CARTESIAN_POINT ( 'NONE',  ( -3.835494453377037400, 3.680356420729224100, 4.829998340009571400 ) ) ;
#2775 = CARTESIAN_POINT ( 'NONE',  ( -1.210494453377041400, 6.329998340009542100, 5.819643579270793200 ) ) ;
#2776 = CARTESIAN_POINT ( 'NONE',  ( 5.184634574474175700, -0.4000000000000116800, 2.380418372423608500 ) ) ;
#2777 = CARTESIAN_POINT ( 'NONE',  ( -2.118579955059315600, 6.407491824413167300, 5.415095864778729500 ) ) ;
#2778 = EDGE_CURVE ( 'NONE', #3319, #2282, #465, .T. ) ;
#2779 = CARTESIAN_POINT ( 'NONE',  ( 5.259406098776348200, -4.435952862673207000, 5.526492704452463700 ) ) ;
#2780 = CARTESIAN_POINT ( 'NONE',  ( 5.188619435515720500, 5.101547137326773100, 5.975611840433583000 ) ) ;
#2781 = VERTEX_POINT ( 'NONE', #5483 ) ;
#2782 = CARTESIAN_POINT ( 'NONE',  ( 2.056172213289613600, 4.464281514573391600, 5.453056923070296800 ) ) ;
#2783 = CARTESIAN_POINT ( 'NONE',  ( 8.210338879956264400, 7.276243451237029100, 4.170430058013445200 ) ) ;
#2784 = CARTESIAN_POINT ( 'NONE',  ( 5.811380564484255600, -7.935952862673196300, 2.024388159566372200 ) ) ;
#2785 = EDGE_LOOP ( 'NONE', ( #3892, #1550, #2474, #2595 ) ) ;
#2786 = CARTESIAN_POINT ( 'NONE',  ( 5.811380564484254700, -11.34845286267319000, 2.024388159566372600 ) ) ;
#2787 = CARTESIAN_POINT ( 'NONE',  ( 3.218759944222880300, 8.339047137326762300, 3.640448694549154300 ) ) ;
#2788 = CARTESIAN_POINT ( 'NONE',  ( 11.38950554662292400, 6.458399530062931300, 6.101143420642317800 ) ) ;
#2789 = CARTESIAN_POINT ( 'NONE',  ( 0.9186722132896174600, 7.128621437182588700, 5.160858395476957100 ) ) ;
#2790 = CARTESIAN_POINT ( 'NONE',  ( -11.79799445337701700, 4.094019031668182200, 4.641313432528432900 ) ) ;
#2791 = CARTESIAN_POINT ( 'NONE',  ( 4.057721588640707600, 11.54738047066009100, 4.554885921770944500 ) ) ;
#2792 = CARTESIAN_POINT ( 'NONE',  ( 4.859272927391982600, -2.540119529339877500, 2.334600341910642000 ) ) ;
#2793 = ORIENTED_EDGE ( 'NONE', *, *, #1704, .T. ) ;
#2794 = CARTESIAN_POINT ( 'NONE',  ( 4.045883903943655800, -0.4000000000000112400, 4.779773287045572700 ) ) ;
#2795 = CARTESIAN_POINT ( 'NONE',  ( -3.427161120043705500, 7.798843344302243400, 4.220573370311596400 ) ) ;
#2796 = AXIS2_PLACEMENT_3D ( 'NONE', #2972, #2535, #942 ) ;
#2797 = CARTESIAN_POINT ( 'NONE',  ( -1.502161120043709500, 5.691022142088184100, 2.009143264513485700 ) ) ;
#2798 = VERTEX_POINT ( 'NONE', #2370 ) ;
#2799 = CARTESIAN_POINT ( 'NONE',  ( 4.057721588640700500, -17.76511952933983800, 4.554885921770947200 ) ) ;
#2800 = CARTESIAN_POINT ( 'NONE',  ( 3.849999999999989400, -0.4318122771965637900, 4.306452386981060700 ) ) ;
#2801 = CARTESIAN_POINT ( 'NONE',  ( -2.500000000000000000, 5.499999999999998200, 4.000000000000000000 ) ) ;
#2802 = CARTESIAN_POINT ( 'NONE',  ( 6.140727072607990800, -6.477619529339868600, 5.665399658089314400 ) ) ;
#2803 = CARTESIAN_POINT ( 'NONE',  ( 4.047999407627166600, 9.243213803993425500, 5.795836187708171200 ) ) ;
#2804 = CARTESIAN_POINT ( 'NONE',  ( 0.6561722132896156100, 4.464281514573391600, 5.453056923070296800 ) ) ;
#2805 = CARTESIAN_POINT ( 'NONE',  ( 8.035338879956263700, 5.647596759808096500, 2.461728047922990800 ) ) ;
#2806 = CARTESIAN_POINT ( 'NONE',  ( 6.952000592372809400, -7.994286196006531700, 2.204163812291782600 ) ) ;
#2807 = CARTESIAN_POINT ( 'NONE',  ( 6.329239463404270800, -12.34011952933985500, 6.155387493158995600 ) ) ;
#2808 = CARTESIAN_POINT ( 'NONE',  ( -0.5959003809267486900, 4.394133853252570000, 5.551470291522854000 ) ) ;
#2809 = CARTESIAN_POINT ( 'NONE',  ( 4.047999407627167500, 11.95571380399342200, 5.795836187708170300 ) ) ;
#2810 = CARTESIAN_POINT ( 'NONE',  ( 12.67283887995625400, 7.798843344302243400, 4.220573370311594600 ) ) ;
#2811 = CARTESIAN_POINT ( 'NONE',  ( 0.7436722132896171900, 6.840443814239312000, 2.119429949669281200 ) ) ;
#2812 = CARTESIAN_POINT ( 'NONE',  ( -0.6271611200437121600, 7.798843344302243400, 4.220573370311591100 ) ) ;
#2813 = CARTESIAN_POINT ( 'NONE',  ( -10.80632778671035300, 6.535718485426611000, 2.546943076929713900 ) ) ;
#2814 = CARTESIAN_POINT ( 'NONE',  ( 4.859272927391985200, 11.37238047066008800, 2.334600341910640300 ) ) ;
#2815 = CARTESIAN_POINT ( 'NONE',  ( 3.218759944222878000, -2.860952862673211700, 3.640448694549156100 ) ) ;
#2816 = CARTESIAN_POINT ( 'NONE',  ( 3.737358052336703400, 0.3765471373267799700, 3.722186092726277100 ) ) ;
#2817 = EDGE_CURVE ( 'NONE', #1148, #5622, #221, .T. ) ;
#2818 = CARTESIAN_POINT ( 'NONE',  ( -5.818827786710367700, 3.871378562817414000, 2.839141604523053500 ) ) ;
#2819 = CARTESIAN_POINT ( 'NONE',  ( 5.259406098776345600, -16.24845286267317600, 5.526492704452465400 ) ) ;
#2820 = CIRCLE ( 'NONE', #496, 1.650000000000000400 ) ;
#2821 = CARTESIAN_POINT ( 'NONE',  ( 7.352932180967161300, -2.449999999999982400, 4.752756489667278000 ) ) ;
#2822 = DIRECTION ( 'NONE',  ( 1.000000000000000000, 0.0000000000000000000, 0.0000000000000000000 ) ) ;
#2823 = CARTESIAN_POINT ( 'NONE',  ( 6.942278411359269300, -5.602619529339870400, 3.445114078229009700 ) ) ;
#2824 = CARTESIAN_POINT ( 'NONE',  ( 5.188619435515720500, 5.801547137326765300, 5.975611840433583000 ) ) ;
#2825 = CARTESIAN_POINT ( 'NONE',  ( 1.589505546622946600, 4.759475034189582800, 2.376513018916271800 ) ) ;
#2826 = SHAPE_DEFINITION_REPRESENTATION ( #5604, #6611 ) ;
#2827 = FACE_OUTER_BOUND ( 'NONE', #3407, .T. ) ;
#2828 = CARTESIAN_POINT ( 'NONE',  ( 9.610338879956259500, 7.276243451237029100, 4.170430058013445200 ) ) ;
#2829 = CARTESIAN_POINT ( 'NONE',  ( 3.633379675925021000, -5.602619529339870400, 4.718142441128665400 ) ) ;
#2830 = CARTESIAN_POINT ( 'NONE',  ( 7.352932180967161300, -2.449999999999982400, 4.752756489667278000 ) ) ;
#2831 = LINE ( 'NONE', #355, #5417 ) ;
#2832 = CARTESIAN_POINT ( 'NONE',  ( 3.944760240409288100, -12.63178619600651900, 2.742530600695059800 ) ) ;
#2833 = CARTESIAN_POINT ( 'NONE',  ( -0.4209003809267489700, 4.156387314324367000, 3.042291823731519100 ) ) ;
#2834 = CARTESIAN_POINT ( 'NONE',  ( 7.366620324074957300, 12.24738047066008700, 3.281857558871287900 ) ) ;
#2835 = CARTESIAN_POINT ( 'NONE',  ( 12.32283887995625600, 3.201156655697758900, 3.779426629688412900 ) ) ;
#2836 = CARTESIAN_POINT ( 'NONE',  ( 0.8603388799562853300, 7.798843344302243400, 4.220573370311596400 ) ) ;
#2837 = CARTESIAN_POINT ( 'NONE',  ( -8.239661120043695800, 3.723756548762971400, 3.829569941986565400 ) ) ;
#2838 = CARTESIAN_POINT ( 'NONE',  ( 5.740593901223629600, 11.31404713732675500, 2.473507295547489700 ) ) ;
#2839 = CARTESIAN_POINT ( 'NONE',  ( 6.329239463404273500, 0.1723804706601181900, 6.155387493158992900 ) ) ;
#2840 = AXIS2_PLACEMENT_3D ( 'NONE', #4466, #6529, #1377 ) ;
#2841 = CARTESIAN_POINT ( 'NONE',  ( 4.859272927391983500, -0.4401195293398811300, 2.334600341910642000 ) ) ;
#2842 = ORIENTED_EDGE ( 'NONE', *, *, #5368, .T. ) ;
#2843 = LINE ( 'NONE', #4715, #1472 ) ;
#2844 = CARTESIAN_POINT ( 'NONE',  ( 4.781857558871282200, -0.8776195293398770800, 2.133379675925019600 ) ) ;
#2845 = CARTESIAN_POINT ( 'NONE',  ( -3.718827786710369800, 3.871378562817414000, 2.839141604523053100 ) ) ;
#2846 = DIRECTION ( 'NONE',  ( 1.000000000000000000, 1.369518533665900100E-016, -0.0000000000000000000 ) ) ;
#2847 = ORIENTED_EDGE ( 'NONE', *, *, #6374, .F. ) ;
#2848 = CARTESIAN_POINT ( 'NONE',  ( 3.849999999999995200, -1.131812277196561300, 4.306452386981076700 ) ) ;
#2849 =( BOUNDED_CURVE ( )  B_SPLINE_CURVE ( 2, ( #2069, #4213, #3655, #4165, #1071 ),
 .UNSPECIFIED., .F., .T. ) 
 B_SPLINE_CURVE_WITH_KNOTS ( ( 3, 2, 3 ),
 ( 0.5055555555555556500, 0.5074074074074074200, 0.5090763135894488300 ),
 .UNSPECIFIED. ) 
 CURVE ( )  GEOMETRIC_REPRESENTATION_ITEM ( )  RATIONAL_B_SPLINE_CURVE ( ( 0.9330127018922194100, 0.9330127018922234100, 1.000000000000000000, 0.9396304213976232100, 0.9336664707810875500 ) ) 
 REPRESENTATION_ITEM ( '' )  );
#2850 = CARTESIAN_POINT ( 'NONE',  ( 6.701684510135631700, -0.8192861960065467300, 4.971606782681495100 ) ) ;
#2851 = CARTESIAN_POINT ( 'NONE',  ( 3.218759944222879800, 6.326547137326767400, 3.640448694549154800 ) ) ;
#2852 = CARTESIAN_POINT ( 'NONE',  ( -0.1604944533770475400, 6.240524965810419800, 5.623486981083739300 ) ) ;
#2853 = CC_DESIGN_DATE_AND_TIME_ASSIGNMENT ( #5732, #682, ( #4364 ) ) ;
#2854 = CARTESIAN_POINT ( 'NONE',  ( 7.452005546622932500, 6.905980968331821400, 3.358686567471578700 ) ) ;
#2855 = CARTESIAN_POINT ( 'NONE',  ( 4.047999407627163900, -4.144286196006541800, 5.795836187708173000 ) ) ;
#2856 = CARTESIAN_POINT ( 'NONE',  ( 7.097244201232661500, -2.226253898584266400, 3.197262826918245300 ) ) ;
#2857 = CARTESIAN_POINT ( 'NONE',  ( 7.781240055777093500, -11.52345286267319000, 4.359551305450800400 ) ) ;
#2858 = CARTESIAN_POINT ( 'NONE',  ( -13.69382778671034700, 6.535718485426611000, 2.546943076929713900 ) ) ;
#2859 = CARTESIAN_POINT ( 'NONE',  ( 5.188619435515721400, 13.41404713732675300, 5.975611840433582100 ) ) ;
#2860 = CARTESIAN_POINT ( 'NONE',  ( 1.268672213289613500, 3.871378562817414000, 2.839141604523052600 ) ) ;
#2861 = CARTESIAN_POINT ( 'NONE',  ( 5.499999999999991100, 13.19738047066015900, 3.999999999999976000 ) ) ;
#2862 = CARTESIAN_POINT ( 'NONE',  ( -5.731327786710366500, 6.758384208523724900, 4.896958519548593200 ) ) ;
#2863 = CARTESIAN_POINT ( 'NONE',  ( 3.737358052336705600, 12.88904713732675100, 3.722186092726275800 ) ) ;
#2864 = CARTESIAN_POINT ( 'NONE',  ( 6.952000592372810300, -0.9942861960065493300, 2.204163812291782200 ) ) ;
#2865 = CARTESIAN_POINT ( 'NONE',  ( 4.298315489864343400, -1.081786196006545600, 3.028393217318459100 ) ) ;
#2866 = CARTESIAN_POINT ( 'NONE',  ( 4.047999407627134600, -0.6442861960065489100, 5.795836187708148100 ) ) ;
#2867 = ORIENTED_EDGE ( 'NONE', *, *, #1241, .T. ) ;
#2868 = CARTESIAN_POINT ( 'NONE',  ( -6.052161120043699300, 5.308977857911811400, 5.990856735486524100 ) ) ;
#2869 = CARTESIAN_POINT ( 'NONE',  ( 5.259406098776345600, -14.84845286267318100, 5.526492704452465400 ) ) ;
#2870 = CARTESIAN_POINT ( 'NONE',  ( 6.718301849540076800, -1.808858790222913600, 5.674194636923987300 ) ) ;
#2871 = CARTESIAN_POINT ( 'NONE',  ( 4.382386266242872500, -2.193471378611671100, 5.358716353238746100 ) ) ;
#2872 = EDGE_CURVE ( 'NONE', #989, #4854, #2145, .T. ) ;
#2873 = CARTESIAN_POINT ( 'NONE',  ( 4.859272927391982600, -3.327619529339874500, 2.334600341910642000 ) ) ;
#2874 = CARTESIAN_POINT ( 'NONE',  ( 7.366620324074956400, 8.134880470660098300, 3.281857558871288800 ) ) ;
#2875 = CARTESIAN_POINT ( 'NONE',  ( 5.031172213289605300, 4.241615791476277800, 3.103041480451417900 ) ) ;
#2876 = CARTESIAN_POINT ( 'NONE',  ( 11.18533887995625700, 5.352403240191906200, 5.538271952077017200 ) ) ;
#2877 = CARTESIAN_POINT ( 'NONE',  ( 6.952000592372810300, -3.794286196006543000, 2.204163812291782200 ) ) ;
#2878 = DIRECTION ( 'NONE',  ( 0.3590712205643570300, 0.0000000000000000000, 0.9333101620374777400 ) ) ;
#2879 = CARTESIAN_POINT ( 'NONE',  ( 6.952000592372810300, -5.806786196006537900, 2.204163812291782600 ) ) ;
#2880 = CARTESIAN_POINT ( 'NONE',  ( -14.51049445337701200, 4.759475034189582800, 2.376513018916274000 ) ) ;
#2881 = CARTESIAN_POINT ( 'NONE',  ( 3.218759944222881600, 11.83904713732675500, 3.640448694549153900 ) ) ;
#2882 = AXIS2_PLACEMENT_3D ( 'NONE', #287, #5428, #320 ) ;
#2883 = CARTESIAN_POINT ( 'NONE',  ( -0.3646611200437133200, 5.308977857911811400, 5.990856735486523200 ) ) ;
#2884 = VERTEX_POINT ( 'NONE', #3976 ) ;
#2885 = CARTESIAN_POINT ( 'NONE',  ( 6.697900488707566600, -1.404713601790179100, 2.518435145140717000 ) ) ;
#2886 = CARTESIAN_POINT ( 'NONE',  ( -5.322994453377036800, 4.759475034189582800, 2.376513018916272200 ) ) ;
#2887 = CARTESIAN_POINT ( 'NONE',  ( 3.633379675925021000, -3.502619529339876100, 4.718142441128665400 ) ) ;
#2888 = CARTESIAN_POINT ( 'NONE',  ( 6.621914875055268500, -0.5567861960065473300, 2.612414249184341000 ) ) ;
#2889 = ORIENTED_EDGE ( 'NONE', *, *, #4850, .T. ) ;
#2890 = DIRECTION ( 'NONE',  ( 3.652049423109062400E-016, 1.000000000000000000, -0.0000000000000000000 ) ) ;
#2891 = CARTESIAN_POINT ( 'NONE',  ( -1.968827786710374900, 7.128621437182588700, 5.160858395476958000 ) ) ;
#2892 = CARTESIAN_POINT ( 'NONE',  ( -12.67299445337701700, 4.541600469937070500, 1.898856579357692400 ) ) ;
#2893 = CARTESIAN_POINT ( 'NONE',  ( 6.140727072607989000, -16.89011952933983800, 5.665399658089315300 ) ) ;
#2894 = DIRECTION ( 'NONE',  ( -6.938893903907223400E-016, 1.000000000000000000, -0.0000000000000000000 ) ) ;
#2895 = CARTESIAN_POINT ( 'NONE',  ( 4.057721588640704100, -3.152619529339876400, 4.554885921770946300 ) ) ;
#2896 = CARTESIAN_POINT ( 'NONE',  ( 3.218759944222880300, 7.726547137326760700, 3.640448694549154800 ) ) ;
#2897 = CARTESIAN_POINT ( 'NONE',  ( 6.781172213289603500, 6.758384208523724900, 4.896958519548591400 ) ) ;
#2898 = CARTESIAN_POINT ( 'NONE',  ( 4.859272927391984400, 5.159880470660106700, 2.334600341910640700 ) ) ;
#2899 = CARTESIAN_POINT ( 'NONE',  ( 13.05200554662291900, 6.905980968331821400, 3.358686567471578200 ) ) ;
#2900 = CARTESIAN_POINT ( 'NONE',  ( 0.0000000000000000000, 5.499999999999998200, 6.050000000000008700 ) ) ;
#2901 = CARTESIAN_POINT ( 'NONE',  ( 5.811380564484255600, -6.448452862673202700, 2.024388159566372200 ) ) ;
#2902 = CARTESIAN_POINT ( 'NONE',  ( -14.33549445337700900, 6.905980968331821400, 3.358686567471581300 ) ) ;
#2903 = CARTESIAN_POINT ( 'NONE',  ( 7.781240055777099800, 11.48904713732675700, 4.359551305450797700 ) ) ;
#2904 = CARTESIAN_POINT ( 'NONE',  ( 3.310338879956276500, 3.201156655697758900, 3.779426629688413800 ) ) ;
#2905 = DIRECTION ( 'NONE',  ( -2.220446049250337700E-016, -1.000000000000000000, 1.224646799147324600E-016 ) ) ;
#2906 = CARTESIAN_POINT ( 'NONE',  ( -7.014661120043697000, 5.352403240191906200, 5.538271952077018900 ) ) ;
#2907 = DIRECTION ( 'NONE',  ( 1.000000000000000000, 0.0000000000000000000, 0.0000000000000000000 ) ) ;
#2908 = CARTESIAN_POINT ( 'NONE',  ( 7.055239759590683900, -1.169286196006546400, 5.257469399304895300 ) ) ;
#2909 = CARTESIAN_POINT ( 'NONE',  ( 4.378085124944707500, 0.4932138039934480000, 5.387585750815612900 ) ) ;
#2910 = CYLINDRICAL_SURFACE ( 'NONE', #855, 1.999999999999999600 ) ;
#2911 = CARTESIAN_POINT ( 'NONE',  ( -0.1604944533770475400, 4.541600469937070500, 1.898856579357690800 ) ) ;
#2912 = ADVANCED_FACE ( 'NONE', ( #3870 ), #3381, .F. ) ;
#2913 = CARTESIAN_POINT ( 'NONE',  ( -12.96466112004368100, 5.308977857911811400, 5.990856735486525000 ) ) ;
#2914 = CARTESIAN_POINT ( 'NONE',  ( 4.859272927391980800, -10.94011952933985800, 2.334600341910642900 ) ) ;
#2915 = CARTESIAN_POINT ( 'NONE',  ( -1.793827786710375600, 4.159556185760697700, 5.880570050330733000 ) ) ;
#2916 = CARTESIAN_POINT ( 'NONE',  ( 6.621914875055268500, -2.044286196006545300, 2.612414249184341400 ) ) ;
#2917 = CARTESIAN_POINT ( 'NONE',  ( 4.670760536595704300, 11.10988047066008700, 1.844612506840959800 ) ) ;
#2918 = CARTESIAN_POINT ( 'NONE',  ( 3.631172213289610300, 4.241615791476277800, 3.103041480451417900 ) ) ;
#2919 = CARTESIAN_POINT ( 'NONE',  ( 4.378085124944708400, 3.293213803993444000, 5.387585750815612900 ) ) ;
#2920 = CIRCLE ( 'NONE', #5998, 1.249999999999999600 ) ;
#2921 = CARTESIAN_POINT ( 'NONE',  ( 13.40200554662291500, 4.094019031668182200, 4.641313432528429300 ) ) ;
#2922 = CARTESIAN_POINT ( 'NONE',  ( -0.7459218591606764400, 3.998794047101609900, 4.684748630507897400 ) ) ;
#2923 = CARTESIAN_POINT ( 'NONE',  ( 4.670760536595700800, -9.190119529339861900, 1.844612506840962200 ) ) ;
#2924 = CARTESIAN_POINT ( 'NONE',  ( -12.29382778671034900, 6.535718485426611000, 2.546943076929713900 ) ) ;
#2925 = CARTESIAN_POINT ( 'NONE',  ( -0.5979944533770452700, 7.319643579270768400, 3.170001659990416600 ) ) ;
#2926 = ORIENTED_EDGE ( 'NONE', *, *, #5263, .T. ) ;
#2927 = ORIENTED_EDGE ( 'NONE', *, *, #3506, .F. ) ;
#2928 = CARTESIAN_POINT ( 'NONE',  ( 4.593672213289608000, 4.159556185760689800, 5.880570050330727700 ) ) ;
#2929 = DIRECTION ( 'NONE',  ( -1.000000000000000000, 4.336808689942017700E-016, 0.0000000000000000000 ) ) ;
#2930 = CARTESIAN_POINT ( 'NONE',  ( -5.147994453377035200, 6.905980968331821400, 3.358686567471580000 ) ) ;
#2931 = CARTESIAN_POINT ( 'NONE',  ( -1.997994453377042000, 7.319643579270756800, 3.170001659990391700 ) ) ;
#2932 = CARTESIAN_POINT ( 'NONE',  ( 6.329239463404269900, -16.62761952933984200, 6.155387493158995600 ) ) ;
#2933 = CARTESIAN_POINT ( 'NONE',  ( 4.298315489864344300, 1.018213803993445200, 3.028393217318458700 ) ) ;
#2934 = CARTESIAN_POINT ( 'NONE',  ( 4.112674922299512500, -0.3936741163934001600, 4.917710306177981200 ) ) ;
#2935 = CARTESIAN_POINT ( 'NONE',  ( 7.650610117842740400, -2.405074384443160400, 4.020013515847864500 ) ) ;
#2936 = CARTESIAN_POINT ( 'NONE',  ( -0.4521611200437123400, 5.308977857911811400, 5.990856735486523200 ) ) ;
#2937 = CARTESIAN_POINT ( 'NONE',  ( -13.43132778671034600, 3.871378562817414000, 2.839141604523054400 ) ) ;
#2938 = CARTESIAN_POINT ( 'NONE',  ( -0.9271965872621534800, 6.350156835623058900, 5.650000000000011000 ) ) ;
#2939 = CARTESIAN_POINT ( 'NONE',  ( 7.262641947663271800, -1.460952862673211800, 4.277813907273677600 ) ) ;
#2940 = CARTESIAN_POINT ( 'NONE',  ( 5.811380564484260000, 13.15154713732674600, 2.024388159566370000 ) ) ;
#2941 = CARTESIAN_POINT ( 'NONE',  ( 4.156172213289606200, 4.464281514573391600, 5.453056923070296800 ) ) ;
#2942 = CARTESIAN_POINT ( 'NONE',  ( 7.262641947663274400, 3.526547137326772100, 4.277813907273675800 ) ) ;
#2943 = CARTESIAN_POINT ( 'NONE',  ( 10.42700554662292400, 6.240524965810419800, 5.623486981083736700 ) ) ;
#2944 = CARTESIAN_POINT ( 'NONE',  ( 7.366620324074960800, -0.2651195293398855800, 3.281857558871307900 ) ) ;
#2945 = EDGE_LOOP ( 'NONE', ( #378, #844, #1569, #6234, #179, #6391, #5363, #968, #6159, #786, #6398, #199, #2953, #1878, #31, #1226, #4170, #3116 ) ) ;
#2946 = CARTESIAN_POINT ( 'NONE',  ( 6.329239463404271700, -7.440119529339866300, 6.155387493158993800 ) ) ;
#2947 = ADVANCED_FACE ( 'NONE', ( #58 ), #5803, .T. ) ;
#2948 = CARTESIAN_POINT ( 'NONE',  ( -14.45216112004367800, 5.647596759808096500, 2.461728047922993500 ) ) ;
#2949 = DIRECTION ( 'NONE',  ( 1.000000000000000000, -3.652049423109062400E-016, 0.0000000000000000000 ) ) ;
#2950 = CARTESIAN_POINT ( 'NONE',  ( 3.485338879956271900, 5.691022142088190300, 2.009143264513485700 ) ) ;
#2951 = DIRECTION ( 'NONE',  ( 0.3590712205643570300, 0.0000000000000000000, 0.9333101620374777400 ) ) ;
#2952 = CARTESIAN_POINT ( 'NONE',  ( -2.522994453377042800, 4.759475034189582800, 2.376513018916271800 ) ) ;
#2953 = ORIENTED_EDGE ( 'NONE', *, *, #437, .F. ) ;
#2954 = CARTESIAN_POINT ( 'NONE',  ( -0.3354944533770446400, 3.680356420729225900, 4.829998340009575000 ) ) ;
#2955 = CARTESIAN_POINT ( 'NONE',  ( 4.378085124944710100, 12.39321380399342100, 5.387585750815611100 ) ) ;
#2956 = CARTESIAN_POINT ( 'NONE',  ( -15.32716112004367500, 3.723756548762971400, 3.829569941986566800 ) ) ;
#2957 = CARTESIAN_POINT ( 'NONE',  ( -1.677161120043709500, 3.201156655697758900, 3.779426629688414300 ) ) ;
#2958 = CARTESIAN_POINT ( 'NONE',  ( -16.23132778671033800, 3.871378562817414000, 2.839141604523054900 ) ) ;
#2959 = CARTESIAN_POINT ( 'NONE',  ( -0.07299445337704395200, 4.670001659990453500, 2.180356420729221400 ) ) ;
#2960 = CARTESIAN_POINT ( 'NONE',  ( 3.737358052336703400, 2.389047137326777200, 3.722186092726277100 ) ) ;
#2961 = CARTESIAN_POINT ( 'NONE',  ( 6.952000592372813000, 10.29321380399342300, 2.204163812291780800 ) ) ;
#2962 = CARTESIAN_POINT ( 'NONE',  ( 3.514505546622942200, 4.094019031668182200, 4.641313432528431100 ) ) ;
#2963 = EDGE_LOOP ( 'NONE', ( #1916, #3245, #1430, #3271 ) ) ;
#2964 = CARTESIAN_POINT ( 'NONE',  ( 6.942278411359271900, 3.584880470660106500, 3.445114078229008400 ) ) ;
#2965 = ORIENTED_EDGE ( 'NONE', *, *, #6333, .F. ) ;
#2966 = CARTESIAN_POINT ( 'NONE',  ( -15.03549445337700700, 3.680356420729224100, 4.829998340009573200 ) ) ;
#2967 = CARTESIAN_POINT ( 'NONE',  ( -0.8725052893267870600, 5.500000000000015100, 5.650000000000004800 ) ) ;
#2968 = CARTESIAN_POINT ( 'NONE',  ( 3.944760240409289900, -6.331786196006536500, 2.742530600695058900 ) ) ;
#2969 = CARTESIAN_POINT ( 'NONE',  ( -10.42716112004368900, 3.723756548762971400, 3.829569941986566300 ) ) ;
#2970 =( BOUNDED_CURVE ( )  B_SPLINE_CURVE ( 2, ( #2844, #2347, #3833, #5885, #4353, #2866, #1768, #716, #2284 ),
 .UNSPECIFIED., .F., .F. ) 
 B_SPLINE_CURVE_WITH_KNOTS ( ( 3, 2, 2, 2, 3 ),
 ( 0.5277777777777779000, 0.5296296296296296700, 0.5333333333333333300, 0.5370370370370370900, 0.5388888888888890800 ),
 .UNSPECIFIED. ) 
 CURVE ( )  GEOMETRIC_REPRESENTATION_ITEM ( )  RATIONAL_B_SPLINE_CURVE ( ( 0.9330127018922194100, 0.9330127018922234100, 1.000000000000000000, 0.8660254037844387100, 1.000000000000000000, 0.8660254037844387100, 1.000000000000000000, 0.9330127018922133000, 0.9330127018922194100 ) ) 
 REPRESENTATION_ITEM ( '' )  );
#2971 = CARTESIAN_POINT ( 'NONE',  ( 2.493672213289611400, 4.159556185760689800, 5.880570050330728500 ) ) ;
#2972 = CARTESIAN_POINT ( 'NONE',  ( 5.499999999999997300, -2.450000000000001100, 4.000000000000000000 ) ) ;
#2973 = CARTESIAN_POINT ( 'NONE',  ( -2.172994453377042700, 6.240524965810419800, 5.623486981083739300 ) ) ;
#2974 = CARTESIAN_POINT ( 'NONE',  ( -0.07299445337704395200, 4.670001659990453500, 2.180356420729221400 ) ) ;
#2975 = CARTESIAN_POINT ( 'NONE',  ( 7.262641947663276200, 13.32654713732674900, 4.277813907273675800 ) ) ;
#2976 = EDGE_CURVE ( 'NONE', #3485, #927, #2552, .T. ) ;
#2977 = CARTESIAN_POINT ( 'NONE',  ( -0.6641504777595238500, 5.500000000000015100, 5.650000000000003900 ) ) ;
#2978 = CARTESIAN_POINT ( 'NONE',  ( -0.6271611200437120500, 7.798843344302243400, 4.220573370311596400 ) ) ;
#2979 = ADVANCED_FACE ( 'NONE', ( #6457 ), #965, .F. ) ;
#2980 = CARTESIAN_POINT ( 'NONE',  ( -10.57299445337702400, 4.541600469937070500, 1.898856579357692100 ) ) ;
#2981 = CARTESIAN_POINT ( 'NONE',  ( 6.942278411359271000, 0.6973804706601159900, 3.445114078229008800 ) ) ;
#2982 = CARTESIAN_POINT ( 'NONE',  ( 6.952000592372813000, 9.593213803993423400, 2.204163812291780800 ) ) ;
#2983 = CARTESIAN_POINT ( 'NONE',  ( 8.706172213289594500, 6.535718485426611000, 2.546943076929711200 ) ) ;
#2984 = CARTESIAN_POINT ( 'NONE',  ( 3.737358052336704300, 4.576547137326767400, 3.722186092726276700 ) ) ;
#2985 = FACE_BOUND ( 'NONE', #3259, .T. ) ;
#2986 = LINE ( 'NONE', #3329, #891 ) ;
#2987 = CARTESIAN_POINT ( 'NONE',  ( -15.38549445337700700, 7.319643579270779000, 3.170001659990441000 ) ) ;
#2988 = ADVANCED_FACE ( 'NONE', ( #6292 ), #2335, .F. ) ;
#2989 = CARTESIAN_POINT ( 'NONE',  ( -0.6875885258273443100, 3.603454240950650300, 3.818026969492943800 ) ) ;
#2990 = CARTESIAN_POINT ( 'NONE',  ( 7.055239759590683100, -5.281786196006537500, 5.257469399304896200 ) ) ;
#2991 = CARTESIAN_POINT ( 'NONE',  ( -10.31049445337702200, 4.759475034189582800, 2.376513018916272600 ) ) ;
#2992 = VECTOR ( 'NONE', #4380, 1000.000000000000000 ) ;
#2993 = CARTESIAN_POINT ( 'NONE',  ( 5.060338879956273000, 7.798843344302243400, 4.220573370311595500 ) ) ;
#2994 = CARTESIAN_POINT ( 'NONE',  ( -0.07299445337704395200, 4.670001659990453500, 2.180356420729221400 ) ) ;
#2995 = CARTESIAN_POINT ( 'NONE',  ( -3.922994453377038700, 4.759475034189582800, 2.376513018916271800 ) ) ;
#2996 = CARTESIAN_POINT ( 'NONE',  ( -2.382076963207249600, 3.708302003231927400, 3.256950176737161100 ) ) ;
#2997 = CARTESIAN_POINT ( 'NONE',  ( 6.621914875055272100, 12.74321380399341800, 2.612414249184340100 ) ) ;
#2998 = CYLINDRICAL_SURFACE ( 'NONE', #3825, 1.650000000000000400 ) ;
#2999 = EDGE_CURVE ( 'NONE', #3485, #1343, #4833, .T. ) ;
#3000 = CARTESIAN_POINT ( 'NONE',  ( 3.944760240409291600, 1.280713803993447600, 2.742530600695058100 ) ) ;
#3001 = CARTESIAN_POINT ( 'NONE',  ( 2.522838879956282200, 3.201156655697758900, 3.779426629688413800 ) ) ;
#3002 = CARTESIAN_POINT ( 'NONE',  ( -10.74799445337702000, 3.680356420729224100, 4.829998340009572300 ) ) ;
#3003 = CARTESIAN_POINT ( 'NONE',  ( 6.184122557308523200, -0.9380469351235120000, 5.778194681856164500 ) ) ;
#3004 = CARTESIAN_POINT ( 'NONE',  ( 4.298315489864344300, 3.030713803993442000, 3.028393217318458200 ) ) ;
#3005 = EDGE_LOOP ( 'NONE', ( #2611, #6520, #4855, #2716 ) ) ;
#3006 = VECTOR ( 'NONE', #241, 1000.000000000000000 ) ;
#3007 = CARTESIAN_POINT ( 'NONE',  ( 7.366620324074957300, 12.33488047066008700, 3.281857558871287900 ) ) ;
#3008 = CARTESIAN_POINT ( 'NONE',  ( 10.74783887995626100, 5.647596759808096500, 2.461728047922990400 ) ) ;
#3009 = CARTESIAN_POINT ( 'NONE',  ( 6.942278411359272800, 8.484880470660094400, 3.445114078229007900 ) ) ;
#3010 =( BOUNDED_CURVE ( )  B_SPLINE_CURVE ( 2, ( #4797, #6366, #5409, #1257, #2320, #1212, #3266, #2301, #6407 ),
 .UNSPECIFIED., .F., .T. ) 
 B_SPLINE_CURVE_WITH_KNOTS ( ( 3, 2, 2, 2, 3 ),
 ( 0.4737240086386129100, 0.4740740740740740900, 0.4777777777777778000, 0.4814814814814814500, 0.4848351197497239900 ),
 .UNSPECIFIED. ) 
 CURVE ( )  GEOMETRIC_REPRESENTATION_ITEM ( )  RATIONAL_B_SPLINE_CURVE ( ( 0.9770678153906104900, 0.9873370336514673000, 1.000000000000000000, 0.8660254037844386000, 1.000000000000000000, 0.8660254037844386000, 1.000000000000000000, 0.8786883701329713000, 0.9770678153906104900 ) ) 
 REPRESENTATION_ITEM ( '' )  );
#3011 = ORIENTED_EDGE ( 'NONE', *, *, #2620, .F. ) ;
#3012 = CARTESIAN_POINT ( 'NONE',  ( -14.51049445337701200, 6.458399530062931300, 6.101143420642321400 ) ) ;
#3013 = DIRECTION ( 'NONE',  ( 0.0000000000000000000, 0.0000000000000000000, 1.000000000000000000 ) ) ;
#3014 = CARTESIAN_POINT ( 'NONE',  ( 5.188619435515717800, -5.398452862673205600, 5.975611840433584700 ) ) ;
#3015 = CARTESIAN_POINT ( 'NONE',  ( -10.36882778671035300, 4.241615791476277800, 3.103041480451419700 ) ) ;
#3016 = CARTESIAN_POINT ( 'NONE',  ( 6.810338879956265000, 3.201156655697758900, 3.779426629688413400 ) ) ;
#3017 = CARTESIAN_POINT ( 'NONE',  ( 3.960038232638141100, -1.604692123556247500, 4.592467513931144800 ) ) ;
#3018 = CARTESIAN_POINT ( 'NONE',  ( -2.231327786710375800, 6.758384208523724900, 4.896958519548593200 ) ) ;
#3019 = DIRECTION ( 'NONE',  ( 0.0000000000000000000, 0.4149991700047700500, 0.9098217896353945100 ) ) ;
#3020 = CARTESIAN_POINT ( 'NONE',  ( 3.633379675925018300, -17.50261952933983900, 4.718142441128667200 ) ) ;
#3021 = ORIENTED_EDGE ( 'NONE', *, *, #1940, .T. ) ;
#3022 = ADVANCED_FACE ( 'NONE', ( #4916 ), #4670, .F. ) ;
#3023 = CARTESIAN_POINT ( 'NONE',  ( 7.055239759590684800, 1.630713803993447000, 5.257469399304895300 ) ) ;
#3024 = CARTESIAN_POINT ( 'NONE',  ( 3.864505546622941900, 3.680356420729224100, 4.829998340009570500 ) ) ;
#3025 = CARTESIAN_POINT ( 'NONE',  ( -10.63132778671035400, 3.871378562817414000, 2.839141604523054000 ) ) ;
#3026 = DIRECTION ( 'NONE',  ( 1.000000000000000000, -0.0000000000000000000, -0.0000000000000000000 ) ) ;
#3027 = CARTESIAN_POINT ( 'NONE',  ( 4.378085124944707500, -0.2942861960065484300, 5.387585750815612900 ) ) ;
#3028 = CARTESIAN_POINT ( 'NONE',  ( 6.942278411359267500, -15.40261952933984800, 3.445114078229011100 ) ) ;
#3029 = CARTESIAN_POINT ( 'NONE',  ( 7.262641947663270000, -13.97345286267318400, 4.277813907273678500 ) ) ;
#3030 = CARTESIAN_POINT ( 'NONE',  ( 10.51450554662292400, 4.094019031668182200, 4.641313432528429300 ) ) ;
#3031 = VERTEX_POINT ( 'NONE', #3775 ) ;
#3032 = CARTESIAN_POINT ( 'NONE',  ( 6.701684510135633500, 6.968213803993434900, 4.971606782681494300 ) ) ;
#3033 = CARTESIAN_POINT ( 'NONE',  ( 15.23950554662291500, 4.541600469937070500, 1.898856579357688800 ) ) ;
#3034 = CARTESIAN_POINT ( 'NONE',  ( -14.04382778671034500, 6.840443814239312000, 2.119429949669283000 ) ) ;
#3035 = CARTESIAN_POINT ( 'NONE',  ( 4.670760536595701700, -2.190119529339879600, 1.844612506840961800 ) ) ;
#3036 = CARTESIAN_POINT ( 'NONE',  ( -8.618827786710358700, 6.758384208523724900, 4.896958519548593200 ) ) ;
#3037 = CARTESIAN_POINT ( 'NONE',  ( 9.552005546622929400, 3.680356420729224100, 4.829998340009569600 ) ) ;
#3038 = EDGE_CURVE ( 'NONE', #6399, #5870, #1562, .T. ) ;
#3039 = CARTESIAN_POINT ( 'NONE',  ( 1.249999999999999800, -2.499999999999999100, 8.000000000000000000 ) ) ;
#3040 = CARTESIAN_POINT ( 'NONE',  ( -3.572994453377040800, 6.240524965810419800, 5.623486981083739300 ) ) ;
#3041 = CARTESIAN_POINT ( 'NONE',  ( 5.499999999999997300, -2.500000000000004000, 4.000000000000000000 ) ) ;
#3042 = CARTESIAN_POINT ( 'NONE',  ( 7.366620324074950200, -15.75261952933984600, 3.281857558871291000 ) ) ;
#3043 = CARTESIAN_POINT ( 'NONE',  ( 6.329239463404273500, 2.972380470660112000, 6.155387493158992900 ) ) ;
#3044 = CARTESIAN_POINT ( 'NONE',  ( 1.297838879956283900, 5.691022142088190300, 2.009143264513485700 ) ) ;
#3045 = CARTESIAN_POINT ( 'NONE',  ( -10.98132778671035200, 7.128621437182588700, 5.160858395476958900 ) ) ;
#3046 = CARTESIAN_POINT ( 'NONE',  ( 4.859272927391983500, 0.8723804706601131500, 2.334600341910642000 ) ) ;
#3047 = VERTEX_POINT ( 'NONE', #4369 ) ;
#3048 = CARTESIAN_POINT ( 'NONE',  ( 6.140727072607989000, -16.27761952933984800, 5.665399658089315300 ) ) ;
#3049 = CARTESIAN_POINT ( 'NONE',  ( 4.859272927391980800, -13.04011952933985100, 2.334600341910643400 ) ) ;
#3050 = CARTESIAN_POINT ( 'NONE',  ( 4.378085124944708400, 6.093213803993435800, 5.387585750815612000 ) ) ;
#3051 = CARTESIAN_POINT ( 'NONE',  ( -0.1968778494742074700, 5.500000000015139000, 2.146877849474199800 ) ) ;
#3052 = CARTESIAN_POINT ( 'NONE',  ( -15.26882778671034100, 7.128621437182588700, 5.160858395476959800 ) ) ;
#3053 = B_SPLINE_CURVE_WITH_KNOTS ( 'NONE', 3,
 ( #6357, #1161, #5288, #3750, #660, #4841, #5155, #5199, #5259, #2215, #190, #144, #3815, #3274, #6350, #2777, #2729, #6328 ),
 .UNSPECIFIED., .F., .F.,
 ( 4, 2, 2, 2, 2, 2, 2, 2, 4 ),
 ( 0.004110376263844787000, 0.004726525714819310200, 0.005342675165793833400, 0.005958824616768357500, 0.006574974067742880700, 0.007191123518717403900, 0.007807272969691928000, 0.008423422420666451200, 0.009039571871640974400 ),
 .UNSPECIFIED. ) ;
#3054 = CARTESIAN_POINT ( 'NONE',  ( 5.973752143715774600, -0.1183198950204628500, 2.123461875303461500 ) ) ;
#3055 = CARTESIAN_POINT ( 'NONE',  ( 3.633379675925021000, -4.815119529339871600, 4.718142441128665400 ) ) ;
#3056 = CARTESIAN_POINT ( 'NONE',  ( -10.95216112004368500, 5.647596759808096500, 2.461728047922993000 ) ) ;
#3057 = AXIS2_PLACEMENT_3D ( 'NONE', #288, #2374, #5465 ) ;
#3058 = CARTESIAN_POINT ( 'NONE',  ( 6.927005546622931200, 4.541600469937070500, 1.898856579357689700 ) ) ;
#3059 = CARTESIAN_POINT ( 'NONE',  ( -0.2612318176622985300, 5.645515950590724000, 5.788768182337761000 ) ) ;
#3060 = CARTESIAN_POINT ( 'NONE',  ( 1.443672213289616000, 4.464281514573391600, 5.453056923070296800 ) ) ;
#3061 = CARTESIAN_POINT ( 'NONE',  ( 6.952000592372808500, -12.19428619600652300, 2.204163812291783000 ) ) ;
#3062 = VECTOR ( 'NONE', #4940, 1000.000000000000000 ) ;
#3063 = EDGE_CURVE ( 'NONE', #5129, #3031, #4543, .T. ) ;
#3064 = CARTESIAN_POINT ( 'NONE',  ( 7.781240055777098000, 1.689047137326779900, 4.359551305450797700 ) ) ;
#3065 = CARTESIAN_POINT ( 'NONE',  ( 1.239505546622950100, 4.541600469937070500, 1.898856579357690600 ) ) ;
#3066 = CARTESIAN_POINT ( 'NONE',  ( -10.39799445337702000, 7.319643579270779000, 3.170001659990440600 ) ) ;
#3067 = CARTESIAN_POINT ( 'NONE',  ( 7.149999999999986100, -0.5948615906280030300, 3.999999999999991600 ) ) ;
#3068 = CARTESIAN_POINT ( 'NONE',  ( 3.737358052336703800, 3.789047137326774900, 3.722186092726276700 ) ) ;
#3069 = COORDINATED_UNIVERSAL_TIME_OFFSET ( 6, 0, .BEHIND. ) ;
#3070 = LINE ( 'NONE', #2494, #1697 ) ;
#3071 = CARTESIAN_POINT ( 'NONE',  ( 4.670760536595704300, 13.20988047066007800, 1.844612506840959300 ) ) ;
#3072 = CARTESIAN_POINT ( 'NONE',  ( 4.859272927391980800, -13.74011952933985000, 2.334600341910643800 ) ) ;
#3073 = CARTESIAN_POINT ( 'NONE',  ( 6.140727072607993400, 7.609880470660098900, 5.665399658089311800 ) ) ;
#3074 = CARTESIAN_POINT ( 'NONE',  ( 13.43117221328958500, 7.128621437182588700, 5.160858395476956200 ) ) ;
#3075 = CARTESIAN_POINT ( 'NONE',  ( -11.88549445337701700, 7.319643579270779000, 3.170001659990441000 ) ) ;
#3076 = CARTESIAN_POINT ( 'NONE',  ( 5.499999999999998200, 0.0000000000000000000, 6.050000000000009600 ) ) ;
#3077 = CARTESIAN_POINT ( 'NONE',  ( 3.633379675925021000, -3.415119529339875300, 4.718142441128665400 ) ) ;
#3078 = CARTESIAN_POINT ( 'NONE',  ( -4.243827786710371100, 4.464281514573391600, 5.453056923070297700 ) ) ;
#3079 = ORIENTED_EDGE ( 'NONE', *, *, #2817, .F. ) ;
#3080 = CARTESIAN_POINT ( 'NONE',  ( 8.385338879956266900, 5.691022142088190300, 2.009143264513485200 ) ) ;
#3081 = CARTESIAN_POINT ( 'NONE',  ( 1.560338879956284500, 3.723756548762971400, 3.829569941986564500 ) ) ;
#3082 = DIRECTION ( 'NONE',  ( 0.0000000000000000000, -1.000000000000000000, 0.0000000000000000000 ) ) ;
#3083 = CARTESIAN_POINT ( 'NONE',  ( 5.188619435515716000, -14.58595286267318000, 5.975611840433584700 ) ) ;
#3084 = EDGE_LOOP ( 'NONE', ( #4559, #5018, #1636 ) ) ;
#3085 = CARTESIAN_POINT ( 'NONE',  ( -2.499999999999998700, -3.423796334164748600E-016, 0.0000000000000000000 ) ) ;
#3086 = ORIENTED_EDGE ( 'NONE', *, *, #925, .T. ) ;
#3087 = CARTESIAN_POINT ( 'NONE',  ( 6.952000592372812100, 3.205713803993444100, 2.204163812291781300 ) ) ;
#3088 = CARTESIAN_POINT ( 'NONE',  ( 1.764505546622947800, 3.680356420729224100, 4.829998340009571400 ) ) ;
#3089 = CARTESIAN_POINT ( 'NONE',  ( -6.781327786710363600, 7.128621437182588700, 5.160858395476958900 ) ) ;
#3090 = CARTESIAN_POINT ( 'NONE',  ( 5.499999999999998200, 0.0000000000000000000, 4.000000000000000000 ) ) ;
#3091 = CARTESIAN_POINT ( 'NONE',  ( 4.057721588640705900, 5.247380470660104400, 4.554885921770945400 ) ) ;
#3092 = CARTESIAN_POINT ( 'NONE',  ( 4.378085124944703900, -17.09428619600651100, 5.387585750815615500 ) ) ;
#3093 = CARTESIAN_POINT ( 'NONE',  ( 5.259406098776347300, -10.64845286267319000, 5.526492704452464500 ) ) ;
#3094 = CARTESIAN_POINT ( 'NONE',  ( 7.262641947663275300, 9.126547137326760200, 4.277813907273675800 ) ) ;
#3095 = CARTESIAN_POINT ( 'NONE',  ( -12.70216112004368200, 5.691022142088190300, 2.009143264513487500 ) ) ;
#3096 = CARTESIAN_POINT ( 'NONE',  ( 6.961309928567715100, -0.1639274852003402000, 2.783780804716723200 ) ) ;
#3097 = CARTESIAN_POINT ( 'NONE',  ( 5.188619435515719600, 1.601547137326776700, 5.975611840433583800 ) ) ;
#3098 = CARTESIAN_POINT ( 'NONE',  ( -4.010494453377040400, 4.759475034189582800, 2.376513018916271800 ) ) ;
#3099 = EDGE_CURVE ( 'NONE', #484, #3319, #3540, .T. ) ;
#3100 = CARTESIAN_POINT ( 'NONE',  ( 8.677005546622927700, 6.458399530062931300, 6.101143420642317800 ) ) ;
#3101 = CARTESIAN_POINT ( 'NONE',  ( -1.297994453377044400, 4.094019031668182200, 4.641313432528431100 ) ) ;
#3102 = ORIENTED_EDGE ( 'NONE', *, *, #2752, .F. ) ;
#3103 = CARTESIAN_POINT ( 'NONE',  ( 6.952000592372808500, -14.29428619600651600, 2.204163812291783500 ) ) ;
#3104 = CARTESIAN_POINT ( 'NONE',  ( 5.500000000000004400, -2.367273397792634300, 2.082726602207369400 ) ) ;
#3105 = CARTESIAN_POINT ( 'NONE',  ( 5.188619435515720500, 5.714047137326771200, 5.975611840433583000 ) ) ;
#3106 = CARTESIAN_POINT ( 'NONE',  ( 6.606172213289599200, 4.159556185760689800, 5.880570050330727700 ) ) ;
#3107 = CARTESIAN_POINT ( 'NONE',  ( -5.322994453377036800, 6.458399530062931300, 6.101143420642320500 ) ) ;
#3108 = EDGE_LOOP ( 'NONE', ( #4494, #1757, #6072, #4813, #6418, #2634, #4058, #4216 ) ) ;
#3109 = CARTESIAN_POINT ( 'NONE',  ( 3.849999999999988500, -0.9448615906279984600, 4.000000000000016000 ) ) ;
#3110 = CARTESIAN_POINT ( 'NONE',  ( 4.298315489864345200, 5.130713803993436400, 3.028393217318458200 ) ) ;
#3111 = CARTESIAN_POINT ( 'NONE',  ( 4.859272927391980800, -13.12761952933985100, 2.334600341910643400 ) ) ;
#3112 = CARTESIAN_POINT ( 'NONE',  ( 5.740593901223624200, -10.29845286267319300, 2.473507295547492400 ) ) ;
#3113 = CARTESIAN_POINT ( 'NONE',  ( 6.701684510135634400, 10.46821380399342500, 4.971606782681493400 ) ) ;
#3114 = CARTESIAN_POINT ( 'NONE',  ( -13.05216112004368000, 5.308977857911811400, 5.990856735486525000 ) ) ;
#3115 = CARTESIAN_POINT ( 'NONE',  ( 6.614503705868494300, -0.1452128737691327500, 2.450600931269248100 ) ) ;
#3116 = ORIENTED_EDGE ( 'NONE', *, *, #3816, .F. ) ;
#3117 = CARTESIAN_POINT ( 'NONE',  ( 7.055239759590684800, 1.018213803993445200, 5.257469399304895300 ) ) ;
#3118 = CARTESIAN_POINT ( 'NONE',  ( -4.652161120043704300, 5.647596759808096500, 2.461728047922992600 ) ) ;
#3119 = ORIENTED_EDGE ( 'NONE', *, *, #3912, .F. ) ;
#3120 = CARTESIAN_POINT ( 'NONE',  ( 11.41867221328959100, 7.128621437182588700, 5.160858395476956200 ) ) ;
#3121 = EDGE_CURVE ( 'NONE', #6098, #1148, #2260, .T. ) ;
#3122 = CARTESIAN_POINT ( 'NONE',  ( 0.1603388799562824000, 3.723756548762971400, 3.829569941986564500 ) ) ;
#3123 = CARTESIAN_POINT ( 'NONE',  ( -0.08406758217729180800, 4.240041195077360200, 2.486547995763938300 ) ) ;
#3124 = CARTESIAN_POINT ( 'NONE',  ( 7.055239759590681300, -14.46928619600651400, 5.257469399304897100 ) ) ;
#3125 = DIRECTION ( 'NONE',  ( -1.000000000000000000, 0.0000000000000000000, 0.0000000000000000000 ) ) ;
#3126 = CARTESIAN_POINT ( 'NONE',  ( 6.952000592372812100, 6.005713803993436400, 2.204163812291781300 ) ) ;
#3127 = CARTESIAN_POINT ( 'NONE',  ( 6.022838879956268900, 3.201156655697758900, 3.779426629688413400 ) ) ;
#3128 = CARTESIAN_POINT ( 'NONE',  ( -6.081327786710366100, 7.128621437182588700, 5.160858395476958900 ) ) ;
#3129 = CARTESIAN_POINT ( 'NONE',  ( -14.18966112004367900, 7.276243451237029100, 4.170430058013448800 ) ) ;
#3130 = CARTESIAN_POINT ( 'NONE',  ( 6.621914875055269400, 4.255713803993439900, 2.612414249184341000 ) ) ;
#3131 = AXIS2_PLACEMENT_3D ( 'NONE', #5588, #3082, #1005 ) ;
#3132 = CARTESIAN_POINT ( 'NONE',  ( 6.701684510135629000, -12.01928619600652000, 4.971606782681496000 ) ) ;
#3133 = CARTESIAN_POINT ( 'NONE',  ( 3.737358052336701200, -8.023452862673197600, 3.722186092726278000 ) ) ;
#3134 = CARTESIAN_POINT ( 'NONE',  ( 4.298315489864346100, 10.11821380399342200, 3.028393217318457300 ) ) ;
#3135 = CARTESIAN_POINT ( 'NONE',  ( 10.04783887995626100, 5.647596759808096500, 2.461728047922990800 ) ) ;
#3136 = CARTESIAN_POINT ( 'NONE',  ( -13.46049445337701300, 4.541600469937070500, 1.898856579357692400 ) ) ;
#3137 = CARTESIAN_POINT ( 'NONE',  ( -2.500000000000000000, 5.499999999999998200, 4.000000000000000000 ) ) ;
#3138 = CARTESIAN_POINT ( 'NONE',  ( 6.701684510135629900, -8.519286196006531100, 4.971606782681496000 ) ) ;
#3139 = CARTESIAN_POINT ( 'NONE',  ( 5.188619435515719600, 0.2015471373267852000, 5.975611840433583800 ) ) ;
#3140 = CARTESIAN_POINT ( 'NONE',  ( -7.102161120043698300, 5.352403240191906200, 5.538271952077018900 ) ) ;
#3141 = AXIS2_PLACEMENT_3D ( 'NONE', #5286, #5851, #4787 ) ;
#3142 = VECTOR ( 'NONE', #6662, 1000.000000000000000 ) ;
#3143 = LINE ( 'NONE', #460, #892 ) ;
#3144 = CARTESIAN_POINT ( 'NONE',  ( 11.18533887995625700, 5.691022142088190300, 2.009143264513484800 ) ) ;
#3145 = CARTESIAN_POINT ( 'NONE',  ( 7.366620324074965300, -0.3526195293398828900, 3.281857558871320400 ) ) ;
#3146 = CARTESIAN_POINT ( 'NONE',  ( 1.210338879956279800, 7.276243451237029100, 4.170430058013445200 ) ) ;
#3147 = CARTESIAN_POINT ( 'NONE',  ( -1.445921859160675700, 3.998794047101609900, 4.684748630507897400 ) ) ;
#3148 = CARTESIAN_POINT ( 'NONE',  ( 5.188619435515717800, -8.985952862673194400, 5.975611840433584700 ) ) ;
#3149 = CARTESIAN_POINT ( 'NONE',  ( 0.0000000000000000000, 5.499999999999998200, 4.000000000000000000 ) ) ;
#3150 = CARTESIAN_POINT ( 'NONE',  ( 5.811380564484258200, 4.664047137326772200, 2.024388159566370900 ) ) ;
#3151 = CALENDAR_DATE ( 2024, 25, 11 ) ;
#3152 = CARTESIAN_POINT ( 'NONE',  ( 6.839505546622935300, 4.541600469937070500, 1.898856579357689700 ) ) ;
#3153 = CARTESIAN_POINT ( 'NONE',  ( -6.431327786710365800, 3.871378562817414000, 2.839141604523053500 ) ) ;
#3154 = CARTESIAN_POINT ( 'NONE',  ( -13.83966112004368100, 3.723756548762971400, 3.829569941986566300 ) ) ;
#3155 = FACE_OUTER_BOUND ( 'NONE', #2700, .T. ) ;
#3156 = CARTESIAN_POINT ( 'NONE',  ( 5.740593901223627800, 5.714047137326767600, 2.473507295547490600 ) ) ;
#3157 = CARTESIAN_POINT ( 'NONE',  ( 4.057721588640702300, -12.25261952933985500, 4.554885921770947200 ) ) ;
#3158 = CARTESIAN_POINT ( 'NONE',  ( 3.737358052336700700, -10.12345286267319200, 3.722186092726278900 ) ) ;
#3159 = CARTESIAN_POINT ( 'NONE',  ( 6.701684510135634400, 11.16821380399342400, 4.971606782681493400 ) ) ;
#3160 = CARTESIAN_POINT ( 'NONE',  ( 9.522838879956260900, 7.276243451237029100, 4.170430058013445200 ) ) ;
#3161 = CARTESIAN_POINT ( 'NONE',  ( -11.94382778671035100, 6.840443814239312000, 2.119429949669283000 ) ) ;
#3162 = VERTEX_POINT ( 'NONE', #1711 ) ;
#3163 = EDGE_CURVE ( 'NONE', #1802, #3479, #3697, .T. ) ;
#3164 = CARTESIAN_POINT ( 'NONE',  ( 5.740593901223624200, -11.78595286267318800, 2.473507295547492800 ) ) ;
#3165 = CARTESIAN_POINT ( 'NONE',  ( 7.781240055777097100, -0.3234528626732190400, 4.359551305450797700 ) ) ;
#3166 = CARTESIAN_POINT ( 'NONE',  ( -2.727161120043708900, 3.723756548762971400, 3.829569941986565000 ) ) ;
#3167 = CARTESIAN_POINT ( 'NONE',  ( 12.00200554662292300, 7.319643579270779000, 3.170001659990438400 ) ) ;
#3168 = CARTESIAN_POINT ( 'NONE',  ( 5.527005546622933500, 6.240524965810419800, 5.623486981083738500 ) ) ;
#3169 = CARTESIAN_POINT ( 'NONE',  ( 3.849999999999996500, -2.500000000000003600, 4.000000000000000000 ) ) ;
#3170 = CARTESIAN_POINT ( 'NONE',  ( 3.218759944222875800, -11.96095286267318700, 3.640448694549157000 ) ) ;
#3171 = CARTESIAN_POINT ( 'NONE',  ( 3.944760240409288100, -15.43178619600651300, 2.742530600695059800 ) ) ;
#3172 = CARTESIAN_POINT ( 'NONE',  ( 5.811380564484259100, 6.764047137326766500, 2.024388159566370400 ) ) ;
#3173 = CARTESIAN_POINT ( 'NONE',  ( 5.031172213289605300, 7.128621437182588700, 5.160858395476957100 ) ) ;
#3174 = CARTESIAN_POINT ( 'NONE',  ( -6.139661120043701500, 7.798843344302243400, 4.220573370311597300 ) ) ;
#3175 = CARTESIAN_POINT ( 'NONE',  ( -15.99799445337700700, 4.094019031668182200, 4.641313432528432900 ) ) ;
#3176 = CARTESIAN_POINT ( 'NONE',  ( 6.140727072607993400, 7.522380470660099400, 5.665399658089311800 ) ) ;
#3177 = CARTESIAN_POINT ( 'NONE',  ( 6.140727072607989900, -12.77761952933985300, 5.665399658089315300 ) ) ;
#3178 = CARTESIAN_POINT ( 'NONE',  ( 6.701684510135630800, -8.431786196006530800, 4.971606782681496000 ) ) ;
#3179 = CARTESIAN_POINT ( 'NONE',  ( 12.55617221328958300, 4.464281514573391600, 5.453056923070295900 ) ) ;
#3180 = CARTESIAN_POINT ( 'NONE',  ( -10.13549445337702300, 3.680356420729224100, 4.829998340009572300 ) ) ;
#3181 = AXIS2_PLACEMENT_3D ( 'NONE', #3149, #3125, #6715 ) ;
#3182 = CARTESIAN_POINT ( 'NONE',  ( 5.740593901223624200, -11.08595286267318900, 2.473507295547492800 ) ) ;
#3183 = CARTESIAN_POINT ( 'NONE',  ( 3.218759944222878900, 0.7265471373267823300, 3.640448694549155200 ) ) ;
#3184 = EDGE_LOOP ( 'NONE', ( #4816, #1261, #588, #6076, #5820, #1328 ) ) ;
#3185 = CARTESIAN_POINT ( 'NONE',  ( -0.5104944533770479100, 4.759475034189582800, 2.376513018916271800 ) ) ;
#3186 = EDGE_CURVE ( 'NONE', #1718, #6399, #3466, .T. ) ;
#3187 = CARTESIAN_POINT ( 'NONE',  ( 12.06033887995625900, 7.798843344302243400, 4.220573370311594600 ) ) ;
#3188 = APPLICATION_CONTEXT ( 'configuration controlled 3d designs of mechanical parts and assemblies' ) ;
#3189 = CARTESIAN_POINT ( 'NONE',  ( 5.818672213289604900, 4.241615791476277800, 3.103041480451417500 ) ) ;
#3190 = CARTESIAN_POINT ( 'NONE',  ( -0.8042551924940094500, 4.182429632412350900, 2.402753805653959700 ) ) ;
#3191 = CARTESIAN_POINT ( 'NONE',  ( 3.944760240409289000, -11.31928619600652100, 2.742530600695059800 ) ) ;
#3192 = CARTESIAN_POINT ( 'NONE',  ( 4.047999407627161300, -13.85678619600651700, 5.795836187708174800 ) ) ;
#3193 = CARTESIAN_POINT ( 'NONE',  ( 7.366620324074955500, 5.947380470660103700, 3.281857558871288800 ) ) ;
#3194 = AXIS2_PLACEMENT_3D ( 'NONE', #2560, #6217, #537 ) ;
#3195 = CARTESIAN_POINT ( 'NONE',  ( 4.856172213289607200, 6.840443814239312000, 2.119429949669280800 ) ) ;
#3196 = CARTESIAN_POINT ( 'NONE',  ( -4.097994453377038000, 7.319643579270779000, 3.170001659990439700 ) ) ;
#3197 = CARTESIAN_POINT ( 'NONE',  ( -12.84799445337701400, 6.905980968331821400, 3.358686567471581300 ) ) ;
#3198 = CARTESIAN_POINT ( 'NONE',  ( 3.737358052336705100, 8.689047137326760200, 3.722186092726276200 ) ) ;
#3199 = CARTESIAN_POINT ( 'NONE',  ( 6.701684510135630800, -4.231786196006540400, 4.971606782681495100 ) ) ;
#3200 = CARTESIAN_POINT ( 'NONE',  ( 13.83950554662291700, 6.240524965810419800, 5.623486981083736700 ) ) ;
#3201 = CARTESIAN_POINT ( 'NONE',  ( -9.493827786710358700, 4.159556185760689800, 5.880570050330730300 ) ) ;
#3202 = CARTESIAN_POINT ( 'NONE',  ( 6.172106200277922600, -2.115457160916382100, 5.533625637552989800 ) ) ;
#3203 = ORIENTED_EDGE ( 'NONE', *, *, #2646, .F. ) ;
#3204 = CARTESIAN_POINT ( 'NONE',  ( 6.218142441128671600, -1.140119529339878300, 5.866620324074943000 ) ) ;
#3205 = CARTESIAN_POINT ( 'NONE',  ( 4.057721588640702300, -10.15261952933985900, 4.554885921770946300 ) ) ;
#3206 = CARTESIAN_POINT ( 'NONE',  ( 4.047999407627165700, 4.343213803993439400, 5.795836187708173000 ) ) ;
#3207 = CARTESIAN_POINT ( 'NONE',  ( -0.3354944533770446400, 6.905980968331821400, 3.358686567471579600 ) ) ;
#3208 = CARTESIAN_POINT ( 'NONE',  ( 11.30200554662292400, 7.319643579270779000, 3.170001659990438400 ) ) ;
#3209 = EDGE_CURVE ( 'NONE', #4980, #3313, #5949, .T. ) ;
#3210 = PERSON_AND_ORGANIZATION_ROLE ( 'classification_officer' ) ;
#3211 = CARTESIAN_POINT ( 'NONE',  ( 5.993672213289597700, 6.535718485426611000, 2.546943076929711700 ) ) ;
#3212 = CARTESIAN_POINT ( 'NONE',  ( -0.1598826153069250500, 3.642862155409514600, 4.369919007421297700 ) ) ;
#3213 = CARTESIAN_POINT ( 'NONE',  ( 5.811380564484254700, -10.03595286267319200, 2.024388159566372600 ) ) ;
#3214 = CARTESIAN_POINT ( 'NONE',  ( 6.329239463404269900, -14.44011952933984900, 6.155387493158995600 ) ) ;
#3215 = CARTESIAN_POINT ( 'NONE',  ( 4.670760536595703400, 9.622380470660095500, 1.844612506840960000 ) ) ;
#3216 = CARTESIAN_POINT ( 'NONE',  ( 11.15617221328959200, 6.840443814239312000, 2.119429949669280300 ) ) ;
#3217 = CARTESIAN_POINT ( 'NONE',  ( -1.997994453377042000, 7.319643579270779000, 3.170001659990439700 ) ) ;
#3218 = CARTESIAN_POINT ( 'NONE',  ( -15.88132778671034000, 4.241615791476277800, 3.103041480451420100 ) ) ;
#3219 = LINE ( 'NONE', #4914, #3062 ) ;
#3220 = CARTESIAN_POINT ( 'NONE',  ( 6.942278411359272800, 6.997380470660099000, 3.445114078229007900 ) ) ;
#3221 = VECTOR ( 'NONE', #4287, 1000.000000000000000 ) ;
#3222 = AXIS2_PLACEMENT_3D ( 'NONE', #3862, #5374, #166 ) ;
#3223 = CARTESIAN_POINT ( 'NONE',  ( 7.262641947663270900, -6.973452862673199500, 4.277813907273678500 ) ) ;
#3224 = CARTESIAN_POINT ( 'NONE',  ( 12.73117221328958600, 4.241615791476277800, 3.103041480451416600 ) ) ;
#3225 = CARTESIAN_POINT ( 'NONE',  ( -9.785494453377022900, 7.319643579270779000, 3.170001659990440600 ) ) ;
#3226 = CARTESIAN_POINT ( 'NONE',  ( 3.849999999999974300, -1.893977600725862400, 3.416403773260005700 ) ) ;
#3227 = PERSON_AND_ORGANIZATION ( #2596, #402 ) ;
#3228 = VECTOR ( 'NONE', #2113, 1000.000000000000000 ) ;
#3229 = CARTESIAN_POINT ( 'NONE',  ( 5.184634574474175700, -0.4000000000000116800, 2.380418372423608500 ) ) ;
#3230 = CARTESIAN_POINT ( 'NONE',  ( 5.740593901223625100, -8.985952862673194400, 2.473507295547492400 ) ) ;
#3231 = CARTESIAN_POINT ( 'NONE',  ( 3.633379675925023200, 5.684880470660104400, 4.718142441128664500 ) ) ;
#3232 = CARTESIAN_POINT ( 'NONE',  ( -3.602161120043705400, 5.352403240191906200, 5.538271952077018900 ) ) ;
#3233 = CARTESIAN_POINT ( 'NONE',  ( 13.98533887995624700, 5.691022142088190300, 2.009143264513484800 ) ) ;
#3234 = CARTESIAN_POINT ( 'NONE',  ( 3.427005546622942800, 6.240524965810419800, 5.623486981083738500 ) ) ;
#3235 = CARTESIAN_POINT ( 'NONE',  ( 3.944760240409289000, -10.61928619600652400, 2.742530600695059800 ) ) ;
#3236 = VERTEX_POINT ( 'NONE', #3104 ) ;
#3237 = CARTESIAN_POINT ( 'NONE',  ( 4.670760536595699900, -14.09011952933984800, 1.844612506840963100 ) ) ;
#3238 = CARTESIAN_POINT ( 'NONE',  ( 4.670760536595703400, 8.222380470660098700, 1.844612506840960200 ) ) ;
#3239 = CARTESIAN_POINT ( 'NONE',  ( 9.639505546622928000, 4.541600469937070500, 1.898856579357689500 ) ) ;
#3240 = CARTESIAN_POINT ( 'NONE',  ( -3.806327786710372900, 4.159556185760689800, 5.880570050330728500 ) ) ;
#3241 = CARTESIAN_POINT ( 'NONE',  ( -11.91466112004368400, 5.352403240191906200, 5.538271952077019800 ) ) ;
#3242 = CARTESIAN_POINT ( 'NONE',  ( 5.740593901223628700, 7.814047137326765500, 2.473507295547490600 ) ) ;
#3243 = ORIENTED_EDGE ( 'NONE', *, *, #2710, .T. ) ;
#3244 = CARTESIAN_POINT ( 'NONE',  ( 4.298315489864342500, -5.981786196006536800, 3.028393217318459600 ) ) ;
#3245 = ORIENTED_EDGE ( 'NONE', *, *, #4890, .T. ) ;
#3246 = CARTESIAN_POINT ( 'NONE',  ( 11.73950554662292200, 6.240524965810419800, 5.623486981083736700 ) ) ;
#3247 = CARTESIAN_POINT ( 'NONE',  ( -8.677161120043692200, 3.201156655697758900, 3.779426629688415600 ) ) ;
#3248 = CARTESIAN_POINT ( 'NONE',  ( -1.529233714260077600, 5.157573687568519600, 1.957959035804504300 ) ) ;
#3249 = CARTESIAN_POINT ( 'NONE',  ( -1.917424622731210800, 5.578977160879471600, 2.350000000000002800 ) ) ;
#3250 = CARTESIAN_POINT ( 'NONE',  ( 4.378085124944706600, -5.194286196006537200, 5.387585750815612900 ) ) ;
#3251 = CARTESIAN_POINT ( 'NONE',  ( 3.944760240409291600, 2.768213803993439600, 2.742530600695058100 ) ) ;
#3252 = CARTESIAN_POINT ( 'NONE',  ( -1.793827786710377800, 6.535718485426611000, 2.546943076929713000 ) ) ;
#3253 = CARTESIAN_POINT ( 'NONE',  ( 14.16033887995625000, 7.798843344302243400, 4.220573370311594600 ) ) ;
#3254 =( BOUNDED_CURVE ( )  B_SPLINE_CURVE ( 2, ( #769, #3839, #813, #6487, #747 ),
 .UNSPECIFIED., .F., .T. ) 
 B_SPLINE_CURVE_WITH_KNOTS ( ( 3, 2, 3 ),
 ( 0.4778727822144143700, 0.4814814814814814500, 0.4833333333333333900 ),
 .UNSPECIFIED. ) 
 CURVE ( )  GEOMETRIC_REPRESENTATION_ITEM ( )  RATIONAL_B_SPLINE_CURVE ( ( 0.9933030885088975900, 0.8694620126644480000, 1.000000000000000000, 0.9330127018922163000, 0.9330127018922193000 ) ) 
 REPRESENTATION_ITEM ( '' )  );
#3255 = PERSON_AND_ORGANIZATION_ROLE ( 'creator' ) ;
#3256 = CARTESIAN_POINT ( 'NONE',  ( 8.618672213289595900, 4.241615791476277800, 3.103041480451417500 ) ) ;
#3257 = CARTESIAN_POINT ( 'NONE',  ( -0.1039681648287293400, 3.871732193227877000, 2.928064482256107500 ) ) ;
#3258 = CARTESIAN_POINT ( 'NONE',  ( 7.366620324074952800, -6.652619529339865800, 3.281857558871290600 ) ) ;
#3259 = EDGE_LOOP ( 'NONE', ( #934, #2557 ) ) ;
#3260 = CARTESIAN_POINT ( 'NONE',  ( 7.055239759590681300, -15.08178619600651500, 5.257469399304897100 ) ) ;
#3261 = CARTESIAN_POINT ( 'NONE',  ( -0.4000000000000081300, 4.369787163106228600, 2.797868999101796200 ) ) ;
#3262 = CARTESIAN_POINT ( 'NONE',  ( 3.633379675925024100, 11.19738047066009100, 4.718142441128663700 ) ) ;
#3263 = CARTESIAN_POINT ( 'NONE',  ( 12.08950554662292000, 6.458399530062931300, 6.101143420642317800 ) ) ;
#3264 = CARTESIAN_POINT ( 'NONE',  ( -3.514661120043706300, 5.691022142088190300, 2.009143264513486600 ) ) ;
#3265 = VERTEX_POINT ( 'NONE', #2091 ) ;
#3266 = CARTESIAN_POINT ( 'NONE',  ( -1.120900380926747000, 4.156387314324367000, 3.042291823731519500 ) ) ;
#3267 = CARTESIAN_POINT ( 'NONE',  ( -11.68132778671035200, 4.241615791476277800, 3.103041480451420100 ) ) ;
#3268 = CARTESIAN_POINT ( 'NONE',  ( 6.621914875055270300, 7.055713803993432600, 2.612414249184340100 ) ) ;
#3269 = CARTESIAN_POINT ( 'NONE',  ( 5.259406098776348200, -4.348452862673206600, 5.526492704452463700 ) ) ;
#3270 = CARTESIAN_POINT ( 'NONE',  ( 13.48950554662291900, 4.759475034189582800, 2.376513018916269500 ) ) ;
#3271 = ORIENTED_EDGE ( 'NONE', *, *, #2024, .T. ) ;
#3272 = CARTESIAN_POINT ( 'NONE',  ( -9.960494453377021900, 4.541600469937070500, 1.898856579357691900 ) ) ;
#3273 = CARTESIAN_POINT ( 'NONE',  ( -1.704233714260078300, 5.657593267222758000, 2.357543193223626600 ) ) ;
#3274 = CARTESIAN_POINT ( 'NONE',  ( -2.143790842841830600, 6.874869856172518100, 5.010246921626790400 ) ) ;
#3275 = CARTESIAN_POINT ( 'NONE',  ( 5.740593901223625100, -7.585952862673200200, 2.473507295547492400 ) ) ;
#3276 = CARTESIAN_POINT ( 'NONE',  ( 3.944760240409292500, 4.168213803993438700, 2.742530600695057600 ) ) ;
#3277 = CARTESIAN_POINT ( 'NONE',  ( 1.006172213289616000, 6.535718485426611000, 2.546943076929712100 ) ) ;
#3278 = CARTESIAN_POINT ( 'NONE',  ( 14.27700554662291500, 6.458399530062931300, 6.101143420642317000 ) ) ;
#3279 = CARTESIAN_POINT ( 'NONE',  ( 6.168672213289601000, 6.758384208523724900, 4.896958519548591400 ) ) ;
#3280 = CARTESIAN_POINT ( 'NONE',  ( 3.633379675925021000, -4.902619529339871100, 4.718142441128665400 ) ) ;
#3281 = VERTEX_POINT ( 'NONE', #1551 ) ;
#3282 = CARTESIAN_POINT ( 'NONE',  ( 5.188619435515716900, -10.99845286267319000, 5.975611840433584700 ) ) ;
#3283 = CARTESIAN_POINT ( 'NONE',  ( -0.1968778494742074700, 5.500000000015139000, 2.146877849474199800 ) ) ;
#3284 = ORIENTED_EDGE ( 'NONE', *, *, #1175, .T. ) ;
#3285 = CARTESIAN_POINT ( 'NONE',  ( 5.811380564484259100, 8.164047137326765100, 2.024388159566370400 ) ) ;
#3286 = CARTESIAN_POINT ( 'NONE',  ( 9.814505546622928700, 7.319643579270779000, 3.170001659990438400 ) ) ;
#3287 = CARTESIAN_POINT ( 'NONE',  ( -2.581327786710375400, 7.128621437182588700, 5.160858395476958000 ) ) ;
#3288 = CARTESIAN_POINT ( 'NONE',  ( -9.522994453377023700, 4.759475034189582800, 2.376513018916272600 ) ) ;
#3289 = CARTESIAN_POINT ( 'NONE',  ( 5.259406098776352700, 13.06404713732675300, 5.526492704452461900 ) ) ;
#3290 = CARTESIAN_POINT ( 'NONE',  ( 4.378085124944706600, -3.706786196006541400, 5.387585750815612900 ) ) ;
#3291 = CARTESIAN_POINT ( 'NONE',  ( 0.0000000000000000000, 0.0000000000000000000, 8.000000000000000000 ) ) ;
#3292 = CARTESIAN_POINT ( 'NONE',  ( -6.460494453377033400, 4.541600469937070500, 1.898856579357691500 ) ) ;
#3293 =( BOUNDED_CURVE ( )  B_SPLINE_CURVE ( 2, ( #6567, #804, #5951, #2885, #1344, #3922, #3421, #827, #325 ),
 .UNSPECIFIED., .F., .T. ) 
 B_SPLINE_CURVE_WITH_KNOTS ( ( 3, 2, 2, 2, 3 ),
 ( 0.5209116744670899700, 0.5222222222222222500, 0.5259259259259259100, 0.5296296296296296700, 0.5320227855782012600 ),
 .UNSPECIFIED. ) 
 CURVE ( )  GEOMETRIC_REPRESENTATION_ITEM ( )  RATIONAL_B_SPLINE_CURVE ( ( 0.9387362140368884500, 0.9525933712949350400, 1.000000000000000000, 0.8660254037844387100, 1.000000000000000000, 0.8660254037844387100, 1.000000000000000000, 0.9134320324894970000, 0.9387362140368922200 ) ) 
 REPRESENTATION_ITEM ( '' )  );
#3294 = PLANE ( 'NONE',  #3441 ) ;
#3295 = CARTESIAN_POINT ( 'NONE',  ( 4.298315489864339900, -17.18178619600650600, 3.028393217318460900 ) ) ;
#3296 = CARTESIAN_POINT ( 'NONE',  ( 6.256180505897860100, -2.393989300162071100, 2.198875127692693400 ) ) ;
#3297 = CARTESIAN_POINT ( 'NONE',  ( 5.259406098776347300, -7.935952862673196300, 5.526492704452464500 ) ) ;
#3298 = CARTESIAN_POINT ( 'NONE',  ( 4.047999407627165700, 2.243213803993440200, 5.795836187708173000 ) ) ;
#3299 = CARTESIAN_POINT ( 'NONE',  ( 2.872838879956274700, 3.723756548762971400, 3.829569941986564100 ) ) ;
#3300 = CARTESIAN_POINT ( 'NONE',  ( 9.552005546622929400, 6.905980968331821400, 3.358686567471578700 ) ) ;
#3301 = CARTESIAN_POINT ( 'NONE',  ( 5.188619435515717800, -6.885952862673200900, 5.975611840433584700 ) ) ;
#3302 = CARTESIAN_POINT ( 'NONE',  ( 3.944760240409289000, -10.53178619600652500, 2.742530600695059400 ) ) ;
#3303 = CYLINDRICAL_SURFACE ( 'NONE', #1367, 1.650000000000000400 ) ;
#3304 = CARTESIAN_POINT ( 'NONE',  ( 3.944760240409293400, 10.38071380399342300, 2.742530600695057200 ) ) ;
#3305 = LINE ( 'NONE', #2396, #4836 ) ;
#3306 = CARTESIAN_POINT ( 'NONE',  ( 9.756172213289593400, 6.840443814239312000, 2.119429949669280300 ) ) ;
#3307 = CARTESIAN_POINT ( 'NONE',  ( 1.793672213289612600, 4.159556185760689800, 5.880570050330728500 ) ) ;
#3308 = DIRECTION ( 'NONE',  ( -0.0000000000000000000, 1.000000000000000000, -0.0000000000000000000 ) ) ;
#3309 = CARTESIAN_POINT ( 'NONE',  ( -12.49799445337701400, 4.094019031668182200, 4.641313432528432900 ) ) ;
#3310 = CARTESIAN_POINT ( 'NONE',  ( 5.740593901223629600, 12.01404713732675400, 2.473507295547489700 ) ) ;
#3311 = CARTESIAN_POINT ( 'NONE',  ( 6.942278411359270200, -2.715119529339877800, 3.445114078229009300 ) ) ;
#3312 = CARTESIAN_POINT ( 'NONE',  ( -3.252161120043705700, 5.308977857911811400, 5.990856735486524100 ) ) ;
#3313 = VERTEX_POINT ( 'NONE', #4100 ) ;
#3314 = CARTESIAN_POINT ( 'NONE',  ( 5.499999999999998200, 0.0000000000000000000, 1.949999999999990900 ) ) ;
#3315 = CARTESIAN_POINT ( 'NONE',  ( 3.882017818846651600, -2.291875501044359900, 3.111901499877429700 ) ) ;
#3316 = CARTESIAN_POINT ( 'NONE',  ( 4.378085124944704800, -7.994286196006530800, 5.387585750815614600 ) ) ;
#3317 = CARTESIAN_POINT ( 'NONE',  ( 6.329239463404276100, 9.359880470660096200, 6.155387493158992000 ) ) ;
#3318 = CARTESIAN_POINT ( 'NONE',  ( 2.756172213289612000, 4.464281514573391600, 5.453056923070296800 ) ) ;
#3319 = VERTEX_POINT ( 'NONE', #3657 ) ;
#3320 = AXIS2_PLACEMENT_3D ( 'NONE', #6544, #3902, #4393 ) ;
#3321 = CARTESIAN_POINT ( 'NONE',  ( 9.202005546622926200, 4.094019031668182200, 4.641313432528430200 ) ) ;
#3322 = CARTESIAN_POINT ( 'NONE',  ( 3.944760240409289900, -6.419286196006533300, 2.742530600695058900 ) ) ;
#3323 = DIRECTION ( 'NONE',  ( -2.220446049250337700E-016, -1.000000000000000000, 1.224646799147324600E-016 ) ) ;
#3324 = CARTESIAN_POINT ( 'NONE',  ( 4.670760536595700800, -11.99011952933985700, 1.844612506840962700 ) ) ;
#3325 = CARTESIAN_POINT ( 'NONE',  ( -2.264480973432668100, 4.052461325528299500, 5.098674021756958800 ) ) ;
#3326 = CARTESIAN_POINT ( 'NONE',  ( -0.5125885258273444900, 5.657593267222758000, 2.357543193223626600 ) ) ;
#3327 = CARTESIAN_POINT ( 'NONE',  ( 12.96450554662292200, 3.680356420729224100, 4.829998340009569600 ) ) ;
#3328 = CARTESIAN_POINT ( 'NONE',  ( 2.027005546622946400, 4.541600469937070500, 1.898856579357690400 ) ) ;
#3329 = CARTESIAN_POINT ( 'NONE',  ( 14.61450554662299000, 6.329998340009541200, 5.819643579270792300 ) ) ;
#3330 = CARTESIAN_POINT ( 'NONE',  ( -10.45632778671035500, 4.464281514573391600, 5.453056923070299400 ) ) ;
#3331 = CARTESIAN_POINT ( 'NONE',  ( 6.942278411359273700, 11.19738047066009100, 3.445114078229007500 ) ) ;
#3332 = CARTESIAN_POINT ( 'NONE',  ( 3.944760240409290700, -2.919286196006544400, 2.742530600695058500 ) ) ;
#3333 = CARTESIAN_POINT ( 'NONE',  ( 6.701684510135631700, -2.131786196006546100, 4.971606782681495100 ) ) ;
#3334 = CARTESIAN_POINT ( 'NONE',  ( -6.343827786710366300, 6.840443814239312000, 2.119429949669282600 ) ) ;
#3335 = ORIENTED_EDGE ( 'NONE', *, *, #6063, .T. ) ;
#3336 = CARTESIAN_POINT ( 'NONE',  ( -1.241755192494006900, 6.817570367587651800, 5.597246194346048800 ) ) ;
#3337 = CARTESIAN_POINT ( 'NONE',  ( 4.298315489864340800, -15.78178619600651300, 3.028393217318460900 ) ) ;
#3338 = CARTESIAN_POINT ( 'NONE',  ( 3.695169398406717300, -2.268460184169157400, 3.674290205785740100 ) ) ;
#3339 = ORIENTED_EDGE ( 'NONE', *, *, #700, .T. ) ;
#3340 =( BOUNDED_SURFACE ( )  B_SPLINE_SURFACE ( 1, 2, ( 
 ( #2540, #2626, #4656, #1572, #5698, #5177, #2071, #6671, #3595, #541, #4167, #4677, #5678, #1594, #39, #4593, #1508, #4616, #2048, #2583, #5115, #500, #2025, #5631, #6199, #2650, #4791, #4260, #4746, #1665, #2717, #2182, #1163, #4769, #153, #130, #5787, #6267, #687, #1684, #65, #2696, #3703, #5269, #1141, #6338, #3171, #1642, #5311, #1710, #5831, #3729, #3260, #5290, #2205, #2159, #1617, #2673, #2226, #5243, #6314, #1095, #6287, #3214, #3681, #89, #591, #2738, #5809, #3237, #6360, #3753, #109, #3192, #4282, #3774, #612, #4238, #5767, #662, #636, #1184, #4702, #2137, #5222, #5744, #4215, #1118, #4725, #4368, #2272, #4883, #6424, #6471, #2832, #5898, #2334, #2295, #5877, #2807, #3897, #778, #1275, #5946, #5855, #3324, #6402, #5335, #6447, #3350, #1781, #1206, #1229, #2857, #4859, #3869, #2786, #5381, #1807, #251, #220, #5922, #3282, #4390, #3847, #5402, #753, #2316, #1297, #4903, #3302, #1829, #3370, #4832, #5429, #197, #3822, #274, #4814, #4305, #1734, #2250, #730, #2766, #6381, #174, #3801, #1252, #707, #4325, #4344, #1758, #5358, #2923, #5496, #1363, #4929, #3942, #4477, #5021, #1340, #6494, #3483, #390, #3438, #1389, #1913, #2382, #6539, #4975, #5516, #6059, #296, #345, #321, #3392, #4499, #3416, #3964, #4998, #872, #2426, #6044, #2946, #6560, #1893, #1318, #3464, #369, #1871, #3988, #821, #1413, #1932, #6584, #5474, #799, #4410, #5536, #895, #2901, #2449, #2968, #845, #1848, #5968, #2404, #5451, #6019, #5993, #2360, #2879, #3918, #4430, #6516, #4953, #4453, #3503, #3014, #6146, #2990, #6647, #1993, #409, #2555, #4584, #916, #4006, #3055, #6170, #4025, #3545, #3524, #6604, #1000, #6623, #450, #1501, #4070, #5109, #980, #2014, #5623, #1481, #4522, #2532, #6665, #5064, #3568, #938, #4608, #1521, #3077, #1975, #3587, #1433, #2042, #470, #6102, #5128, #4091, #4050, #5645, #2469, #5602, #6687, #2510, #5580, #6125, #5043, #1953, #5558, #2489, #3035, #6081, #4545, #428, #1454, #957, #4563, #5084, #6706, #5760, #1087, #4113, #494, #6260, #3673, #4184, #2153, #2063, #2617, #2598, #1542, #5735, #2643, #4668, #1022, #4137, #2666, #1066, #56, #5168, #1586, #558, #3165, #6238, #2131, #6191, #583, #32, #4695, #2107, #1607, #3139, #3649, #2084, #4208, #6281, #1041, #5214, #5689, #6210, #3183, #4628, #1111, #5191, #4717, #3117, #1634, #5234, #5670, #2574, #4158, #81, #3608, #9, #5149, #3097, #512, #5713, #4648, #1564, #3624, #533, #1222, #4252, #2689, #6396, #3298, #6352, #4297, #4808, #5281, #2731, #1177, #1727, #5824, #3251, #5328, #1157, #2266, #146, #653, #5780, #1132, #6305, #5873, #1657, #4827, #2218, #3767, #2244, #678, #4275, #2172, #1678, #1200, #5847, #2756, #124, #6376, #3276, #169, #3794, #3206, #5261, #3742, #605, #101, #702, #4318, #5304, #3720, #1752, #5353, #4784, #1701, #2780, #3694, #4231, #4739, #627, #4762, #2196, #5801, #2708, #6330, #3231, #1822, #2824, #4385, #244, #5445, #5376, #749, #4425, #3914, #4949, #2851, #2376, #3365, #1313, #1269, #725, #1800, #1335, #4362, #771, #192, #5397, #4899, #5893, #5917, #2291, #815, #4923, #794, #5467, #1843, #5423, #2310, #3386, #2896, #6442, #3343, #4876, #2355, #1291, #5964, #2874, #1246, #2329, #3864, #6464, #5940, #215, #268, #3890, #4405, #6489, #5987, #290, #1865, #6511, #3818, #4340, #4852, #1776, #2803, #6417, #3317, #3842, #4993, #2419, #2982, #3983, #5530, #4020, #932, #1906, #4000, #1426, #4539, #4447, #1447, #1927, #2961, #4513, #6054, #887, #1888, #1383, #6577, #2442, #5036, #6554, #3476, #1948, #5553, #385, #2917, #4969, #3459, #315, #1358, #2463, #912, #5014, #5490, #403, #6077, #363, #4492, #6597, #1407, #3497, #5057, #2483, #1967, #5573, #2398, #3007, #6096, #6013, #3411, #6035, #3935, #839, #6535, #3433, #3958, #340, #865, #4471, #5512, #2940, #3071, #1014, #973, #423 ),
 ( #1493, #1536, #1558, #443, #486, #5100, #4578, #2590, #4041, #4107, #462, #4623, #2007, #3092, #2033, #1473, #5076, #3560, #1036, #6117, #5616, #6617, #506, #5638, #4601, #4084, #952, #3048, #3580, #4130, #4063, #5596, #6205, #3517, #2547, #5143, #2053, #2525, #6164, #994, #5662, #5163, #3028, #6680, #6140, #2502, #3603, #6658, #2568, #6184, #6702, #4642, #2079, #5683, #4556, #1516, #1987, #6640, #3536, #5121, #1058, #1600, #23, #1078, #549, #575, #4152, #2100, #2144, #1626, #5752, #5726, #6274, #2635, #45, #5706, #4, #6228, #2657, #2609, #4177, #3111, #3642, #5206, #1579, #4684, #4663, #3177, #4198, #3664, #73, #1102, #2123, #6253, #5228, #3619, #3157, #4709, #527, #5185, #3132, #4815, #1735, #1110, #3164, #1677, #604, #30, #3648, #2151, #6329, #4694, #55, #5190, #5800, #4230, #3182, #5758, #2616, #1633, #2171, #2707, #5734, #4183, #1176, #4783, #1131, #5779, #6304, #3671, #4738, #2665, #3205, #3741, #1606, #1656, #4716, #1086, #2195, #5233, #5260, #2688, #100, #3719, #626, #4251, #1156, #6280, #5712, #4761, #5280, #6259, #3230, #5212, #123, #652, #4274, #582, #2106, #6237, #3138, #557, #4207, #2130, #2642, #80, #3693, #145, #6395, #3316, #3297, #6375, #191, #5892, #1775, #6441, #3275, #3817, #5375, #1199, #701, #3841, #677, #4339, #1245, #3792, #2309, #4361, #1751, #4851, #3766, #724, #214, #2290, #168, #2802, #6416, #748, #3342, #4317, #1268, #4875, #4807, #1221, #1799, #4296, #5396, #5916, #1726, #243, #2823, #5303, #1700, #3863, #770, #4384, #1290, #3250, #2217, #4826, #2730, #5823, #6351, #5872, #5326, #2243, #5846, #2265, #2755, #5352, #2779, #4968, #3432, #3934, #6534, #3889, #3957, #4446, #2397, #6510, #5489, #838, #314, #6488, #338, #6553, #5444, #6012, #3385, #2873, #886, #864, #2895, #793, #814, #289, #1381, #1357, #6463, #3364, #1864, #6034, #4404, #3913, #4898, #5510, #1886, #3409, #5466, #2328, #1334, #2916, #2418, #2354, #1312, #4491, #1821, #4470, #4992, #1905, #4424, #2939, #2375, #3457, #362, #4922, #3981, #4947, #1842, #5422, #5986, #5939, #2850, #267, #5963, #951, #1986, #5595, #5570, #1926, #4555, #3027, #2462, #4062, #1425, #5098, #5615, #461, #6075, #993, #1406, #6138, #401, #971, #1966, #3516, #2006, #2524, #2981, #2500, #6115, #3046, #2440, #422, #4038, #6638, #5552, #6657, #1470, #5056, #3475, #5529, #384, #3558, #6053, #4083, #6616, #5075, #3535, #442, #2482, #6576, #6596, #4576, #1492, #5013, #4536, #2960, #3999, #908, #4512, #5035, #1947, #1446, #3496, #4019, #931, #6095, #3004, #6163, #1599, #1057, #1557, #5160, #6227, #5682, #4662, #1578, #3663, #3641, #2589, #3068, #4197, #5184, #3579, #6204, #505, #2077, #4641, #3130, #6678, #5141, #2122, #5205, #2633, #525, #44, #2097, #5704, #5661, #5120, #6183, #5725, #2052, #3110, #4599, #3091, #2, #485, #3601, #4106, #6251, #2608, #22, #3156, #547, #3616, #6700, #1077, #573, #4129, #1035, #2567, #4174, #4151, #1013, #4683, #4622, #1514, #2031, #5637, #2546, #1533, #1169, #5773, #1690, #3220, #3268, #6344, #2702, #5838, #5793, #2679, #6320, #693, #3176, #642, #5815, #1101, #6293, #3242, #72, #3734, #114, #597, #6368, #5295, #4708, #1625, #135, #4289, #4774, #2746, #2655, #4266, #3198, #2143, #3758, #669, #5274, #5227, #4731, #159, #1670, #1191, #94, #2188, #2210, #4799, #2724, #1717, #3686, #5318, #2233, #3781, #5751, #6273, #4222, #1124, #3709, #1647, #5251, #618, #4244, #1147, #2165, #4751, #2772, #1766, #5862, #5906, #5883, #230, #6430, #4331, #4375, #2279, #4887, #3331, #6477, #2838, #2814, #2342, #2303, #2791, #3854, #3904, #6388, #760, #2322, #4311, #6409, #3310, #3877, #4866, #1282, #4910, #1834, #205, #1813, #5930, #5436, #5343, #5411, #6452, #3356, #5365, #2863, #258, #1259, #3289, #1741, #181, #3375, #2256, #5953, #783, #4395, #1302, #280, #1790 ) ),
 .UNSPECIFIED., .F., .F., .F. ) 
 B_SPLINE_SURFACE_WITH_KNOTS ( ( 2, 2 ),
 ( 3, 2, 2, 2, 2, 2, 2, 2, 2, 2, 2, 2, 2, 2, 2, 2, 2, 2, 2, 2, 2, 2, 2, 2, 2, 2, 2, 2, 2, 2, 2, 2, 2, 2, 2, 2, 2, 2, 2, 2, 2, 2, 2, 2, 2, 2, 2, 2, 2, 2, 2, 2, 2, 2, 2, 2, 2, 2, 2, 2, 2, 2, 2, 2, 2, 2, 2, 2, 2, 2, 2, 2, 2, 2, 2, 2, 2, 2, 2, 2, 2, 2, 2, 2, 2, 2, 2, 2, 2, 2, 2, 2, 2, 2, 2, 2, 2, 2, 2, 2, 2, 2, 2, 2, 2, 2, 2, 2, 2, 2, 2, 2, 2, 2, 2, 2, 2, 2, 2, 2, 2, 2, 2, 2, 2, 2, 2, 2, 2, 2, 2, 2, 2, 2, 2, 2, 2, 2, 2, 2, 2, 2, 2, 2, 2, 2, 2, 2, 2, 2, 2, 2, 2, 2, 2, 2, 2, 2, 2, 2, 2, 2, 2, 2, 2, 2, 2, 2, 2, 2, 2, 2, 2, 2, 2, 2, 2, 2, 2, 2, 2, 2, 2, 2, 2, 2, 2, 2, 2, 2, 2, 2, 2, 2, 2, 2, 2, 2, 2, 2, 2, 2, 2, 2, 2, 2, 2, 2, 2, 2, 2, 2, 2, 2, 2, 2, 2, 2, 2, 2, 2, 2, 2, 2, 2, 2, 2, 2, 2, 2, 2, 2, 2, 2, 2, 2, 2, 2, 2, 2, 2, 2, 2, 2, 2, 2, 2, 2, 2, 2, 2, 2, 2, 2, 2, 2, 2, 2, 2, 2, 2, 2, 2, 2, 2, 2, 2, 2, 2, 2, 3 ),
 ( 0.0000000000000000000, 1.000000000000000000 ),
 ( 0.0000000000000000000, 0.003703703703703703800, 0.007407407407407407700, 0.01111111111111111200, 0.01481481481481481500, 0.01851851851851851700, 0.02222222222222222300, 0.02592592592592592500, 0.02962962962962963100, 0.03333333333333333300, 0.03703703703703703500, 0.04074074074074074400, 0.04444444444444444600, 0.04814814814814814800, 0.05185185185185185000, 0.05555555555555555200, 0.05925925925925926200, 0.06296296296296295700, 0.06666666666666666600, 0.07037037037037037500, 0.07407407407407407000, 0.07777777777777777900, 0.08148148148148148800, 0.08518518518518518300, 0.08888888888888889200, 0.09259259259259258700, 0.09629629629629629700, 0.1000000000000000100, 0.1037037037037037000, 0.1074074074074074100, 0.1111111111111111000, 0.1148148148148148100, 0.1185185185185185200, 0.1222222222222222200, 0.1259259259259259100, 0.1296296296296296200, 0.1333333333333333300, 0.1370370370370370400, 0.1407407407407407500, 0.1444444444444444300, 0.1481481481481481400, 0.1518518518518518500, 0.1555555555555555600, 0.1592592592592592700, 0.1629629629629629800, 0.1666666666666666600, 0.1703703703703703700, 0.1740740740740740800, 0.1777777777777777800, 0.1814814814814814900, 0.1851851851851851700, 0.1888888888888888800, 0.1925925925925925900, 0.1962962962962963000, 0.2000000000000000100, 0.2037037037037036900, 0.2074074074074074000, 0.2111111111111111100, 0.2148148148148148200, 0.2185185185185185300, 0.2222222222222222100, 0.2259259259259259200, 0.2296296296296296300, 0.2333333333333333400, 0.2370370370370370500, 0.2407407407407407300, 0.2444444444444444400, 0.2481481481481481500, 0.2518518518518518300, 0.2555555555555555400, 0.2592592592592592400, 0.2629629629629629500, 0.2666666666666666600, 0.2703703703703703700, 0.2740740740740740800, 0.2777777777777777900, 0.2814814814814815000, 0.2851851851851852100, 0.2888888888888888600, 0.2925925925925925700, 0.2962962962962962800, 0.2999999999999999900, 0.3037037037037037000, 0.3074074074074074100, 0.3111111111111111200, 0.3148148148148148300, 0.3185185185185185300, 0.3222222222222222400, 0.3259259259259259500, 0.3296296296296296100, 0.3333333333333333100, 0.3370370370370370200, 0.3407407407407407300, 0.3444444444444444400, 0.3481481481481481500, 0.3518518518518518600, 0.3555555555555555700, 0.3592592592592592800, 0.3629629629629629900, 0.3666666666666666400, 0.3703703703703703500, 0.3740740740740740600, 0.3777777777777777700, 0.3814814814814814800, 0.3851851851851851900, 0.3888888888888889000, 0.3925925925925926000, 0.3962962962962963100, 0.4000000000000000200, 0.4037037037037037300, 0.4074074074074073800, 0.4111111111111110900, 0.4148148148148148000, 0.4185185185185185100, 0.4222222222222222200, 0.4259259259259259300, 0.4296296296296296400, 0.4333333333333333500, 0.4370370370370370600, 0.4407407407407407700, 0.4444444444444444200, 0.4481481481481481300, 0.4518518518518518400, 0.4555555555555555500, 0.4592592592592592600, 0.4629629629629629700, 0.4666666666666666700, 0.4703703703703703800, 0.4740740740740740900, 0.4777777777777778000, 0.4814814814814814500, 0.4851851851851851600, 0.4888888888888888700, 0.4925925925925925800, 0.4962962962962962900, 0.5000000000000000000, 0.5037037037037036500, 0.5074074074074074200, 0.5111111111111110700, 0.5148148148148148400, 0.5185185185185184900, 0.5222222222222222500, 0.5259259259259259100, 0.5296296296296296700, 0.5333333333333333300, 0.5370370370370370900, 0.5407407407407407400, 0.5444444444444444000, 0.5481481481481481600, 0.5518518518518518200, 0.5555555555555555800, 0.5592592592592592300, 0.5629629629629630000, 0.5666666666666666500, 0.5703703703703704200, 0.5740740740740740700, 0.5777777777777777200, 0.5814814814814814900, 0.5851851851851851400, 0.5888888888888889100, 0.5925925925925925600, 0.5962962962962963200, 0.5999999999999999800, 0.6037037037037037400, 0.6074074074074074000, 0.6111111111111111600, 0.6148148148148148100, 0.6185185185185184700, 0.6222222222222222300, 0.6259259259259258900, 0.6296296296296296500, 0.6333333333333333000, 0.6370370370370370700, 0.6407407407407407200, 0.6444444444444444900, 0.6481481481481481400, 0.6518518518518519000, 0.6555555555555555600, 0.6592592592592592100, 0.6629629629629629800, 0.6666666666666666300, 0.6703703703703703900, 0.6740740740740740500, 0.6777777777777778100, 0.6814814814814814700, 0.6851851851851852300, 0.6888888888888888800, 0.6925925925925925400, 0.6962962962962963000, 0.6999999999999999600, 0.7037037037037037200, 0.7074074074074073700, 0.7111111111111111400, 0.7148148148148147900, 0.7185185185185185600, 0.7222222222222222100, 0.7259259259259259700, 0.7296296296296296300, 0.7333333333333332800, 0.7370370370370370500, 0.7407407407407407000, 0.7444444444444444600, 0.7481481481481481200, 0.7518518518518518800, 0.7555555555555555400, 0.7592592592592593000, 0.7629629629629629500, 0.7666666666666667200, 0.7703703703703703700, 0.7740740740740740300, 0.7777777777777777900, 0.7814814814814814400, 0.7851851851851852100, 0.7888888888888888600, 0.7925925925925926300, 0.7962962962962962800, 0.8000000000000000400, 0.8037037037037037000, 0.8074074074074074600, 0.8111111111111111200, 0.8148148148148147700, 0.8185185185185185300, 0.8222222222222221900, 0.8259259259259259500, 0.8296296296296296100, 0.8333333333333333700, 0.8370370370370370200, 0.8407407407407407900, 0.8444444444444444400, 0.8481481481481481000, 0.8518518518518518600, 0.8555555555555555100, 0.8592592592592592800, 0.8629629629629629300, 0.8666666666666667000, 0.8703703703703703500, 0.8740740740740741100, 0.8777777777777777700, 0.8814814814814815300, 0.8851851851851851900, 0.8888888888888888400, 0.8925925925925926000, 0.8962962962962962600, 0.9000000000000000200, 0.9037037037037036800, 0.9074074074074074400, 0.9111111111111110900, 0.9148148148148148600, 0.9185185185185185100, 0.9222222222222222800, 0.9259259259259259300, 0.9296296296296295800, 0.9333333333333333500, 0.9370370370370370000, 0.9407407407407407700, 0.9444444444444444200, 0.9481481481481481800, 0.9518518518518518400, 0.9555555555555556000, 0.9592592592592592600, 0.9629629629629629100, 0.9666666666666666700, 0.9703703703703703300, 0.9740740740740740900, 0.9777777777777777500, 0.9814814814814815100, 0.9851851851851851600, 0.9888888888888889300, 0.9925925925925925800, 0.9962962962962963500, 1.000000000000000000 ),
 .UNSPECIFIED. ) 
 GEOMETRIC_REPRESENTATION_ITEM ( )  RATIONAL_B_SPLINE_SURFACE ( (
 ( 1.000000000000000000, 0.8660254037844387100, 1.000000000000000000, 0.8660254037844387100, 1.000000000000000000, 0.8660254037844387100, 1.000000000000000000, 0.8660254037844387100, 1.000000000000000000, 0.8660254037844387100, 1.000000000000000000, 0.8660254037844387100, 1.000000000000000000, 0.8660254037844387100, 1.000000000000000000, 0.8660254037844387100, 1.000000000000000000, 0.8660254037844387100, 1.000000000000000000, 0.8660254037844387100, 1.000000000000000000, 0.8660254037844387100, 1.000000000000000000, 0.8660254037844387100, 1.000000000000000000, 0.8660254037844387100, 1.000000000000000000, 0.8660254037844387100, 1.000000000000000000, 0.8660254037844387100, 1.000000000000000000, 0.8660254037844387100, 1.000000000000000000, 0.8660254037844387100, 1.000000000000000000, 0.8660254037844387100, 1.000000000000000000, 0.8660254037844387100, 1.000000000000000000, 0.8660254037844387100, 1.000000000000000000, 0.8660254037844387100, 1.000000000000000000, 0.8660254037844387100, 1.000000000000000000, 0.8660254037844387100, 1.000000000000000000, 0.8660254037844387100, 1.000000000000000000, 0.8660254037844387100, 1.000000000000000000, 0.8660254037844387100, 1.000000000000000000, 0.8660254037844387100, 1.000000000000000000, 0.8660254037844387100, 1.000000000000000000, 0.8660254037844387100, 1.000000000000000000, 0.8660254037844387100, 1.000000000000000000, 0.8660254037844387100, 1.000000000000000000, 0.8660254037844387100, 1.000000000000000000, 0.8660254037844387100, 1.000000000000000000, 0.8660254037844387100, 1.000000000000000000, 0.8660254037844387100, 1.000000000000000000, 0.8660254037844387100, 1.000000000000000000, 0.8660254037844387100, 1.000000000000000000, 0.8660254037844387100, 1.000000000000000000, 0.8660254037844387100, 1.000000000000000000, 0.8660254037844387100, 1.000000000000000000, 0.8660254037844387100, 1.000000000000000000, 0.8660254037844387100, 1.000000000000000000, 0.8660254037844387100, 1.000000000000000000, 0.8660254037844387100, 1.000000000000000000, 0.8660254037844387100, 1.000000000000000000, 0.8660254037844387100, 1.000000000000000000, 0.8660254037844387100, 1.000000000000000000, 0.8660254037844387100, 1.000000000000000000, 0.8660254037844387100, 1.000000000000000000, 0.8660254037844387100, 1.000000000000000000, 0.8660254037844387100, 1.000000000000000000, 0.8660254037844387100, 1.000000000000000000, 0.8660254037844387100, 1.000000000000000000, 0.8660254037844387100, 1.000000000000000000, 0.8660254037844387100, 1.000000000000000000, 0.8660254037844387100, 1.000000000000000000, 0.8660254037844387100, 1.000000000000000000, 0.8660254037844387100, 1.000000000000000000, 0.8660254037844387100, 1.000000000000000000, 0.8660254037844387100, 1.000000000000000000, 0.8660254037844387100, 1.000000000000000000, 0.8660254037844387100, 1.000000000000000000, 0.8660254037844387100, 1.000000000000000000, 0.8660254037844387100, 1.000000000000000000, 0.8660254037844387100, 1.000000000000000000, 0.8660254037844387100, 1.000000000000000000, 0.8660254037844387100, 1.000000000000000000, 0.8660254037844387100, 1.000000000000000000, 0.8660254037844387100, 1.000000000000000000, 0.8660254037844387100, 1.000000000000000000, 0.8660254037844387100, 1.000000000000000000, 0.8660254037844387100, 1.000000000000000000, 0.8660254037844387100, 1.000000000000000000, 0.8660254037844387100, 1.000000000000000000, 0.8660254037844387100, 1.000000000000000000, 0.8660254037844387100, 1.000000000000000000, 0.8660254037844387100, 1.000000000000000000, 0.8660254037844387100, 1.000000000000000000, 0.8660254037844387100, 1.000000000000000000, 0.8660254037844387100, 1.000000000000000000, 0.8660254037844387100, 1.000000000000000000, 0.8660254037844387100, 1.000000000000000000, 0.8660254037844387100, 1.000000000000000000, 0.8660254037844387100, 1.000000000000000000, 0.8660254037844387100, 1.000000000000000000, 0.8660254037844387100, 1.000000000000000000, 0.8660254037844387100, 1.000000000000000000, 0.8660254037844387100, 1.000000000000000000, 0.8660254037844387100, 1.000000000000000000, 0.8660254037844387100, 1.000000000000000000, 0.8660254037844387100, 1.000000000000000000, 0.8660254037844387100, 1.000000000000000000, 0.8660254037844387100, 1.000000000000000000, 0.8660254037844387100, 1.000000000000000000, 0.8660254037844387100, 1.000000000000000000, 0.8660254037844387100, 1.000000000000000000, 0.8660254037844387100, 1.000000000000000000, 0.8660254037844387100, 1.000000000000000000, 0.8660254037844387100, 1.000000000000000000, 0.8660254037844387100, 1.000000000000000000, 0.8660254037844387100, 1.000000000000000000, 0.8660254037844387100, 1.000000000000000000, 0.8660254037844387100, 1.000000000000000000, 0.8660254037844387100, 1.000000000000000000, 0.8660254037844387100, 1.000000000000000000, 0.8660254037844387100, 1.000000000000000000, 0.8660254037844387100, 1.000000000000000000, 0.8660254037844387100, 1.000000000000000000, 0.8660254037844387100, 1.000000000000000000, 0.8660254037844387100, 1.000000000000000000, 0.8660254037844387100, 1.000000000000000000, 0.8660254037844387100, 1.000000000000000000, 0.8660254037844387100, 1.000000000000000000, 0.8660254037844387100, 1.000000000000000000, 0.8660254037844387100, 1.000000000000000000, 0.8660254037844387100, 1.000000000000000000, 0.8660254037844387100, 1.000000000000000000, 0.8660254037844387100, 1.000000000000000000, 0.8660254037844387100, 1.000000000000000000, 0.8660254037844387100, 1.000000000000000000, 0.8660254037844387100, 1.000000000000000000, 0.8660254037844387100, 1.000000000000000000, 0.8660254037844387100, 1.000000000000000000, 0.8660254037844387100, 1.000000000000000000, 0.8660254037844387100, 1.000000000000000000, 0.8660254037844387100, 1.000000000000000000, 0.8660254037844387100, 1.000000000000000000, 0.8660254037844387100, 1.000000000000000000, 0.8660254037844387100, 1.000000000000000000, 0.8660254037844387100, 1.000000000000000000, 0.8660254037844387100, 1.000000000000000000, 0.8660254037844387100, 1.000000000000000000, 0.8660254037844387100, 1.000000000000000000, 0.8660254037844387100, 1.000000000000000000, 0.8660254037844387100, 1.000000000000000000, 0.8660254037844387100, 1.000000000000000000, 0.8660254037844387100, 1.000000000000000000, 0.8660254037844387100, 1.000000000000000000, 0.8660254037844387100, 1.000000000000000000, 0.8660254037844387100, 1.000000000000000000, 0.8660254037844387100, 1.000000000000000000, 0.8660254037844387100, 1.000000000000000000, 0.8660254037844387100, 1.000000000000000000, 0.8660254037844387100, 1.000000000000000000, 0.8660254037844387100, 1.000000000000000000, 0.8660254037844387100, 1.000000000000000000, 0.8660254037844387100, 1.000000000000000000, 0.8660254037844387100, 1.000000000000000000, 0.8660254037844387100, 1.000000000000000000, 0.8660254037844387100, 1.000000000000000000, 0.8660254037844387100, 1.000000000000000000, 0.8660254037844387100, 1.000000000000000000, 0.8660254037844387100, 1.000000000000000000, 0.8660254037844387100, 1.000000000000000000, 0.8660254037844387100, 1.000000000000000000, 0.8660254037844387100, 1.000000000000000000, 0.8660254037844387100, 1.000000000000000000, 0.8660254037844387100, 1.000000000000000000, 0.8660254037844387100, 1.000000000000000000, 0.8660254037844387100, 1.000000000000000000, 0.8660254037844387100, 1.000000000000000000, 0.8660254037844387100, 1.000000000000000000, 0.8660254037844387100, 1.000000000000000000, 0.8660254037844387100, 1.000000000000000000, 0.8660254037844387100, 1.000000000000000000, 0.8660254037844387100, 1.000000000000000000, 0.8660254037844387100, 1.000000000000000000, 0.8660254037844387100, 1.000000000000000000, 0.8660254037844387100, 1.000000000000000000, 0.8660254037844387100, 1.000000000000000000, 0.8660254037844387100, 1.000000000000000000, 0.8660254037844387100, 1.000000000000000000, 0.8660254037844387100, 1.000000000000000000, 0.8660254037844387100, 1.000000000000000000, 0.8660254037844387100, 1.000000000000000000, 0.8660254037844387100, 1.000000000000000000, 0.8660254037844387100, 1.000000000000000000, 0.8660254037844387100, 1.000000000000000000, 0.8660254037844387100, 1.000000000000000000, 0.8660254037844387100, 1.000000000000000000, 0.8660254037844387100, 1.000000000000000000, 0.8660254037844387100, 1.000000000000000000, 0.8660254037844387100, 1.000000000000000000, 0.8660254037844387100, 1.000000000000000000, 0.8660254037844387100, 1.000000000000000000, 0.8660254037844387100, 1.000000000000000000, 0.8660254037844387100, 1.000000000000000000, 0.8660254037844387100, 1.000000000000000000, 0.8660254037844387100, 1.000000000000000000, 0.8660254037844387100, 1.000000000000000000, 0.8660254037844387100, 1.000000000000000000, 0.8660254037844387100, 1.000000000000000000, 0.8660254037844387100, 1.000000000000000000, 0.8660254037844387100, 1.000000000000000000, 0.8660254037844387100, 1.000000000000000000, 0.8660254037844387100, 1.000000000000000000, 0.8660254037844387100, 1.000000000000000000, 0.8660254037844387100, 1.000000000000000000, 0.8660254037844387100, 1.000000000000000000, 0.8660254037844387100, 1.000000000000000000, 0.8660254037844387100, 1.000000000000000000, 0.8660254037844387100, 1.000000000000000000, 0.8660254037844387100, 1.000000000000000000, 0.8660254037844387100, 1.000000000000000000, 0.8660254037844387100, 1.000000000000000000, 0.8660254037844387100, 1.000000000000000000, 0.8660254037844387100, 1.000000000000000000, 0.8660254037844387100, 1.000000000000000000, 0.8660254037844387100, 1.000000000000000000, 0.8660254037844387100, 1.000000000000000000, 0.8660254037844387100, 1.000000000000000000, 0.8660254037844387100, 1.000000000000000000, 0.8660254037844387100, 1.000000000000000000, 0.8660254037844387100, 1.000000000000000000, 0.8660254037844387100, 1.000000000000000000, 0.8660254037844387100, 1.000000000000000000, 0.8660254037844387100, 1.000000000000000000, 0.8660254037844387100, 1.000000000000000000, 0.8660254037844387100, 1.000000000000000000, 0.8660254037844387100, 1.000000000000000000, 0.8660254037844387100, 1.000000000000000000, 0.8660254037844387100, 1.000000000000000000, 0.8660254037844387100, 1.000000000000000000, 0.8660254037844387100, 1.000000000000000000, 0.8660254037844387100, 1.000000000000000000, 0.8660254037844387100, 1.000000000000000000, 0.8660254037844387100, 1.000000000000000000, 0.8660254037844387100, 1.000000000000000000, 0.8660254037844387100, 1.000000000000000000, 0.8660254037844387100, 1.000000000000000000, 0.8660254037844387100, 1.000000000000000000, 0.8660254037844387100, 1.000000000000000000, 0.8660254037844387100, 1.000000000000000000, 0.8660254037844387100, 1.000000000000000000, 0.8660254037844387100, 1.000000000000000000, 0.8660254037844387100, 1.000000000000000000, 0.8660254037844387100, 1.000000000000000000, 0.8660254037844387100, 1.000000000000000000, 0.8660254037844387100, 1.000000000000000000, 0.8660254037844387100, 1.000000000000000000, 0.8660254037844387100, 1.000000000000000000, 0.8660254037844387100, 1.000000000000000000, 0.8660254037844387100, 1.000000000000000000, 0.8660254037844387100, 1.000000000000000000, 0.8660254037844387100, 1.000000000000000000, 0.8660254037844387100, 1.000000000000000000, 0.8660254037844387100, 1.000000000000000000, 0.8660254037844387100, 1.000000000000000000, 0.8660254037844387100, 1.000000000000000000, 0.8660254037844387100, 1.000000000000000000, 0.8660254037844387100, 1.000000000000000000, 0.8660254037844387100, 1.000000000000000000, 0.8660254037844387100, 1.000000000000000000, 0.8660254037844387100, 1.000000000000000000, 0.8660254037844387100, 1.000000000000000000, 0.8660254037844387100, 1.000000000000000000, 0.8660254037844387100, 1.000000000000000000, 0.8660254037844387100, 1.000000000000000000, 0.8660254037844387100, 1.000000000000000000, 0.8660254037844387100, 1.000000000000000000, 0.8660254037844387100, 1.000000000000000000, 0.8660254037844387100, 1.000000000000000000, 0.8660254037844387100, 1.000000000000000000, 0.8660254037844387100, 1.000000000000000000, 0.8660254037844387100, 1.000000000000000000, 0.8660254037844387100, 1.000000000000000000, 0.8660254037844387100, 1.000000000000000000, 0.8660254037844387100, 1.000000000000000000, 0.8660254037844387100, 1.000000000000000000, 0.8660254037844387100, 1.000000000000000000),
 ( 1.000000000000000000, 0.8660254037844387100, 1.000000000000000000, 0.8660254037844387100, 1.000000000000000000, 0.8660254037844387100, 1.000000000000000000, 0.8660254037844387100, 1.000000000000000000, 0.8660254037844387100, 1.000000000000000000, 0.8660254037844387100, 1.000000000000000000, 0.8660254037844387100, 1.000000000000000000, 0.8660254037844387100, 1.000000000000000000, 0.8660254037844387100, 1.000000000000000000, 0.8660254037844387100, 1.000000000000000000, 0.8660254037844387100, 1.000000000000000000, 0.8660254037844387100, 1.000000000000000000, 0.8660254037844387100, 1.000000000000000000, 0.8660254037844387100, 1.000000000000000000, 0.8660254037844387100, 1.000000000000000000, 0.8660254037844387100, 1.000000000000000000, 0.8660254037844387100, 1.000000000000000000, 0.8660254037844387100, 1.000000000000000000, 0.8660254037844387100, 1.000000000000000000, 0.8660254037844387100, 1.000000000000000000, 0.8660254037844387100, 1.000000000000000000, 0.8660254037844387100, 1.000000000000000000, 0.8660254037844387100, 1.000000000000000000, 0.8660254037844387100, 1.000000000000000000, 0.8660254037844387100, 1.000000000000000000, 0.8660254037844387100, 1.000000000000000000, 0.8660254037844387100, 1.000000000000000000, 0.8660254037844387100, 1.000000000000000000, 0.8660254037844387100, 1.000000000000000000, 0.8660254037844387100, 1.000000000000000000, 0.8660254037844387100, 1.000000000000000000, 0.8660254037844387100, 1.000000000000000000, 0.8660254037844387100, 1.000000000000000000, 0.8660254037844387100, 1.000000000000000000, 0.8660254037844387100, 1.000000000000000000, 0.8660254037844387100, 1.000000000000000000, 0.8660254037844387100, 1.000000000000000000, 0.8660254037844387100, 1.000000000000000000, 0.8660254037844387100, 1.000000000000000000, 0.8660254037844387100, 1.000000000000000000, 0.8660254037844387100, 1.000000000000000000, 0.8660254037844387100, 1.000000000000000000, 0.8660254037844387100, 1.000000000000000000, 0.8660254037844387100, 1.000000000000000000, 0.8660254037844387100, 1.000000000000000000, 0.8660254037844387100, 1.000000000000000000, 0.8660254037844387100, 1.000000000000000000, 0.8660254037844387100, 1.000000000000000000, 0.8660254037844387100, 1.000000000000000000, 0.8660254037844387100, 1.000000000000000000, 0.8660254037844387100, 1.000000000000000000, 0.8660254037844387100, 1.000000000000000000, 0.8660254037844387100, 1.000000000000000000, 0.8660254037844387100, 1.000000000000000000, 0.8660254037844387100, 1.000000000000000000, 0.8660254037844387100, 1.000000000000000000, 0.8660254037844387100, 1.000000000000000000, 0.8660254037844387100, 1.000000000000000000, 0.8660254037844387100, 1.000000000000000000, 0.8660254037844387100, 1.000000000000000000, 0.8660254037844387100, 1.000000000000000000, 0.8660254037844387100, 1.000000000000000000, 0.8660254037844387100, 1.000000000000000000, 0.8660254037844387100, 1.000000000000000000, 0.8660254037844387100, 1.000000000000000000, 0.8660254037844387100, 1.000000000000000000, 0.8660254037844387100, 1.000000000000000000, 0.8660254037844387100, 1.000000000000000000, 0.8660254037844387100, 1.000000000000000000, 0.8660254037844387100, 1.000000000000000000, 0.8660254037844387100, 1.000000000000000000, 0.8660254037844387100, 1.000000000000000000, 0.8660254037844387100, 1.000000000000000000, 0.8660254037844387100, 1.000000000000000000, 0.8660254037844387100, 1.000000000000000000, 0.8660254037844387100, 1.000000000000000000, 0.8660254037844387100, 1.000000000000000000, 0.8660254037844387100, 1.000000000000000000, 0.8660254037844387100, 1.000000000000000000, 0.8660254037844387100, 1.000000000000000000, 0.8660254037844387100, 1.000000000000000000, 0.8660254037844387100, 1.000000000000000000, 0.8660254037844387100, 1.000000000000000000, 0.8660254037844387100, 1.000000000000000000, 0.8660254037844387100, 1.000000000000000000, 0.8660254037844387100, 1.000000000000000000, 0.8660254037844387100, 1.000000000000000000, 0.8660254037844387100, 1.000000000000000000, 0.8660254037844387100, 1.000000000000000000, 0.8660254037844387100, 1.000000000000000000, 0.8660254037844387100, 1.000000000000000000, 0.8660254037844387100, 1.000000000000000000, 0.8660254037844387100, 1.000000000000000000, 0.8660254037844387100, 1.000000000000000000, 0.8660254037844387100, 1.000000000000000000, 0.8660254037844387100, 1.000000000000000000, 0.8660254037844387100, 1.000000000000000000, 0.8660254037844387100, 1.000000000000000000, 0.8660254037844387100, 1.000000000000000000, 0.8660254037844387100, 1.000000000000000000, 0.8660254037844387100, 1.000000000000000000, 0.8660254037844387100, 1.000000000000000000, 0.8660254037844387100, 1.000000000000000000, 0.8660254037844387100, 1.000000000000000000, 0.8660254037844387100, 1.000000000000000000, 0.8660254037844387100, 1.000000000000000000, 0.8660254037844387100, 1.000000000000000000, 0.8660254037844387100, 1.000000000000000000, 0.8660254037844387100, 1.000000000000000000, 0.8660254037844387100, 1.000000000000000000, 0.8660254037844387100, 1.000000000000000000, 0.8660254037844387100, 1.000000000000000000, 0.8660254037844387100, 1.000000000000000000, 0.8660254037844387100, 1.000000000000000000, 0.8660254037844387100, 1.000000000000000000, 0.8660254037844387100, 1.000000000000000000, 0.8660254037844387100, 1.000000000000000000, 0.8660254037844387100, 1.000000000000000000, 0.8660254037844387100, 1.000000000000000000, 0.8660254037844387100, 1.000000000000000000, 0.8660254037844387100, 1.000000000000000000, 0.8660254037844387100, 1.000000000000000000, 0.8660254037844387100, 1.000000000000000000, 0.8660254037844387100, 1.000000000000000000, 0.8660254037844387100, 1.000000000000000000, 0.8660254037844387100, 1.000000000000000000, 0.8660254037844387100, 1.000000000000000000, 0.8660254037844387100, 1.000000000000000000, 0.8660254037844387100, 1.000000000000000000, 0.8660254037844387100, 1.000000000000000000, 0.8660254037844387100, 1.000000000000000000, 0.8660254037844387100, 1.000000000000000000, 0.8660254037844387100, 1.000000000000000000, 0.8660254037844387100, 1.000000000000000000, 0.8660254037844387100, 1.000000000000000000, 0.8660254037844387100, 1.000000000000000000, 0.8660254037844387100, 1.000000000000000000, 0.8660254037844387100, 1.000000000000000000, 0.8660254037844387100, 1.000000000000000000, 0.8660254037844387100, 1.000000000000000000, 0.8660254037844387100, 1.000000000000000000, 0.8660254037844387100, 1.000000000000000000, 0.8660254037844387100, 1.000000000000000000, 0.8660254037844387100, 1.000000000000000000, 0.8660254037844387100, 1.000000000000000000, 0.8660254037844387100, 1.000000000000000000, 0.8660254037844387100, 1.000000000000000000, 0.8660254037844387100, 1.000000000000000000, 0.8660254037844387100, 1.000000000000000000, 0.8660254037844387100, 1.000000000000000000, 0.8660254037844387100, 1.000000000000000000, 0.8660254037844387100, 1.000000000000000000, 0.8660254037844387100, 1.000000000000000000, 0.8660254037844387100, 1.000000000000000000, 0.8660254037844387100, 1.000000000000000000, 0.8660254037844387100, 1.000000000000000000, 0.8660254037844387100, 1.000000000000000000, 0.8660254037844387100, 1.000000000000000000, 0.8660254037844387100, 1.000000000000000000, 0.8660254037844387100, 1.000000000000000000, 0.8660254037844387100, 1.000000000000000000, 0.8660254037844387100, 1.000000000000000000, 0.8660254037844387100, 1.000000000000000000, 0.8660254037844387100, 1.000000000000000000, 0.8660254037844387100, 1.000000000000000000, 0.8660254037844387100, 1.000000000000000000, 0.8660254037844387100, 1.000000000000000000, 0.8660254037844387100, 1.000000000000000000, 0.8660254037844387100, 1.000000000000000000, 0.8660254037844387100, 1.000000000000000000, 0.8660254037844387100, 1.000000000000000000, 0.8660254037844387100, 1.000000000000000000, 0.8660254037844387100, 1.000000000000000000, 0.8660254037844387100, 1.000000000000000000, 0.8660254037844387100, 1.000000000000000000, 0.8660254037844387100, 1.000000000000000000, 0.8660254037844387100, 1.000000000000000000, 0.8660254037844387100, 1.000000000000000000, 0.8660254037844387100, 1.000000000000000000, 0.8660254037844387100, 1.000000000000000000, 0.8660254037844387100, 1.000000000000000000, 0.8660254037844387100, 1.000000000000000000, 0.8660254037844387100, 1.000000000000000000, 0.8660254037844387100, 1.000000000000000000, 0.8660254037844387100, 1.000000000000000000, 0.8660254037844387100, 1.000000000000000000, 0.8660254037844387100, 1.000000000000000000, 0.8660254037844387100, 1.000000000000000000, 0.8660254037844387100, 1.000000000000000000, 0.8660254037844387100, 1.000000000000000000, 0.8660254037844387100, 1.000000000000000000, 0.8660254037844387100, 1.000000000000000000, 0.8660254037844387100, 1.000000000000000000, 0.8660254037844387100, 1.000000000000000000, 0.8660254037844387100, 1.000000000000000000, 0.8660254037844387100, 1.000000000000000000, 0.8660254037844387100, 1.000000000000000000, 0.8660254037844387100, 1.000000000000000000, 0.8660254037844387100, 1.000000000000000000, 0.8660254037844387100, 1.000000000000000000, 0.8660254037844387100, 1.000000000000000000, 0.8660254037844387100, 1.000000000000000000, 0.8660254037844387100, 1.000000000000000000, 0.8660254037844387100, 1.000000000000000000, 0.8660254037844387100, 1.000000000000000000, 0.8660254037844387100, 1.000000000000000000, 0.8660254037844387100, 1.000000000000000000, 0.8660254037844387100, 1.000000000000000000, 0.8660254037844387100, 1.000000000000000000, 0.8660254037844387100, 1.000000000000000000, 0.8660254037844387100, 1.000000000000000000, 0.8660254037844387100, 1.000000000000000000, 0.8660254037844387100, 1.000000000000000000, 0.8660254037844387100, 1.000000000000000000, 0.8660254037844387100, 1.000000000000000000, 0.8660254037844387100, 1.000000000000000000, 0.8660254037844387100, 1.000000000000000000, 0.8660254037844387100, 1.000000000000000000, 0.8660254037844387100, 1.000000000000000000, 0.8660254037844387100, 1.000000000000000000, 0.8660254037844387100, 1.000000000000000000, 0.8660254037844387100, 1.000000000000000000, 0.8660254037844387100, 1.000000000000000000, 0.8660254037844387100, 1.000000000000000000, 0.8660254037844387100, 1.000000000000000000, 0.8660254037844387100, 1.000000000000000000, 0.8660254037844387100, 1.000000000000000000, 0.8660254037844387100, 1.000000000000000000, 0.8660254037844387100, 1.000000000000000000, 0.8660254037844387100, 1.000000000000000000, 0.8660254037844387100, 1.000000000000000000, 0.8660254037844387100, 1.000000000000000000, 0.8660254037844387100, 1.000000000000000000, 0.8660254037844387100, 1.000000000000000000, 0.8660254037844387100, 1.000000000000000000, 0.8660254037844387100, 1.000000000000000000, 0.8660254037844387100, 1.000000000000000000, 0.8660254037844387100, 1.000000000000000000, 0.8660254037844387100, 1.000000000000000000, 0.8660254037844387100, 1.000000000000000000, 0.8660254037844387100, 1.000000000000000000, 0.8660254037844387100, 1.000000000000000000, 0.8660254037844387100, 1.000000000000000000, 0.8660254037844387100, 1.000000000000000000, 0.8660254037844387100, 1.000000000000000000, 0.8660254037844387100, 1.000000000000000000, 0.8660254037844387100, 1.000000000000000000, 0.8660254037844387100, 1.000000000000000000, 0.8660254037844387100, 1.000000000000000000, 0.8660254037844387100, 1.000000000000000000, 0.8660254037844387100, 1.000000000000000000, 0.8660254037844387100, 1.000000000000000000, 0.8660254037844387100, 1.000000000000000000, 0.8660254037844387100, 1.000000000000000000, 0.8660254037844387100, 1.000000000000000000, 0.8660254037844387100, 1.000000000000000000, 0.8660254037844387100, 1.000000000000000000, 0.8660254037844387100, 1.000000000000000000, 0.8660254037844387100, 1.000000000000000000, 0.8660254037844387100, 1.000000000000000000, 0.8660254037844387100, 1.000000000000000000, 0.8660254037844387100, 1.000000000000000000, 0.8660254037844387100, 1.000000000000000000, 0.8660254037844387100, 1.000000000000000000, 0.8660254037844387100, 1.000000000000000000, 0.8660254037844387100, 1.000000000000000000, 0.8660254037844387100, 1.000000000000000000, 0.8660254037844387100, 1.000000000000000000, 0.8660254037844387100, 1.000000000000000000, 0.8660254037844387100, 1.000000000000000000) ) ) 
 REPRESENTATION_ITEM ( '' )  SURFACE ( )  );
#3341 = EDGE_CURVE ( 'NONE', #6098, #6037, #1858, .T. ) ;
#3342 = CARTESIAN_POINT ( 'NONE',  ( 6.942278411359269300, -6.302619529339869700, 3.445114078229009700 ) ) ;
#3343 = CARTESIAN_POINT ( 'NONE',  ( 4.047999407627166600, 7.843213803993427800, 5.795836187708171200 ) ) ;
#3344 = ORIENTED_EDGE ( 'NONE', *, *, #5325, .F. ) ;
#3345 = CARTESIAN_POINT ( 'NONE',  ( 2.639505546622946200, 6.240524965810419800, 5.623486981083738500 ) ) ;
#3346 = CARTESIAN_POINT ( 'NONE',  ( 7.393672213289596200, 6.535718485426611000, 2.546943076929711700 ) ) ;
#3347 = CARTESIAN_POINT ( 'NONE',  ( 7.366620324074952800, -5.252619529339870800, 3.281857558871290600 ) ) ;
#3348 = CARTESIAN_POINT ( 'NONE',  ( 7.352341368033577900, -2.308182243792050500, 3.750670364028402500 ) ) ;
#3349 = ORIENTED_EDGE ( 'NONE', *, *, #4631, .F. ) ;
#3350 = CARTESIAN_POINT ( 'NONE',  ( 4.047999407627162100, -11.75678619600652300, 5.795836187708174800 ) ) ;
#3351 = CARTESIAN_POINT ( 'NONE',  ( -2.221261057614433400, 3.926603073979137100, 4.819698688654499500 ) ) ;
#3352 = CARTESIAN_POINT ( 'NONE',  ( 3.944760240409294300, 13.18071380399341700, 2.742530600695056300 ) ) ;
#3353 = CARTESIAN_POINT ( 'NONE',  ( -0.7729944533770467500, 4.541600469937070500, 1.898856579357690800 ) ) ;
#3354 = CARTESIAN_POINT ( 'NONE',  ( 3.543608261910260000, -0.08705407130628378700, 3.238675880210412300 ) ) ;
#3355 = CARTESIAN_POINT ( 'NONE',  ( -8.064661120043695100, 5.647596759808096500, 2.461728047922992600 ) ) ;
#3356 = CARTESIAN_POINT ( 'NONE',  ( 4.859272927391987000, 12.77238047066008900, 2.334600341910640300 ) ) ;
#3357 = CARTESIAN_POINT ( 'NONE',  ( 7.781240055777097100, -1.810952862673212500, 4.359551305450798600 ) ) ;
#3358 = CARTESIAN_POINT ( 'NONE',  ( 4.057721588640704100, -2.365119529339878100, 4.554885921770946300 ) ) ;
#3359 = ORIENTED_EDGE ( 'NONE', *, *, #6502, .T. ) ;
#3360 = CARTESIAN_POINT ( 'NONE',  ( -4.010494453377036800, 6.458399530062931300, 6.101143420642319600 ) ) ;
#3361 = CARTESIAN_POINT ( 'NONE',  ( -0.9771611200437107000, 3.201156655697754900, 3.779426629688459500 ) ) ;
#3362 = CARTESIAN_POINT ( 'NONE',  ( 3.737358052336699400, -15.02345286267318000, 3.722186092726279300 ) ) ;
#3363 = CARTESIAN_POINT ( 'NONE',  ( 4.781857558871282200, -1.490119529339876800, 2.133379675925019600 ) ) ;
#3364 = CARTESIAN_POINT ( 'NONE',  ( 6.621914875055268500, -2.744286196006543700, 2.612414249184341400 ) ) ;
#3365 = CARTESIAN_POINT ( 'NONE',  ( 4.047999407627166600, 6.443213803993430100, 5.795836187708171200 ) ) ;
#3366 = CARTESIAN_POINT ( 'NONE',  ( 1.764505546622947800, 6.905980968331821400, 3.358686567471579600 ) ) ;
#3367 = ORIENTED_EDGE ( 'NONE', *, *, #3186, .F. ) ;
#3368 = CARTESIAN_POINT ( 'NONE',  ( 11.82700554662292300, 6.240524965810419800, 5.623486981083736700 ) ) ;
#3369 = CARTESIAN_POINT ( 'NONE',  ( 7.055239759590683100, -3.969286196006539800, 5.257469399304896200 ) ) ;
#3370 = CARTESIAN_POINT ( 'NONE',  ( 3.633379675925020100, -10.41511952933985800, 4.718142441128666300 ) ) ;
#3371 = CARTESIAN_POINT ( 'NONE',  ( -13.34382778671034800, 4.464281514573391600, 5.453056923070299400 ) ) ;
#3372 = CARTESIAN_POINT ( 'NONE',  ( 0.04367221328961825400, 6.840443814239312000, 2.119429949669281200 ) ) ;
#3373 = CARTESIAN_POINT ( 'NONE',  ( -2.500000000000000000, 5.499999999999998200, 4.000000000000000000 ) ) ;
#3374 = CARTESIAN_POINT ( 'NONE',  ( -8.414661120043694700, 5.352403240191906200, 5.538271952077018900 ) ) ;
#3375 = CARTESIAN_POINT ( 'NONE',  ( 7.262641947663276200, 13.23904713732675000, 4.277813907273675800 ) ) ;
#3376 = CARTESIAN_POINT ( 'NONE',  ( 4.670760536595701700, -0.8776195293398811900, 1.844612506840961100 ) ) ;
#3377 =( BOUNDED_CURVE ( )  B_SPLINE_CURVE ( 2, ( #1416, #2020, #5028, #1935, #3507, #4028, #3017, #431, #1484 ),
 .UNSPECIFIED., .F., .T. ) 
 B_SPLINE_CURVE_WITH_KNOTS ( ( 3, 2, 2, 2, 3 ),
 ( 0.4790883255329100300, 0.4814814814814815100, 0.4851851851851851600, 0.4888888888888889300, 0.4901994366440209900 ),
 .UNSPECIFIED. ) 
 CURVE ( )  GEOMETRIC_REPRESENTATION_ITEM ( )  RATIONAL_B_SPLINE_CURVE ( ( 0.9387362140368883400, 0.9134320324895035500, 1.000000000000000000, 0.8660254037844387100, 1.000000000000000000, 0.8660254037844387100, 1.000000000000000000, 0.9525933712949417000, 0.9387362140368922200 ) ) 
 REPRESENTATION_ITEM ( '' )  );
#3378 = CARTESIAN_POINT ( 'NONE',  ( 6.942278411359270200, -2.015119529339878500, 3.445114078229009300 ) ) ;
#3379 = EDGE_CURVE ( 'NONE', #1393, #5059, #2010, .T. ) ;
#3380 = CARTESIAN_POINT ( 'NONE',  ( -4.885494453377035900, 7.319643579270779000, 3.170001659990440100 ) ) ;
#3382 = CARTESIAN_POINT ( 'NONE',  ( -15.64799445337700800, 3.680356420729224100, 4.829998340009573200 ) ) ;
#3381 = CONICAL_SURFACE ( 'NONE', #6083, 2.050000000000001600, 0.7853981633974447300 ) ;
#3383 = LINE ( 'NONE', #3692, #3142 ) ;
#3384 = CARTESIAN_POINT ( 'NONE',  ( 5.811380564484290200, -1.548452862673214600, 2.024388159566376600 ) ) ;
#3385 = CARTESIAN_POINT ( 'NONE',  ( 5.740593901223626000, -3.385952862673208100, 2.473507295547491500 ) ) ;
#3386 = CARTESIAN_POINT ( 'NONE',  ( 3.944760240409293400, 7.668213803993427100, 2.742530600695057200 ) ) ;
#3387 = CARTESIAN_POINT ( 'NONE',  ( 3.922838879956274600, 7.276243451237029100, 4.170430058013445200 ) ) ;
#3388 = LINE ( 'NONE', #6003, #5162 ) ;
#3389 = CARTESIAN_POINT ( 'NONE',  ( 10.01867221328959400, 4.241615791476277800, 3.103041480451417000 ) ) ;
#3390 = CARTESIAN_POINT ( 'NONE',  ( 4.670760536595700800, -4.377619529339874300, 1.844612506840961800 ) ) ;
#3391 = CARTESIAN_POINT ( 'NONE',  ( -0.4000000000000066800, 5.499999999999998200, 4.000000000000000000 ) ) ;
#3392 = CARTESIAN_POINT ( 'NONE',  ( 6.952000592372809400, -7.906786196006533100, 2.204163812291782600 ) ) ;
#3393 = CARTESIAN_POINT ( 'NONE',  ( -14.74382778671034300, 4.464281514573391600, 5.453056923070299400 ) ) ;
#3394 = CARTESIAN_POINT ( 'NONE',  ( 5.811380564484260000, 11.66404713732675400, 2.024388159566370000 ) ) ;
#3395 = CARTESIAN_POINT ( 'NONE',  ( 0.6853388799562820700, 5.691022142088190300, 2.009143264513485700 ) ) ;
#3396 = CARTESIAN_POINT ( 'NONE',  ( -5.264661120043701500, 5.647596759808096500, 2.461728047922992600 ) ) ;
#3397 = CARTESIAN_POINT ( 'NONE',  ( -2.099999999999996100, 5.499999999999998200, 4.000000000000000000 ) ) ;
#3398 = CARTESIAN_POINT ( 'NONE',  ( 7.366620324074953700, -1.752619529339877900, 3.281857558871289700 ) ) ;
#3399 = ORIENTED_EDGE ( 'NONE', *, *, #1436, .F. ) ;
#3400 = CARTESIAN_POINT ( 'NONE',  ( 6.701684510135631700, -2.831786196006543600, 4.971606782681495100 ) ) ;
#3401 = CIRCLE ( 'NONE', #4479, 1.249999999999999600 ) ;
#3402 = DIRECTION ( 'NONE',  ( 0.0000000000000000000, 0.0000000000000000000, 1.000000000000000000 ) ) ;
#3403 = CARTESIAN_POINT ( 'NONE',  ( -0.8021611200437119800, 5.691022142088190300, 2.009143264513486100 ) ) ;
#3404 = CARTESIAN_POINT ( 'NONE',  ( -15.58966112004367800, 3.201156655697758900, 3.779426629688416000 ) ) ;
#3405 = EDGE_CURVE ( 'NONE', #526, #988, #4591, .T. ) ;
#3406 = CARTESIAN_POINT ( 'NONE',  ( 7.262641947663270000, -11.87345286267318800, 4.277813907273678500 ) ) ;
#3407 = EDGE_LOOP ( 'NONE', ( #2040, #6601, #1828 ) ) ;
#3408 = CARTESIAN_POINT ( 'NONE',  ( 4.131218887879335000, -2.208224232171398100, 5.109801897771459000 ) ) ;
#3409 = CARTESIAN_POINT ( 'NONE',  ( 6.140727072607991700, -2.277619529339879100, 5.665399658089312700 ) ) ;
#3410 = ORIENTED_EDGE ( 'NONE', *, *, #6462, .F. ) ;
#3411 = CARTESIAN_POINT ( 'NONE',  ( 4.670760536595704300, 12.50988047066009100, 1.844612506840959800 ) ) ;
#3412 = CARTESIAN_POINT ( 'NONE',  ( 6.897838879956267100, 5.352403240191906200, 5.538271952077017200 ) ) ;
#3413 = CARTESIAN_POINT ( 'NONE',  ( 5.259406098776350000, 3.351547137326771300, 5.526492704452462800 ) ) ;
#3414 = CARTESIAN_POINT ( 'NONE',  ( 13.34367221328958500, 4.464281514573391600, 5.453056923070295900 ) ) ;
#3415 = CARTESIAN_POINT ( 'NONE',  ( -2.500000000000000000, 5.499999999999998200, 4.000000000000000000 ) ) ;
#3416 = CARTESIAN_POINT ( 'NONE',  ( 4.670760536595700800, -7.790119529339866000, 1.844612506840962200 ) ) ;
#3417 = ADVANCED_FACE ( 'NONE', ( #4516, #3470 ), #1007, .F. ) ;
#3418 = CARTESIAN_POINT ( 'NONE',  ( -13.28549445337701200, 4.094019031668182200, 4.641313432528432900 ) ) ;
#3419 = CARTESIAN_POINT ( 'NONE',  ( 7.055239759590687500, 12.13071380399342100, 5.257469399304893500 ) ) ;
#3420 = CARTESIAN_POINT ( 'NONE',  ( 3.077005546622940000, 6.458399530062931300, 6.101143420642317800 ) ) ;
#3421 = CARTESIAN_POINT ( 'NONE',  ( 4.216927198337663700, -1.229713601790177500, 2.962587745573420000 ) ) ;
#3422 = CARTESIAN_POINT ( 'NONE',  ( -6.431327786710364000, 6.758384208523724900, 4.896958519548593200 ) ) ;
#3423 = DIRECTION ( 'NONE',  ( 0.0000000000000000000, 0.0000000000000000000, 1.000000000000000000 ) ) ;
#3424 = CARTESIAN_POINT ( 'NONE',  ( 5.188619435515719600, -0.5859528626732147800, 5.975611840433583800 ) ) ;
#3425 = CARTESIAN_POINT ( 'NONE',  ( 6.942278411359271000, 0.7848804706601166800, 3.445114078229008800 ) ) ;
#3426 = CARTESIAN_POINT ( 'NONE',  ( 6.218142441128715200, -1.927619529339873900, 5.866620324074927100 ) ) ;
#3427 = EDGE_LOOP ( 'NONE', ( #1496, #2400, #5503, #521, #5771 ) ) ;
#3428 = CARTESIAN_POINT ( 'NONE',  ( -1.327161120043711000, 7.798843344302243400, 4.220573370311596400 ) ) ;
#3429 = CARTESIAN_POINT ( 'NONE',  ( -12.73132778671034900, 3.871378562817414000, 2.839141604523054400 ) ) ;
#3430 = CARTESIAN_POINT ( 'NONE',  ( 4.298315489864341600, -10.88178619600652500, 3.028393217318460000 ) ) ;
#3431 = CARTESIAN_POINT ( 'NONE',  ( 0.0000000000000000000, 5.499999999999998200, 1.949999999999991700 ) ) ;
#3432 = CARTESIAN_POINT ( 'NONE',  ( 6.701684510135630800, -4.319286196006539800, 4.971606782681495100 ) ) ;
#3433 = CARTESIAN_POINT ( 'NONE',  ( 5.188619435515721400, 12.80154713732675000, 5.975611840433583000 ) ) ;
#3434 = CARTESIAN_POINT ( 'NONE',  ( 5.906172213289602600, 6.535718485426611000, 2.546943076929711700 ) ) ;
#3435 = ORIENTED_EDGE ( 'NONE', *, *, #2778, .F. ) ;
#3436 = CARTESIAN_POINT ( 'NONE',  ( 5.740593901223627800, 3.701547137326774500, 2.473507295547490600 ) ) ;
#3437 = CARTESIAN_POINT ( 'NONE',  ( 11.88533887995625600, 5.352403240191906200, 5.538271952077017200 ) ) ;
#3438 = CARTESIAN_POINT ( 'NONE',  ( 5.811380564484255600, -8.548452862673196200, 2.024388159566372600 ) ) ;
#3439 = CARTESIAN_POINT ( 'NONE',  ( -13.40216112004367900, 5.352403240191906200, 5.538271952077019800 ) ) ;
#3440 = DIRECTION ( 'NONE',  ( 0.0000000000000000000, 1.577021341797097000E-015, 1.000000000000000000 ) ) ;
#3441 = AXIS2_PLACEMENT_3D ( 'NONE', #1287, #766, #1838 ) ;
#3442 = CARTESIAN_POINT ( 'NONE',  ( 2.843672213289611900, 6.840443814239312000, 2.119429949669281200 ) ) ;
#3443 = ORIENTED_EDGE ( 'NONE', *, *, #2373, .F. ) ;
#3444 = CARTESIAN_POINT ( 'NONE',  ( 1.249999999999999800, -2.499999999999999100, 8.000000000000000000 ) ) ;
#3445 = CARTESIAN_POINT ( 'NONE',  ( -8.122994453377026900, 4.759475034189582800, 2.376513018916272600 ) ) ;
#3446 = CARTESIAN_POINT ( 'NONE',  ( 0.0000000000000000000, 8.500000000000000000, 7.000000000000000000 ) ) ;
#3447 = CARTESIAN_POINT ( 'NONE',  ( 6.701684510135635300, 12.56821380399341600, 4.971606782681493400 ) ) ;
#3448 = CARTESIAN_POINT ( 'NONE',  ( 7.262641947663273500, 0.7265471373267823300, 4.277813907273677600 ) ) ;
#3449 = EDGE_CURVE ( 'NONE', #4458, #2465, #546, .T. ) ;
#3450 = ORIENTED_EDGE ( 'NONE', *, *, #1997, .F. ) ;
#3451 = DIRECTION ( 'NONE',  ( 0.0000000000000000000, 0.0000000000000000000, 1.000000000000000000 ) ) ;
#3452 = CARTESIAN_POINT ( 'NONE',  ( 6.952000592372834300, -2.306786196006545400, 2.204163812291800800 ) ) ;
#3453 = CARTESIAN_POINT ( 'NONE',  ( 0.8311722132896166600, 7.128621437182588700, 5.160858395476957100 ) ) ;
#3454 = ADVANCED_FACE ( 'NONE', ( #308 ), #396, .F. ) ;
#3455 = CARTESIAN_POINT ( 'NONE',  ( -13.31466112004368300, 5.691022142088190300, 2.009143264513487500 ) ) ;
#3456 = CARTESIAN_POINT ( 'NONE',  ( 5.499999999999997300, -2.500000000000004000, 4.000000000000000000 ) ) ;
#3457 = CARTESIAN_POINT ( 'NONE',  ( 6.621914875055268500, -1.344286196006548000, 2.612414249184341000 ) ) ;
#3458 = AXIS2_PLACEMENT_3D ( 'NONE', #1026, #5172, #1525 ) ;
#3459 = CARTESIAN_POINT ( 'NONE',  ( 3.218759944222881100, 11.22654713732675800, 3.640448694549154300 ) ) ;
#3460 = CARTESIAN_POINT ( 'NONE',  ( 4.914505546622940800, 4.094019031668182200, 4.641313432528430200 ) ) ;
#3461 = CARTESIAN_POINT ( 'NONE',  ( 5.740593901223627800, 2.301547137326776000, 2.473507295547491000 ) ) ;
#3462 = CARTESIAN_POINT ( 'NONE',  ( 13.57700554662291400, 4.759475034189582800, 2.376513018916269500 ) ) ;
#3463 = ADVANCED_FACE ( 'NONE', ( #718 ), #3340, .T. ) ;
#3464 = CARTESIAN_POINT ( 'NONE',  ( 6.952000592372809400, -7.206786196006533800, 2.204163812291782600 ) ) ;
#3465 = CARTESIAN_POINT ( 'NONE',  ( -9.552161120043690400, 5.647596759808096500, 2.461728047922993000 ) ) ;
#3466 =( BOUNDED_CURVE ( )  B_SPLINE_CURVE ( 2, ( #175, #1759, #2296, #2808, #3802, #6425, #2833, #2739, #3261 ),
 .UNSPECIFIED., .F., .T. ) 
 B_SPLINE_CURVE_WITH_KNOTS ( ( 3, 2, 2, 2, 3 ),
 ( 0.4959462308608351100, 0.4962962962962962900, 0.5000000000000000000, 0.5037037037037036500, 0.5044167058332119600 ),
 .UNSPECIFIED. ) 
 CURVE ( )  GEOMETRIC_REPRESENTATION_ITEM ( )  RATIONAL_B_SPLINE_CURVE ( ( 0.9770678153906104900, 0.9873370336514673000, 1.000000000000000000, 0.8660254037844386000, 1.000000000000000000, 0.8660254037844386000, 1.000000000000000000, 0.9742084734515382700, 0.9583472301133308900 ) ) 
 REPRESENTATION_ITEM ( '' )  );
#3467 = CARTESIAN_POINT ( 'NONE',  ( 3.660338879956271300, 7.798843344302243400, 4.220573370311595500 ) ) ;
#3468 = CARTESIAN_POINT ( 'NONE',  ( -3.514661120043704600, 5.352403240191906200, 5.538271952077018900 ) ) ;
#3469 = CARTESIAN_POINT ( 'NONE',  ( 4.859272927391987000, 12.85988047066008400, 2.334600341910639800 ) ) ;
#3470 = FACE_OUTER_BOUND ( 'NONE', #3184, .T. ) ;
#3471 = FACE_OUTER_BOUND ( 'NONE', #764, .T. ) ;
#3472 = EDGE_CURVE ( 'NONE', #6505, #2629, #4742, .T. ) ;
#3473 = CARTESIAN_POINT ( 'NONE',  ( -2.260494453377042100, 4.541600469937070500, 1.898856579357691000 ) ) ;
#3474 = CARTESIAN_POINT ( 'NONE',  ( -13.89799445337701100, 7.319643579270779000, 3.170001659990441000 ) ) ;
#3475 = CARTESIAN_POINT ( 'NONE',  ( 6.942278411359271000, 1.397380470660111800, 3.445114078229008800 ) ) ;
#3476 = CARTESIAN_POINT ( 'NONE',  ( 7.781240055777099800, 10.87654713732675700, 4.359551305450797700 ) ) ;
#3477 = CARTESIAN_POINT ( 'NONE',  ( 5.964505546622936200, 6.905980968331821400, 3.358686567471578700 ) ) ;
#3478 = CARTESIAN_POINT ( 'NONE',  ( 6.621914875055269400, 3.643213803993441900, 2.612414249184341000 ) ) ;
#3479 = VERTEX_POINT ( 'NONE', #738 ) ;
#3480 = CARTESIAN_POINT ( 'NONE',  ( -16.08549445337700600, 7.319643579270779000, 3.170001659990441500 ) ) ;
#3481 = AXIS2_PLACEMENT_3D ( 'NONE', #3987, #5083, #3523 ) ;
#3482 = DIRECTION ( 'NONE',  ( -0.0000000000000000000, -1.000000000000000000, -0.0000000000000000000 ) ) ;
#3483 = CARTESIAN_POINT ( 'NONE',  ( 7.366620324074951900, -8.665119529339863300, 3.281857558871290600 ) ) ;
#3484 = CARTESIAN_POINT ( 'NONE',  ( -11.12716112004368600, 3.723756548762971400, 3.829569941986566300 ) ) ;
#3485 = VERTEX_POINT ( 'NONE', #5479 ) ;
#3486 = ORIENTED_EDGE ( 'NONE', *, *, #5985, .T. ) ;
#3487 = LINE ( 'NONE', #6486, #2283 ) ;
#3488 = CARTESIAN_POINT ( 'NONE',  ( 4.652005546622942400, 3.680356420729224100, 4.829998340009570500 ) ) ;
#3489 = CARTESIAN_POINT ( 'NONE',  ( -0.2974970691474260200, 6.459905664995889500, 5.473568904793458100 ) ) ;
#3490 = CARTESIAN_POINT ( 'NONE',  ( -2.756327786710373500, 4.464281514573391600, 5.453056923070297700 ) ) ;
#3491 = CARTESIAN_POINT ( 'NONE',  ( 4.374150569368517000, -0.05836682574636748600, 2.352895428463193600 ) ) ;
#3492 = CARTESIAN_POINT ( 'NONE',  ( 7.781240055777093500, -17.21095286267317800, 4.359551305450801300 ) ) ;
#3493 = DIRECTION ( 'NONE',  ( 0.3590712205643570300, 0.0000000000000000000, 0.9333101620374777400 ) ) ;
#3494 = CARTESIAN_POINT ( 'NONE',  ( -1.093827786710378900, 4.159556185760689800, 5.880570050330728500 ) ) ;
#3495 = CARTESIAN_POINT ( 'NONE',  ( -9.989661120043688700, 3.201156655697758900, 3.779426629688415600 ) ) ;
#3496 = CARTESIAN_POINT ( 'NONE',  ( 6.942278411359271000, 2.797380470660110400, 3.445114078229008400 ) ) ;
#3497 = CARTESIAN_POINT ( 'NONE',  ( 3.633379675925024100, 11.98488047066008400, 4.718142441128663700 ) ) ;
#3498 = CARTESIAN_POINT ( 'NONE',  ( 8.356172213289596600, 4.464281514573391600, 5.453056923070296800 ) ) ;
#3499 = CARTESIAN_POINT ( 'NONE',  ( 5.259406098776350000, 4.051547137326770600, 5.526492704452462800 ) ) ;
#3500 = CARTESIAN_POINT ( 'NONE',  ( -14.86049445337701200, 4.541600469937070500, 1.898856579357692600 ) ) ;
#3501 = DIRECTION ( 'NONE',  ( 1.000000000000000000, -0.0000000000000000000, -0.0000000000000000000 ) ) ;
#3502 = ORIENTED_EDGE ( 'NONE', *, *, #5368, .F. ) ;
#3503 = CARTESIAN_POINT ( 'NONE',  ( 4.047999407627163900, -5.456786196006537400, 5.795836187708173000 ) ) ;
#3504 = CARTESIAN_POINT ( 'NONE',  ( -10.13549445337702300, 6.905980968331821400, 3.358686567471580900 ) ) ;
#3505 = CARTESIAN_POINT ( 'NONE',  ( 2.960338879956274200, 7.798843344302243400, 4.220573370311595500 ) ) ;
#3506 = EDGE_CURVE ( 'NONE', #3265, #5997, #1939, .T. ) ;
#3507 = CARTESIAN_POINT ( 'NONE',  ( 5.243111034300466300, -1.488025456889583400, 5.629879768357700900 ) ) ;
#3508 = CARTESIAN_POINT ( 'NONE',  ( -3.981327786710370000, 4.241615791476277800, 3.103041480451418800 ) ) ;
#3509 = ORIENTED_EDGE ( 'NONE', *, *, #3506, .T. ) ;
#3510 = DIRECTION ( 'NONE',  ( -1.000000000000000000, -2.863857827303820200E-031, 1.224646799147345600E-016 ) ) ;
#3511 = CARTESIAN_POINT ( 'NONE',  ( 3.737358052336706000, 13.67654713732675000, 3.722186092726275800 ) ) ;
#3512 = CARTESIAN_POINT ( 'NONE',  ( 7.366620324074954600, 1.047380470660115500, 3.281857558871289700 ) ) ;
#3513 = CARTESIAN_POINT ( 'NONE',  ( 1.472838879956282600, 7.798843344302243400, 4.220573370311596400 ) ) ;
#3514 = CARTESIAN_POINT ( 'NONE',  ( -9.464661120043690100, 5.308977857911811400, 5.990856735486525000 ) ) ;
#3515 = DIRECTION ( 'NONE',  ( 0.0000000000000000000, -1.000000000000000000, 0.0000000000000000000 ) ) ;
#3516 = CARTESIAN_POINT ( 'NONE',  ( 6.140727072607993400, 0.5223804706601146200, 5.665399658089312700 ) ) ;
#3517 = CARTESIAN_POINT ( 'NONE',  ( 4.859272927391979900, -15.92761952933984100, 2.334600341910643800 ) ) ;
#3518 = CARTESIAN_POINT ( 'NONE',  ( 10.86450554662292400, 6.905980968331821400, 3.358686567471578700 ) ) ;
#3519 = ORIENTED_EDGE ( 'NONE', *, *, #6063, .F. ) ;
#3520 = CARTESIAN_POINT ( 'NONE',  ( 4.859272927391985200, 7.259880470660096600, 2.334600341910640700 ) ) ;
#3521 = CARTESIAN_POINT ( 'NONE',  ( 13.54783887995625200, 5.308977857911811400, 5.990856735486521400 ) ) ;
#3522 = CARTESIAN_POINT ( 'NONE',  ( 13.92700554662292100, 6.240524965810419800, 5.623486981083736700 ) ) ;
#3523 = DIRECTION ( 'NONE',  ( 1.000000000000000000, 0.0000000000000000000, 0.0000000000000000000 ) ) ;
#3524 = CARTESIAN_POINT ( 'NONE',  ( 7.055239759590683100, -4.581786196006540000, 5.257469399304896200 ) ) ;
#3525 = CARTESIAN_POINT ( 'NONE',  ( -9.318827786710356200, 6.758384208523724900, 4.896958519548593200 ) ) ;
#3526 = AXIS2_PLACEMENT_3D ( 'NONE', #6178, #4191, #5720 ) ;
#3527 = AXIS2_PLACEMENT_3D ( 'NONE', #6521, #850, #4460 ) ;
#3528 = CARTESIAN_POINT ( 'NONE',  ( 9.377005546622928700, 6.458399530062931300, 6.101143420642317800 ) ) ;
#3529 = CARTESIAN_POINT ( 'NONE',  ( -3.222994453377040300, 4.759475034189582800, 2.376513018916271800 ) ) ;
#3530 = DIRECTION ( 'NONE',  ( 0.0000000000000000000, 1.000000000000000000, -0.0000000000000000000 ) ) ;
#3531 = CARTESIAN_POINT ( 'NONE',  ( 5.740593901223629600, 12.80154713732675000, 2.473507295547489700 ) ) ;
#3532 = CARTESIAN_POINT ( 'NONE',  ( 5.188619435515719600, 0.8140471373267836900, 5.975611840433583800 ) ) ;
#3533 = CARTESIAN_POINT ( 'NONE',  ( 4.097838879956274400, 5.691022142088190300, 2.009143264513485700 ) ) ;
#3534 = CARTESIAN_POINT ( 'NONE',  ( -10.28132778671035500, 7.128621437182588700, 5.160858395476958900 ) ) ;
#3535 = CARTESIAN_POINT ( 'NONE',  ( 5.259406098776350000, 1.864047137326779100, 5.526492704452462800 ) ) ;
#3536 = CARTESIAN_POINT ( 'NONE',  ( 4.298315489864340800, -14.46928619600651400, 3.028393217318460500 ) ) ;
#3537 = CARTESIAN_POINT ( 'NONE',  ( 4.378085124944703900, -12.10678619600652100, 5.387585750815615500 ) ) ;
#3538 = CARTESIAN_POINT ( 'NONE',  ( 8.297838879956266600, 5.352403240191906200, 5.538271952077017200 ) ) ;
#3539 = CARTESIAN_POINT ( 'NONE',  ( 5.740593901223628700, 7.201547137326763900, 2.473507295547490600 ) ) ;
#3540 = LINE ( 'NONE', #4792, #6132 ) ;
#3541 = CARTESIAN_POINT ( 'NONE',  ( 13.31450554662292200, 7.319643579270779000, 3.170001659990437900 ) ) ;
#3542 = CARTESIAN_POINT ( 'NONE',  ( 14.27700554662291500, 4.759475034189582800, 2.376513018916269500 ) ) ;
#3543 =( BOUNDED_CURVE ( )  B_SPLINE_CURVE ( 2, ( #2380, #777, #5921, #6446, #1892, #6493, #4429, #4389, #5495 ),
 .UNSPECIFIED., .F., .F. ) 
 B_SPLINE_CURVE_WITH_KNOTS ( ( 3, 2, 2, 2, 3 ),
 ( 0.5431338966893122200, 0.5444444444444444000, 0.5481481481481481600, 0.5518518518518518200, 0.5542450078004234100 ),
 .UNSPECIFIED. ) 
 CURVE ( )  GEOMETRIC_REPRESENTATION_ITEM ( )  RATIONAL_B_SPLINE_CURVE ( ( 0.9387362140368900000, 0.9525933712949377100, 1.000000000000000000, 0.8660254037844387100, 1.000000000000000000, 0.8660254037844387100, 1.000000000000000000, 0.9134320324894996700, 0.9387362140368906700 ) ) 
 REPRESENTATION_ITEM ( '' )  );
#3544 = CARTESIAN_POINT ( 'NONE',  ( 6.090189746390545400, -0.1226367104733178900, 2.161313116404416100 ) ) ;
#3545 = CARTESIAN_POINT ( 'NONE',  ( 6.329239463404272600, -4.640119529339874500, 6.155387493158993800 ) ) ;
#3546 = CARTESIAN_POINT ( 'NONE',  ( -8.735494453377025800, 6.905980968331821400, 3.358686567471580500 ) ) ;
#3547 = VECTOR ( 'NONE', #878, 1000.000000000000000 ) ;
#3548 = CARTESIAN_POINT ( 'NONE',  ( 9.668672213289591300, 3.871378562817414000, 2.839141604523051300 ) ) ;
#3549 = CARTESIAN_POINT ( 'NONE',  ( 1.268672213289613500, 6.758384208523724900, 4.896958519548592300 ) ) ;
#3550 = CARTESIAN_POINT ( 'NONE',  ( 4.781857558871299000, -0.7901195293398815000, 2.133379675925013400 ) ) ;
#3551 = CARTESIAN_POINT ( 'NONE',  ( 3.944760240409288100, -13.41928619600651700, 2.742530600695059800 ) ) ;
#3552 = EDGE_CURVE ( 'NONE', #982, #5023, #4355, .T. ) ;
#3553 = CARTESIAN_POINT ( 'NONE',  ( 7.366620324074954600, 0.3473804706601163500, 3.281857558871289700 ) ) ;
#3554 = CARTESIAN_POINT ( 'NONE',  ( 2.581172213289611300, 3.871378562817414000, 2.839141604523052200 ) ) ;
#3555 = CARTESIAN_POINT ( 'NONE',  ( -12.49799445337701600, 7.319643579270779000, 3.170001659990441000 ) ) ;
#3556 = CARTESIAN_POINT ( 'NONE',  ( 7.149999999999970200, -2.035622789158603400, 4.583596226739985900 ) ) ;
#3557 = EDGE_LOOP ( 'NONE', ( #4259, #2867, #4874, #4128 ) ) ;
#3558 = CARTESIAN_POINT ( 'NONE',  ( 4.859272927391983500, 1.572380470660113900, 2.334600341910642000 ) ) ;
#3559 = CYLINDRICAL_SURFACE ( 'NONE', #4267, 1.000000000000000000 ) ;
#3560 = CARTESIAN_POINT ( 'NONE',  ( 7.262641947663269100, -16.86095286267317700, 4.277813907273678500 ) ) ;
#3561 = CARTESIAN_POINT ( 'NONE',  ( 7.262641947663270000, -12.57345286267318600, 4.277813907273678500 ) ) ;
#3562 = CARTESIAN_POINT ( 'NONE',  ( 4.057721588640705900, 6.034880470660100500, 4.554885921770945400 ) ) ;
#3563 = DIRECTION ( 'NONE',  ( 0.0000000000000000000, -1.000000000000000000, 0.0000000000000000000 ) ) ;
#3564 = EDGE_LOOP ( 'NONE', ( #3924, #1510 ) ) ;
#3565 = CARTESIAN_POINT ( 'NONE',  ( 13.69367221328958300, 6.535718485426611000, 2.546943076929710800 ) ) ;
#3566 = VERTEX_POINT ( 'NONE', #3971 ) ;
#3567 = CARTESIAN_POINT ( 'NONE',  ( 5.979577738089243900, -0.3039532820955486200, 5.683209233903979500 ) ) ;
#3568 = CARTESIAN_POINT ( 'NONE',  ( 5.811380564484256400, -3.648452862673208700, 2.024388159566371700 ) ) ;
#3569 = CARTESIAN_POINT ( 'NONE',  ( -7.277161120043696300, 7.276243451237029100, 4.170430058013447900 ) ) ;
#3570 = CARTESIAN_POINT ( 'NONE',  ( 6.693672213289598700, 4.159556185760689800, 5.880570050330727700 ) ) ;
#3571 = CARTESIAN_POINT ( 'NONE',  ( -0.7729944533770467500, 6.240524965810419800, 5.623486981083739300 ) ) ;
#3572 = CARTESIAN_POINT ( 'NONE',  ( -2.312056534158307500, 5.154987092973261300, 2.162243196409584300 ) ) ;
#3573 = CARTESIAN_POINT ( 'NONE',  ( 3.633379675925019200, -13.30261952933985200, 4.718142441128666300 ) ) ;
#3574 = CARTESIAN_POINT ( 'NONE',  ( 5.188619435515719600, 2.214047137326778700, 5.975611840433583800 ) ) ;
#3575 = CARTESIAN_POINT ( 'NONE',  ( 1.006172213289616000, 4.159556185760689800, 5.880570050330728500 ) ) ;
#3576 = CARTESIAN_POINT ( 'NONE',  ( -11.15632778671035300, 6.840443814239312000, 2.119429949669283000 ) ) ;
#3577 = DIRECTION ( 'NONE',  ( 0.0000000000000000000, 0.4149991700047700500, 0.9098217896353945100 ) ) ;
#3578 = UNCERTAINTY_MEASURE_WITH_UNIT (LENGTH_MEASURE( 1.000000000000000100E-005 ), #4278, 'distance_accuracy_value', 'NONE');
#3579 = CARTESIAN_POINT ( 'NONE',  ( 5.259406098776350000, 3.964047137326773400, 5.526492704452462800 ) ) ;
#3580 = CARTESIAN_POINT ( 'NONE',  ( 6.701684510135629000, -16.21928619600651100, 4.971606782681496900 ) ) ;
#3581 = CARTESIAN_POINT ( 'NONE',  ( 4.859272927391980800, -12.34011952933985200, 2.334600341910643400 ) ) ;
#3582 = ORIENTED_EDGE ( 'NONE', *, *, #3038, .T. ) ;
#3583 = CARTESIAN_POINT ( 'NONE',  ( 5.740593901223628700, 8.601547137326761600, 2.473507295547490600 ) ) ;
#3584 = CARTESIAN_POINT ( 'NONE',  ( 13.95617221328958200, 6.840443814239312000, 2.119429949669279900 ) ) ;
#3585 = CARTESIAN_POINT ( 'NONE',  ( -11.53549445337701800, 3.680356420729224100, 4.829998340009573200 ) ) ;
#3586 = ADVANCED_FACE ( 'NONE', ( #6212 ), #3790, .T. ) ;
#3587 = CARTESIAN_POINT ( 'NONE',  ( 5.188619435515718700, -3.298452862673209000, 5.975611840433584700 ) ) ;
#3588 = ORIENTED_EDGE ( 'NONE', *, *, #5546, .F. ) ;
#3589 = CARTESIAN_POINT ( 'NONE',  ( -6.460494453377033400, 6.240524965810419800, 5.623486981083739300 ) ) ;
#3590 = CARTESIAN_POINT ( 'NONE',  ( 7.627005546622932300, 4.541600469937070500, 1.898856579357689700 ) ) ;
#3591 = EDGE_CURVE ( 'NONE', #3162, #4528, #2353, .T. ) ;
#3592 = CARTESIAN_POINT ( 'NONE',  ( -2.172994453377040000, 4.670001659990453500, 2.180356420729222300 ) ) ;
#3593 = CARTESIAN_POINT ( 'NONE',  ( -1.006327786710379000, 6.535718485426611000, 2.546943076929713000 ) ) ;
#3594 = CARTESIAN_POINT ( 'NONE',  ( 5.188619435515716000, -13.88595286267318200, 5.975611840433584700 ) ) ;
#3595 = CARTESIAN_POINT ( 'NONE',  ( 5.811380564484252900, -17.64845286267317400, 2.024388159566373500 ) ) ;
#3596 = CARTESIAN_POINT ( 'NONE',  ( 7.055239759590684800, 0.9307138039934479400, 5.257469399304895300 ) ) ;
#3597 = VERTEX_POINT ( 'NONE', #6066 ) ;
#3598 = CARTESIAN_POINT ( 'NONE',  ( 2.231172213289615200, 7.128621437182588700, 5.160858395476957100 ) ) ;
#3599 = CARTESIAN_POINT ( 'NONE',  ( -7.131327786710363300, 3.871378562817414000, 2.839141604523053500 ) ) ;
#3600 = CARTESIAN_POINT ( 'NONE',  ( -16.34799445337700900, 6.905980968331821400, 3.358686567471581300 ) ) ;
#3601 = CARTESIAN_POINT ( 'NONE',  ( 6.140727072607993400, 5.422380470660100600, 5.665399658089311800 ) ) ;
#3602 = ORIENTED_EDGE ( 'NONE', *, *, #5869, .F. ) ;
#3603 = CARTESIAN_POINT ( 'NONE',  ( 4.298315489864340800, -15.16928619600651400, 3.028393217318460900 ) ) ;
#3604 = CARTESIAN_POINT ( 'NONE',  ( 5.259406098776347300, -9.248452862673193700, 5.526492704452464500 ) ) ;
#3605 = CARTESIAN_POINT ( 'NONE',  ( 7.262641947663274400, 6.326547137326767400, 4.277813907273675800 ) ) ;
#3606 = CARTESIAN_POINT ( 'NONE',  ( -11.06882778671035300, 7.128621437182588700, 5.160858395476958900 ) ) ;
#3607 = CARTESIAN_POINT ( 'NONE',  ( 5.738946056671745000, -0.1102357378958201500, 2.071259848066947700 ) ) ;
#3608 = CARTESIAN_POINT ( 'NONE',  ( 3.218759944222878900, 1.426547137326781300, 3.640448694549155200 ) ) ;
#3609 = CARTESIAN_POINT ( 'NONE',  ( -4.302161120043704700, 5.352403240191906200, 5.538271952077018900 ) ) ;
#3610 = CARTESIAN_POINT ( 'NONE',  ( 9.027005546622922000, 4.541600469937070500, 1.898856579357689500 ) ) ;
#3611 = CARTESIAN_POINT ( 'NONE',  ( -0.3646611200437133200, 5.647596759808096500, 2.461728047922991700 ) ) ;
#3612 = CARTESIAN_POINT ( 'NONE',  ( 3.218759944222875800, -12.66095286267318600, 3.640448694549157000 ) ) ;
#3613 = CARTESIAN_POINT ( 'NONE',  ( 4.047999407627165700, 4.955713803993436500, 5.795836187708171200 ) ) ;
#3614 = CARTESIAN_POINT ( 'NONE',  ( 6.897838879956267100, 5.691022142088190300, 2.009143264513485700 ) ) ;
#3615 = CARTESIAN_POINT ( 'NONE',  ( -5.264661120043701500, 5.308977857911811400, 5.990856735486524100 ) ) ;
#3616 = CARTESIAN_POINT ( 'NONE',  ( 4.298315489864345200, 5.830713803993435600, 3.028393217318458200 ) ) ;
#3617 = VECTOR ( 'NONE', #1459, 1000.000000000000000 ) ;
#3618 = FACE_OUTER_BOUND ( 'NONE', #5926, .T. ) ;
#3619 = CARTESIAN_POINT ( 'NONE',  ( 3.737358052336700300, -12.31095286267318700, 3.722186092726278900 ) ) ;
#3620 = CARTESIAN_POINT ( 'NONE',  ( 4.057721588640703200, -7.265119529339865600, 4.554885921770946300 ) ) ;
#3621 = CARTESIAN_POINT ( 'NONE',  ( 6.942278411359273700, 11.28488047066009200, 3.445114078229007500 ) ) ;
#3622 = CARTESIAN_POINT ( 'NONE',  ( -10.36882778671035300, 7.128621437182588700, 5.160858395476958900 ) ) ;
#3623 = CARTESIAN_POINT ( 'NONE',  ( 6.415136628265759800, -0.1359371991838451100, 2.314561378928903700 ) ) ;
#3624 = CARTESIAN_POINT ( 'NONE',  ( 6.952000592372811200, 1.893213803993445900, 2.204163812291781300 ) ) ;
#3625 = CARTESIAN_POINT ( 'NONE',  ( -4.593827786710371600, 6.535718485426611000, 2.546943076929713000 ) ) ;
#3626 = EDGE_LOOP ( 'NONE', ( #4768, #3764, #4532, #6105, #4336, #4333 ) ) ;
#3627 = CARTESIAN_POINT ( 'NONE',  ( 13.05200554662291900, 3.680356420729224100, 4.829998340009569600 ) ) ;
#3628 = CARTESIAN_POINT ( 'NONE',  ( 4.781857558871282200, -1.490119529339876800, 2.133379675925019600 ) ) ;
#3629 = CARTESIAN_POINT ( 'NONE',  ( 0.7436722132896171900, 4.464281514573391600, 5.453056923070296800 ) ) ;
#3630 = CARTESIAN_POINT ( 'NONE',  ( 5.499999999999997300, -2.500000000000004000, 4.000000000000000000 ) ) ;
#3631 = CARTESIAN_POINT ( 'NONE',  ( 4.670760536595699900, -14.17761952933985000, 1.844612506840963100 ) ) ;
#3632 = VERTEX_POINT ( 'NONE', #4462 ) ;
#3633 = CARTESIAN_POINT ( 'NONE',  ( -0.4000000000000066800, 5.499999999999998200, 4.000000000000000000 ) ) ;
#3634 = ORIENTED_EDGE ( 'NONE', *, *, #2559, .F. ) ;
#3635 = CARTESIAN_POINT ( 'NONE',  ( 6.952000592372812100, 6.705713803993432100, 2.204163812291781300 ) ) ;
#3636 = LINE ( 'NONE', #4337, #6235 ) ;
#3637 = CARTESIAN_POINT ( 'NONE',  ( 6.081172213289604200, 3.871378562817414000, 2.839141604523052200 ) ) ;
#3638 = CARTESIAN_POINT ( 'NONE',  ( -7.189661120043696800, 3.201156655697758900, 3.779426629688414700 ) ) ;
#3639 = CARTESIAN_POINT ( 'NONE',  ( -2.204255192494005500, 4.182429632412342000, 2.402753805653960600 ) ) ;
#3640 = CARTESIAN_POINT ( 'NONE',  ( -13.02299445337701500, 4.759475034189582800, 2.376513018916273100 ) ) ;
#3641 = CARTESIAN_POINT ( 'NONE',  ( 4.859272927391984400, 3.672380470660108600, 2.334600341910641100 ) ) ;
#3642 = CARTESIAN_POINT ( 'NONE',  ( 4.298315489864340800, -13.06928619600651900, 3.028393217318460500 ) ) ;
#3643 = CARTESIAN_POINT ( 'NONE',  ( 4.378085124944705700, -7.206786196006533800, 5.387585750815614600 ) ) ;
#3644 = CARTESIAN_POINT ( 'NONE',  ( 4.057721588640707600, 10.23488047066008900, 4.554885921770944500 ) ) ;
#3645 = CARTESIAN_POINT ( 'NONE',  ( 7.481172213289599200, 6.758384208523724900, 4.896958519548591400 ) ) ;
#3646 = CARTESIAN_POINT ( 'NONE',  ( -13.34382778671034800, 6.840443814239312000, 2.119429949669283000 ) ) ;
#3647 = CARTESIAN_POINT ( 'NONE',  ( -1.910494453377038700, 6.329998340009542100, 5.819643579270792300 ) ) ;
#3648 = CARTESIAN_POINT ( 'NONE',  ( 4.057721588640702300, -11.55261952933985700, 4.554885921770946300 ) ) ;
#3649 = CARTESIAN_POINT ( 'NONE',  ( 6.329239463404273500, 0.2598804706601117700, 6.155387493158992900 ) ) ;
#3650 = CARTESIAN_POINT ( 'NONE',  ( -5.702161120043699700, 5.352403240191906200, 5.538271952077018900 ) ) ;
#3651 = CARTESIAN_POINT ( 'NONE',  ( 11.94367221328958800, 6.840443814239312000, 2.119429949669280300 ) ) ;
#3652 = CARTESIAN_POINT ( 'NONE',  ( 4.281698150459890300, -1.546358790222913400, 2.325805363075967400 ) ) ;
#3653 = CARTESIAN_POINT ( 'NONE',  ( 2.493672213289611400, 6.535718485426611000, 2.546943076929711700 ) ) ;
#3654 = ORIENTED_EDGE ( 'NONE', *, *, #4760, .F. ) ;
#3655 = CARTESIAN_POINT ( 'NONE',  ( -0.1021611200437127400, 5.691022142088154800, 2.009143264513483500 ) ) ;
#3656 = CARTESIAN_POINT ( 'NONE',  ( 7.781240055777096200, -8.810952862673193700, 4.359551305450800400 ) ) ;
#3657 = CARTESIAN_POINT ( 'NONE',  ( 0.0000000000000000000, 8.500000000000000000, 0.0000000000000000000 ) ) ;
#3658 = CARTESIAN_POINT ( 'NONE',  ( 7.366620324074955500, 5.247380470660104400, 3.281857558871288800 ) ) ;
#3659 = CARTESIAN_POINT ( 'NONE',  ( 8.122838879956262300, 3.201156655697758900, 3.779426629688412900 ) ) ;
#3660 = CARTESIAN_POINT ( 'NONE',  ( -8.414661120043694700, 5.691022142088190300, 2.009143264513487000 ) ) ;
#3661 = VERTEX_POINT ( 'NONE', #829 ) ;
#3662 = CARTESIAN_POINT ( 'NONE',  ( -13.37299445337701300, 6.240524965810419800, 5.623486981083740200 ) ) ;
#3663 = CARTESIAN_POINT ( 'NONE',  ( 5.740593901223627800, 3.614047137326773700, 2.473507295547490600 ) ) ;
#3664 = CARTESIAN_POINT ( 'NONE',  ( 7.262641947663270000, -12.66095286267318600, 4.277813907273678500 ) ) ;
#3665 = CARTESIAN_POINT ( 'NONE',  ( 4.298315489864341600, -9.481786196006527900, 3.028393217318460000 ) ) ;
#3666 = CARTESIAN_POINT ( 'NONE',  ( 7.262641947663275300, 11.22654713732675800, 4.277813907273675800 ) ) ;
#3667 = CARTESIAN_POINT ( 'NONE',  ( 10.22283887995625800, 7.276243451237029100, 4.170430058013445200 ) ) ;
#3668 = VERTEX_POINT ( 'NONE', #4505 ) ;
#3669 = CARTESIAN_POINT ( 'NONE',  ( -11.01049445337702100, 6.458399530062931300, 6.101143420642320500 ) ) ;
#3670 = CARTESIAN_POINT ( 'NONE',  ( 5.499999999999991100, 13.19738047066015900, 3.999999999999976000 ) ) ;
#3671 = CARTESIAN_POINT ( 'NONE',  ( 4.859272927391981700, -10.32761952933986100, 2.334600341910642900 ) ) ;
#3672 = ORIENTED_EDGE ( 'NONE', *, *, #1962, .T. ) ;
#3673 = CARTESIAN_POINT ( 'NONE',  ( 3.218759944222878500, -1.373452862673214300, 3.640448694549156100 ) ) ;
#3674 = CARTESIAN_POINT ( 'NONE',  ( -3.835494453377037400, 6.905980968331821400, 3.358686567471580000 ) ) ;
#3675 = CARTESIAN_POINT ( 'NONE',  ( 12.41033887995625300, 3.201156655697758900, 3.779426629688412500 ) ) ;
#3676 = EDGE_CURVE ( 'NONE', #3809, #4528, #3388, .T. ) ;
#3677 = CARTESIAN_POINT ( 'NONE',  ( 5.717983032717243400, -1.171380268456844400, 6.059046011225891700 ) ) ;
#3678 = CARTESIAN_POINT ( 'NONE',  ( 5.643672213289604200, 4.464281514573391600, 5.453056923070296800 ) ) ;
#3679 = CARTESIAN_POINT ( 'NONE',  ( -1.006327786710379000, 4.159556185760725300, 5.880570050330753400 ) ) ;
#3680 = CARTESIAN_POINT ( 'NONE',  ( 7.781240055777094400, -10.21095286267319200, 4.359551305450800400 ) ) ;
#3681 = CARTESIAN_POINT ( 'NONE',  ( 7.055239759590681300, -14.38178619600651600, 5.257469399304897100 ) ) ;
#3682 = CARTESIAN_POINT ( 'NONE',  ( 4.670760536595702600, 4.722380470660104000, 1.844612506840960500 ) ) ;
#3683 = CARTESIAN_POINT ( 'NONE',  ( 5.614505546622940100, 7.319643579270779000, 3.170001659990438400 ) ) ;
#3684 = CARTESIAN_POINT ( 'NONE',  ( -5.906327786710367200, 4.159556185760689800, 5.880570050330728500 ) ) ;
#3685 = CARTESIAN_POINT ( 'NONE',  ( -13.78132778671034600, 4.241615791476277800, 3.103041480451420100 ) ) ;
#3686 = CARTESIAN_POINT ( 'NONE',  ( 6.140727072607994300, 9.622380470660095500, 5.665399658089311800 ) ) ;
#3687 = CARTESIAN_POINT ( 'NONE',  ( 5.740593901223625100, -8.198452862673196500, 2.473507295547492400 ) ) ;
#3688 = CARTESIAN_POINT ( 'NONE',  ( 12.32283887995625600, 7.276243451237029100, 4.170430058013445200 ) ) ;
#3689 = CARTESIAN_POINT ( 'NONE',  ( -6.985494453377030200, 7.319643579270779000, 3.170001659990440100 ) ) ;
#3690 = DIRECTION ( 'NONE',  ( -2.220446049250337700E-016, -1.000000000000000000, 1.224646799147324600E-016 ) ) ;
#3691 = CARTESIAN_POINT ( 'NONE',  ( 0.0000000000000000000, 8.500000000000000000, 0.0000000000000000000 ) ) ;
#3692 = CARTESIAN_POINT ( 'NONE',  ( 3.849999999999996500, -2.500000000000003600, 4.000000000000000000 ) ) ;
#3693 = CARTESIAN_POINT ( 'NONE',  ( 4.298315489864342500, -8.169286196006531500, 3.028393217318460000 ) ) ;
#3694 = CARTESIAN_POINT ( 'NONE',  ( 6.329239463404274300, 5.159880470660098700, 6.155387493158992900 ) ) ;
#3695 = CARTESIAN_POINT ( 'NONE',  ( -0.7438277867103781900, 4.464281514573391600, 5.453056923070297700 ) ) ;
#3696 =( BOUNDED_CURVE ( )  B_SPLINE_CURVE ( 2, ( #1705, #5805, #586, #2201, #2247, #2763, #608, #3748, #2734 ),
 .UNSPECIFIED., .F., .T. ) 
 B_SPLINE_CURVE_WITH_KNOTS ( ( 3, 2, 2, 2, 3 ),
 ( 0.4848351197497239900, 0.4851851851851851600, 0.4888888888888888700, 0.4925925925925925800, 0.4959462308608351100 ),
 .UNSPECIFIED. ) 
 CURVE ( )  GEOMETRIC_REPRESENTATION_ITEM ( )  RATIONAL_B_SPLINE_CURVE ( ( 0.9770678153906104900, 0.9873370336514673000, 1.000000000000000000, 0.8660254037844386000, 1.000000000000000000, 0.8660254037844386000, 1.000000000000000000, 0.8786883701329713000, 0.9770678153906104900 ) ) 
 REPRESENTATION_ITEM ( '' )  );
#3697 = LINE ( 'NONE', #5900, #629 ) ;
#3698 = CONICAL_SURFACE ( 'NONE', #6433, 1.650000000000000400, 0.7853981633974491700 ) ;
#3699 = CARTESIAN_POINT ( 'NONE',  ( 12.23533887995625200, 5.308977857911811400, 5.990856735486521400 ) ) ;
#3700 = CARTESIAN_POINT ( 'NONE',  ( 5.935338879956273000, 5.647596759808096500, 2.461728047922990800 ) ) ;
#3701 = CARTESIAN_POINT ( 'NONE',  ( -0.1683569262523426400, 3.709691613110693200, 4.590452245959911100 ) ) ;
#3702 = CARTESIAN_POINT ( 'NONE',  ( 7.781240055777094400, -10.91095286267319300, 4.359551305450800400 ) ) ;
#3703 = CARTESIAN_POINT ( 'NONE',  ( 7.366620324074950200, -15.66511952933984700, 3.281857558871291000 ) ) ;
#3704 = CARTESIAN_POINT ( 'NONE',  ( 5.188619435515721400, 7.114047137326766200, 5.975611840433583000 ) ) ;
#3705 = CARTESIAN_POINT ( 'NONE',  ( 6.956172213289601600, 6.840443814239312000, 2.119429949669280800 ) ) ;
#3706 = CARTESIAN_POINT ( 'NONE',  ( -1.881327786710375900, 7.128621437182588700, 5.160858395476958000 ) ) ;
#3707 = CARTESIAN_POINT ( 'NONE',  ( -15.70632778671034300, 6.535718485426611000, 2.546943076929714300 ) ) ;
#3708 = FACE_OUTER_BOUND ( 'NONE', #6644, .T. ) ;
#3709 = CARTESIAN_POINT ( 'NONE',  ( 3.737358052336705100, 10.08904713732675900, 3.722186092726276200 ) ) ;
#3710 = CARTESIAN_POINT ( 'NONE',  ( 4.298315489864342500, -4.581786196006540000, 3.028393217318459100 ) ) ;
#3711 = CARTESIAN_POINT ( 'NONE',  ( 12.08950554662292000, 4.759475034189582800, 2.376513018916270000 ) ) ;
#3712 = CARTESIAN_POINT ( 'NONE',  ( -8.560494453377026900, 4.541600469937070500, 1.898856579357691900 ) ) ;
#3713 = VECTOR ( 'NONE', #4667, 1000.000000000000100 ) ;
#3714 = CARTESIAN_POINT ( 'NONE',  ( -1.560494453377040000, 4.670001659990454400, 2.180356420729221900 ) ) ;
#3715 = FACE_OUTER_BOUND ( 'NONE', #3108, .T. ) ;
#3716 = CARTESIAN_POINT ( 'NONE',  ( 6.718301849540067000, -1.108858790222914100, 5.674194636924004200 ) ) ;
#3717 = DIRECTION ( 'NONE',  ( 0.0000000000000000000, 0.4149991700047700500, 0.9098217896353945100 ) ) ;
#3718 = EDGE_CURVE ( 'NONE', #679, #5282, #1129, .T. ) ;
#3719 = CARTESIAN_POINT ( 'NONE',  ( 3.737358052336700700, -9.510952862673194700, 3.722186092726278900 ) ) ;
#3720 = CARTESIAN_POINT ( 'NONE',  ( 4.670760536595702600, 4.809880470660103500, 1.844612506840960500 ) ) ;
#3721 = CARTESIAN_POINT ( 'NONE',  ( -1.852161120043710900, 5.647596759808096500, 2.461728047922991700 ) ) ;
#3722 = ORIENTED_EDGE ( 'NONE', *, *, #5933, .T. ) ;
#3723 = CARTESIAN_POINT ( 'NONE',  ( 11.76867221328958700, 3.871378562817414000, 2.839141604523051300 ) ) ;
#3724 = ORIENTED_EDGE ( 'NONE', *, *, #313, .T. ) ;
#3725 = APPROVAL_STATUS ( 'not_yet_approved' ) ;
#3726 = CARTESIAN_POINT ( 'NONE',  ( 3.368672213289611400, 6.758384208523724900, 4.896958519548592300 ) ) ;
#3727 = CARTESIAN_POINT ( 'NONE',  ( -0.1467427823557500600, 3.593507257138590600, 4.029340972011130600 ) ) ;
#3728 = CARTESIAN_POINT ( 'NONE',  ( 7.055239759590682200, -10.26928619600652600, 5.257469399304897100 ) ) ;
#3729 = CARTESIAN_POINT ( 'NONE',  ( 6.329239463404269900, -15.14011952933984900, 6.155387493158995600 ) ) ;
#3730 = CARTESIAN_POINT ( 'NONE',  ( 7.366620324074956400, 10.84738047066009200, 3.281857558871288400 ) ) ;
#3731 = CARTESIAN_POINT ( 'NONE',  ( 11.50617221328959000, 4.159556185760689800, 5.880570050330726800 ) ) ;
#3732 = CARTESIAN_POINT ( 'NONE',  ( -2.231327786710375800, 3.871378562817414000, 2.839141604523053100 ) ) ;
#3733 = CARTESIAN_POINT ( 'NONE',  ( -15.29799445337700800, 4.094019031668182200, 4.641313432528432900 ) ) ;
#3734 = CARTESIAN_POINT ( 'NONE',  ( 4.298315489864346100, 7.930713803993430000, 3.028393217318457800 ) ) ;
#3735 = CARTESIAN_POINT ( 'NONE',  ( 5.259406098776348200, -6.448452862673202700, 5.526492704452464500 ) ) ;
#3736 = CARTESIAN_POINT ( 'NONE',  ( 12.90617221328958800, 6.535718485426611000, 2.546943076929710800 ) ) ;
#3737 = CARTESIAN_POINT ( 'NONE',  ( -8.035494453377026500, 3.680356420729224100, 4.829998340009572300 ) ) ;
#3738 = CARTESIAN_POINT ( 'NONE',  ( 3.849999999999974300, -0.9856227891585998000, 3.416403773260005700 ) ) ;
#3739 = CARTESIAN_POINT ( 'NONE',  ( -1.941755192494004900, 6.817570367587652700, 5.597246194346052300 ) ) ;
#3740 = DIRECTION ( 'NONE',  ( -2.220446049250337700E-016, -1.000000000000000000, 1.224646799147324600E-016 ) ) ;
#3741 = CARTESIAN_POINT ( 'NONE',  ( 4.378085124944704800, -10.09428619600652500, 5.387585750815614600 ) ) ;
#3742 = CARTESIAN_POINT ( 'NONE',  ( 6.329239463404274300, 4.459880470660104700, 6.155387493158992900 ) ) ;
#3743 = VERTEX_POINT ( 'NONE', #5543 ) ;
#3744 = CARTESIAN_POINT ( 'NONE',  ( -2.843827786710373000, 4.464281514573391600, 5.453056923070297700 ) ) ;
#3745 = EDGE_CURVE ( 'NONE', #1658, #2537, #4204, .T. ) ;
#3746 = CARTESIAN_POINT ( 'NONE',  ( -15.61882778671034100, 6.758384208523724900, 4.896958519548594100 ) ) ;
#3747 =( BOUNDED_CURVE ( )  B_SPLINE_CURVE ( 2, ( #6392, #2800, #211, #2240, #5843 ),
 .UNSPECIFIED., .F., .F. ) 
 B_SPLINE_CURVE_WITH_KNOTS ( ( 3, 2, 3 ),
 ( 0.5542450078004234100, 0.5555555555555555800, 0.5560113140330331700 ),
 .UNSPECIFIED. ) 
 CURVE ( )  GEOMETRIC_REPRESENTATION_ITEM ( )  RATIONAL_B_SPLINE_CURVE ( ( 0.9387362140368906700, 0.9525933712949390400, 1.000000000000000000, 0.9835137843421926100, 0.9710849842600727300 ) ) 
 REPRESENTATION_ITEM ( '' )  );
#3748 = CARTESIAN_POINT ( 'NONE',  ( -0.7188417756948911600, 6.350156835623066900, 5.649999999999997700 ) ) ;
#3749 = CARTESIAN_POINT ( 'NONE',  ( 5.293672213289604600, 6.535718485426611000, 2.546943076929711700 ) ) ;
#3750 = CARTESIAN_POINT ( 'NONE',  ( -2.268632567592277800, 6.292324237958605500, 2.350281130950793200 ) ) ;
#3751 = CARTESIAN_POINT ( 'NONE',  ( 3.633379675925019600, -10.50261952933985800, 4.718142441128666300 ) ) ;
#3752 = ORIENTED_EDGE ( 'NONE', *, *, #5891, .F. ) ;
#3753 = CARTESIAN_POINT ( 'NONE',  ( 3.218759944222875400, -13.97345286267318300, 3.640448694549157400 ) ) ;
#3754 = CARTESIAN_POINT ( 'NONE',  ( 6.329239463404276100, 9.272380470660095900, 6.155387493158992000 ) ) ;
#3755 = CARTESIAN_POINT ( 'NONE',  ( 10.98117221328959100, 3.871378562817414000, 2.839141604523051300 ) ) ;
#3756 = CARTESIAN_POINT ( 'NONE',  ( -4.622994453377035700, 6.458399530062931300, 6.101143420642320500 ) ) ;
#3757 = CARTESIAN_POINT ( 'NONE',  ( -9.872994453377023300, 6.240524965810419800, 5.623486981083740200 ) ) ;
#3758 = CARTESIAN_POINT ( 'NONE',  ( 4.378085124944709200, 8.805713803993427300, 5.387585750815612000 ) ) ;
#3759 = CARTESIAN_POINT ( 'NONE',  ( 6.942278411359269300, -5.515119529339870900, 3.445114078229009700 ) ) ;
#3760 = ORIENTED_EDGE ( 'NONE', *, *, #5585, .T. ) ;
#3761 = CARTESIAN_POINT ( 'NONE',  ( 13.37283887995625300, 3.723756548762971400, 3.829569941986563200 ) ) ;
#3762 = CARTESIAN_POINT ( 'NONE',  ( -9.143827786710357200, 6.840443814239312000, 2.119429949669282600 ) ) ;
#3763 = CARTESIAN_POINT ( 'NONE',  ( 7.039961767361834400, -1.254692123556247800, 3.407532486068810800 ) ) ;
#3764 = ORIENTED_EDGE ( 'NONE', *, *, #5069, .T. ) ;
#3765 = DIRECTION ( 'NONE',  ( -6.938893903907223400E-016, 1.000000000000000000, 0.0000000000000000000 ) ) ;
#3766 = CARTESIAN_POINT ( 'NONE',  ( 4.298315489864342500, -6.769286196006532900, 3.028393217318459600 ) ) ;
#3767 = CARTESIAN_POINT ( 'NONE',  ( 3.218759944222879400, 3.526547137326772100, 3.640448694549154800 ) ) ;
#3768 = CARTESIAN_POINT ( 'NONE',  ( -1.327161120043711000, 3.723756548762971400, 3.829569941986564500 ) ) ;
#3769 = CARTESIAN_POINT ( 'NONE',  ( 14.04367221328957900, 6.840443814239312000, 2.119429949669279900 ) ) ;
#3770 = APPLICATION_PROTOCOL_DEFINITION ( 'international standard', 'config_control_design', 1994, #5240 ) ;
#3771 = CARTESIAN_POINT ( 'NONE',  ( 7.218672213289596400, 4.241615791476277800, 3.103041480451417500 ) ) ;
#3772 = CARTESIAN_POINT ( 'NONE',  ( -0.1077960643469031300, 3.814910312616847800, 3.027491148994483800 ) ) ;
#3773 = CARTESIAN_POINT ( 'NONE',  ( 4.047999407627163000, -7.644286196006529400, 5.795836187708173900 ) ) ;
#3774 = CARTESIAN_POINT ( 'NONE',  ( 6.329239463404270800, -13.74011952933985000, 6.155387493158995600 ) ) ;
#3775 = CARTESIAN_POINT ( 'NONE',  ( -2.450000000000010800, 5.033189859699293200, 5.944759186355076600 ) ) ;
#3776 = CARTESIAN_POINT ( 'NONE',  ( 6.329239463404274300, 8.572380470660094800, 6.155387493158992900 ) ) ;
#3777 = CARTESIAN_POINT ( 'NONE',  ( 12.14783887995625600, 5.308977857911811400, 5.990856735486521400 ) ) ;
#3778 = CARTESIAN_POINT ( 'NONE',  ( -2.464661120043707400, 5.308977857911811400, 5.990856735486523200 ) ) ;
#3779 = CARTESIAN_POINT ( 'NONE',  ( -0.4000000000000066800, 5.499999999999998200, 2.349999999999999600 ) ) ;
#3780 = CARTESIAN_POINT ( 'NONE',  ( -9.114661120043690400, 5.352403240191906200, 5.538271952077018900 ) ) ;
#3781 = CARTESIAN_POINT ( 'NONE',  ( 6.942278411359272800, 9.797380470660092700, 3.445114078229007500 ) ) ;
#3782 = CARTESIAN_POINT ( 'NONE',  ( 4.057721588640703200, -6.565119529339868100, 4.554885921770946300 ) ) ;
#3783 = CARTESIAN_POINT ( 'NONE',  ( 12.20617221328958600, 6.535718485426611000, 2.546943076929710800 ) ) ;
#3784 = CARTESIAN_POINT ( 'NONE',  ( -9.318827786710356200, 3.871378562817414000, 2.839141604523054000 ) ) ;
#3785 =( BOUNDED_CURVE ( )  B_SPLINE_CURVE ( 2, ( #2622, #6195, #1613, #4118, #476, #5650, #4698, #562, #5741 ),
 .UNSPECIFIED., .F., .T. ) 
 B_SPLINE_CURVE_WITH_KNOTS ( ( 3, 2, 2, 2, 3 ),
 ( 0.4833333333333333900, 0.4851851851851851600, 0.4888888888888888700, 0.4925925925925925800, 0.4944444444444445800 ),
 .UNSPECIFIED. ) 
 CURVE ( )  GEOMETRIC_REPRESENTATION_ITEM ( )  RATIONAL_B_SPLINE_CURVE ( ( 0.9330127018922193000, 0.9330127018922223000, 1.000000000000000000, 0.8660254037844387100, 1.000000000000000000, 0.8660254037844387100, 1.000000000000000000, 0.9330127018922143000, 0.9330127018922193000 ) ) 
 REPRESENTATION_ITEM ( '' )  );
#3786 = CARTESIAN_POINT ( 'NONE',  ( 7.366620324074955500, -1.752619529339877900, 3.281857558871292800 ) ) ;
#3787 = EDGE_CURVE ( 'NONE', #927, #655, #1063, .T. ) ;
#3788 = VECTOR ( 'NONE', #5146, 1000.000000000000000 ) ;
#3789 = CARTESIAN_POINT ( 'NONE',  ( -2.172994453377040400, 4.670001659990454400, 2.180356420729222300 ) ) ;
#3790 = CYLINDRICAL_SURFACE ( 'NONE', #2016, 1.000000000000000000 ) ;
#3791 = CARTESIAN_POINT ( 'NONE',  ( 4.920633122286965000, -2.344961082923788800, 2.191938209775036000 ) ) ;
#3792 = CARTESIAN_POINT ( 'NONE',  ( 7.262641947663270900, -7.060952862673199900, 4.277813907273678500 ) ) ;
#3793 = CARTESIAN_POINT ( 'NONE',  ( -2.397254714851761100, 4.085022233141925700, 5.717165833981511000 ) ) ;
#3794 = CARTESIAN_POINT ( 'NONE',  ( 3.633379675925022800, 4.284880470660105800, 4.718142441128664500 ) ) ;
#3795 = CARTESIAN_POINT ( 'NONE',  ( 0.5978388799562848200, 5.352403240191906200, 5.538271952077018100 ) ) ;
#3796 = CARTESIAN_POINT ( 'NONE',  ( 14.51033887995625100, 3.201156655697758900, 3.779426629688412500 ) ) ;
#3797 = CC_DESIGN_SECURITY_CLASSIFICATION ( #1031, ( #6263 ) ) ;
#3798 = CARTESIAN_POINT ( 'NONE',  ( 8.152005546622930900, 6.905980968331821400, 3.358686567471578700 ) ) ;
#3799 = CARTESIAN_POINT ( 'NONE',  ( 6.329239463404271700, -7.527619529339865800, 6.155387493158993800 ) ) ;
#3800 = CYLINDRICAL_SURFACE ( 'NONE', #6041, 1.650000000000000400 ) ;
#3801 = CARTESIAN_POINT ( 'NONE',  ( 5.188619435515716900, -9.598452862673193300, 5.975611840433584700 ) ) ;
#3802 = CARTESIAN_POINT ( 'NONE',  ( -0.5375670475934131200, 3.998794047101609900, 4.684748630507896500 ) ) ;
#3803 = CARTESIAN_POINT ( 'NONE',  ( 4.047999407627166600, 9.155713803993425200, 5.795836187708171200 ) ) ;
#3804 = CARTESIAN_POINT ( 'NONE',  ( 10.16450554662292800, 3.680356420729224100, 4.829998340009569600 ) ) ;
#3805 = CARTESIAN_POINT ( 'NONE',  ( -2.639661120043709500, 7.798843344302243400, 4.220573370311596400 ) ) ;
#3806 = CARTESIAN_POINT ( 'NONE',  ( -12.14799445337701700, 6.905980968331821400, 3.358686567471580900 ) ) ;
#3807 = ORIENTED_EDGE ( 'NONE', *, *, #3950, .T. ) ;
#3808 = CARTESIAN_POINT ( 'NONE',  ( 5.259406098776348200, -5.048452862673205900, 5.526492704452463700 ) ) ;
#3809 = VERTEX_POINT ( 'NONE', #2974 ) ;
#3810 = CARTESIAN_POINT ( 'NONE',  ( 5.188619435515676900, -0.4984528626732140400, 5.975611840433576700 ) ) ;
#3811 = DIRECTION ( 'NONE',  ( 1.000000000000000000, -0.0000000000000000000, -0.0000000000000000000 ) ) ;
#3812 = CARTESIAN_POINT ( 'NONE',  ( -4.593827786710371600, 4.159556185760689800, 5.880570050330728500 ) ) ;
#3813 = CARTESIAN_POINT ( 'NONE',  ( -1.210494453377041400, 6.329998340009542100, 5.819643579270793200 ) ) ;
#3814 = CARTESIAN_POINT ( 'NONE',  ( 4.859272927391979900, -17.24011952933984700, 2.334600341910643800 ) ) ;
#3815 = CARTESIAN_POINT ( 'NONE',  ( -2.160060137836098600, 7.090194462224268100, 4.661457324474296700 ) ) ;
#3816 = EDGE_CURVE ( 'NONE', #4854, #1080, #5239, .T. ) ;
#3817 = CARTESIAN_POINT ( 'NONE',  ( 4.859272927391981700, -7.527619529339865800, 2.334600341910642900 ) ) ;
#3818 = CARTESIAN_POINT ( 'NONE',  ( 4.670760536595703400, 9.009880470660094800, 1.844612506840960000 ) ) ;
#3819 = CARTESIAN_POINT ( 'NONE',  ( 3.164505546622943000, 6.905980968331821400, 3.358686567471579100 ) ) ;
#3820 = CARTESIAN_POINT ( 'NONE',  ( 9.668672213289596600, 6.758384208523724900, 4.896958519548591400 ) ) ;
#3821 = CARTESIAN_POINT ( 'NONE',  ( 7.781240055777096200, -7.410952862673199500, 4.359551305450800400 ) ) ;
#3822 = CARTESIAN_POINT ( 'NONE',  ( 7.055239759590682200, -10.18178619600652700, 5.257469399304897100 ) ) ;
#3823 = CARTESIAN_POINT ( 'NONE',  ( -2.164859299694959400, 3.826229709860142800, 4.424465064239789100 ) ) ;
#3824 = CARTESIAN_POINT ( 'NONE',  ( 4.047999407627167500, 10.55571380399342400, 5.795836187708171200 ) ) ;
#3825 = AXIS2_PLACEMENT_3D ( 'NONE', #3415, #6469, #3941 ) ;
#3826 = CARTESIAN_POINT ( 'NONE',  ( 9.464505546622929100, 3.680356420729224100, 4.829998340009569600 ) ) ;
#3827 = CARTESIAN_POINT ( 'NONE',  ( 1.968672213289612800, 3.871378562817414000, 2.839141604523052200 ) ) ;
#3828 = ORIENTED_EDGE ( 'NONE', *, *, #5763, .T. ) ;
#3829 = CARTESIAN_POINT ( 'NONE',  ( -0.6854944533770442900, 7.319643579270762100, 3.170001659990403700 ) ) ;
#3830 = CARTESIAN_POINT ( 'NONE',  ( -11.38966112004368400, 7.276243451237029100, 4.170430058013448800 ) ) ;
#3831 = CARTESIAN_POINT ( 'NONE',  ( -2.172994453377040400, 4.670001659990454400, 2.180356420729222300 ) ) ;
#3832 = CARTESIAN_POINT ( 'NONE',  ( 6.140727072607993400, -0.09011952933988468000, 5.665399658089312700 ) ) ;
#3833 = CARTESIAN_POINT ( 'NONE',  ( 3.944760240409304500, -0.8192861960065467300, 2.742530600695041200 ) ) ;
#3834 = ORIENTED_EDGE ( 'NONE', *, *, #3745, .F. ) ;
#3835 = CARTESIAN_POINT ( 'NONE',  ( -3.018827786710374100, 3.871378562817414000, 2.839141604523053100 ) ) ;
#3836 = DIRECTION ( 'NONE',  ( -0.0000000000000000000, -0.0000000000000000000, -1.000000000000000000 ) ) ;
#3837 = CARTESIAN_POINT ( 'NONE',  ( 6.701684510135629000, -16.13178619600651200, 4.971606782681496900 ) ) ;
#3838 = CARTESIAN_POINT ( 'NONE',  ( -2.499999999999999600, 5.499999999999998200, 4.000000000000000000 ) ) ;
#3839 = CARTESIAN_POINT ( 'NONE',  ( 6.918349587925689500, -2.392565223893637700, 2.198860002836043200 ) ) ;
#3840 =( BOUNDED_CURVE ( )  B_SPLINE_CURVE ( 2, ( #5925, #1320, #3326, #4455, #4433 ),
 .UNSPECIFIED., .F., .F. ) 
 B_SPLINE_CURVE_WITH_KNOTS ( ( 3, 2, 3 ),
 ( 0.4890359512306777800, 0.4925925925925925800, 0.4929426580280538200 ),
 .UNSPECIFIED. ) 
 CURVE ( )  GEOMETRIC_REPRESENTATION_ITEM ( )  RATIONAL_B_SPLINE_CURVE ( ( 0.9897830437689352200, 0.8713451106065512900, 1.000000000000000000, 0.9873370336514655200, 0.9770678153906076100 ) ) 
 REPRESENTATION_ITEM ( '' )  );
#3841 = CARTESIAN_POINT ( 'NONE',  ( 4.378085124944705700, -7.294286196006535900, 5.387585750815614600 ) ) ;
#3842 = CARTESIAN_POINT ( 'NONE',  ( 7.055239759590686600, 9.418213803993429800, 5.257469399304894400 ) ) ;
#3843 = CARTESIAN_POINT ( 'NONE',  ( 0.7145055466229489600, 4.094019031668182200, 4.641313432528431100 ) ) ;
#3844 = CARTESIAN_POINT ( 'NONE',  ( 6.577005546622936900, 4.759475034189582800, 2.376513018916270900 ) ) ;
#3845 = CARTESIAN_POINT ( 'NONE',  ( 5.811380564484255600, -5.835952862673202000, 2.024388159566372200 ) ) ;
#3846 = ORIENTED_EDGE ( 'NONE', *, *, #4256, .T. ) ;
#3847 = CARTESIAN_POINT ( 'NONE',  ( 7.055239759590682200, -10.88178619600652500, 5.257469399304897100 ) ) ;
#3848 = CARTESIAN_POINT ( 'NONE',  ( -2.133588625142042600, 3.818718644226009000, 4.220308345491155900 ) ) ;
#3849 = CARTESIAN_POINT ( 'NONE',  ( 5.811380564484260000, 13.06404713732675300, 2.024388159566370000 ) ) ;
#3850 = CARTESIAN_POINT ( 'NONE',  ( 13.13950554662292100, 4.541600469937070500, 1.898856579357689000 ) ) ;
#3851 = CARTESIAN_POINT ( 'NONE',  ( 1.852005546622945300, 3.680356420729224100, 4.829998340009571400 ) ) ;
#3852 = CARTESIAN_POINT ( 'NONE',  ( 3.944760240409297000, -0.1192861960065475000, 2.742530600695051800 ) ) ;
#3853 = CARTESIAN_POINT ( 'NONE',  ( -7.364661120043694900, 5.647596759808096500, 2.461728047922992600 ) ) ;
#3854 = CARTESIAN_POINT ( 'NONE',  ( 4.378085124944710100, 11.60571380399341900, 5.387585750815611100 ) ) ;
#3855 = CARTESIAN_POINT ( 'NONE',  ( 6.952000592372810300, -2.394286196006543100, 2.204163812291782200 ) ) ;
#3856 = CARTESIAN_POINT ( 'NONE',  ( 4.298315489864343400, -2.481786196006543900, 3.028393217318459100 ) ) ;
#3857 = EDGE_CURVE ( 'NONE', #5957, #1658, #6466, .T. ) ;
#3858 = CARTESIAN_POINT ( 'NONE',  ( 15.06450554662291600, 6.905980968331821400, 3.358686567471578200 ) ) ;
#3859 = CARTESIAN_POINT ( 'NONE',  ( -3.952161120043705000, 5.308977857911811400, 5.990856735486524100 ) ) ;
#3860 = CARTESIAN_POINT ( 'NONE',  ( -1.385494453377041700, 7.319643579270756800, 3.170001659990391700 ) ) ;
#3861 = CARTESIAN_POINT ( 'NONE',  ( 5.740593901223623300, -15.19845286267318100, 2.473507295547493300 ) ) ;
#3862 = CARTESIAN_POINT ( 'NONE',  ( 0.0000000000000000000, 5.499999999999998200, 4.000000000000000000 ) ) ;
#3863 = CARTESIAN_POINT ( 'NONE',  ( 4.859272927391982600, -5.427619529339873200, 2.334600341910642500 ) ) ;
#3864 = CARTESIAN_POINT ( 'NONE',  ( 4.670760536595703400, 8.309880470660093700, 1.844612506840960200 ) ) ;
#3865 = CARTESIAN_POINT ( 'NONE',  ( 2.172838879956281700, 3.723756548762971400, 3.829569941986564100 ) ) ;
#3866 = CARTESIAN_POINT ( 'NONE',  ( 7.335338879956264400, 5.647596759808096500, 2.461728047922990800 ) ) ;
#3867 = CARTESIAN_POINT ( 'NONE',  ( 3.633379675925020100, -8.402619529339864000, 4.718142441128666300 ) ) ;
#3868 = CARTESIAN_POINT ( 'NONE',  ( 5.499999999999991100, 13.19738047066015900, 3.999999999999976000 ) ) ;
#3869 = CARTESIAN_POINT ( 'NONE',  ( 6.952000592372808500, -11.40678619600652300, 2.204163812291783000 ) ) ;
#3870 = FACE_OUTER_BOUND ( 'NONE', #4963, .T. ) ;
#3871 = CARTESIAN_POINT ( 'NONE',  ( -12.99382778671034800, 6.535718485426611000, 2.546943076929713900 ) ) ;
#3872 = CARTESIAN_POINT ( 'NONE',  ( 7.366620324074957300, 12.94738047066008600, 3.281857558871287900 ) ) ;
#3873 = FACE_OUTER_BOUND ( 'NONE', #2785, .T. ) ;
#3874 = CARTESIAN_POINT ( 'NONE',  ( 0.5686722132896143700, 3.871378562817414000, 2.839141604523052600 ) ) ;
#3875 = DIRECTION ( 'NONE',  ( -3.652049423109062400E-016, -1.000000000000000000, 0.0000000000000000000 ) ) ;
#3876 = CARTESIAN_POINT ( 'NONE',  ( -7.422994453377029300, 4.759475034189582800, 2.376513018916272600 ) ) ;
#3877 = CARTESIAN_POINT ( 'NONE',  ( 4.859272927391985200, 12.07238047066008800, 2.334600341910640300 ) ) ;
#3878 = CARTESIAN_POINT ( 'NONE',  ( 6.329239463404272600, -2.627619529339879200, 6.155387493158993800 ) ) ;
#3879 = CARTESIAN_POINT ( 'NONE',  ( 5.259406098776349100, -2.248452862673212300, 5.526492704452463700 ) ) ;
#3880 = CALENDAR_DATE ( 2024, 25, 11 ) ;
#3881 = VECTOR ( 'NONE', #589, 1000.000000000000000 ) ;
#3882 = CARTESIAN_POINT ( 'NONE',  ( 5.499999999999998200, -0.4000000000000105700, 4.000000000000000000 ) ) ;
#3883 = CARTESIAN_POINT ( 'NONE',  ( -4.127161120043704800, 7.798843344302243400, 4.220573370311596400 ) ) ;
#3884 = CIRCLE ( 'NONE', #3222, 2.050000000000008300 ) ;
#3885 = CARTESIAN_POINT ( 'NONE',  ( -1.645900380926746500, 6.605866146747434400, 2.448529708477158900 ) ) ;
#3886 = CARTESIAN_POINT ( 'NONE',  ( 7.262641947663269100, -16.07345286267318200, 4.277813907273678500 ) ) ;
#3887 = CARTESIAN_POINT ( 'NONE',  ( -0.4000000000000066800, 5.499999999999998200, 5.650000000000000400 ) ) ;
#3888 = CARTESIAN_POINT ( 'NONE',  ( 4.915077097109108500, -2.168534776511753300, 5.620211446812585400 ) ) ;
#3889 = CARTESIAN_POINT ( 'NONE',  ( 6.621914875055267700, -4.144286196006541800, 2.612414249184342300 ) ) ;
#3890 = CARTESIAN_POINT ( 'NONE',  ( 5.188619435515721400, 8.601547137326761600, 5.975611840433583000 ) ) ;
#3891 = CARTESIAN_POINT ( 'NONE',  ( 2.464505546622946900, 6.905980968331821400, 3.358686567471579100 ) ) ;
#3892 = ORIENTED_EDGE ( 'NONE', *, *, #2999, .F. ) ;
#3893 = CYLINDRICAL_SURFACE ( 'NONE', #1972, 2.000000000000000000 ) ;
#3894 = CARTESIAN_POINT ( 'NONE',  ( 9.960338879956260900, 3.723756548762971400, 3.829569941986563600 ) ) ;
#3895 = CARTESIAN_POINT ( 'NONE',  ( 4.670760536595700800, -3.677619529339875000, 1.844612506840961800 ) ) ;
#3896 = CARTESIAN_POINT ( 'NONE',  ( 3.737358052336703400, 1.776547137326779800, 3.722186092726277100 ) ) ;
#3897 = CARTESIAN_POINT ( 'NONE',  ( 7.055239759590681300, -12.28178619600652200, 5.257469399304897100 ) ) ;
#3898 = CARTESIAN_POINT ( 'NONE',  ( -12.52716112004368300, 3.723756548762971400, 3.829569941986566300 ) ) ;
#3899 = CARTESIAN_POINT ( 'NONE',  ( 3.944760240409294300, 13.88071380399341600, 2.742530600695056300 ) ) ;
#3900 = ORIENTED_EDGE ( 'NONE', *, *, #354, .T. ) ;
#3901 = CARTESIAN_POINT ( 'NONE',  ( -0.7146611200437129600, 5.691022142088190300, 2.009143264513486100 ) ) ;
#3902 = DIRECTION ( 'NONE',  ( 1.000000000000000000, -0.0000000000000000000, -0.0000000000000000000 ) ) ;
#3903 = CARTESIAN_POINT ( 'NONE',  ( -5.556327786710367500, 4.464281514573391600, 5.453056923070297700 ) ) ;
#3904 = CARTESIAN_POINT ( 'NONE',  ( 5.259406098776351800, 11.66404713732675400, 5.526492704452461900 ) ) ;
#3905 = CARTESIAN_POINT ( 'NONE',  ( 6.952000592372810300, -3.094286196006542400, 2.204163812291782200 ) ) ;
#3906 = CARTESIAN_POINT ( 'NONE',  ( 7.262641947663271800, -2.073452862673213400, 4.277813907273677600 ) ) ;
#3907 = CARTESIAN_POINT ( 'NONE',  ( -6.402161120043699000, 5.691022142088190300, 2.009143264513486600 ) ) ;
#3908 = CARTESIAN_POINT ( 'NONE',  ( -13.60632778671034900, 4.159556185760689800, 5.880570050330731200 ) ) ;
#3909 = CARTESIAN_POINT ( 'NONE',  ( 6.701684510135629000, -14.73178619600651600, 4.971606782681496900 ) ) ;
#3910 = CARTESIAN_POINT ( 'NONE',  ( 5.282016967282720200, -1.521380268456843200, 1.940953988774050800 ) ) ;
#3911 = CARTESIAN_POINT ( 'NONE',  ( 8.500000000000000000, 5.898059818321140200E-015, 8.000000000000000000 ) ) ;
#3912 = EDGE_CURVE ( 'NONE', #4002, #4133, #2345, .T. ) ;
#3913 = CARTESIAN_POINT ( 'NONE',  ( 3.737358052336702000, -2.510952862673211200, 3.722186092726278000 ) ) ;
#3914 = CARTESIAN_POINT ( 'NONE',  ( 4.670760536595703400, 6.209880470660102100, 1.844612506840960500 ) ) ;
#3915 = CARTESIAN_POINT ( 'NONE',  ( 5.497838879956272100, 5.352403240191906200, 5.538271952077017200 ) ) ;
#3916 = CARTESIAN_POINT ( 'NONE',  ( 12.58533887995625600, 5.352403240191906200, 5.538271952077016300 ) ) ;
#3917 = ORIENTED_EDGE ( 'NONE', *, *, #6279, .F. ) ;
#3918 = CARTESIAN_POINT ( 'NONE',  ( 5.811380564484255600, -5.748452862673203400, 2.024388159566372200 ) ) ;
#3919 = CARTESIAN_POINT ( 'NONE',  ( -12.64382778671035000, 4.464281514573391600, 5.453056923070299400 ) ) ;
#3920 = CARTESIAN_POINT ( 'NONE',  ( 4.670760536595704300, 13.82238047066008400, 1.844612506840959300 ) ) ;
#3921 = CARTESIAN_POINT ( 'NONE',  ( 1.618672213289616700, 7.128621437182588700, 5.160858395476957100 ) ) ;
#3922 = CARTESIAN_POINT ( 'NONE',  ( 4.815877442691452800, -1.288046935123510700, 2.221805318143790700 ) ) ;
#3923 = CARTESIAN_POINT ( 'NONE',  ( -5.089661120043702500, 7.276243451237029100, 4.170430058013447900 ) ) ;
#3924 = ORIENTED_EDGE ( 'NONE', *, *, #1085, .T. ) ;
#3925 = CARTESIAN_POINT ( 'NONE',  ( -0.2188277867103804500, 3.871378562817386500, 2.839141604523091700 ) ) ;
#3926 = CARTESIAN_POINT ( 'NONE',  ( 7.366620324074953700, -1.052619529339878600, 3.281857558871289700 ) ) ;
#3927 = CARTESIAN_POINT ( 'NONE',  ( 5.740593901223626900, -1.198452862673214900, 2.473507295547491500 ) ) ;
#3928 = CARTESIAN_POINT ( 'NONE',  ( 4.399405063050433100, -0.3736981757813420100, 5.273440161686121300 ) ) ;
#3929 = CARTESIAN_POINT ( 'NONE',  ( 4.450814632749102300, -0.06942883278197548000, 2.260741395937131400 ) ) ;
#3930 = CARTESIAN_POINT ( 'NONE',  ( -1.035494453377043800, 3.680356420729224100, 4.829998340009571400 ) ) ;
#3931 = ADVANCED_FACE ( 'NONE', ( #2827 ), #4440, .F. ) ;
#3932 = CARTESIAN_POINT ( 'NONE',  ( -15.00632778671034200, 4.159556185760689800, 5.880570050330731200 ) ) ;
#3933 = CARTESIAN_POINT ( 'NONE',  ( 3.737358052336700300, -11.52345286267319000, 3.722186092726278900 ) ) ;
#3934 = CARTESIAN_POINT ( 'NONE',  ( 7.262641947663271800, -4.260952862673205400, 4.277813907273678500 ) ) ;
#3935 = CARTESIAN_POINT ( 'NONE',  ( 3.218759944222881600, 12.62654713732674800, 3.640448694549153900 ) ) ;
#3936 = CARTESIAN_POINT ( 'NONE',  ( 5.264505546622940500, 6.905980968331821400, 3.358686567471578700 ) ) ;
#3937 = VERTEX_POINT ( 'NONE', #3550 ) ;
#3938 = CARTESIAN_POINT ( 'NONE',  ( 4.057721588640705900, 5.334880470660101200, 4.554885921770945400 ) ) ;
#3939 = VERTEX_POINT ( 'NONE', #1960 ) ;
#3940 = CARTESIAN_POINT ( 'NONE',  ( 11.65200554662292000, 6.905980968331821400, 3.358686567471578200 ) ) ;
#3941 = DIRECTION ( 'NONE',  ( 0.0000000000000000000, 0.0000000000000000000, -1.000000000000000000 ) ) ;
#3942 = CARTESIAN_POINT ( 'NONE',  ( 4.047999407627162100, -8.956786196006525800, 5.795836187708173900 ) ) ;
#3943 = CARTESIAN_POINT ( 'NONE',  ( -12.41049445337701400, 4.759475034189582800, 2.376513018916273100 ) ) ;
#3944 = CARTESIAN_POINT ( 'NONE',  ( 3.218759944222882000, 13.93904713732675100, 3.640448694549153900 ) ) ;
#3945 = CARTESIAN_POINT ( 'NONE',  ( 5.293672213289604600, 4.159556185760689800, 5.880570050330727700 ) ) ;
#3946 = CARTESIAN_POINT ( 'NONE',  ( -6.372994453377032200, 6.240524965810419800, 5.623486981083739300 ) ) ;
#3947 = CARTESIAN_POINT ( 'NONE',  ( -0.4792337142600793200, 5.842426312431474100, 6.042040964195503100 ) ) ;
#3948 = CARTESIAN_POINT ( 'NONE',  ( 7.781240055777096200, -2.510952862673211200, 4.359551305450798600 ) ) ;
#3949 = CARTESIAN_POINT ( 'NONE',  ( 6.701684510135632600, 1.368213803993448200, 4.971606782681494300 ) ) ;
#3950 = EDGE_CURVE ( 'NONE', #4796, #3597, #1355, .T. ) ;
#3951 = CARTESIAN_POINT ( 'NONE',  ( 5.499999999999997300, -2.500000000000000900, 4.000000000000000000 ) ) ;
#3952 = CARTESIAN_POINT ( 'NONE',  ( 5.282016967282706900, -2.221380268456842400, 1.940953988774060300 ) ) ;
#3953 = CARTESIAN_POINT ( 'NONE',  ( -0.7438277867103781900, 6.840443814239312000, 2.119429949669281700 ) ) ;
#3954 = CARTESIAN_POINT ( 'NONE',  ( -15.70632778671034300, 4.159556185760689800, 5.880570050330731200 ) ) ;
#3955 = CARTESIAN_POINT ( 'NONE',  ( 3.737358052336700300, -10.82345286267318900, 3.722186092726278900 ) ) ;
#3956 = CARTESIAN_POINT ( 'NONE',  ( 4.302099511292409400, -1.054713601790180800, 5.481564854859236400 ) ) ;
#3957 = CARTESIAN_POINT ( 'NONE',  ( 5.740593901223626000, -4.085952862673207300, 2.473507295547491900 ) ) ;
#3958 = CARTESIAN_POINT ( 'NONE',  ( 6.329239463404277000, 12.85988047066008400, 6.155387493158992000 ) ) ;
#3959 = CARTESIAN_POINT ( 'NONE',  ( 6.081172213289604200, 6.758384208523724900, 4.896958519548591400 ) ) ;
#3960 = CARTESIAN_POINT ( 'NONE',  ( 4.057721588640705900, 4.634880470660101900, 4.554885921770945400 ) ) ;
#3961 = CYLINDRICAL_SURFACE ( 'NONE', #2149, 1.000000000000000000 ) ;
#3962 = CARTESIAN_POINT ( 'NONE',  ( 12.00200554662292300, 4.094019031668182200, 4.641313432528429300 ) ) ;
#3963 = CARTESIAN_POINT ( 'NONE',  ( 14.61450554662299000, 5.500000000000001800, 4.000000000000003600 ) ) ;
#3964 = CARTESIAN_POINT ( 'NONE',  ( 3.944760240409289900, -7.731786196006531500, 2.742530600695058900 ) ) ;
#3965 = ADVANCED_FACE ( 'NONE', ( #6139 ), #1869, .F. ) ;
#3966 = CARTESIAN_POINT ( 'NONE',  ( -13.63549445337701200, 6.905980968331821400, 3.358686567471581300 ) ) ;
#3967 = CARTESIAN_POINT ( 'NONE',  ( -0.4542551924940113600, 6.817570367587658900, 5.597246194346047000 ) ) ;
#3968 =( BOUNDED_CURVE ( )  B_SPLINE_CURVE ( 2, ( #2959, #4535, #421 ),
 .UNSPECIFIED., .F., .T. ) 
 B_SPLINE_CURVE_WITH_KNOTS ( ( 3, 3 ),
 ( 0.5277777777777779000, 0.5284656069743287600 ),
 .UNSPECIFIED. ) 
 CURVE ( )  GEOMETRIC_REPRESENTATION_ITEM ( )  RATIONAL_B_SPLINE_CURVE ( ( 0.9330127018922194100, 0.9330127018922208500, 0.9422541747828158100 ) ) 
 REPRESENTATION_ITEM ( '' )  );
#3969 = CARTESIAN_POINT ( 'NONE',  ( 4.418672213289606400, 7.128621437182588700, 5.160858395476957100 ) ) ;
#3970 = CARTESIAN_POINT ( 'NONE',  ( -1.764661120043710100, 5.647596759808096500, 2.461728047922991700 ) ) ;
#3971 = CARTESIAN_POINT ( 'NONE',  ( -2.064150477759517000, 5.499999999999989300, 5.650000000000007500 ) ) ;
#3972 = CARTESIAN_POINT ( 'NONE',  ( 6.140727072607994300, 11.80988047066008800, 5.665399658089310900 ) ) ;
#3973 = FACE_OUTER_BOUND ( 'NONE', #3626, .T. ) ;
#3974 = CARTESIAN_POINT ( 'NONE',  ( 5.259406098776350000, 1.251547137326780600, 5.526492704452462800 ) ) ;
#3975 = CARTESIAN_POINT ( 'NONE',  ( 5.197049919806309100, -0.3354750860293214700, 5.694346236260532400 ) ) ;
#3976 = CARTESIAN_POINT ( 'NONE',  ( -2.500000000000000000, 9.500000000000001800, 1.000000000000000000 ) ) ;
#3977 = CARTESIAN_POINT ( 'NONE',  ( -1.560494453377043300, 4.541600469937070500, 1.898856579357690800 ) ) ;
#3978 = CARTESIAN_POINT ( 'NONE',  ( -14.30632778671034400, 4.159556185760689800, 5.880570050330731200 ) ) ;
#3979 = ORIENTED_EDGE ( 'NONE', *, *, #2434, .F. ) ;
#3980 = DIRECTION ( 'NONE',  ( 2.220446049250312600E-016, 1.000000000000000000, -0.0000000000000000000 ) ) ;
#3981 = CARTESIAN_POINT ( 'NONE',  ( 4.298315489864343400, -1.169286196006546400, 3.028393217318459100 ) ) ;
#3982 = VERTEX_POINT ( 'NONE', #455 ) ;
#3983 = CARTESIAN_POINT ( 'NONE',  ( 5.811380564484259100, 9.651547137326757000, 2.024388159566370400 ) ) ;
#3984 = CARTESIAN_POINT ( 'NONE',  ( 6.139505546622934200, 6.240524965810419800, 5.623486981083738500 ) ) ;
#3985 = CARTESIAN_POINT ( 'NONE',  ( 3.737358052336703800, 3.176547137326777300, 3.722186092726277100 ) ) ;
#3986 = CARTESIAN_POINT ( 'NONE',  ( 10.25200554662292900, 6.905980968331821400, 3.358686567471578700 ) ) ;
#3987 = CARTESIAN_POINT ( 'NONE',  ( 1.250000000000001100, 1.250000000000001100, 0.0000000000000000000 ) ) ;
#3988 = CARTESIAN_POINT ( 'NONE',  ( 3.944760240409289900, -7.031786196006534000, 2.742530600695058900 ) ) ;
#3989 = CARTESIAN_POINT ( 'NONE',  ( -8.327161120043696100, 3.723756548762971400, 3.829569941986565400 ) ) ;
#3990 = CARTESIAN_POINT ( 'NONE',  ( 4.068672213289610300, 3.871378562817414000, 2.839141604523052200 ) ) ;
#3991 = CARTESIAN_POINT ( 'NONE',  ( -0.1313277867103813900, 3.871378562817394000, 2.839141604523080600 ) ) ;
#3992 = CARTESIAN_POINT ( 'NONE',  ( -3.397994453377038800, 4.094019031668182200, 4.641313432528431100 ) ) ;
#3993 = CARTESIAN_POINT ( 'NONE',  ( 3.633379675925018300, -16.10261952933984400, 4.718142441128667200 ) ) ;
#3994 = ORIENTED_EDGE ( 'NONE', *, *, #4548, .T. ) ;
#3995 = CARTESIAN_POINT ( 'NONE',  ( -2.318827786710374800, 3.871378562817414000, 2.839141604523053100 ) ) ;
#3996 = ADVANCED_FACE ( 'NONE', ( #2018 ), #4529, .F. ) ;
#3997 = CARTESIAN_POINT ( 'NONE',  ( -14.94799445337700800, 3.680356420729224100, 4.829998340009573200 ) ) ;
#3998 = CARTESIAN_POINT ( 'NONE',  ( -1.618827786710375500, 3.871378562817403800, 2.839141604523067700 ) ) ;
#3999 = CARTESIAN_POINT ( 'NONE',  ( 4.057721588640705900, 2.447380470660110800, 4.554885921770945400 ) ) ;
#4000 = CARTESIAN_POINT ( 'NONE',  ( 4.047999407627167500, 9.943213803993426600, 5.795836187708171200 ) ) ;
#4001 = CARTESIAN_POINT ( 'NONE',  ( 5.381172213289604900, 6.758384208523724900, 4.896958519548591400 ) ) ;
#4002 = VERTEX_POINT ( 'NONE', #1527 ) ;
#4003 = CARTESIAN_POINT ( 'NONE',  ( 6.701684510135632600, 2.068213803993447500, 4.971606782681494300 ) ) ;
#4004 = CARTESIAN_POINT ( 'NONE',  ( 14.91867221328958100, 4.241615791476277800, 3.103041480451416600 ) ) ;
#4005 = PLANE ( 'NONE',  #4520 ) ;
#4006 = CARTESIAN_POINT ( 'NONE',  ( 3.218759944222877600, -4.873452862673207000, 3.640448694549156500 ) ) ;
#4007 = CARTESIAN_POINT ( 'NONE',  ( -9.027161120043691900, 3.723756548762971400, 3.829569941986565400 ) ) ;
#4008 = CARTESIAN_POINT ( 'NONE',  ( 3.893672213289607300, 4.159556185760689800, 5.880570050330728500 ) ) ;
#4009 = ORIENTED_EDGE ( 'NONE', *, *, #5194, .F. ) ;
#4010 = CARTESIAN_POINT ( 'NONE',  ( -0.1042551924940105700, 4.182429632412333100, 2.402753805653963700 ) ) ;
#4011 = CARTESIAN_POINT ( 'NONE',  ( -3.747994453377038400, 6.905980968331821400, 3.358686567471580000 ) ) ;
#4012 = CARTESIAN_POINT ( 'NONE',  ( 0.0000000000000000000, 0.0000000000000000000, 8.000000000000000000 ) ) ;
#4013 = CARTESIAN_POINT ( 'NONE',  ( 5.740593901223629600, 12.10154713732675100, 2.473507295547489700 ) ) ;
#4014 = ORIENTED_EDGE ( 'NONE', *, *, #2216, .F. ) ;
#4015 = CARTESIAN_POINT ( 'NONE',  ( 5.349028848314499200, -0.3299217682215145300, 5.720078231780782100 ) ) ;
#4016 = CARTESIAN_POINT ( 'NONE',  ( -1.852161120043707400, 5.308977857911811400, 5.990856735486523200 ) ) ;
#4017 = CARTESIAN_POINT ( 'NONE',  ( -9.231327786710357600, 3.871378562817414000, 2.839141604523054000 ) ) ;
#4018 = CARTESIAN_POINT ( 'NONE',  ( 4.781857558871279500, -2.277619529339874700, 2.133379675925013000 ) ) ;
#4019 = CARTESIAN_POINT ( 'NONE',  ( 6.621914875055269400, 2.855713803993445800, 2.612414249184341000 ) ) ;
#4020 = CARTESIAN_POINT ( 'NONE',  ( 3.944760240409293400, 9.768213803993425900, 2.742530600695057200 ) ) ;
#4021 = CARTESIAN_POINT ( 'NONE',  ( 10.16450554662292800, 6.905980968331821400, 3.358686567471578700 ) ) ;
#4022 = CARTESIAN_POINT ( 'NONE',  ( 6.140727072607993400, 4.809880470660103500, 5.665399658089311800 ) ) ;
#4023 = CARTESIAN_POINT ( 'NONE',  ( -14.74382778671034300, 6.840443814239312000, 2.119429949669283400 ) ) ;
#4024 = CARTESIAN_POINT ( 'NONE',  ( -0.8042551924940104500, 4.394133853252569100, 5.551470291522853100 ) ) ;
#4025 = CARTESIAN_POINT ( 'NONE',  ( 5.188619435515718700, -4.698452862673206300, 5.975611840433584700 ) ) ;
#4026 = CARTESIAN_POINT ( 'NONE',  ( -11.41882778671035200, 6.758384208523724900, 4.896958519548594100 ) ) ;
#4027 = CARTESIAN_POINT ( 'NONE',  ( 3.427005546622942800, 4.541600469937070500, 1.898856579357690400 ) ) ;
#4028 = CARTESIAN_POINT ( 'NONE',  ( 4.302099511292409400, -1.546358790222913400, 5.481564854859236400 ) ) ;
#4029 = CARTESIAN_POINT ( 'NONE',  ( -4.681327786710369300, 4.241615791476277800, 3.103041480451419300 ) ) ;
#4030 = CARTESIAN_POINT ( 'NONE',  ( 4.859272927391985200, 12.15988047066008300, 2.334600341910640300 ) ) ;
#4031 = FACE_OUTER_BOUND ( 'NONE', #5301, .T. ) ;
#4032 = FACE_OUTER_BOUND ( 'NONE', #1887, .T. ) ;
#4033 = ADVANCED_FACE ( 'NONE', ( #6701 ), #2910, .F. ) ;
#4034 = EDGE_CURVE ( 'NONE', #5828, #3668, #4116, .T. ) ;
#4035 = CARTESIAN_POINT ( 'NONE',  ( 3.218759944222878900, 2.039047137326778400, 3.640448694549155200 ) ) ;
#4036 = CARTESIAN_POINT ( 'NONE',  ( 2.114505546622947700, 7.319643579270779000, 3.170001659990439300 ) ) ;
#4037 = CARTESIAN_POINT ( 'NONE',  ( -8.997994453377025100, 7.319643579270779000, 3.170001659990440600 ) ) ;
#4038 = CARTESIAN_POINT ( 'NONE',  ( 4.057721588640705000, 1.047380470660115500, 4.554885921770946300 ) ) ;
#4039 = PERSON_AND_ORGANIZATION ( #2596, #402 ) ;
#4040 = CYLINDRICAL_SURFACE ( 'NONE', #2576, 1.999999999999999600 ) ;
#4041 = CARTESIAN_POINT ( 'NONE',  ( 5.740593901223623300, -17.38595286267317500, 2.473507295547493300 ) ) ;
#4042 = CARTESIAN_POINT ( 'NONE',  ( 7.539505546622932800, 6.240524965810419800, 5.623486981083738500 ) ) ;
#4043 = CARTESIAN_POINT ( 'NONE',  ( 5.740593901223628700, 7.901547137326763200, 2.473507295547490600 ) ) ;
#4044 = FACE_OUTER_BOUND ( 'NONE', #2225, .T. ) ;
#4045 = CARTESIAN_POINT ( 'NONE',  ( 13.83950554662291700, 4.541600469937070500, 1.898856579357689000 ) ) ;
#4046 = CARTESIAN_POINT ( 'NONE',  ( 14.74367221328958000, 4.464281514573391600, 5.453056923070295900 ) ) ;
#4047 = AXIS2_PLACEMENT_3D ( 'NONE', #1295, #5992, #4928 ) ;
#4048 = B_SPLINE_CURVE_WITH_KNOTS ( 'NONE', 3,
 ( #5108, #4627, #3607, #3054, #3544, #4646, #3623, #3115, #511, #3096, #2062, #469, #5189, #1563, #2083, #6169, #5669, #6664, #4069, #2573, #4583, #4136, #1040, #5127, #979, #5688, #1500, #6209, #3567, #5644, #8, #2553 ),
 .UNSPECIFIED., .F., .F.,
 ( 4, 2, 2, 2, 2, 2, 2, 2, 2, 2, 2, 2, 2, 2, 2, 4 ),
 ( 0.001415463325508583500, 0.001775974808732546500, 0.002136486291956509300, 0.002496997775180472300, 0.002857509258404435300, 0.003578532224852362100, 0.003939043708076325600, 0.004299555191300289000, 0.004660066674524252500, 0.005020578157748215900, 0.005381089640972179300, 0.005741601124196142800, 0.006102112607420106200, 0.006462624090644069700, 0.006823135573868034000, 0.007183647057091996500 ),
 .UNSPECIFIED. ) ;
#4049 = CARTESIAN_POINT ( 'NONE',  ( 3.849999999999996500, -2.500000000000003600, 4.000000000000000000 ) ) ;
#4050 = CARTESIAN_POINT ( 'NONE',  ( 4.670760536595701700, -2.890119529339878500, 1.844612506840961800 ) ) ;
#4051 = CARTESIAN_POINT ( 'NONE',  ( -10.83549445337702200, 6.905980968331821400, 3.358686567471580900 ) ) ;
#4052 = CYLINDRICAL_SURFACE ( 'NONE', #1411, 2.000000000000000000 ) ;
#4053 = CARTESIAN_POINT ( 'NONE',  ( 8.093672213289597300, 4.159556185760689800, 5.880570050330727700 ) ) ;
#4054 = CARTESIAN_POINT ( 'NONE',  ( -0.2851738385113095600, 6.207173633858925400, 5.623599246140560800 ) ) ;
#4055 = CARTESIAN_POINT ( 'NONE',  ( -2.347994453377041600, 6.905980968331821400, 3.358686567471579600 ) ) ;
#4056 = DIRECTION ( 'NONE',  ( 0.0000000000000000000, 0.0000000000000000000, 1.000000000000000000 ) ) ;
#4057 = CARTESIAN_POINT ( 'NONE',  ( 4.670760536595699900, -16.97761952933984400, 1.844612506840963300 ) ) ;
#4058 = ORIENTED_EDGE ( 'NONE', *, *, #3121, .F. ) ;
#4059 = CARTESIAN_POINT ( 'NONE',  ( 7.781240055777098000, 2.389047137326777200, 4.359551305450797700 ) ) ;
#4060 = CARTESIAN_POINT ( 'NONE',  ( 4.389505546622942200, 6.458399530062931300, 6.101143420642317800 ) ) ;
#4061 = CARTESIAN_POINT ( 'NONE',  ( -11.33132778671035200, 3.871378562817414000, 2.839141604523054000 ) ) ;
#4062 = CARTESIAN_POINT ( 'NONE',  ( 6.140727072607993400, -0.1776195293398822900, 5.665399658089312700 ) ) ;
#4063 = CARTESIAN_POINT ( 'NONE',  ( 6.942278411359267500, -16.10261952933984400, 3.445114078229011100 ) ) ;
#4064 = CARTESIAN_POINT ( 'NONE',  ( 6.140727072607989900, -11.99011952933985400, 5.665399658089315300 ) ) ;
#4065 = CARTESIAN_POINT ( 'NONE',  ( 8.239505546622929400, 6.240524965810419800, 5.623486981083736700 ) ) ;
#4066 = CARTESIAN_POINT ( 'NONE',  ( 6.701684510135634400, 8.368213803993427300, 4.971606782681493400 ) ) ;
#4067 = CARTESIAN_POINT ( 'NONE',  ( -15.09382778671034400, 4.159556185760689800, 5.880570050330731200 ) ) ;
#4068 = ADVANCED_FACE ( 'NONE', ( #5648 ), #2501, .F. ) ;
#4069 = CARTESIAN_POINT ( 'NONE',  ( 7.250275069207979200, -0.2325304251820060300, 4.504251786272875300 ) ) ;
#4070 = CARTESIAN_POINT ( 'NONE',  ( 3.944760240409290700, -4.231786196006540400, 2.742530600695058900 ) ) ;
#4071 = CARTESIAN_POINT ( 'NONE',  ( -9.493827786710358700, 6.535718485426611000, 2.546943076929713900 ) ) ;
#4072 = CARTESIAN_POINT ( 'NONE',  ( 6.985338879956268300, 5.691022142088190300, 2.009143264513485700 ) ) ;
#4073 = EDGE_CURVE ( 'NONE', #4528, #1709, #2849, .T. ) ;
#4074 = CARTESIAN_POINT ( 'NONE',  ( -0.3917337142600822400, 5.842426312431515000, 6.042040964195511100 ) ) ;
#4075 = CARTESIAN_POINT ( 'NONE',  ( -0.07299445337704789400, 6.240524965810419800, 5.623486981083739300 ) ) ;
#4076 = ORIENTED_EDGE ( 'NONE', *, *, #5285, .T. ) ;
#4077 = CARTESIAN_POINT ( 'NONE',  ( -2.449999999999996600, 3.812349974365525800, 5.073236875520014300 ) ) ;
#4078 = CARTESIAN_POINT ( 'NONE',  ( 3.218759944222875800, -13.36095286267318400, 3.640448694549157400 ) ) ;
#4079 = CARTESIAN_POINT ( 'NONE',  ( 4.047999407627165700, 2.155713803993444700, 5.795836187708173000 ) ) ;
#4080 = CARTESIAN_POINT ( 'NONE',  ( 2.989505546622944500, 6.458399530062931300, 6.101143420642317800 ) ) ;
#4081 = CARTESIAN_POINT ( 'NONE',  ( -12.43966112004368300, 7.798843344302243400, 4.220573370311598200 ) ) ;
#4082 = CARTESIAN_POINT ( 'NONE',  ( 5.188619435515691200, -1.985952862673211500, 5.975611840433579400 ) ) ;
#4083 = CARTESIAN_POINT ( 'NONE',  ( 3.737358052336703400, 1.689047137326779900, 3.722186092726277100 ) ) ;
#4084 = CARTESIAN_POINT ( 'NONE',  ( 4.378085124944703900, -16.39428619600651200, 5.387585750815615500 ) ) ;
#4085 = CARTESIAN_POINT ( 'NONE',  ( 4.057721588640702300, -12.86511952933985200, 4.554885921770947200 ) ) ;
#4086 = CARTESIAN_POINT ( 'NONE',  ( 6.621914875055270300, 7.143213803993431200, 2.612414249184340100 ) ) ;
#4087 = CARTESIAN_POINT ( 'NONE',  ( 14.24783887995625000, 5.308977857911811400, 5.990856735486521400 ) ) ;
#4088 = CARTESIAN_POINT ( 'NONE',  ( 14.10200554662291400, 4.094019031668182200, 4.641313432528429300 ) ) ;
#4089 = CARTESIAN_POINT ( 'NONE',  ( 5.184634574474175700, -0.4000000000000116800, 2.380418372423608500 ) ) ;
#4090 = ORIENTED_EDGE ( 'NONE', *, *, #213, .F. ) ;
#4091 = CARTESIAN_POINT ( 'NONE',  ( 5.811380564484256400, -2.948452862673211200, 2.024388159566371700 ) ) ;
#4092 = CARTESIAN_POINT ( 'NONE',  ( -4.885494453377035900, 4.094019031668182200, 4.641313432528432000 ) ) ;
#4093 = AXIS2_PLACEMENT_3D ( 'NONE', #5915, #2822, #6440 ) ;
#4094 = ORIENTED_EDGE ( 'NONE', *, *, #5392, .F. ) ;
#4095 = CARTESIAN_POINT ( 'NONE',  ( 7.568672213289599600, 3.871378562817414000, 2.839141604523051800 ) ) ;
#4096 = CARTESIAN_POINT ( 'NONE',  ( -1.064661120043710800, 5.647596759808096500, 2.461728047922991700 ) ) ;
#4097 = CARTESIAN_POINT ( 'NONE',  ( 14.61450554662299000, 5.500000000000001800, 4.000000000000003600 ) ) ;
#4098 = CARTESIAN_POINT ( 'NONE',  ( 7.055239759590681300, -15.16928619600651400, 5.257469399304897100 ) ) ;
#4099 = EDGE_CURVE ( 'NONE', #1097, #4777, #3070, .T. ) ;
#4100 = CARTESIAN_POINT ( 'NONE',  ( 4.781857558871265300, -1.577619529339876000, 2.133379675925025900 ) ) ;
#4101 = ADVANCED_FACE ( 'NONE', ( #638 ), #67, .F. ) ;
#4102 = CARTESIAN_POINT ( 'NONE',  ( 3.633379675925022300, 2.097380470660111100, 4.718142441128664500 ) ) ;
#4103 = CARTESIAN_POINT ( 'NONE',  ( 2.814505546622946500, 7.319643579270779000, 3.170001659990438800 ) ) ;
#4104 = CARTESIAN_POINT ( 'NONE',  ( -10.04799445337702000, 3.680356420729224100, 4.829998340009572300 ) ) ;
#4105 = CARTESIAN_POINT ( 'NONE',  ( 6.464884892116709000, -2.100000000000002300, 5.338468208425185300 ) ) ;
#4106 = CARTESIAN_POINT ( 'NONE',  ( 6.701684510135633500, 5.480713803993436000, 4.971606782681494300 ) ) ;
#4107 = CARTESIAN_POINT ( 'NONE',  ( 4.859272927391979900, -17.32761952933984200, 2.334600341910643800 ) ) ;
#4108 = CARTESIAN_POINT ( 'NONE',  ( 5.740593901223623300, -13.79845286267318400, 2.473507295547493300 ) ) ;
#4109 = CARTESIAN_POINT ( 'NONE',  ( 3.737358052336704700, 8.076547137326764800, 3.722186092726276200 ) ) ;
#4110 = CARTESIAN_POINT ( 'NONE',  ( 15.29783887995624700, 5.691022142088190300, 2.009143264513484400 ) ) ;
#4111 = CARTESIAN_POINT ( 'NONE',  ( -11.30216112004368500, 5.691022142088190300, 2.009143264513487500 ) ) ;
#4112 = CARTESIAN_POINT ( 'NONE',  ( -2.143827786710376300, 6.840443814239296900, 2.119429949669272300 ) ) ;
#4113 = CARTESIAN_POINT ( 'NONE',  ( 5.811380564484256400, -1.548452862673214600, 2.024388159566371700 ) ) ;
#4114 = CARTESIAN_POINT ( 'NONE',  ( -5.877161120043703100, 7.276243451237029100, 4.170430058013447900 ) ) ;
#4115 = COORDINATED_UNIVERSAL_TIME_OFFSET ( 6, 0, .BEHIND. ) ;
#4116 = LINE ( 'NONE', #4012, #473 ) ;
#4117 = CARTESIAN_POINT ( 'NONE',  ( 8.560338879956262300, 7.798843344302243400, 4.220573370311595500 ) ) ;
#4118 = CARTESIAN_POINT ( 'NONE',  ( -1.356327786710379600, 6.840443814239296900, 2.119429949669271500 ) ) ;
#4119 = CARTESIAN_POINT ( 'NONE',  ( 1.502005546622948900, 4.094019031668182200, 4.641313432528431100 ) ) ;
#4120 = DIRECTION ( 'NONE',  ( 2.220446049250312600E-016, 1.000000000000000000, -0.0000000000000000000 ) ) ;
#4121 = CARTESIAN_POINT ( 'NONE',  ( 6.952000592372807700, -15.69428619600651100, 2.204163812291783500 ) ) ;
#4122 = DIRECTION ( 'NONE',  ( -1.000000000000000000, 0.0000000000000000000, 0.0000000000000000000 ) ) ;
#4123 = CARTESIAN_POINT ( 'NONE',  ( 3.633379675925022300, 1.397380470660115200, 4.718142441128664500 ) ) ;
#4124 = CARTESIAN_POINT ( 'NONE',  ( 2.406172213289614200, 4.159556185760689800, 5.880570050330728500 ) ) ;
#4125 = CARTESIAN_POINT ( 'NONE',  ( -5.497994453377034900, 7.319643579270779000, 3.170001659990440100 ) ) ;
#4126 = CARTESIAN_POINT ( 'NONE',  ( -2.289661120043710700, 3.201156655697752700, 3.779426629688475500 ) ) ;
#4127 = CARTESIAN_POINT ( 'NONE',  ( -16.28966112004367200, 7.276243451237029100, 4.170430058013448800 ) ) ;
#4128 = ORIENTED_EDGE ( 'NONE', *, *, #535, .F. ) ;
#4129 = CARTESIAN_POINT ( 'NONE',  ( 5.259406098776350900, 6.064047137326767300, 5.526492704452462800 ) ) ;
#4130 = CARTESIAN_POINT ( 'NONE',  ( 7.262641947663269100, -16.16095286267318100, 4.277813907273678500 ) ) ;
#4131 = CARTESIAN_POINT ( 'NONE',  ( 4.859272927391981700, -9.540119529339861500, 2.334600341910642900 ) ) ;
#4132 = CARTESIAN_POINT ( 'NONE',  ( 3.737358052336705100, 10.87654713732675700, 3.722186092726276200 ) ) ;
#4133 = VERTEX_POINT ( 'NONE', #2624 ) ;
#4134 = CARTESIAN_POINT ( 'NONE',  ( -10.54382778671035400, 6.840443814239312000, 2.119429949669283000 ) ) ;
#4135 = ORIENTED_EDGE ( 'NONE', *, *, #4206, .F. ) ;
#4136 = CARTESIAN_POINT ( 'NONE',  ( 6.969793776283419000, -0.2560875509632500300, 5.035459616763681400 ) ) ;
#4137 = CARTESIAN_POINT ( 'NONE',  ( 3.944760240409291600, -0.7317861960065494800, 2.742530600695058100 ) ) ;
#4138 = CARTESIAN_POINT ( 'NONE',  ( -6.577161120043697000, 7.276243451237029100, 4.170430058013447900 ) ) ;
#4139 = EDGE_CURVE ( 'NONE', #869, #5700, #5415, .T. ) ;
#4140 = CARTESIAN_POINT ( 'NONE',  ( 7.685338879956267600, 5.691022142088190300, 2.009143264513485200 ) ) ;
#4141 = CARTESIAN_POINT ( 'NONE',  ( 5.188619435515705400, -1.285952862673214000, 5.975611840433582100 ) ) ;
#4142 = CARTESIAN_POINT ( 'NONE',  ( -1.239661120043711500, 3.723756548762971400, 3.829569941986564500 ) ) ;
#4143 = CARTESIAN_POINT ( 'NONE',  ( -0.06699731766613326000, 4.616878680021372400, 2.220790704688651000 ) ) ;
#4144 = CARTESIAN_POINT ( 'NONE',  ( 5.811380564484253800, -14.23595286267318200, 2.024388159566373100 ) ) ;
#4145 = CARTESIAN_POINT ( 'NONE',  ( 0.0000000000000000000, 0.0000000000000000000, 8.000000000000000000 ) ) ;
#4146 = CARTESIAN_POINT ( 'NONE',  ( 5.188619435515720500, 6.414047137326766900, 5.975611840433583000 ) ) ;
#4147 = PRODUCT_RELATED_PRODUCT_CATEGORY ( 'detail', '', ( #5148 ) ) ;
#4148 = CARTESIAN_POINT ( 'NONE',  ( 7.306172213289599400, 4.159556185760689800, 5.880570050330727700 ) ) ;
#4149 = CARTESIAN_POINT ( 'NONE',  ( -8.297994453377025800, 7.319643579270779000, 3.170001659990440100 ) ) ;
#4150 = CARTESIAN_POINT ( 'NONE',  ( -14.77299445337700900, 6.240524965810419800, 5.623486981083741100 ) ) ;
#4151 = CARTESIAN_POINT ( 'NONE',  ( 6.942278411359272800, 6.297380470660103300, 3.445114078229008400 ) ) ;
#4152 = CARTESIAN_POINT ( 'NONE',  ( 6.942278411359267500, -14.00261952933985100, 3.445114078229010600 ) ) ;
#4153 = CARTESIAN_POINT ( 'NONE',  ( 5.740593901223625100, -7.498452862673199000, 2.473507295547492400 ) ) ;
#4154 = EDGE_LOOP ( 'NONE', ( #6342, #3834, #4476, #5016 ) ) ;
#4155 = CARTESIAN_POINT ( 'NONE',  ( 5.740593901223629600, 10.00154713732676000, 2.473507295547490200 ) ) ;
#4156 = CARTESIAN_POINT ( 'NONE',  ( -11.47716112004368600, 3.201156655697758900, 3.779426629688415600 ) ) ;
#4157 = CARTESIAN_POINT ( 'NONE',  ( -2.202161120043706800, 5.691022142088170800, 2.009143264513484800 ) ) ;
#4158 = CARTESIAN_POINT ( 'NONE',  ( 4.670760536595702600, 1.309880470660115300, 1.844612506840960900 ) ) ;
#4159 = ORIENTED_EDGE ( 'NONE', *, *, #792, .F. ) ;
#4160 = CARTESIAN_POINT ( 'NONE',  ( -5.643827786710367000, 4.464281514573391600, 5.453056923070297700 ) ) ;
#4161 = CARTESIAN_POINT ( 'NONE',  ( 12.46867221328958700, 3.871378562817414000, 2.839141604523051300 ) ) ;
#4162 = EDGE_CURVE ( 'NONE', #4002, #3265, #4457, .T. ) ;
#4163 = CARTESIAN_POINT ( 'NONE',  ( 6.952000592372860900, -0.2942861960065484300, 2.204163812291822600 ) ) ;
#4164 = CARTESIAN_POINT ( 'NONE',  ( 0.3936722132896207100, 6.535718485426611000, 2.546943076929712100 ) ) ;
#4165 = CARTESIAN_POINT ( 'NONE',  ( -0.07793487843109224400, 6.168385007419265900, 2.054946096763284700 ) ) ;
#4166 = CARTESIAN_POINT ( 'NONE',  ( 7.055239759590681300, -13.76928619600651700, 5.257469399304897100 ) ) ;
#4167 = CARTESIAN_POINT ( 'NONE',  ( 3.944760240409287200, -17.53178619600650700, 2.742530600695060300 ) ) ;
#4168 =( BOUNDED_CURVE ( )  B_SPLINE_CURVE ( 2, ( #408, #871, #5535, #2989, #2922, #4024, #4521, #1931, #2967 ),
 .UNSPECIFIED., .F., .F. ) 
 B_SPLINE_CURVE_WITH_KNOTS ( ( 3, 2, 2, 2, 3 ),
 ( 0.4929426580280538200, 0.4962962962962963500, 0.5000000000000000000, 0.5037037037037037600, 0.5040537691391648900 ),
 .UNSPECIFIED. ) 
 CURVE ( )  GEOMETRIC_REPRESENTATION_ITEM ( )  RATIONAL_B_SPLINE_CURVE ( ( 0.9770678153906076100, 0.8786883701329731800, 1.000000000000000000, 0.8660254037844387100, 1.000000000000000000, 0.8660254037844387100, 1.000000000000000000, 0.9873370336514690800, 0.9770678153906133800 ) ) 
 REPRESENTATION_ITEM ( '' )  );
#4169 = CARTESIAN_POINT ( 'NONE',  ( 3.944760240409292500, 4.080713803993441000, 2.742530600695057600 ) ) ;
#4170 = ORIENTED_EDGE ( 'NONE', *, *, #1267, .F. ) ;
#4171 = CARTESIAN_POINT ( 'NONE',  ( 7.714505546622934400, 7.319643579270779000, 3.170001659990438400 ) ) ;
#4172 = CARTESIAN_POINT ( 'NONE',  ( -7.247994453377029500, 3.680356420729224100, 4.829998340009572300 ) ) ;
#4173 = CARTESIAN_POINT ( 'NONE',  ( -14.13132778671034600, 6.758384208523724900, 4.896958519548594100 ) ) ;
#4174 = CARTESIAN_POINT ( 'NONE',  ( 7.262641947663274400, 6.239047137326768000, 4.277813907273675800 ) ) ;
#4175 = ORIENTED_EDGE ( 'NONE', *, *, #1402, .F. ) ;
#4176 = AXIS2_PLACEMENT_3D ( 'NONE', #5000, #6542, #3440 ) ;
#4177 = CARTESIAN_POINT ( 'NONE',  ( 5.740593901223624200, -13.18595286267318500, 2.473507295547493300 ) ) ;
#4178 = CARTESIAN_POINT ( 'NONE',  ( 4.057721588640703200, -7.965119529339864900, 4.554885921770946300 ) ) ;
#4179 = CARTESIAN_POINT ( 'NONE',  ( 5.740593901223629600, 10.70154713732675900, 2.473507295547489700 ) ) ;
#4180 = CARTESIAN_POINT ( 'NONE',  ( 8.939505546622930500, 6.240524965810419800, 5.623486981083736700 ) ) ;
#4181 = CARTESIAN_POINT ( 'NONE',  ( -12.11882778671035000, 3.871378562817414000, 2.839141604523054000 ) ) ;
#4182 = CARTESIAN_POINT ( 'NONE',  ( 7.055239759590656400, -1.081786196006545600, 5.257469399304930000 ) ) ;
#4183 = CARTESIAN_POINT ( 'NONE',  ( 6.140727072607989900, -10.67761952933985900, 5.665399658089314400 ) ) ;
#4184 = CARTESIAN_POINT ( 'NONE',  ( 3.633379675925021400, -1.315119529339882700, 4.718142441128665400 ) ) ;
#4185 = CARTESIAN_POINT ( 'NONE',  ( -5.818827786710367700, 6.758384208523724900, 4.896958519548593200 ) ) ;
#4186 = AXIS2_PLACEMENT_3D ( 'NONE', #2156, #5266, #4211 ) ;
#4187 = CARTESIAN_POINT ( 'NONE',  ( 11.36033887995625600, 7.798843344302243400, 4.220573370311594600 ) ) ;
#4188 = CARTESIAN_POINT ( 'NONE',  ( 4.781857558871265300, -1.577619529339876000, 2.133379675925025900 ) ) ;
#4189 = CARTESIAN_POINT ( 'NONE',  ( 3.777005546622941500, 4.759475034189582800, 2.376513018916271300 ) ) ;
#4190 = CARTESIAN_POINT ( 'NONE',  ( 6.952000592372809400, -8.694286196006530100, 2.204163812291782600 ) ) ;
#4191 = DIRECTION ( 'NONE',  ( -0.0000000000000000000, 0.0000000000000000000, 1.000000000000000000 ) ) ;
#4192 = CARTESIAN_POINT ( 'NONE',  ( 6.329239463404274300, 4.372380470660106200, 6.155387493158992900 ) ) ;
#4193 = CARTESIAN_POINT ( 'NONE',  ( 8.239505546622929400, 4.541600469937070500, 1.898856579357689500 ) ) ;
#4194 = CARTESIAN_POINT ( 'NONE',  ( -8.006327786710359700, 4.159556185760689800, 5.880570050330730300 ) ) ;
#4195 = CARTESIAN_POINT ( 'NONE',  ( -15.06466112004367700, 5.647596759808096500, 2.461728047922993500 ) ) ;
#4196 = VECTOR ( 'NONE', #3811, 1000.000000000000000 ) ;
#4197 = CARTESIAN_POINT ( 'NONE',  ( 4.057721588640705900, 3.847380470660108900, 4.554885921770945400 ) ) ;
#4198 = CARTESIAN_POINT ( 'NONE',  ( 6.701684510135629000, -12.71928619600652000, 4.971606782681496000 ) ) ;
#4199 = CARTESIAN_POINT ( 'NONE',  ( 5.259406098776347300, -8.548452862673196200, 5.526492704452464500 ) ) ;
#4200 = CARTESIAN_POINT ( 'NONE',  ( 5.259406098776351800, 10.35154713732675600, 5.526492704452461900 ) ) ;
#4201 = CARTESIAN_POINT ( 'NONE',  ( 10.39783887995626100, 5.352403240191906200, 5.538271952077017200 ) ) ;
#4202 = CARTESIAN_POINT ( 'NONE',  ( -13.86882778671034400, 7.128621437182588700, 5.160858395476958900 ) ) ;
#4203 = PERSON_AND_ORGANIZATION ( #2596, #402 ) ;
#4204 = LINE ( 'NONE', #5004, #2263 ) ;
#4205 = CARTESIAN_POINT ( 'NONE',  ( -1.977196587262150900, 4.649843164376926900, 2.350000000000024500 ) ) ;
#4206 = EDGE_CURVE ( 'NONE', #2798, #1012, #2663, .T. ) ;
#4207 = CARTESIAN_POINT ( 'NONE',  ( 6.942278411359269300, -8.402619529339864000, 3.445114078229010200 ) ) ;
#4208 = CARTESIAN_POINT ( 'NONE',  ( 7.781240055777098000, 0.3765471373267799700, 4.359551305450797700 ) ) ;
#4209 = CARTESIAN_POINT ( 'NONE',  ( -2.260494453377042100, 6.240524965810419800, 5.623486981083739300 ) ) ;
#4210 = CARTESIAN_POINT ( 'NONE',  ( 10.25200554662292200, 3.680356420729224100, 4.829998340009569600 ) ) ;
#4211 = DIRECTION ( 'NONE',  ( 1.000000000000000000, 0.0000000000000000000, 0.0000000000000000000 ) ) ;
#4212 = CARTESIAN_POINT ( 'NONE',  ( 3.310338879956276500, 7.276243451237029100, 4.170430058013445200 ) ) ;
#4213 = CARTESIAN_POINT ( 'NONE',  ( -0.1292337142600806800, 5.157573687568525000, 1.957959035804497400 ) ) ;
#4214 = CARTESIAN_POINT ( 'NONE',  ( 4.047999407627162100, -11.14428619600652200, 5.795836187708173900 ) ) ;
#4215 = CARTESIAN_POINT ( 'NONE',  ( 5.188619435515716000, -13.09845286267318400, 5.975611840433584700 ) ) ;
#4216 = ORIENTED_EDGE ( 'NONE', *, *, #3341, .T. ) ;
#4217 = CARTESIAN_POINT ( 'NONE',  ( 5.188619435515720500, 4.314047137326772600, 5.975611840433583000 ) ) ;
#4218 = CIRCLE ( 'NONE', #6252, 2.000000000000000000 ) ;
#4219 = CARTESIAN_POINT ( 'NONE',  ( 6.139505546622934200, 4.541600469937070500, 1.898856579357689700 ) ) ;
#4220 = CARTESIAN_POINT ( 'NONE',  ( -5.731327786710366500, 3.871378562817414000, 2.839141604523053500 ) ) ;
#4221 = CARTESIAN_POINT ( 'NONE',  ( -13.48966112004368000, 7.276243451237029100, 4.170430058013448800 ) ) ;
#4222 = CARTESIAN_POINT ( 'NONE',  ( 4.859272927391985200, 9.972380470660093400, 2.334600341910640700 ) ) ;
#4223 = ORIENTED_EDGE ( 'NONE', *, *, #5799, .T. ) ;
#4224 = CARTESIAN_POINT ( 'NONE',  ( 5.259406098776347300, -7.848452862673197700, 5.526492704452464500 ) ) ;
#4225 = CARTESIAN_POINT ( 'NONE',  ( 14.18950554662291800, 4.759475034189582800, 2.376513018916269500 ) ) ;
#4226 = CARTESIAN_POINT ( 'NONE',  ( -7.452161120043694400, 5.308977857911811400, 5.990856735486525000 ) ) ;
#4227 = AXIS2_PLACEMENT_3D ( 'NONE', #6458, #2846, #5912 ) ;
#4228 = CARTESIAN_POINT ( 'NONE',  ( 7.149999999999987000, -1.994861590628000700, 4.000000000000008900 ) ) ;
#4229 = CARTESIAN_POINT ( 'NONE',  ( 14.59783887995625000, 5.691022142088190300, 2.009143264513484800 ) ) ;
#4230 = CARTESIAN_POINT ( 'NONE',  ( 6.621914875055266800, -11.14428619600652400, 2.612414249184342700 ) ) ;
#4231 = CARTESIAN_POINT ( 'NONE',  ( 7.055239759590685700, 5.218213803993434000, 5.257469399304895300 ) ) ;
#4232 = CARTESIAN_POINT ( 'NONE',  ( -2.493827786710376400, 6.535718485426611000, 2.546943076929713000 ) ) ;
#4233 = CARTESIAN_POINT ( 'NONE',  ( 10.48533887995625800, 5.691022142088190300, 2.009143264513485200 ) ) ;
#4234 = APPROVAL_ROLE ( '' ) ;
#4235 = CARTESIAN_POINT ( 'NONE',  ( 4.827005546622936900, 6.240524965810419800, 5.623486981083738500 ) ) ;
#4236 = CARTESIAN_POINT ( 'NONE',  ( -0.1844968290033529300, 3.920504024344681600, 4.999311808787910900 ) ) ;
#4237 = CARTESIAN_POINT ( 'NONE',  ( 4.670760536595700800, -9.977619529339858000, 1.844612506840962500 ) ) ;
#4238 = CARTESIAN_POINT ( 'NONE',  ( 7.781240055777093500, -13.62345286267318500, 4.359551305450800400 ) ) ;
#4239 = CARTESIAN_POINT ( 'NONE',  ( 3.944760240409292500, 4.780713803993440300, 2.742530600695057600 ) ) ;
#4240 = CARTESIAN_POINT ( 'NONE',  ( 7.539505546622932800, 4.541600469937070500, 1.898856579357689700 ) ) ;
#4241 = CARTESIAN_POINT ( 'NONE',  ( -3.981327786710371800, 7.128621437182588700, 5.160858395476958000 ) ) ;
#4242 = ORIENTED_EDGE ( 'NONE', *, *, #6213, .T. ) ;
#4243 = CARTESIAN_POINT ( 'NONE',  ( -12.67299445337701300, 6.240524965810419800, 5.623486981083740200 ) ) ;
#4244 = CARTESIAN_POINT ( 'NONE',  ( 6.140727072607994300, 10.32238047066009100, 5.665399658089311800 ) ) ;
#4245 = CARTESIAN_POINT ( 'NONE',  ( 6.701684510135630800, -5.631786196006537200, 4.971606782681495100 ) ) ;
#4246 = CARTESIAN_POINT ( 'NONE',  ( 12.84783887995625500, 5.647596759808096500, 2.461728047922989900 ) ) ;
#4247 = CARTESIAN_POINT ( 'NONE',  ( -10.07716112004368700, 3.201156655697758900, 3.779426629688415600 ) ) ;
#4248 = CARTESIAN_POINT ( 'NONE',  ( 3.849999999999988500, -0.9448615906279984600, 4.000000000000016000 ) ) ;
#4249 = DIRECTION ( 'NONE',  ( -1.000000000000000000, 0.0000000000000000000, 0.0000000000000000000 ) ) ;
#4250 = CARTESIAN_POINT ( 'NONE',  ( 7.149999999999989700, -0.5734574656293015500, 3.693547613018903800 ) ) ;
#4251 = CARTESIAN_POINT ( 'NONE',  ( 4.378085124944704800, -9.394286196006527600, 5.387585750815614600 ) ) ;
#4252 = CARTESIAN_POINT ( 'NONE',  ( 3.944760240409291600, 2.068213803993440800, 2.742530600695058100 ) ) ;
#4253 = CARTESIAN_POINT ( 'NONE',  ( -1.677161120043709500, 7.276243451237029100, 4.170430058013447000 ) ) ;
#4254 = CARTESIAN_POINT ( 'NONE',  ( 12.70200554662292300, 7.319643579270779000, 3.170001659990437900 ) ) ;
#4255 =( BOUNDED_CURVE ( )  B_SPLINE_CURVE ( 2, ( #4654, #1116, #5309, #2180, #5785, #4766, #107, #634, #5807 ),
 .UNSPECIFIED., .F., .T. ) 
 B_SPLINE_CURVE_WITH_KNOTS ( ( 3, 2, 2, 2, 3 ),
 ( 0.5098005633559790100, 0.5111111111111110700, 0.5148148148148148400, 0.5185185185185184900, 0.5209116744670899700 ),
 .UNSPECIFIED. ) 
 CURVE ( )  GEOMETRIC_REPRESENTATION_ITEM ( )  RATIONAL_B_SPLINE_CURVE ( ( 0.9387362140368922200, 0.9525933712949417000, 1.000000000000000000, 0.8660254037844387100, 1.000000000000000000, 0.8660254037844387100, 1.000000000000000000, 0.9134320324895036600, 0.9387362140368884500 ) ) 
 REPRESENTATION_ITEM ( '' )  );
#4256 = EDGE_CURVE ( 'NONE', #5048, #6269, #6653, .T. ) ;
#4257 = CARTESIAN_POINT ( 'NONE',  ( 6.110338879956268300, 7.276243451237029100, 4.170430058013445200 ) ) ;
#4258 = CARTESIAN_POINT ( 'NONE',  ( 7.366620324074951900, -10.85261952933985800, 3.281857558871291000 ) ) ;
#4259 = ORIENTED_EDGE ( 'NONE', *, *, #6089, .F. ) ;
#4260 = CARTESIAN_POINT ( 'NONE',  ( 6.329239463404269900, -16.54011952933984700, 6.155387493158995600 ) ) ;
#4261 = ORIENTED_EDGE ( 'NONE', *, *, #1267, .T. ) ;
#4262 = CARTESIAN_POINT ( 'NONE',  ( 4.670760536595703400, 8.922380470660094400, 1.844612506840960000 ) ) ;
#4263 = CARTESIAN_POINT ( 'NONE',  ( 10.63117221328959200, 7.128621437182588700, 5.160858395476956200 ) ) ;
#4264 = CARTESIAN_POINT ( 'NONE',  ( -2.114661120043709500, 5.691022142088190300, 2.009143264513486100 ) ) ;
#4265 = CARTESIAN_POINT ( 'NONE',  ( -10.63132778671035300, 6.758384208523724900, 4.896958519548594100 ) ) ;
#4266 = CARTESIAN_POINT ( 'NONE',  ( 4.298315489864346100, 8.630713803993428400, 3.028393217318457800 ) ) ;
#4267 = AXIS2_PLACEMENT_3D ( 'NONE', #6029, #1880, #3451 ) ;
#4268 = CARTESIAN_POINT ( 'NONE',  ( 4.859272927391982600, -3.940119529339875600, 2.334600341910642500 ) ) ;
#4269 = CARTESIAN_POINT ( 'NONE',  ( 13.43117221328958500, 4.241615791476277800, 3.103041480451416600 ) ) ;
#4270 = CARTESIAN_POINT ( 'NONE',  ( -8.852161120043691200, 5.308977857911811400, 5.990856735486525000 ) ) ;
#4271 = CARTESIAN_POINT ( 'NONE',  ( 1.250000000000000000, 0.0000000000000000000, 0.0000000000000000000 ) ) ;
#4272 = CARTESIAN_POINT ( 'NONE',  ( -2.029255192494007000, 4.156387314324367000, 3.042291823731519500 ) ) ;
#4273 = CARTESIAN_POINT ( 'NONE',  ( -0.4000000000000066800, 5.499999999999998200, 4.000000000000000000 ) ) ;
#4274 = CARTESIAN_POINT ( 'NONE',  ( 4.057721588640702300, -8.752619529339863600, 4.554885921770946300 ) ) ;
#4275 = CARTESIAN_POINT ( 'NONE',  ( 5.188619435515720500, 3.701547137326774500, 5.975611840433583000 ) ) ;
#4276 = CARTESIAN_POINT ( 'NONE',  ( -1.618827786710375500, 6.758384208523724900, 4.896958519548592300 ) ) ;
#4277 = CARTESIAN_POINT ( 'NONE',  ( -15.67716112004367600, 7.276243451237029100, 4.170430058013448800 ) ) ;
#4278 =( LENGTH_UNIT ( ) NAMED_UNIT ( * ) SI_UNIT ( .MILLI., .METRE. ) );
#4279 = CARTESIAN_POINT ( 'NONE',  ( 5.352005546622941700, 6.905980968331821400, 3.358686567471578700 ) ) ;
#4280 = CARTESIAN_POINT ( 'NONE',  ( -0.1977101600401286200, 4.142987014507789400, 5.265943919021419000 ) ) ;
#4281 = CARTESIAN_POINT ( 'NONE',  ( 5.811380564484254700, -9.335952862673194000, 2.024388159566372600 ) ) ;
#4282 = CARTESIAN_POINT ( 'NONE',  ( 5.188619435515716000, -13.79845286267318400, 5.975611840433584700 ) ) ;
#4283 = DIRECTION ( 'NONE',  ( -1.369518533665900100E-016, 1.000000000000000000, 0.0000000000000000000 ) ) ;
#4284 = CARTESIAN_POINT ( 'NONE',  ( 6.329239463404276100, 9.972380470660093400, 6.155387493158992000 ) ) ;
#4285 = CARTESIAN_POINT ( 'NONE',  ( 11.62283887995625500, 3.201156655697758900, 3.779426629688412900 ) ) ;
#4286 = CARTESIAN_POINT ( 'NONE',  ( -3.631327786710372200, 3.871378562817414000, 2.839141604523053100 ) ) ;
#4287 = DIRECTION ( 'NONE',  ( 1.000000000000000000, -0.0000000000000000000, -0.0000000000000000000 ) ) ;
#4288 = CARTESIAN_POINT ( 'NONE',  ( -9.697994453377020800, 4.094019031668182200, 4.641313432528432000 ) ) ;
#4289 = CARTESIAN_POINT ( 'NONE',  ( 6.942278411359272800, 8.397380470660097600, 3.445114078229007900 ) ) ;
#4290 = CARTESIAN_POINT ( 'NONE',  ( 6.140727072607991700, -4.990119529339873200, 5.665399658089312700 ) ) ;
#4291 = CARTESIAN_POINT ( 'NONE',  ( 13.13950554662292100, 6.240524965810419800, 5.623486981083736700 ) ) ;
#4292 = CARTESIAN_POINT ( 'NONE',  ( -8.093827786710361800, 4.159556185760689800, 5.880570050330730300 ) ) ;
#4293 = CIRCLE ( 'NONE', #6123, 2.050000000000009100 ) ;
#4294 = DIRECTION ( 'NONE',  ( -0.0000000000000000000, -1.000000000000000000, -0.0000000000000000000 ) ) ;
#4295 = EDGE_CURVE ( 'NONE', #2758, #3632, #1535, .T. ) ;
#4296 = CARTESIAN_POINT ( 'NONE',  ( 4.378085124944705700, -5.894286196006536500, 5.387585750815614600 ) ) ;
#4297 = CARTESIAN_POINT ( 'NONE',  ( 6.329239463404273500, 2.359880470660110900, 6.155387493158992900 ) ) ;
#4298 = CARTESIAN_POINT ( 'NONE',  ( -2.377161120043710200, 7.276243451237029100, 4.170430058013447000 ) ) ;
#4299 = ORIENTED_EDGE ( 'NONE', *, *, #603, .T. ) ;
#4300 = CARTESIAN_POINT ( 'NONE',  ( -15.85216112004367300, 5.647596759808096500, 2.461728047922993500 ) ) ;
#4301 = ORIENTED_EDGE ( 'NONE', *, *, #5232, .T. ) ;
#4302 = PERSON_AND_ORGANIZATION_ROLE ( 'design_supplier' ) ;
#4303 = CARTESIAN_POINT ( 'NONE',  ( 6.343672213289600000, 4.464281514573391600, 5.453056923070296800 ) ) ;
#4304 = CARTESIAN_POINT ( 'NONE',  ( 6.952000592372810300, -5.194286196006537200, 2.204163812291782200 ) ) ;
#4305 = CARTESIAN_POINT ( 'NONE',  ( 6.952000592372808500, -10.00678619600653000, 2.204163812291783000 ) ) ;
#4306 = CARTESIAN_POINT ( 'NONE',  ( 7.366620324074956400, 8.747380470660097300, 3.281857558871288800 ) ) ;
#4307 = CARTESIAN_POINT ( 'NONE',  ( 8.706172213289594500, 4.159556185760689800, 5.880570050330727700 ) ) ;
#4308 = CARTESIAN_POINT ( 'NONE',  ( -3.689661120043704800, 3.201156655697758900, 3.779426629688414300 ) ) ;
#4309 = CARTESIAN_POINT ( 'NONE',  ( 0.0000000000000000000, 1.250000000000000000, 8.000000000000000000 ) ) ;
#4310 = CARTESIAN_POINT ( 'NONE',  ( -10.51466112004368900, 5.352403240191906200, 5.538271952077018900 ) ) ;
#4311 = CARTESIAN_POINT ( 'NONE',  ( 6.942278411359273700, 11.89738047066008700, 3.445114078229007500 ) ) ;
#4312 = CARTESIAN_POINT ( 'NONE',  ( 4.378085124944706600, -5.806786196006537900, 5.387585750815614600 ) ) ;
#4313 = CARTESIAN_POINT ( 'NONE',  ( 12.67283887995625100, 3.723756548762971400, 3.829569941986563200 ) ) ;
#4314 = CARTESIAN_POINT ( 'NONE',  ( -7.568827786710362400, 7.128621437182588700, 5.160858395476958900 ) ) ;
#4315 = CARTESIAN_POINT ( 'NONE',  ( -0.9188277867103779000, 3.871378562817411300, 2.839141604523057100 ) ) ;
#4316 = CARTESIAN_POINT ( 'NONE',  ( 5.500000000000004400, -2.367273397792634300, 2.082726602207369400 ) ) ;
#4317 = CARTESIAN_POINT ( 'NONE',  ( 6.621914875055267700, -6.244286196006536100, 2.612414249184342300 ) ) ;
#4318 = CARTESIAN_POINT ( 'NONE',  ( 6.952000592372812100, 4.693213803993437200, 2.204163812291781300 ) ) ;
#4319 = EDGE_LOOP ( 'NONE', ( #6675, #613, #3079, #2200 ) ) ;
#4320 = CARTESIAN_POINT ( 'NONE',  ( 3.339505546622943300, 6.240524965810419800, 5.623486981083738500 ) ) ;
#4321 = CARTESIAN_POINT ( 'NONE',  ( 14.45200554662291700, 3.680356420729224100, 4.829998340009569600 ) ) ;
#4322 = CARTESIAN_POINT ( 'NONE',  ( 8.268672213289599800, 6.758384208523724900, 4.896958519548591400 ) ) ;
#4323 = CARTESIAN_POINT ( 'NONE',  ( 3.218759944222877600, -6.360952862673200600, 3.640448694549156500 ) ) ;
#4324 = VERTEX_POINT ( 'NONE', #2581 ) ;
#4325 = CARTESIAN_POINT ( 'NONE',  ( 7.781240055777094400, -9.423452862673196200, 4.359551305450800400 ) ) ;
#4326 = DIRECTION ( 'NONE',  ( -2.220446049250337700E-016, -1.000000000000000000, 1.224646799147324600E-016 ) ) ;
#4327 = CARTESIAN_POINT ( 'NONE',  ( 5.188619435515721400, 8.514047137326764800, 5.975611840433583000 ) ) ;
#4328 = CARTESIAN_POINT ( 'NONE',  ( 10.68950554662292500, 6.458399530062931300, 6.101143420642317800 ) ) ;
#4329 = CARTESIAN_POINT ( 'NONE',  ( -2.289661120043710700, 3.201156655697758900, 3.779426629688414300 ) ) ;
#4330 = CARTESIAN_POINT ( 'NONE',  ( -9.347994453377022900, 6.905980968331821400, 3.358686567471580500 ) ) ;
#4331 = CARTESIAN_POINT ( 'NONE',  ( 5.259406098776351800, 10.96404713732675500, 5.526492704452461900 ) ) ;
#4332 = CARTESIAN_POINT ( 'NONE',  ( 6.701684510135631700, -3.531786196006541100, 4.971606782681495100 ) ) ;
#4333 = ORIENTED_EDGE ( 'NONE', *, *, #2817, .T. ) ;
#4334 = CARTESIAN_POINT ( 'NONE',  ( -6.285494453377030900, 7.319643579270779000, 3.170001659990440100 ) ) ;
#4335 = CARTESIAN_POINT ( 'NONE',  ( -16.46466112004367200, 5.308977857911811400, 5.990856735486525000 ) ) ;
#4336 = ORIENTED_EDGE ( 'NONE', *, *, #3121, .T. ) ;
#4337 = CARTESIAN_POINT ( 'NONE',  ( -0.4000000000000066800, 5.499999999999998200, 2.349999999999999600 ) ) ;
#4338 = CARTESIAN_POINT ( 'NONE',  ( -2.099999999999996100, 5.499999999999998200, 4.000000000000000000 ) ) ;
#4339 = CARTESIAN_POINT ( 'NONE',  ( 6.140727072607990800, -7.177619529339867900, 5.665399658089314400 ) ) ;
#4340 = CARTESIAN_POINT ( 'NONE',  ( 3.944760240409293400, 9.068213803993426600, 2.742530600695057200 ) ) ;
#4341 = CARTESIAN_POINT ( 'NONE',  ( -0.2188277867103804500, 6.758384208523724900, 4.896958519548592300 ) ) ;
#4342 = CARTESIAN_POINT ( 'NONE',  ( 9.727005546622921300, 6.240524965810419800, 5.623486981083736700 ) ) ;
#4343 = CARTESIAN_POINT ( 'NONE',  ( 7.055239759590683100, -8.169286196006531500, 5.257469399304896200 ) ) ;
#4344 = CARTESIAN_POINT ( 'NONE',  ( 7.366620324074951900, -9.365119529339862600, 3.281857558871291000 ) ) ;
#4345 = CARTESIAN_POINT ( 'NONE',  ( -0.3824056956884006000, 4.438635494706400000, 2.708990274397444800 ) ) ;
#4346 = CARTESIAN_POINT ( 'NONE',  ( 7.366620324074955500, 8.047380470660098000, 3.281857558871288800 ) ) ;
#4347 = CARTESIAN_POINT ( 'NONE',  ( 8.822838879956263400, 3.201156655697758900, 3.779426629688412900 ) ) ;
#4348 = CARTESIAN_POINT ( 'NONE',  ( -0.2479944533770456200, 3.680356420729224100, 4.829998340009571400 ) ) ;
#4349 = DIRECTION ( 'NONE',  ( 0.0000000000000000000, 0.0000000000000000000, 1.000000000000000000 ) ) ;
#4350 = CARTESIAN_POINT ( 'NONE',  ( -12.38132778671034900, 4.241615791476277800, 3.103041480451420100 ) ) ;
#4351 = CARTESIAN_POINT ( 'NONE',  ( -2.141733714260077200, 5.157573687568519600, 1.957959035804504300 ) ) ;
#4352 = CARTESIAN_POINT ( 'NONE',  ( 7.262641947663273500, 0.02654713732678347700, 4.277813907273677600 ) ) ;
#4353 = CARTESIAN_POINT ( 'NONE',  ( 3.633379675925017400, -0.7026195293398824800, 4.718142441128653900 ) ) ;
#4354 = CARTESIAN_POINT ( 'NONE',  ( -6.110494453377032900, 6.458399530062931300, 6.101143420642320500 ) ) ;
#4355 = CIRCLE ( 'NONE', #6649, 1.650000000000000400 ) ;
#4356 = EDGE_CURVE ( 'NONE', #2680, #3982, #1778, .T. ) ;
#4357 = CARTESIAN_POINT ( 'NONE',  ( 5.259406098776345600, -16.94845286267317500, 5.526492704452465400 ) ) ;
#4358 = VECTOR ( 'NONE', #5541, 1000.000000000000000 ) ;
#4359 = CARTESIAN_POINT ( 'NONE',  ( 5.885722611078815400, -2.380396033591197100, 2.098839228837680700 ) ) ;
#4360 = CARTESIAN_POINT ( 'NONE',  ( -2.449999999999996600, 3.812349974365525800, 5.073236875520014300 ) ) ;
#4361 = CARTESIAN_POINT ( 'NONE',  ( 6.621914875055267700, -6.944286196006535400, 2.612414249184342300 ) ) ;
#4362 = CARTESIAN_POINT ( 'NONE',  ( 6.952000592372812100, 6.793213803993431600, 2.204163812291781300 ) ) ;
#4363 = CARTESIAN_POINT ( 'NONE',  ( 0.4811722132896170700, 6.758384208523724900, 4.896958519548592300 ) ) ;
#4364 = PRODUCT_DEFINITION ( 'UNKNOWN', '', #6263, #303 ) ;
#4365 = VECTOR ( 'NONE', #4326, 1000.000000000000000 ) ;
#4366 = CARTESIAN_POINT ( 'NONE',  ( 7.277005546622929100, 4.759475034189582800, 2.376513018916270900 ) ) ;
#4367 = CARTESIAN_POINT ( 'NONE',  ( 6.952000592372809400, -6.594286196006534000, 2.204163812291782600 ) ) ;
#4368 = CARTESIAN_POINT ( 'NONE',  ( 7.781240055777093500, -12.92345286267318700, 4.359551305450800400 ) ) ;
#4369 = CARTESIAN_POINT ( 'NONE',  ( 7.149999999999987900, -1.294861590628003400, 4.000000000000024900 ) ) ;
#4370 = CARTESIAN_POINT ( 'NONE',  ( 6.329239463404276100, 12.77238047066008900, 6.155387493158992000 ) ) ;
#4371 = CARTESIAN_POINT ( 'NONE',  ( 12.43950554662291800, 4.541600469937070500, 1.898856579357689000 ) ) ;
#4372 = CARTESIAN_POINT ( 'NONE',  ( -1.356327786710379600, 6.840443814239312000, 2.119429949669281700 ) ) ;
#4373 = CARTESIAN_POINT ( 'NONE',  ( 4.281698150459906300, -0.1463587902229163100, 2.325805363075959400 ) ) ;
#4374 = CARTESIAN_POINT ( 'NONE',  ( -6.956327786710364300, 4.464281514573391600, 5.453056923070299400 ) ) ;
#4375 = CARTESIAN_POINT ( 'NONE',  ( 6.140727072607994300, 11.02238047066008700, 5.665399658089310900 ) ) ;
#4376 = CARTESIAN_POINT ( 'NONE',  ( 3.218759944222878500, -1.460952862673211800, 3.640448694549156100 ) ) ;
#4377 = CARTESIAN_POINT ( 'NONE',  ( 5.740593901223626900, 0.2015471373267852000, 2.473507295547491500 ) ) ;
#4378 = EDGE_LOOP ( 'NONE', ( #1172, #6190, #3602, #6423 ) ) ;
#4379 = CYLINDRICAL_SURFACE ( 'NONE', #4606, 3.749999999999999600 ) ;
#4380 = DIRECTION ( 'NONE',  ( -2.220446049250337700E-016, -1.000000000000000000, 1.224646799147324600E-016 ) ) ;
#4381 = CARTESIAN_POINT ( 'NONE',  ( -4.827161120043703200, 7.798843344302243400, 4.220573370311596400 ) ) ;
#4382 = CARTESIAN_POINT ( 'NONE',  ( 6.942278411359266600, -17.41511952933984400, 3.445114078229011100 ) ) ;
#4383 = EDGE_CURVE ( 'NONE', #246, #1585, #4255, .T. ) ;
#4384 = CARTESIAN_POINT ( 'NONE',  ( 3.737358052336701600, -5.310952862673205200, 3.722186092726278000 ) ) ;
#4385 = CARTESIAN_POINT ( 'NONE',  ( 6.329239463404274300, 5.859880470660098900, 6.155387493158992900 ) ) ;
#4386 = CARTESIAN_POINT ( 'NONE',  ( 1.414505546622948100, 4.094019031668182200, 4.641313432528431100 ) ) ;
#4387 = CARTESIAN_POINT ( 'NONE',  ( 9.843672213289590200, 4.464281514573391600, 5.453056923070296800 ) ) ;
#4388 = CARTESIAN_POINT ( 'NONE',  ( 4.670760536595700800, -5.077619529339872700, 1.844612506840961800 ) ) ;
#4389 = CARTESIAN_POINT ( 'NONE',  ( 3.849999999999987200, -0.4939776007258665500, 3.416403773259990600 ) ) ;
#4390 = CARTESIAN_POINT ( 'NONE',  ( 6.329239463404270800, -10.94011952933985800, 6.155387493158995600 ) ) ;
#4391 = CARTESIAN_POINT ( 'NONE',  ( -14.80216112004367600, 5.352403240191906200, 5.538271952077019800 ) ) ;
#4392 = CARTESIAN_POINT ( 'NONE',  ( 1.035338879956278200, 5.308977857911811400, 5.990856735486523200 ) ) ;
#4393 = DIRECTION ( 'NONE',  ( 0.0000000000000000000, 0.0000000000000000000, -1.000000000000000000 ) ) ;
#4394 = CARTESIAN_POINT ( 'NONE',  ( -6.897994453377029900, 4.094019031668182200, 4.641313432528432000 ) ) ;
#4395 = CARTESIAN_POINT ( 'NONE',  ( 4.859272927391987000, 13.47238047066008300, 2.334600341910639800 ) ) ;
#4396 = CARTESIAN_POINT ( 'NONE',  ( 7.055239759590683900, -3.269286196006540500, 5.257469399304895300 ) ) ;
#4397 = CARTESIAN_POINT ( 'NONE',  ( 4.057721588640704100, -1.665119529339878800, 4.554885921770946300 ) ) ;
#4398 = EDGE_LOOP ( 'NONE', ( #2927, #4882, #6557, #5923 ) ) ;
#4399 = CARTESIAN_POINT ( 'NONE',  ( -2.785494453377038500, 7.319643579270779000, 3.170001659990439700 ) ) ;
#4400 = CARTESIAN_POINT ( 'NONE',  ( -1.470900380926744500, 6.843612685675634700, 4.957708176268490700 ) ) ;
#4401 = CARTESIAN_POINT ( 'NONE',  ( 5.259406098776345600, -15.54845286267317800, 5.526492704452465400 ) ) ;
#4402 = CARTESIAN_POINT ( 'NONE',  ( 7.055239759590647500, -1.781786196006546600, 5.257469399304941500 ) ) ;
#4403 = CARTESIAN_POINT ( 'NONE',  ( 4.585975699727415900, -2.183162065857663600, 5.491255495062248700 ) ) ;
#4404 = CARTESIAN_POINT ( 'NONE',  ( 4.298315489864343400, -2.569286196006544700, 3.028393217318459100 ) ) ;
#4405 = CARTESIAN_POINT ( 'NONE',  ( 6.329239463404274300, 8.659880470660095100, 6.155387493158992900 ) ) ;
#4406 = CARTESIAN_POINT ( 'NONE',  ( 2.989505546622944500, 4.759475034189582800, 2.376513018916271300 ) ) ;
#4407 = CARTESIAN_POINT ( 'NONE',  ( 12.41033887995625300, 7.276243451237029100, 4.170430058013445200 ) ) ;
#4408 = CARTESIAN_POINT ( 'NONE',  ( 3.218759944222878000, -3.560952862673210500, 3.640448694549156100 ) ) ;
#4409 = CARTESIAN_POINT ( 'NONE',  ( -1.995900380926745000, 4.394133853252570000, 5.551470291522854000 ) ) ;
#4410 = CARTESIAN_POINT ( 'NONE',  ( 7.781240055777096200, -6.623452862673202500, 4.359551305450800400 ) ) ;
#4411 = CARTESIAN_POINT ( 'NONE',  ( -11.59382778671035300, 6.535718485426611000, 2.546943076929713900 ) ) ;
#4412 = CARTESIAN_POINT ( 'NONE',  ( 0.2186722132896182200, 7.128621437182588700, 5.160858395476957100 ) ) ;
#4413 = CARTESIAN_POINT ( 'NONE',  ( 5.756888965699508800, -1.838025456889583100, 2.370120231642253800 ) ) ;
#4414 = CARTESIAN_POINT ( 'NONE',  ( -7.481327786710362900, 4.241615791476277800, 3.103041480451419300 ) ) ;
#4415 = CARTESIAN_POINT ( 'NONE',  ( 5.188619435515719600, -1.285952862673214000, 5.975611840433584700 ) ) ;
#4416 = CARTESIAN_POINT ( 'NONE',  ( 4.378085124944706600, -2.306786196006545400, 5.387585750815612900 ) ) ;
#4417 = ORIENTED_EDGE ( 'NONE', *, *, #6673, .F. ) ;
#4418 = EDGE_CURVE ( 'NONE', #3597, #5023, #3053, .T. ) ;
#4419 = DIRECTION ( 'NONE',  ( 0.0000000000000000000, -0.0000000000000000000, 1.000000000000000000 ) ) ;
#4420 = CARTESIAN_POINT ( 'NONE',  ( -4.652161120043700700, 5.308977857911811400, 5.990856735486524100 ) ) ;
#4421 = CARTESIAN_POINT ( 'NONE',  ( -13.37299445337701400, 4.541600469937070500, 1.898856579357692400 ) ) ;
#4422 = CARTESIAN_POINT ( 'NONE',  ( 6.701684510135628200, -16.83178619600651200, 4.971606782681496900 ) ) ;
#4423 = DIRECTION ( 'NONE',  ( 6.938893903907223400E-016, -1.000000000000000000, 0.0000000000000000000 ) ) ;
#4424 = CARTESIAN_POINT ( 'NONE',  ( 6.701684510135631700, -1.519286196006546000, 4.971606782681495100 ) ) ;
#4425 = CARTESIAN_POINT ( 'NONE',  ( 5.811380564484258200, 6.151547137326768500, 2.024388159566370900 ) ) ;
#4426 = CARTESIAN_POINT ( 'NONE',  ( 6.722838879956269900, 7.276243451237029100, 4.170430058013445200 ) ) ;
#4427 = CARTESIAN_POINT ( 'NONE',  ( 4.057721588640705900, 2.534880470660111100, 4.554885921770945400 ) ) ;
#4428 = CARTESIAN_POINT ( 'NONE',  ( 12.46867221328958700, 6.758384208523724900, 4.896958519548591400 ) ) ;
#4429 = CARTESIAN_POINT ( 'NONE',  ( 4.216927198337664600, -0.5297136017901786800, 2.962587745573420000 ) ) ;
#4430 = CARTESIAN_POINT ( 'NONE',  ( 4.670760536595700800, -5.690119529339871600, 1.844612506840962000 ) ) ;
#4431 = FACE_OUTER_BOUND ( 'NONE', #184, .T. ) ;
#4432 = CARTESIAN_POINT ( 'NONE',  ( -14.68549445337700900, 4.094019031668182200, 4.641313432528432900 ) ) ;
#4433 = CARTESIAN_POINT ( 'NONE',  ( -0.5225052893267890800, 5.499999999999963600, 2.350000000000004500 ) ) ;
#4434 = CARTESIAN_POINT ( 'NONE',  ( -0.6563277867103806100, 6.840443814239312000, 2.119429949669281700 ) ) ;
#4435 = CARTESIAN_POINT ( 'NONE',  ( -8.647994453377025400, 6.905980968331821400, 3.358686567471580500 ) ) ;
#4436 = CARTESIAN_POINT ( 'NONE',  ( 4.047999407627164800, -1.344286196006543800, 5.795836187708173000 ) ) ;
#4437 = AXIS2_PLACEMENT_3D ( 'NONE', #4273, #4737, #2264 ) ;
#4438 = CARTESIAN_POINT ( 'NONE',  ( 6.701684510135631700, -0.7317861960065494800, 4.971606782681495100 ) ) ;
#4439 = APPROVAL_PERSON_ORGANIZATION ( #4039, #1382, #6334 ) ;
#4440 = CYLINDRICAL_SURFACE ( 'NONE', #4689, 1.650000000000000400 ) ;
#4441 = CARTESIAN_POINT ( 'NONE',  ( -2.260494453377038100, 4.670001659990454400, 2.180356420729221900 ) ) ;
#4442 = CARTESIAN_POINT ( 'NONE',  ( -0.9188277867103796800, 3.871378562817414000, 2.839141604523053100 ) ) ;
#4443 = CARTESIAN_POINT ( 'NONE',  ( -15.35632778671034200, 6.840443814239312000, 2.119429949669283400 ) ) ;
#4444 = EDGE_CURVE ( 'NONE', #2305, #3313, #142, .T. ) ;
#4445 = CARTESIAN_POINT ( 'NONE',  ( 5.259406098776346500, -11.34845286267318800, 5.526492704452464500 ) ) ;
#4446 = CARTESIAN_POINT ( 'NONE',  ( 4.859272927391982600, -4.027619529339873800, 2.334600341910642500 ) ) ;
#4447 = CARTESIAN_POINT ( 'NONE',  ( 7.055239759590686600, 10.11821380399342200, 5.257469399304894400 ) ) ;
#4448 = CARTESIAN_POINT ( 'NONE',  ( 6.022838879956268900, 7.276243451237029100, 4.170430058013445200 ) ) ;
#4449 = CARTESIAN_POINT ( 'NONE',  ( 5.259406098776350900, 5.451547137326769200, 5.526492704452462800 ) ) ;
#4450 = ORIENTED_EDGE ( 'NONE', *, *, #6028, .T. ) ;
#4451 = CARTESIAN_POINT ( 'NONE',  ( 12.87700554662291600, 4.759475034189582800, 2.376513018916269500 ) ) ;
#4452 = CARTESIAN_POINT ( 'NONE',  ( 7.201694782997557300, -2.252227190166622000, 3.373302089956453600 ) ) ;
#4453 = CARTESIAN_POINT ( 'NONE',  ( 3.633379675925021000, -5.515119529339870900, 4.718142441128665400 ) ) ;
#4454 = CARTESIAN_POINT ( 'NONE',  ( -13.22716112004368000, 3.723756548762971400, 3.829569941986566300 ) ) ;
#4455 = CARTESIAN_POINT ( 'NONE',  ( -0.5174246227312131500, 5.578977160879471600, 2.350000000000002800 ) ) ;
#4456 = VERTEX_POINT ( 'NONE', #121 ) ;
#4457 =( BOUNDED_CURVE ( )  B_SPLINE_CURVE ( 2, ( #1640, #5718, #564, #5220, #3147, #4675, #5676, #5174, #4700 ),
 .UNSPECIFIED., .F., .T. ) 
 B_SPLINE_CURVE_WITH_KNOTS ( ( 3, 2, 2, 2, 3 ),
 ( 0.5151648802502759600, 0.5185185185185186000, 0.5222222222222221400, 0.5259259259259259100, 0.5262759913613870300 ),
 .UNSPECIFIED. ) 
 CURVE ( )  GEOMETRIC_REPRESENTATION_ITEM ( )  RATIONAL_B_SPLINE_CURVE ( ( 0.9770678153906140500, 0.8786883701329691900, 1.000000000000000000, 0.8660254037844387100, 1.000000000000000000, 0.8660254037844387100, 1.000000000000000000, 0.9873370336514695200, 0.9770678153906140500 ) ) 
 REPRESENTATION_ITEM ( '' )  );
#4458 = VERTEX_POINT ( 'NONE', #5351 ) ;
#4459 = CARTESIAN_POINT ( 'NONE',  ( 4.127005546622935000, 4.541600469937070500, 1.898856579357689900 ) ) ;
#4460 = DIRECTION ( 'NONE',  ( -1.000000000000000000, 4.336808689942017700E-016, 0.0000000000000000000 ) ) ;
#4461 = CARTESIAN_POINT ( 'NONE',  ( -7.656327786710361000, 4.464281514573391600, 5.453056923070299400 ) ) ;
#4462 = CARTESIAN_POINT ( 'NONE',  ( 3.849999999999997000, -0.4000000000000105700, 4.000000000000000000 ) ) ;
#4463 = CARTESIAN_POINT ( 'NONE',  ( 4.047999407627164800, -2.044286196006545300, 5.795836187708173000 ) ) ;
#4464 = CARTESIAN_POINT ( 'NONE',  ( 6.942278411359271000, 1.484880470660109100, 3.445114078229008800 ) ) ;
#4465 = CARTESIAN_POINT ( 'NONE',  ( 5.499999999999991100, 13.19738047066015900, 3.999999999999976000 ) ) ;
#4466 = CARTESIAN_POINT ( 'NONE',  ( -2.500000000000000000, 5.499999999999998200, 4.000000000000000000 ) ) ;
#4467 = CARTESIAN_POINT ( 'NONE',  ( -2.493827786710374200, 4.159556185760689800, 5.880570050330728500 ) ) ;
#4468 = ADVANCED_FACE ( 'NONE', ( #2423 ), #4040, .F. ) ;
#4469 = CARTESIAN_POINT ( 'NONE',  ( -14.88966112004367700, 3.201156655697758900, 3.779426629688416000 ) ) ;
#4470 = CARTESIAN_POINT ( 'NONE',  ( 4.378085124944706600, -1.694286196006544100, 5.387585750815612900 ) ) ;
#4471 = CARTESIAN_POINT ( 'NONE',  ( 7.366620324074957300, 13.03488047066008600, 3.281857558871287900 ) ) ;
#4472 = CARTESIAN_POINT ( 'NONE',  ( 6.606172213289599200, 6.535718485426611000, 2.546943076929711700 ) ) ;
#4473 = CARTESIAN_POINT ( 'NONE',  ( 4.378085124944707500, 1.893213803993445900, 5.387585750815612900 ) ) ;
#4474 = CARTESIAN_POINT ( 'NONE',  ( 12.35200554662291900, 6.905980968331821400, 3.358686567471578200 ) ) ;
#4475 = DIRECTION ( 'NONE',  ( 0.0000000000000000000, 0.0000000000000000000, -1.000000000000000000 ) ) ;
#4476 = ORIENTED_EDGE ( 'NONE', *, *, #5985, .F. ) ;
#4477 = CARTESIAN_POINT ( 'NONE',  ( 5.188619435515717800, -8.898452862673195800, 5.975611840433584700 ) ) ;
#4478 = CARTESIAN_POINT ( 'NONE',  ( -12.93549445337701400, 6.905980968331821400, 3.358686567471581300 ) ) ;
#4479 = AXIS2_PLACEMENT_3D ( 'NONE', #53, #2192, #119 ) ;
#4480 = CARTESIAN_POINT ( 'NONE',  ( 3.018672213289608200, 7.128621437182588700, 5.160858395476957100 ) ) ;
#4481 = CARTESIAN_POINT ( 'NONE',  ( 9.500000000000003600, -2.500000000000002200, 7.000000000000000000 ) ) ;
#4482 = CARTESIAN_POINT ( 'NONE',  ( -2.814661120043707100, 5.352403240191906200, 5.538271952077018900 ) ) ;
#4483 = ORIENTED_EDGE ( 'NONE', *, *, #5392, .T. ) ;
#4484 = CARTESIAN_POINT ( 'NONE',  ( -0.4521611200437123400, 5.308977857911826500, 5.990856735486525000 ) ) ;
#4485 = CARTESIAN_POINT ( 'NONE',  ( 7.366620324074950200, -16.45261952933984500, 3.281857558871291500 ) ) ;
#4486 = EDGE_CURVE ( 'NONE', #1061, #3479, #554, .T. ) ;
#4487 = CARTESIAN_POINT ( 'NONE',  ( 5.500000000027389600, -0.3238841081627947800, 5.726115891837213900 ) ) ;
#4488 = CARTESIAN_POINT ( 'NONE',  ( -0.5688277867103800300, 7.128621437182588700, 5.160858395476958000 ) ) ;
#4489 = CARTESIAN_POINT ( 'NONE',  ( -16.17299445337700400, 4.541600469937070500, 1.898856579357692600 ) ) ;
#4490 = CARTESIAN_POINT ( 'NONE',  ( -1.037588525827342700, 7.396545759049350200, 4.181973030507068100 ) ) ;
#4491 = CARTESIAN_POINT ( 'NONE',  ( 3.737358052336702000, -1.810952862673212500, 3.722186092726278000 ) ) ;
#4492 = CARTESIAN_POINT ( 'NONE',  ( 4.670760536595704300, 11.80988047066008800, 1.844612506840959800 ) ) ;
#4493 = CARTESIAN_POINT ( 'NONE',  ( 6.314505546622935800, 4.094019031668182200, 4.641313432528430200 ) ) ;
#4494 = ORIENTED_EDGE ( 'NONE', *, *, #742, .T. ) ;
#4495 = CARTESIAN_POINT ( 'NONE',  ( 4.378085124944708400, 3.993213803993436600, 5.387585750815612900 ) ) ;
#4496 = ORIENTED_EDGE ( 'NONE', *, *, #6592, .F. ) ;
#4497 = CARTESIAN_POINT ( 'NONE',  ( 11.36033887995625600, 3.723756548762971400, 3.829569941986563200 ) ) ;
#4498 = CARTESIAN_POINT ( 'NONE',  ( 3.849999999999988500, -1.853216402195257700, 4.000000000000016000 ) ) ;
#4499 = CARTESIAN_POINT ( 'NONE',  ( 5.811380564484255600, -7.848452862673198600, 2.024388159566372200 ) ) ;
#4500 = ADVANCED_FACE ( 'NONE', ( #5323 ), #3961, .T. ) ;
#4501 = CARTESIAN_POINT ( 'NONE',  ( -8.152161120043693600, 5.647596759808096500, 2.461728047922992600 ) ) ;
#4502 = CARTESIAN_POINT ( 'NONE',  ( 4.360338879956271900, 7.798843344302243400, 4.220573370311595500 ) ) ;
#4503 = CARTESIAN_POINT ( 'NONE',  ( 14.61450554662299000, 6.329998340009541200, 5.819643579270792300 ) ) ;
#4504 = CARTESIAN_POINT ( 'NONE',  ( -4.972994453377036300, 6.240524965810419800, 5.623486981083739300 ) ) ;
#4505 = CARTESIAN_POINT ( 'NONE',  ( 0.0000000000000000000, 8.500000000000000000, 8.000000000000000000 ) ) ;
#4506 = CARTESIAN_POINT ( 'NONE',  ( 4.047999407627160400, -17.44428619600650500, 5.795836187708174800 ) ) ;
#4507 = ADVANCED_FACE ( 'NONE', ( #3618 ), #1457, .F. ) ;
#4508 = EDGE_CURVE ( 'NONE', #6193, #3281, #2742, .T. ) ;
#4509 = CARTESIAN_POINT ( 'NONE',  ( 0.5978388799562848200, 5.691022142088190300, 2.009143264513485700 ) ) ;
#4510 = CARTESIAN_POINT ( 'NONE',  ( -13.48966112004368000, 3.201156655697758900, 3.779426629688416000 ) ) ;
#4511 = CARTESIAN_POINT ( 'NONE',  ( -1.217424622731210200, 5.578977160879497400, 2.350000000000005000 ) ) ;
#4512 = CARTESIAN_POINT ( 'NONE',  ( 5.259406098776350000, 2.564047137326778400, 5.526492704452462800 ) ) ;
#4513 = CARTESIAN_POINT ( 'NONE',  ( 5.811380564484259100, 10.35154713732675600, 2.024388159566370000 ) ) ;
#4514 = CARTESIAN_POINT ( 'NONE',  ( 5.847838879956271700, 5.647596759808096500, 2.461728047922990800 ) ) ;
#4515 = CARTESIAN_POINT ( 'NONE',  ( 4.298315489864345200, 4.518213803993441000, 3.028393217318458200 ) ) ;
#4516 = FACE_BOUND ( 'NONE', #3564, .T. ) ;
#4517 = LINE ( 'NONE', #950, #397 ) ;
#4518 = LINE ( 'NONE', #1532, #1179 ) ;
#4519 = CARTESIAN_POINT ( 'NONE',  ( -15.67716112004367600, 3.201156655697758900, 3.779426629688416000 ) ) ;
#4520 = AXIS2_PLACEMENT_3D ( 'NONE', #1388, #5579, #5557 ) ;
#4521 = CARTESIAN_POINT ( 'NONE',  ( -0.8625885258273440200, 5.342406732777244600, 5.642456806776382700 ) ) ;
#4522 = CARTESIAN_POINT ( 'NONE',  ( 7.055239759590683100, -3.881786196006540700, 5.257469399304896200 ) ) ;
#4523 = CARTESIAN_POINT ( 'NONE',  ( -7.860494453377029300, 6.240524965810419800, 5.623486981083739300 ) ) ;
#4524 = PERSON_AND_ORGANIZATION ( #2596, #402 ) ;
#4525 = CARTESIAN_POINT ( 'NONE',  ( 3.193672213289610300, 4.159556185760689800, 5.880570050330728500 ) ) ;
#4526 = CARTESIAN_POINT ( 'NONE',  ( -0.3153586452474305700, 6.782252862788443100, 5.177380643276730900 ) ) ;
#4527 = CARTESIAN_POINT ( 'NONE',  ( -2.056327786710376900, 4.464281514573391600, 5.453056923070297700 ) ) ;
#4528 = VERTEX_POINT ( 'NONE', #676 ) ;
#4529 = PLANE ( 'NONE',  #3131 ) ;
#4530 = CARTESIAN_POINT ( 'NONE',  ( 5.188619435515716000, -15.98595286267317700, 5.975611840433585600 ) ) ;
#4531 = AXIS2_PLACEMENT_3D ( 'NONE', #2861, #2905, #2951 ) ;
#4532 = ORIENTED_EDGE ( 'NONE', *, *, #3405, .F. ) ;
#4533 = CARTESIAN_POINT ( 'NONE',  ( -1.385494453377043500, 7.319643579270779000, 3.170001659990439300 ) ) ;
#4534 = CARTESIAN_POINT ( 'NONE',  ( -9.056327786710358700, 6.840443814239312000, 2.119429949669282600 ) ) ;
#4535 = CARTESIAN_POINT ( 'NONE',  ( -0.06138334687902394900, 4.851099449024894200, 2.097751856851817200 ) ) ;
#4536 = CARTESIAN_POINT ( 'NONE',  ( 4.298315489864344300, 2.330713803993442700, 3.028393217318458200 ) ) ;
#4537 = VERTEX_POINT ( 'NONE', #1155 ) ;
#4538 = LINE ( 'NONE', #6046, #1624 ) ;
#4539 = CARTESIAN_POINT ( 'NONE',  ( 6.329239463404276100, 10.05988047066008800, 6.155387493158992000 ) ) ;
#4540 = CARTESIAN_POINT ( 'NONE',  ( 9.639505546622928000, 6.240524965810419800, 5.623486981083736700 ) ) ;
#4541 = CARTESIAN_POINT ( 'NONE',  ( 6.140727072607994300, 8.309880470660093700, 5.665399658089311800 ) ) ;
#4542 = CARTESIAN_POINT ( 'NONE',  ( -14.56882778671034200, 7.128621437182588700, 5.160858395476959800 ) ) ;
#4543 = B_SPLINE_CURVE_WITH_KNOTS ( 'NONE', 3,
 ( #1230, #3848, #3823, #5312, #3351, #5856, #3325, #731, #2767, #663, #1276, #1253 ),
 .UNSPECIFIED., .F., .F.,
 ( 4, 2, 2, 2, 2, 4 ),
 ( 0.0000000000000000000, 0.0006134671438181760400, 0.0009202007157272641600, 0.001226934287636352100, 0.001840401431454526800, 0.002453868575272701500 ),
 .UNSPECIFIED. ) ;
#4544 = DIRECTION ( 'NONE',  ( 0.0000000000000000000, 0.0000000000000000000, 1.000000000000000000 ) ) ;
#4545 = CARTESIAN_POINT ( 'NONE',  ( 3.218759944222878500, -2.073452862673213400, 3.640448694549156100 ) ) ;
#4546 = CARTESIAN_POINT ( 'NONE',  ( -10.60216112004368800, 5.352403240191906200, 5.538271952077018900 ) ) ;
#4547 = CARTESIAN_POINT ( 'NONE',  ( 4.535338879956274400, 5.308977857911811400, 5.990856735486523200 ) ) ;
#4548 = EDGE_CURVE ( 'NONE', #5129, #982, #972, .T. ) ;
#4549 = CARTESIAN_POINT ( 'NONE',  ( -0.2790337335718701100, 6.072199412551388100, 5.682287082693785700 ) ) ;
#4550 = CARTESIAN_POINT ( 'NONE',  ( -4.156327786710370700, 4.464281514573391600, 5.453056923070297700 ) ) ;
#4551 = CARTESIAN_POINT ( 'NONE',  ( 4.298315489864347000, 12.91821380399341900, 3.028393217318457300 ) ) ;
#4552 = CARTESIAN_POINT ( 'NONE',  ( 4.047999407627165700, 2.855713803993445800, 5.795836187708173000 ) ) ;
#4553 = CARTESIAN_POINT ( 'NONE',  ( 1.064505546622948700, 3.680356420729224100, 4.829998340009571400 ) ) ;
#4554 = CARTESIAN_POINT ( 'NONE',  ( -12.38132778671034900, 7.128621437182588700, 5.160858395476958900 ) ) ;
#4555 = CARTESIAN_POINT ( 'NONE',  ( 4.057721588640705000, -0.3526195293398828900, 4.554885921770946300 ) ) ;
#4556 = CARTESIAN_POINT ( 'NONE',  ( 6.942278411359267500, -14.70261952933984900, 3.445114078229011100 ) ) ;
#4557 = CARTESIAN_POINT ( 'NONE',  ( 6.140727072607989900, -12.69011952933985300, 5.665399658089315300 ) ) ;
#4558 = CARTESIAN_POINT ( 'NONE',  ( 8.006172213289596900, 6.535718485426611000, 2.546943076929711700 ) ) ;
#4559 = ORIENTED_EDGE ( 'NONE', *, *, #5232, .F. ) ;
#4560 = CARTESIAN_POINT ( 'NONE',  ( 6.621914875055270300, 6.443213803993430100, 2.612414249184340500 ) ) ;
#4561 = CARTESIAN_POINT ( 'NONE',  ( 14.71450554662291700, 7.319643579270779000, 3.170001659990437900 ) ) ;
#4562 = CARTESIAN_POINT ( 'NONE',  ( -14.33549445337700900, 3.680356420729224100, 4.829998340009573200 ) ) ;
#4563 = CARTESIAN_POINT ( 'NONE',  ( 6.329239463404272600, -1.840119529339881100, 6.155387493158993800 ) ) ;
#4564 = ORIENTED_EDGE ( 'NONE', *, *, #3163, .F. ) ;
#4565 = CARTESIAN_POINT ( 'NONE',  ( -10.77716112004369000, 7.276243451237029100, 4.170430058013447900 ) ) ;
#4566 = AXIS2_PLACEMENT_3D ( 'NONE', #4945, #5890, #5420 ) ;
#4567 = CARTESIAN_POINT ( 'NONE',  ( 9.493672213289594100, 4.159556185760689800, 5.880570050330727700 ) ) ;
#4568 = CARTESIAN_POINT ( 'NONE',  ( -0.3503192093214551100, 7.160208795190932600, 4.392255343357755100 ) ) ;
#4569 = CARTESIAN_POINT ( 'NONE',  ( -2.639661120043709500, 3.723756548762971400, 3.829569941986565000 ) ) ;
#4570 = CARTESIAN_POINT ( 'NONE',  ( 3.218759944222874900, -16.86095286267317700, 3.640448694549157900 ) ) ;
#4571 = CARTESIAN_POINT ( 'NONE',  ( 7.781240055777098000, 0.2890471373267823300, 4.359551305450797700 ) ) ;
#4572 = CARTESIAN_POINT ( 'NONE',  ( 4.156172213289606200, 6.840443814239312000, 2.119429949669280800 ) ) ;
#4573 = CARTESIAN_POINT ( 'NONE',  ( -10.51466112004368900, 5.691022142088190300, 2.009143264513487500 ) ) ;
#4574 = CARTESIAN_POINT ( 'NONE',  ( 6.644138187007172300, -2.084889996303246600, 5.209246763333488200 ) ) ;
#4575 =( BOUNDED_CURVE ( )  B_SPLINE_CURVE ( 2, ( #349, #781, #4933, #5002, #4413, #6475, #876, #6001, #2340 ),
 .UNSPECIFIED., .F., .T. ) 
 B_SPLINE_CURVE_WITH_KNOTS ( ( 3, 2, 2, 2, 3 ),
 ( 0.4901994366440209900, 0.4925925925925925800, 0.4962962962962963500, 0.5000000000000000000, 0.5013105477551322900 ),
 .UNSPECIFIED. ) 
 CURVE ( )  GEOMETRIC_REPRESENTATION_ITEM ( )  RATIONAL_B_SPLINE_CURVE ( ( 0.9387362140368922200, 0.9134320324894970000, 1.000000000000000000, 0.8660254037844387100, 1.000000000000000000, 0.8660254037844387100, 1.000000000000000000, 0.9525933712949350400, 0.9387362140368883400 ) ) 
 REPRESENTATION_ITEM ( '' )  );
#4576 = CARTESIAN_POINT ( 'NONE',  ( 6.621914875055269400, 2.155713803993444700, 2.612414249184341000 ) ) ;
#4577 = ORIENTED_EDGE ( 'NONE', *, *, #3163, .T. ) ;
#4578 = CARTESIAN_POINT ( 'NONE',  ( 6.942278411359266600, -17.50261952933983900, 3.445114078229011100 ) ) ;
#4579 = CARTESIAN_POINT ( 'NONE',  ( 6.942278411359268400, -11.11511952933985700, 3.445114078229010200 ) ) ;
#4580 = CARTESIAN_POINT ( 'NONE',  ( 9.114505546622929400, 4.094019031668182200, 4.641313432528430200 ) ) ;
#4581 = CARTESIAN_POINT ( 'NONE',  ( 7.262641947663274400, 7.026547137326760500, 4.277813907273675800 ) ) ;
#4582 = CARTESIAN_POINT ( 'NONE',  ( 14.56867221328958500, 6.758384208523724900, 4.896958519548590500 ) ) ;
#4583 = CARTESIAN_POINT ( 'NONE',  ( 7.102193761368043900, -0.2469775827132854000, 4.835591692283123200 ) ) ;
#4584 = CARTESIAN_POINT ( 'NONE',  ( 4.670760536595700800, -4.990119529339873200, 1.844612506840961800 ) ) ;
#4585 = CARTESIAN_POINT ( 'NONE',  ( -8.560494453377026900, 6.240524965810419800, 5.623486981083740200 ) ) ;
#4586 = CARTESIAN_POINT ( 'NONE',  ( 9.727005546622921300, 4.541600469937070500, 1.898856579357689500 ) ) ;
#4587 = CARTESIAN_POINT ( 'NONE',  ( -0.3759029776958151000, 7.169475345097344700, 3.807899299699893300 ) ) ;
#4588 = CARTESIAN_POINT ( 'NONE',  ( 1.385338879956281400, 5.352403240191906200, 5.538271952077018100 ) ) ;
#4589 = CARTESIAN_POINT ( 'NONE',  ( -2.345582589505200500, 4.361880393602361600, 2.474469294759860500 ) ) ;
#4590 = CARTESIAN_POINT ( 'NONE',  ( 5.188619435515716000, -13.18595286267318300, 5.975611840433584700 ) ) ;
#4591 = LINE ( 'NONE', #3085, #890 ) ;
#4592 = FACE_OUTER_BOUND ( 'NONE', #5690, .T. ) ;
#4593 = CARTESIAN_POINT ( 'NONE',  ( 6.329239463404269900, -17.24011952933984700, 6.155387493158995600 ) ) ;
#4594 = EDGE_CURVE ( 'NONE', #3236, #1097, #1863, .T. ) ;
#4595 = CARTESIAN_POINT ( 'NONE',  ( 7.055239759590684800, 2.330713803993446300, 5.257469399304895300 ) ) ;
#4596 = CARTESIAN_POINT ( 'NONE',  ( 3.106172213289610800, 4.159556185760689800, 5.880570050330728500 ) ) ;
#4597 = CARTESIAN_POINT ( 'NONE',  ( -11.38966112004368500, 3.201156655697758900, 3.779426629688415600 ) ) ;
#4598 = CARTESIAN_POINT ( 'NONE',  ( 3.849999999999988500, -1.644861590627996200, 4.000000000000016000 ) ) ;
#4599 = CARTESIAN_POINT ( 'NONE',  ( 3.737358052336704300, 5.189047137326769000, 3.722186092726276700 ) ) ;
#4600 = APPROVAL_DATE_TIME ( #1374, #5180 ) ;
#4601 = CARTESIAN_POINT ( 'NONE',  ( 4.057721588640700500, -16.45261952933984500, 4.554885921770947200 ) ) ;
#4602 = CARTESIAN_POINT ( 'NONE',  ( 6.942278411359267500, -13.91511952933984900, 3.445114078229010600 ) ) ;
#4603 = CARTESIAN_POINT ( 'NONE',  ( 7.262641947663274400, 7.726547137326760700, 4.277813907273675800 ) ) ;
#4604 = CARTESIAN_POINT ( 'NONE',  ( 6.218142441128705400, 13.19738047066015900, 5.866620324074931500 ) ) ;
#4605 = CARTESIAN_POINT ( 'NONE',  ( -15.61882778671034100, 3.871378562817414000, 2.839141604523054900 ) ) ;
#4606 = AXIS2_PLACEMENT_3D ( 'NONE', #650, #5778, #4249 ) ;
#4607 = CARTESIAN_POINT ( 'NONE',  ( 4.235625139698727900, -0.2429745932718159800, 2.693296461225759900 ) ) ;
#4608 = CARTESIAN_POINT ( 'NONE',  ( 3.944760240409290700, -3.531786196006542900, 2.742530600695058900 ) ) ;
#4609 = CARTESIAN_POINT ( 'NONE',  ( -4.827161120043703200, 3.723756548762971400, 3.829569941986565000 ) ) ;
#4610 = ORIENTED_EDGE ( 'NONE', *, *, #6628, .T. ) ;
#4611 = CARTESIAN_POINT ( 'NONE',  ( 6.518672213289604200, 7.128621437182588700, 5.160858395476957100 ) ) ;
#4612 = CARTESIAN_POINT ( 'NONE',  ( 1.852005546622945300, 6.905980968331821400, 3.358686567471579600 ) ) ;
#4613 = CARTESIAN_POINT ( 'NONE',  ( -2.500000000000000000, 5.499999999999998200, 2.349999999999999600 ) ) ;
#4614 = CARTESIAN_POINT ( 'NONE',  ( 5.811380564484253800, -14.93595286267317900, 2.024388159566373100 ) ) ;
#4615 = ORIENTED_EDGE ( 'NONE', *, *, #4099, .F. ) ;
#4616 = CARTESIAN_POINT ( 'NONE',  ( 7.781240055777093500, -17.12345286267317900, 4.359551305450801300 ) ) ;
#4617 = EDGE_LOOP ( 'NONE', ( #5197, #6589, #5537, #1053 ) ) ;
#4618 = CARTESIAN_POINT ( 'NONE',  ( 5.811380564484257300, 1.164047137326779800, 2.024388159566371300 ) ) ;
#4619 = CARTESIAN_POINT ( 'NONE',  ( 4.331172213289609600, 7.128621437182588700, 5.160858395476957100 ) ) ;
#4620 = CARTESIAN_POINT ( 'NONE',  ( -9.522994453377023700, 6.458399530062931300, 6.101143420642320500 ) ) ;
#4621 = CARTESIAN_POINT ( 'NONE',  ( 3.218759944222881600, -2.160952862673211100, 3.640448694549138300 ) ) ;
#4622 = CARTESIAN_POINT ( 'NONE',  ( 4.859272927391984400, 6.472380470660100500, 2.334600341910640700 ) ) ;
#4623 = CARTESIAN_POINT ( 'NONE',  ( 3.737358052336698900, -17.21095286267317400, 3.722186092726279800 ) ) ;
#4624 = CARTESIAN_POINT ( 'NONE',  ( 6.701684510135629000, -11.93178619600652200, 4.971606782681496000 ) ) ;
#4625 = CARTESIAN_POINT ( 'NONE',  ( 4.378085124944709200, 8.893213803993424100, 5.387585750815612000 ) ) ;
#4626 = CARTESIAN_POINT ( 'NONE',  ( -11.12716112004368600, 7.798843344302243400, 4.220573370311598200 ) ) ;
#4627 = CARTESIAN_POINT ( 'NONE',  ( 5.620144914585195800, -0.1062505471621365000, 2.056250547161339300 ) ) ;
#4628 = CARTESIAN_POINT ( 'NONE',  ( 3.633379675925021900, 0.7848804706601166800, 4.718142441128664500 ) ) ;
#4629 = CARTESIAN_POINT ( 'NONE',  ( -6.227161120043698300, 3.723756548762971400, 3.829569941986565000 ) ) ;
#4630 = CARTESIAN_POINT ( 'NONE',  ( 8.735338879956263000, 5.308977857911811400, 5.990856735486522300 ) ) ;
#4631 = EDGE_CURVE ( 'NONE', #4736, #3939, #3254, .T. ) ;
#4632 = CARTESIAN_POINT ( 'NONE',  ( -0.5979944533770452700, 4.094019031668182200, 4.641313432528431100 ) ) ;
#4633 = VERTEX_POINT ( 'NONE', #625 ) ;
#4634 = CARTESIAN_POINT ( 'NONE',  ( -1.091733714260079100, 5.842426312431474100, 6.042040964195503100 ) ) ;
#4635 = CARTESIAN_POINT ( 'NONE',  ( 7.781240055777093500, -15.81095286267317800, 4.359551305450801300 ) ) ;
#4636 = CARTESIAN_POINT ( 'NONE',  ( 0.0000000000000000000, 0.0000000000000000000, 8.000000000000000000 ) ) ;
#4637 = CARTESIAN_POINT ( 'NONE',  ( 5.188619435515720500, 3.614047137326773700, 5.975611840433583000 ) ) ;
#4638 = CARTESIAN_POINT ( 'NONE',  ( 1.531172213289615900, 7.128621437182588700, 5.160858395476957100 ) ) ;
#4639 = CARTESIAN_POINT ( 'NONE',  ( -5.847994453377032700, 3.680356420729224100, 4.829998340009572300 ) ) ;
#4640 = ORIENTED_EDGE ( 'NONE', *, *, #1436, .T. ) ;
#4641 = CARTESIAN_POINT ( 'NONE',  ( 6.942278411359271900, 4.197380470660105400, 3.445114078229008400 ) ) ;
#4642 = CARTESIAN_POINT ( 'NONE',  ( 6.140727072607989000, -14.87761952933984800, 5.665399658089315300 ) ) ;
#4643 = CARTESIAN_POINT ( 'NONE',  ( 4.298315489864341600, -10.18178619600652500, 3.028393217318460000 ) ) ;
#4644 = CARTESIAN_POINT ( 'NONE',  ( 4.378085124944709200, 9.593213803993423400, 5.387585750815612000 ) ) ;
#4645 = CARTESIAN_POINT ( 'NONE',  ( -10.77716112004368800, 3.201156655697758900, 3.779426629688415600 ) ) ;
#4646 = CARTESIAN_POINT ( 'NONE',  ( 6.310234781926754800, -0.1314246964248196300, 2.256780295980865200 ) ) ;
#4647 = ORIENTED_EDGE ( 'NONE', *, *, #4356, .F. ) ;
#4648 = CARTESIAN_POINT ( 'NONE',  ( 7.781240055777098000, 1.776547137326779800, 4.359551305450797700 ) ) ;
#4649 = CARTESIAN_POINT ( 'NONE',  ( -7.510494453377027900, 4.759475034189582800, 2.376513018916272600 ) ) ;
#4650 = ORIENTED_EDGE ( 'NONE', *, *, #6411, .T. ) ;
#4651 = CARTESIAN_POINT ( 'NONE',  ( 9.318672213289595200, 7.128621437182588700, 5.160858395476956200 ) ) ;
#4652 = CARTESIAN_POINT ( 'NONE',  ( 4.781857558871299000, -0.1776195293398798700, 2.133379675925013400 ) ) ;
#4653 = CARTESIAN_POINT ( 'NONE',  ( 0.9186722132896174600, 4.241615791476277800, 3.103041480451418400 ) ) ;
#4654 = CARTESIAN_POINT ( 'NONE',  ( 3.849999999999988500, -1.853216402195257700, 4.000000000000016000 ) ) ;
#4655 = CARTESIAN_POINT ( 'NONE',  ( 4.047999407627161300, -13.24428619600651700, 5.795836187708174800 ) ) ;
#4656 = CARTESIAN_POINT ( 'NONE',  ( 5.188619435515715100, -17.99845286267317200, 5.975611840433585600 ) ) ;
#4657 =( BOUNDED_CURVE ( )  B_SPLINE_CURVE ( 2, ( #2061, #4692, #5211, #5733, #1747, #2262, #3810, #4843, #2438 ),
 .UNSPECIFIED., .F., .F. ) 
 B_SPLINE_CURVE_WITH_KNOTS ( ( 3, 2, 2, 2, 3 ),
 ( 0.5500000000000000400, 0.5518518518518518200, 0.5555555555555555800, 0.5592592592592592300, 0.5611111111111112300 ),
 .UNSPECIFIED. ) 
 CURVE ( )  GEOMETRIC_REPRESENTATION_ITEM ( )  RATIONAL_B_SPLINE_CURVE ( ( 0.9330127018922194100, 0.9330127018922214100, 1.000000000000000000, 0.8660254037844387100, 1.000000000000000000, 0.8660254037844387100, 1.000000000000000000, 0.9330127018922154100, 0.9330127018922194100 ) ) 
 REPRESENTATION_ITEM ( '' )  );
#4658 = CARTESIAN_POINT ( 'NONE',  ( 4.047999407627166600, 7.055713803993432600, 5.795836187708171200 ) ) ;
#4659 = CARTESIAN_POINT ( 'NONE',  ( 5.556172213289604800, 6.840443814239312000, 2.119429949669280800 ) ) ;
#4660 = CARTESIAN_POINT ( 'NONE',  ( -8.356327786710361100, 6.840443814239312000, 2.119429949669282600 ) ) ;
#4661 = CARTESIAN_POINT ( 'NONE',  ( -16.05632778671034100, 4.464281514573391600, 5.453056923070299400 ) ) ;
#4662 = CARTESIAN_POINT ( 'NONE',  ( 6.942278411359271900, 3.497380470660109300, 3.445114078229008400 ) ) ;
#4663 = CARTESIAN_POINT ( 'NONE',  ( 5.259406098776346500, -12.83595286267318500, 5.526492704452464500 ) ) ;
#4664 = CARTESIAN_POINT ( 'NONE',  ( 4.057721588640702300, -9.365119529339862600, 4.554885921770946300 ) ) ;
#4665 = CARTESIAN_POINT ( 'NONE',  ( 7.262641947663275300, 10.52654713732675900, 4.277813907273675800 ) ) ;
#4666 = CARTESIAN_POINT ( 'NONE',  ( -12.46882778671034800, 7.128621437182588700, 5.160858395476958900 ) ) ;
#4667 = DIRECTION ( 'NONE',  ( 0.0000000000000000000, 0.7071067811865491300, 0.7071067811865459100 ) ) ;
#4668 = CARTESIAN_POINT ( 'NONE',  ( 5.811380564484257300, -0.8484528626732170700, 2.024388159566371300 ) ) ;
#4669 = CARTESIAN_POINT ( 'NONE',  ( -7.043827786710363800, 4.464281514573391600, 5.453056923070299400 ) ) ;
#4670 = CYLINDRICAL_SURFACE ( 'NONE', #1456, 2.000000000000000000 ) ;
#4671 = FACE_OUTER_BOUND ( 'NONE', #5540, .T. ) ;
#4672 = CYLINDRICAL_SURFACE ( 'NONE', #5349, 1.249999999999999800 ) ;
#4673 = CARTESIAN_POINT ( 'NONE',  ( 13.11033887995625200, 3.201156655697758900, 3.779426629688412500 ) ) ;
#4674 = CARTESIAN_POINT ( 'NONE',  ( -0.4229944533770483300, 4.759475034189582800, 2.376513018916271800 ) ) ;
#4675 = CARTESIAN_POINT ( 'NONE',  ( -1.504255192494010600, 4.394133853252569100, 5.551470291522853100 ) ) ;
#4676 = CARTESIAN_POINT ( 'NONE',  ( 6.329239463404270800, -12.42761952933985500, 6.155387493158995600 ) ) ;
#4677 = CARTESIAN_POINT ( 'NONE',  ( 3.218759944222874900, -17.47345286267317700, 3.640448694549157900 ) ) ;
#4678 = CARTESIAN_POINT ( 'NONE',  ( 3.218759944222880300, 6.939047137326768100, 3.640448694549154800 ) ) ;
#4679 = CARTESIAN_POINT ( 'NONE',  ( 7.889505546622930700, 6.458399530062931300, 6.101143420642317800 ) ) ;
#4680 = CARTESIAN_POINT ( 'NONE',  ( -7.539661120043694700, 7.798843344302243400, 4.220573370311597300 ) ) ;
#4681 = CARTESIAN_POINT ( 'NONE',  ( -14.24799445337701100, 6.905980968331821400, 3.358686567471581300 ) ) ;
#4682 = ORIENTED_EDGE ( 'NONE', *, *, #3341, .F. ) ;
#4683 = CARTESIAN_POINT ( 'NONE',  ( 5.740593901223628700, 6.414047137326766900, 2.473507295547490600 ) ) ;
#4684 = CARTESIAN_POINT ( 'NONE',  ( 4.378085124944703900, -12.89428619600651900, 5.387585750815615500 ) ) ;
#4685 = CARTESIAN_POINT ( 'NONE',  ( 6.140727072607990800, -7.090119529339865800, 5.665399658089314400 ) ) ;
#4686 = CARTESIAN_POINT ( 'NONE',  ( 6.140727072607994300, 10.40988047066009200, 5.665399658089311800 ) ) ;
#4687 = CARTESIAN_POINT ( 'NONE',  ( 9.931172213289592300, 4.241615791476277800, 3.103041480451417000 ) ) ;
#4688 = CARTESIAN_POINT ( 'NONE',  ( -11.65216112004368500, 5.308977857911811400, 5.990856735486525000 ) ) ;
#4689 = AXIS2_PLACEMENT_3D ( 'NONE', #3041, #2022, #434 ) ;
#4690 = ORIENTED_EDGE ( 'NONE', *, *, #1135, .F. ) ;
#4691 = CONICAL_SURFACE ( 'NONE', #4732, 2.050000000000001600, 0.7853981633974447300 ) ;
#4692 = CARTESIAN_POINT ( 'NONE',  ( 4.281698150459906300, -0.7588587902229176900, 2.325805363075959400 ) ) ;
#4693 = CARTESIAN_POINT ( 'NONE',  ( -1.504255192494008400, 4.182429632412351800, 2.402753805653952600 ) ) ;
#4694 = CARTESIAN_POINT ( 'NONE',  ( 6.140727072607989900, -11.37761952933985700, 5.665399658089314400 ) ) ;
#4695 = CARTESIAN_POINT ( 'NONE',  ( 3.218759944222878500, 0.02654713732678347700, 3.640448694549155200 ) ) ;
#4696 = CARTESIAN_POINT ( 'NONE',  ( -5.060494453377035700, 6.240524965810419800, 5.623486981083739300 ) ) ;
#4697 = CARTESIAN_POINT ( 'NONE',  ( 13.22700554662291900, 4.541600469937070500, 1.898856579357689000 ) ) ;
#4698 = CARTESIAN_POINT ( 'NONE',  ( -1.181327786710378400, 7.128621437182604700, 5.160858395476936700 ) ) ;
#4699 = CARTESIAN_POINT ( 'NONE',  ( 4.710338879956275100, 7.276243451237029100, 4.170430058013445200 ) ) ;
#4700 = CARTESIAN_POINT ( 'NONE',  ( -1.572505289326785900, 5.500000000000015100, 5.650000000000004800 ) ) ;
#4701 = CARTESIAN_POINT ( 'NONE',  ( 5.188619435515716900, -11.08595286267318900, 5.975611840433584700 ) ) ;
#4702 = CARTESIAN_POINT ( 'NONE',  ( 3.944760240409288100, -13.33178619600651900, 2.742530600695059800 ) ) ;
#4703 = CARTESIAN_POINT ( 'NONE',  ( 6.952000592372812100, 4.605713803993437800, 2.204163812291781300 ) ) ;
#4704 = CC_DESIGN_DATE_AND_TIME_ASSIGNMENT ( #1868, #105, ( #1031 ) ) ;
#4705 = CARTESIAN_POINT ( 'NONE',  ( 5.089505546622938900, 6.458399530062931300, 6.101143420642317800 ) ) ;
#4706 = CARTESIAN_POINT ( 'NONE',  ( -6.606327786710365600, 4.159556185760689800, 5.880570050330730300 ) ) ;
#4707 = CARTESIAN_POINT ( 'NONE',  ( -14.53966112004367700, 3.723756548762971400, 3.829569941986566800 ) ) ;
#4708 = CARTESIAN_POINT ( 'NONE',  ( 6.140727072607994300, 8.222380470660098700, 5.665399658089311800 ) ) ;
#4709 = CARTESIAN_POINT ( 'NONE',  ( 4.378085124944703900, -12.19428619600652300, 5.387585750815615500 ) ) ;
#4710 = CARTESIAN_POINT ( 'NONE',  ( 6.140727072607989900, -10.59011952933985900, 5.665399658089314400 ) ) ;
#4711 = ORIENTED_EDGE ( 'NONE', *, *, #4850, .F. ) ;
#4712 = CARTESIAN_POINT ( 'NONE',  ( 9.231172213289596600, 4.241615791476277800, 3.103041480451417500 ) ) ;
#4713 = CARTESIAN_POINT ( 'NONE',  ( -12.23549445337701500, 3.680356420729224100, 4.829998340009573200 ) ) ;
#4714 = CARTESIAN_POINT ( 'NONE',  ( 4.781857558871282200, -1.490119529339876800, 2.133379675925019600 ) ) ;
#4715 = CARTESIAN_POINT ( 'NONE',  ( -9.130123557772650300E-016, -2.499999999999998700, 8.000000000000000000 ) ) ;
#4716 = CARTESIAN_POINT ( 'NONE',  ( 6.701684510135629900, -9.919286196006526200, 4.971606782681496000 ) ) ;
#4717 = CARTESIAN_POINT ( 'NONE',  ( 6.329239463404273500, 0.9598804706601107300, 6.155387493158992900 ) ) ;
#4718 = ORIENTED_EDGE ( 'NONE', *, *, #5112, .F. ) ;
#4719 = CARTESIAN_POINT ( 'NONE',  ( -0.8021611200437119800, 5.352403240191906200, 5.538271952077018100 ) ) ;
#4720 = CARTESIAN_POINT ( 'NONE',  ( 10.60200554662292500, 7.319643579270779000, 3.170001659990438400 ) ) ;
#4721 = EDGE_CURVE ( 'NONE', #5999, #160, #5007, .T. ) ;
#4722 = CARTESIAN_POINT ( 'NONE',  ( 5.060338879956273000, 3.723756548762971400, 3.829569941986564100 ) ) ;
#4723 = CARTESIAN_POINT ( 'NONE',  ( -0.9479944533770448000, 3.680356420729225900, 4.829998340009575000 ) ) ;
#4724 = CARTESIAN_POINT ( 'NONE',  ( 3.633379675925020100, -9.802619529339859000, 4.718142441128666300 ) ) ;
#4725 = CARTESIAN_POINT ( 'NONE',  ( 7.055239759590681300, -12.98178619600651900, 5.257469399304897100 ) ) ;
#4726 = CARTESIAN_POINT ( 'NONE',  ( 5.811380564484258200, 6.064047137326767300, 2.024388159566370900 ) ) ;
#4727 = ORIENTED_EDGE ( 'NONE', *, *, #2687, .F. ) ;
#4728 = CARTESIAN_POINT ( 'NONE',  ( 6.314505546622935800, 7.319643579270779000, 3.170001659990438400 ) ) ;
#4729 = CARTESIAN_POINT ( 'NONE',  ( -6.256327786710368600, 6.840443814239312000, 2.119429949669282600 ) ) ;
#4730 = CARTESIAN_POINT ( 'NONE',  ( -14.36466112004367800, 5.647596759808096500, 2.461728047922993500 ) ) ;
#4731 = CARTESIAN_POINT ( 'NONE',  ( 7.262641947663275300, 9.039047137326763300, 4.277813907273675800 ) ) ;
#4732 = AXIS2_PLACEMENT_3D ( 'NONE', #3838, #4805, #5914 ) ;
#4733 = CARTESIAN_POINT ( 'NONE',  ( 6.942278411359269300, -7.615119529339865200, 3.445114078229010200 ) ) ;
#4734 = CARTESIAN_POINT ( 'NONE',  ( 14.42283887995624700, 7.276243451237029100, 4.170430058013445200 ) ) ;
#4735 = CARTESIAN_POINT ( 'NONE',  ( -6.577161120043697000, 3.201156655697758900, 3.779426629688414700 ) ) ;
#4736 = VERTEX_POINT ( 'NONE', #2754 ) ;
#4737 = DIRECTION ( 'NONE',  ( 1.000000000000000000, 0.0000000000000000000, 0.0000000000000000000 ) ) ;
#4738 = CARTESIAN_POINT ( 'NONE',  ( 4.298315489864341600, -10.26928619600652600, 3.028393217318460000 ) ) ;
#4739 = CARTESIAN_POINT ( 'NONE',  ( 7.781240055777098000, 5.276547137326768500, 4.359551305450797700 ) ) ;
#4740 = CARTESIAN_POINT ( 'NONE',  ( -1.735494453377043100, 6.905980968331821400, 3.358686567471579600 ) ) ;
#4741 = CARTESIAN_POINT ( 'NONE',  ( 11.47700554662291800, 6.458399530062931300, 6.101143420642317800 ) ) ;
#4742 =( BOUNDED_CURVE ( )  B_SPLINE_CURVE ( 2, ( #3831, #4351, #714, #1371, #2931, #1419, #5030, #2388, #1398 ),
 .UNSPECIFIED., .F., .F. ) 
 B_SPLINE_CURVE_WITH_KNOTS ( ( 3, 2, 2, 2, 3 ),
 ( 0.4611111111111111900, 0.4629629629629629700, 0.4666666666666666700, 0.4703703703703703800, 0.4722222222222223200 ),
 .UNSPECIFIED. ) 
 CURVE ( )  GEOMETRIC_REPRESENTATION_ITEM ( )  RATIONAL_B_SPLINE_CURVE ( ( 0.9330127018922193000, 0.9330127018922223000, 1.000000000000000000, 0.8660254037844387100, 1.000000000000000000, 0.8660254037844387100, 1.000000000000000000, 0.9330127018922163000, 0.9330127018922193000 ) ) 
 REPRESENTATION_ITEM ( '' )  );
#4743 = CARTESIAN_POINT ( 'NONE',  ( 2.902005546622940600, 4.094019031668182200, 4.641313432528431100 ) ) ;
#4744 = CARTESIAN_POINT ( 'NONE',  ( -0.2471732344834108300, 5.270677883845434200, 5.802826765516784700 ) ) ;
#4745 = CARTESIAN_POINT ( 'NONE',  ( 5.811380564484254700, -12.13595286267318800, 2.024388159566373100 ) ) ;
#4746 = CARTESIAN_POINT ( 'NONE',  ( 7.055239759590680400, -16.48178619600651000, 5.257469399304897100 ) ) ;
#4747 = CARTESIAN_POINT ( 'NONE',  ( 7.781240055777098000, 6.589047137326766700, 4.359551305450797700 ) ) ;
#4748 = CARTESIAN_POINT ( 'NONE',  ( 5.439505546622937600, 4.541600469937070500, 1.898856579357689900 ) ) ;
#4749 = CARTESIAN_POINT ( 'NONE',  ( -4.039661120043705400, 7.798843344302243400, 4.220573370311596400 ) ) ;
#4750 = CARTESIAN_POINT ( 'NONE',  ( -14.71466112004367800, 5.352403240191906200, 5.538271952077019800 ) ) ;
#4751 = CARTESIAN_POINT ( 'NONE',  ( 6.942278411359272800, 10.49738047066009200, 3.445114078229007500 ) ) ;
#4752 = LINE ( 'NONE', #4604, #3788 ) ;
#4753 = CARTESIAN_POINT ( 'NONE',  ( 5.740593901223626000, -3.998452862673206500, 2.473507295547491900 ) ) ;
#4754 = CARTESIAN_POINT ( 'NONE',  ( 12.26450554662292300, 6.905980968331821400, 3.358686567471578200 ) ) ;
#4755 = CARTESIAN_POINT ( 'NONE',  ( -9.202161120043690800, 5.691022142088190300, 2.009143264513487000 ) ) ;
#4756 = CARTESIAN_POINT ( 'NONE',  ( 4.815877442691451900, -1.988046935123511500, 2.221805318143790700 ) ) ;
#4757 = LOCAL_TIME ( 13, 36, 16.00000000000000000, #318 ) ;
#4758 = CARTESIAN_POINT ( 'NONE',  ( 5.282016967282722900, -0.8213802684568470800, 1.940953988774054800 ) ) ;
#4759 = CARTESIAN_POINT ( 'NONE',  ( 5.500000000000004400, -2.367273397792634300, 2.082726602207369400 ) ) ;
#4760 = EDGE_CURVE ( 'NONE', #6116, #2465, #2578, .T. ) ;
#4761 = CARTESIAN_POINT ( 'NONE',  ( 7.262641947663270900, -9.160952862673196900, 4.277813907273678500 ) ) ;
#4762 = CARTESIAN_POINT ( 'NONE',  ( 6.952000592372812100, 5.393213803993434800, 2.204163812291781300 ) ) ;
#4763 = CARTESIAN_POINT ( 'NONE',  ( -1.152161120043711600, 5.647596759808096500, 2.461728047922991700 ) ) ;
#4764 = CARTESIAN_POINT ( 'NONE',  ( 12.87700554662291600, 6.458399530062931300, 6.101143420642317000 ) ) ;
#4765 = CARTESIAN_POINT ( 'NONE',  ( 2.960338879956274200, 3.723756548762971400, 3.829569941986564100 ) ) ;
#4766 = CARTESIAN_POINT ( 'NONE',  ( 6.184122557308522300, -1.638046935123511200, 5.778194681856164500 ) ) ;
#4767 = CARTESIAN_POINT ( 'NONE',  ( 6.952000592372808500, -10.79428619600652600, 2.204163812291783000 ) ) ;
#4768 = ORIENTED_EDGE ( 'NONE', *, *, #1792, .T. ) ;
#4769 = CARTESIAN_POINT ( 'NONE',  ( 4.670760536595699900, -16.19011952933984600, 1.844612506840963300 ) ) ;
#4770 = CARTESIAN_POINT ( 'NONE',  ( 3.218759944222881100, 11.13904713732675400, 3.640448694549154300 ) ) ;
#4771 = CARTESIAN_POINT ( 'NONE',  ( 11.44783887995626000, 5.308977857911811400, 5.990856735486521400 ) ) ;
#4772 = CARTESIAN_POINT ( 'NONE',  ( -1.531327786710378100, 3.871378562817414000, 2.839141604523053100 ) ) ;
#4773 = CARTESIAN_POINT ( 'NONE',  ( -11.21466112004368700, 5.352403240191906200, 5.538271952077019800 ) ) ;
#4774 = CARTESIAN_POINT ( 'NONE',  ( 6.621914875055270300, 8.455713803993429400, 2.612414249184340100 ) ) ;
#4775 = ORIENTED_EDGE ( 'NONE', *, *, #1464, .F. ) ;
#4776 = CARTESIAN_POINT ( 'NONE',  ( 6.140727072607991700, -3.590119529339875100, 5.665399658089312700 ) ) ;
#4777 = VERTEX_POINT ( 'NONE', #4849 ) ;
#4778 = CARTESIAN_POINT ( 'NONE',  ( 11.15617221328958800, 4.464281514573391600, 5.453056923070295900 ) ) ;
#4779 = CARTESIAN_POINT ( 'NONE',  ( -9.902161120043688300, 5.691022142088190300, 2.009143264513487000 ) ) ;
#4780 = AXIS2_PLACEMENT_3D ( 'NONE', #4782, #4294, #1198 ) ;
#4781 = CARTESIAN_POINT ( 'NONE',  ( 6.464884892116709000, -2.100000000000002300, 5.338468208425185300 ) ) ;
#4782 = CARTESIAN_POINT ( 'NONE',  ( 5.499999999999998200, 0.0000000000000000000, 4.000000000000000000 ) ) ;
#4783 = CARTESIAN_POINT ( 'NONE',  ( 7.262641947663270000, -10.56095286267319200, 4.277813907273678500 ) ) ;
#4784 = CARTESIAN_POINT ( 'NONE',  ( 3.633379675925022800, 4.984880470660105100, 4.718142441128664500 ) ) ;
#4785 = CARTESIAN_POINT ( 'NONE',  ( -1.443827786710379000, 4.464281514573391600, 5.453056923070297700 ) ) ;
#4786 = CARTESIAN_POINT ( 'NONE',  ( -15.44382778671034200, 4.464281514573391600, 5.453056923070299400 ) ) ;
#4787 = DIRECTION ( 'NONE',  ( 1.000000000000000000, 0.0000000000000000000, 0.0000000000000000000 ) ) ;
#4788 = CARTESIAN_POINT ( 'NONE',  ( 5.410338879956268200, 7.276243451237029100, 4.170430058013445200 ) ) ;
#4789 = CARTESIAN_POINT ( 'NONE',  ( -0.1931910292551078100, 4.062823876191336200, 5.181352568156004400 ) ) ;
#4790 = CARTESIAN_POINT ( 'NONE',  ( 4.670760536595700800, -9.277619529339860400, 1.844612506840962200 ) ) ;
#4791 = CARTESIAN_POINT ( 'NONE',  ( 5.188619435515716000, -16.59845286267317700, 5.975611840433585600 ) ) ;
#4792 = CARTESIAN_POINT ( 'NONE',  ( 0.0000000000000000000, 0.0000000000000000000, 0.0000000000000000000 ) ) ;
#4793 = CARTESIAN_POINT ( 'NONE',  ( 7.055239759590686600, 10.73071380399342300, 5.257469399304893500 ) ) ;
#4794 = CARTESIAN_POINT ( 'NONE',  ( 9.172838879956263000, 7.798843344302243400, 4.220573370311595500 ) ) ;
#4795 = CARTESIAN_POINT ( 'NONE',  ( -3.047994453377040900, 3.680356420729224100, 4.829998340009571400 ) ) ;
#4796 = VERTEX_POINT ( 'NONE', #4360 ) ;
#4797 = CARTESIAN_POINT ( 'NONE',  ( -1.364150477759521900, 5.500000000000015100, 5.650000000000003900 ) ) ;
#4798 = CARTESIAN_POINT ( 'NONE',  ( -9.406327786710356500, 6.535718485426611000, 2.546943076929713900 ) ) ;
#4799 = CARTESIAN_POINT ( 'NONE',  ( 4.057721588640706800, 9.447380470660093000, 4.554885921770944500 ) ) ;
#4800 = CARTESIAN_POINT ( 'NONE',  ( 5.259406098776348200, -5.748452862673203400, 5.526492704452464500 ) ) ;
#4801 = CARTESIAN_POINT ( 'NONE',  ( 11.38950554662292400, 4.759475034189582800, 2.376513018916270000 ) ) ;
#4802 = ORIENTED_EDGE ( 'NONE', *, *, #2872, .T. ) ;
#4803 = CARTESIAN_POINT ( 'NONE',  ( -7.043827786710363800, 6.840443814239312000, 2.119429949669282600 ) ) ;
#4804 = CARTESIAN_POINT ( 'NONE',  ( 5.499999999999997300, -2.100000000000002300, 4.000000000000000000 ) ) ;
#4805 = DIRECTION ( 'NONE',  ( -1.000000000000000000, -0.0000000000000000000, -0.0000000000000000000 ) ) ;
#4806 = CARTESIAN_POINT ( 'NONE',  ( 5.263859728985242000, -2.358590826971994000, 2.102365580485467100 ) ) ;
#4807 = CARTESIAN_POINT ( 'NONE',  ( 4.298315489864342500, -6.069286196006537200, 3.028393217318459600 ) ) ;
#4808 = CARTESIAN_POINT ( 'NONE',  ( 7.055239759590684800, 2.418213803993443500, 5.257469399304895300 ) ) ;
#4809 = CARTESIAN_POINT ( 'NONE',  ( -1.910494453377041600, 4.759475034189582800, 2.376513018916271800 ) ) ;
#4810 = CARTESIAN_POINT ( 'NONE',  ( 13.51867221328958200, 7.128621437182588700, 5.160858395476956200 ) ) ;
#4811 = CARTESIAN_POINT ( 'NONE',  ( 9.027005546622929100, 6.240524965810419800, 5.623486981083736700 ) ) ;
#4812 = CARTESIAN_POINT ( 'NONE',  ( 5.188619435515718700, -4.785952862673206600, 5.975611840433584700 ) ) ;
#4813 = ORIENTED_EDGE ( 'NONE', *, *, #2177, .F. ) ;
#4814 = CARTESIAN_POINT ( 'NONE',  ( 7.366620324074951900, -10.06511952933986000, 3.281857558871291000 ) ) ;
#4815 = CARTESIAN_POINT ( 'NONE',  ( 7.262641947663270000, -11.96095286267318700, 4.277813907273678500 ) ) ;
#4816 = ORIENTED_EDGE ( 'NONE', *, *, #3099, .T. ) ;
#4817 = CARTESIAN_POINT ( 'NONE',  ( 7.781240055777098900, 7.989047137326763500, 4.359551305450797700 ) ) ;
#4818 = CARTESIAN_POINT ( 'NONE',  ( 10.39783887995626100, 5.691022142088190300, 2.009143264513485200 ) ) ;
#4819 = CARTESIAN_POINT ( 'NONE',  ( -2.872994453377041500, 4.541600469937070500, 1.898856579357691000 ) ) ;
#4820 = CARTESIAN_POINT ( 'NONE',  ( 6.218142441128705400, 13.19738047066015900, 5.866620324074931500 ) ) ;
#4821 = CARTESIAN_POINT ( 'NONE',  ( -11.09799445337701900, 4.094019031668182200, 4.641313432528432900 ) ) ;
#4822 = CARTESIAN_POINT ( 'NONE',  ( 3.737358052336701600, -5.923452862673202400, 3.722186092726278000 ) ) ;
#4823 = CARTESIAN_POINT ( 'NONE',  ( 13.72283887995625100, 7.276243451237029100, 4.170430058013445200 ) ) ;
#4824 = CARTESIAN_POINT ( 'NONE',  ( -7.102161120043694700, 5.691022142088190300, 2.009143264513487000 ) ) ;
#4825 = CARTESIAN_POINT ( 'NONE',  ( 4.146597111402717100, -2.308744180395583700, 2.720470670259088800 ) ) ;
#4826 = CARTESIAN_POINT ( 'NONE',  ( 6.140727072607991700, -5.077619529339872700, 5.665399658089312700 ) ) ;
#4827 = CARTESIAN_POINT ( 'NONE',  ( 4.670760536595702600, 3.409880470660105800, 1.844612506840960700 ) ) ;
#4828 = CARTESIAN_POINT ( 'NONE',  ( 1.881172213289615600, 6.758384208523724900, 4.896958519548592300 ) ) ;
#4829 = CARTESIAN_POINT ( 'NONE',  ( -16.20216112004367300, 5.352403240191906200, 5.538271952077019800 ) ) ;
#4830 = CARTESIAN_POINT ( 'NONE',  ( 8.677005546622927700, 4.759475034189582800, 2.376513018916270900 ) ) ;
#4831 = CARTESIAN_POINT ( 'NONE',  ( 7.781240055777096200, -6.710952862673199300, 4.359551305450800400 ) ) ;
#4832 = CARTESIAN_POINT ( 'NONE',  ( 4.047999407627162100, -10.35678619600652400, 5.795836187708173900 ) ) ;
#4833 = LINE ( 'NONE', #2273, #4365 ) ;
#4834 = DIRECTION ( 'NONE',  ( 2.220446049250312600E-016, 1.000000000000000000, -0.0000000000000000000 ) ) ;
#4835 = CARTESIAN_POINT ( 'NONE',  ( 3.944760240409293400, 8.280713803993428700, 2.742530600695057200 ) ) ;
#4836 = VECTOR ( 'NONE', #862, 1000.000000000000000 ) ;
#4837 = CARTESIAN_POINT ( 'NONE',  ( 11.21450554662292400, 7.319643579270779000, 3.170001659990438400 ) ) ;
#4838 = CARTESIAN_POINT ( 'NONE',  ( -2.406327786710376900, 4.159556185760689800, 5.880570050330728500 ) ) ;
#4839 = CARTESIAN_POINT ( 'NONE',  ( -0.8604944533770415600, 4.670001659990450800, 2.180356420729214800 ) ) ;
#4840 = CARTESIAN_POINT ( 'NONE',  ( -8.881327786710357900, 4.241615791476277800, 3.103041480451419700 ) ) ;
#4841 = CARTESIAN_POINT ( 'NONE',  ( -2.243332916453928400, 6.781349979270820500, 2.728713988894290000 ) ) ;
#4842 = CARTESIAN_POINT ( 'NONE',  ( 6.942278411359270200, -3.415119529339875300, 3.445114078229009300 ) ) ;
#4843 = CARTESIAN_POINT ( 'NONE',  ( 5.717983032717273600, -0.4713802684568433900, 6.059046011225891700 ) ) ;
#4844 = DIRECTION ( 'NONE',  ( 0.0000000000000000000, 1.000000000000000000, 0.0000000000000000000 ) ) ;
#4845 = CARTESIAN_POINT ( 'NONE',  ( -3.777161120043704300, 3.201156655697758900, 3.779426629688414300 ) ) ;
#4846 = ORIENTED_EDGE ( 'NONE', *, *, #6028, .F. ) ;
#4847 = CARTESIAN_POINT ( 'NONE',  ( 4.378085124944703900, -16.30678619600650900, 5.387585750815615500 ) ) ;
#4848 = CARTESIAN_POINT ( 'NONE',  ( 8.500000000000000000, 0.0000000000000000000, 1.000000000000000000 ) ) ;
#4849 = CARTESIAN_POINT ( 'NONE',  ( 5.499999999999997300, -2.500000000000000900, 6.049999999999999800 ) ) ;
#4850 = EDGE_CURVE ( 'NONE', #2280, #5957, #234, .T. ) ;
#4851 = CARTESIAN_POINT ( 'NONE',  ( 4.859272927391981700, -6.827619529339867400, 2.334600341910642900 ) ) ;
#4852 = CARTESIAN_POINT ( 'NONE',  ( 3.218759944222880300, 9.126547137326760200, 3.640448694549154300 ) ) ;
#4853 = CARTESIAN_POINT ( 'NONE',  ( 0.2478388799562851500, 5.647596759808096500, 2.461728047922991700 ) ) ;
#4854 = VERTEX_POINT ( 'NONE', #6509 ) ;
#4855 = ORIENTED_EDGE ( 'NONE', *, *, #6571, .F. ) ;
#4856 = LINE ( 'NONE', #6373, #3006 ) ;
#4857 = CARTESIAN_POINT ( 'NONE',  ( 9.377005546622928700, 4.759475034189582800, 2.376513018916270900 ) ) ;
#4858 = CARTESIAN_POINT ( 'NONE',  ( 6.952000592372809400, -7.294286196006531500, 2.204163812291782600 ) ) ;
#4859 = CARTESIAN_POINT ( 'NONE',  ( 7.366620324074951900, -11.46511952933985500, 3.281857558871291000 ) ) ;
#4860 = CARTESIAN_POINT ( 'NONE',  ( -0.3296272606713831500, 4.681994601044013200, 2.482593718130301900 ) ) ;
#4861 = CARTESIAN_POINT ( 'NONE',  ( 7.781240055777099800, 9.389047137326763000, 4.359551305450797700 ) ) ;
#4862 = CARTESIAN_POINT ( 'NONE',  ( 10.10617221328959100, 4.159556185760689800, 5.880570050330727700 ) ) ;
#4863 = CARTESIAN_POINT ( 'NONE',  ( 1.560338879956284500, 7.798843344302243400, 4.220573370311596400 ) ) ;
#4864 = CARTESIAN_POINT ( 'NONE',  ( 4.781857558871299000, -0.1776195293398798700, 2.133379675925013400 ) ) ;
#4865 = CARTESIAN_POINT ( 'NONE',  ( -12.32299445337701500, 4.759475034189582800, 2.376513018916273100 ) ) ;
#4866 = CARTESIAN_POINT ( 'NONE',  ( 4.298315489864347000, 12.13071380399342100, 3.028393217318457300 ) ) ;
#4867 =( BOUNDED_CURVE ( )  B_SPLINE_CURVE ( 2, ( #347, #5498, #2407, #874, #2925, #6562, #6021, #3967, #1392 ),
 .UNSPECIFIED., .F., .T. ) 
 B_SPLINE_CURVE_WITH_KNOTS ( ( 3, 2, 2, 2, 3 ),
 ( 0.5055555555555556500, 0.5074074074074074200, 0.5111111111111110700, 0.5148148148148148400, 0.5166666666666667200 ),
 .UNSPECIFIED. ) 
 CURVE ( )  GEOMETRIC_REPRESENTATION_ITEM ( )  RATIONAL_B_SPLINE_CURVE ( ( 0.9330127018922194100, 0.9330127018922234100, 1.000000000000000000, 0.8660254037844387100, 1.000000000000000000, 0.8660254037844387100, 1.000000000000000000, 0.9330127018922174100, 0.9330127018922194100 ) ) 
 REPRESENTATION_ITEM ( '' )  );
#4868 = CARTESIAN_POINT ( 'NONE',  ( 6.621914875055268500, 0.1432138039934516300, 2.612414249184341000 ) ) ;
#4869 = CARTESIAN_POINT ( 'NONE',  ( -4.243827786710371100, 6.840443814239312000, 2.119429949669282100 ) ) ;
#4870 = CARTESIAN_POINT ( 'NONE',  ( -1.035494453377043800, 3.680356420729231600, 4.829998340009586500 ) ) ;
#4871 = CARTESIAN_POINT ( 'NONE',  ( 4.378085124944703900, -17.70678619600650800, 5.387585750815615500 ) ) ;
#4872 = CARTESIAN_POINT ( 'NONE',  ( 5.691148987206029900, -2.374155681867803600, 2.075844318132002100 ) ) ;
#4873 = CARTESIAN_POINT ( 'NONE',  ( 6.218142441128713400, -0.4401195293398787500, 5.866620324074926200 ) ) ;
#4874 = ORIENTED_EDGE ( 'NONE', *, *, #2287, .F. ) ;
#4875 = CARTESIAN_POINT ( 'NONE',  ( 4.859272927391981700, -6.127619529339868100, 2.334600341910642900 ) ) ;
#4876 = CARTESIAN_POINT ( 'NONE',  ( 5.188619435515721400, 7.901547137326763200, 5.975611840433583000 ) ) ;
#4877 = ORIENTED_EDGE ( 'NONE', *, *, #3857, .T. ) ;
#4878 = CARTESIAN_POINT ( 'NONE',  ( 2.289505546622945700, 4.759475034189582800, 2.376513018916271300 ) ) ;
#4879 = CARTESIAN_POINT ( 'NONE',  ( 7.510338879956266000, 7.276243451237029100, 4.170430058013445200 ) ) ;
#4880 = CARTESIAN_POINT ( 'NONE',  ( 7.366620324074952800, -7.352619529339865100, 3.281857558871290600 ) ) ;
#4881 = CARTESIAN_POINT ( 'NONE',  ( -1.937567047593410100, 3.998794047101609900, 4.684748630507896500 ) ) ;
#4882 = ORIENTED_EDGE ( 'NONE', *, *, #987, .T. ) ;
#4883 = CARTESIAN_POINT ( 'NONE',  ( 6.952000592372808500, -12.80678619600652000, 2.204163812291783000 ) ) ;
#4884 = CARTESIAN_POINT ( 'NONE',  ( 12.49783887995625500, 5.691022142088190300, 2.009143264513484800 ) ) ;
#4885 = CARTESIAN_POINT ( 'NONE',  ( 2.085338879956280400, 5.691022142088190300, 2.009143264513485700 ) ) ;
#4886 = CARTESIAN_POINT ( 'NONE',  ( -6.664661120043697400, 5.647596759808096500, 2.461728047922992600 ) ) ;
#4887 = CARTESIAN_POINT ( 'NONE',  ( 7.262641947663275300, 11.13904713732675400, 4.277813907273675800 ) ) ;
#4888 = CARTESIAN_POINT ( 'NONE',  ( 6.329239463404272600, -1.227619529339879500, 6.155387493158992900 ) ) ;
#4889 = CARTESIAN_POINT ( 'NONE',  ( 6.140727072607991700, -2.890119529339878500, 5.665399658089312700 ) ) ;
#4890 = EDGE_CURVE ( 'NONE', #6505, #2135, #809, .T. ) ;
#4891 = ORIENTED_EDGE ( 'NONE', *, *, #4073, .T. ) ;
#4892 = CARTESIAN_POINT ( 'NONE',  ( -2.500000000000000000, 5.499999999999998200, 5.650000000000000400 ) ) ;
#4893 = CARTESIAN_POINT ( 'NONE',  ( -3.310494453377041500, 6.458399530062931300, 6.101143420642319600 ) ) ;
#4894 = CARTESIAN_POINT ( 'NONE',  ( 5.499999999999997300, -2.500000000000004000, 4.000000000000000000 ) ) ;
#4895 = CARTESIAN_POINT ( 'NONE',  ( 4.378085124944703900, -15.60678619600651400, 5.387585750815615500 ) ) ;
#4896 = CARTESIAN_POINT ( 'NONE',  ( -1.854255192494009200, 6.605866146747432700, 2.448529708477158500 ) ) ;
#4897 = CARTESIAN_POINT ( 'NONE',  ( 5.381836477011328100, -2.150193566864248700, 5.700193566864231600 ) ) ;
#4898 = CARTESIAN_POINT ( 'NONE',  ( 4.057721588640704100, -2.452619529339877100, 4.554885921770946300 ) ) ;
#4899 = CARTESIAN_POINT ( 'NONE',  ( 3.218759944222880300, 7.026547137326760500, 3.640448694549154800 ) ) ;
#4900 = CARTESIAN_POINT ( 'NONE',  ( 2.347838879956279300, 5.647596759808096500, 2.461728047922991700 ) ) ;
#4901 = CARTESIAN_POINT ( 'NONE',  ( 6.635338879956265100, 5.647596759808096500, 2.461728047922990800 ) ) ;
#4902 = CARTESIAN_POINT ( 'NONE',  ( 3.944760240409289900, -5.019286196006538200, 2.742530600695058900 ) ) ;
#4903 = CARTESIAN_POINT ( 'NONE',  ( 4.670760536595700800, -10.59011952933986000, 1.844612506840962500 ) ) ;
#4904 =( BOUNDED_CURVE ( )  B_SPLINE_CURVE ( 2, ( #3628, #6243, #2712, #1114, #5764, #1203, #5307, #3677, #5783 ),
 .UNSPECIFIED., .F., .T. ) 
 B_SPLINE_CURVE_WITH_KNOTS ( ( 3, 2, 2, 2, 3 ),
 ( 0.5277777777777779000, 0.5296296296296296700, 0.5333333333333333300, 0.5370370370370370900, 0.5388888888888889700 ),
 .UNSPECIFIED. ) 
 CURVE ( )  GEOMETRIC_REPRESENTATION_ITEM ( )  RATIONAL_B_SPLINE_CURVE ( ( 0.9330127018922194100, 0.9330127018922234100, 1.000000000000000000, 0.8660254037844387100, 1.000000000000000000, 0.8660254037844387100, 1.000000000000000000, 0.9330127018922174100, 0.9330127018922194100 ) ) 
 REPRESENTATION_ITEM ( '' )  );
#4905 = CARTESIAN_POINT ( 'NONE',  ( -11.82716112004368400, 3.723756548762971400, 3.829569941986566300 ) ) ;
#4906 = CARTESIAN_POINT ( 'NONE',  ( 6.952000592372814800, 13.70571380399341900, 2.204163812291780400 ) ) ;
#4907 = CARTESIAN_POINT ( 'NONE',  ( -0.8313277867103806600, 3.871378562817414000, 2.839141604523053100 ) ) ;
#4908 = CARTESIAN_POINT ( 'NONE',  ( -2.499999999999998700, 1.250000000000000700, 8.000000000000000000 ) ) ;
#4909 = CARTESIAN_POINT ( 'NONE',  ( -6.606327786710363800, 6.535718485426611000, 2.546943076929713400 ) ) ;
#4910 = CARTESIAN_POINT ( 'NONE',  ( 4.057721588640707600, 12.24738047066008700, 4.554885921770944500 ) ) ;
#4911 = CARTESIAN_POINT ( 'NONE',  ( 7.366620324074953700, -3.152619529339876400, 3.281857558871290200 ) ) ;
#4912 = AXIS2_PLACEMENT_3D ( 'NONE', #3633, #6246, #6157 ) ;
#4913 = CARTESIAN_POINT ( 'NONE',  ( 5.740593901223626900, -0.4984528626732140400, 2.473507295547491500 ) ) ;
#4914 = CARTESIAN_POINT ( 'NONE',  ( 0.0000000000000000000, 0.0000000000000000000, 0.0000000000000000000 ) ) ;
#4915 = CARTESIAN_POINT ( 'NONE',  ( -4.943827786710367700, 6.840443814239312000, 2.119429949669282100 ) ) ;
#4917 = CARTESIAN_POINT ( 'NONE',  ( -1.364150477759521900, 5.500000000000015100, 5.650000000000003900 ) ) ;
#4916 = FACE_OUTER_BOUND ( 'NONE', #6595, .T. ) ;
#4918 = CARTESIAN_POINT ( 'NONE',  ( 6.942278411359267500, -15.31511952933984600, 3.445114078229011100 ) ) ;
#4919 = LINE ( 'NONE', #1437, #5971 ) ;
#4920 = DIRECTION ( 'NONE',  ( 0.7071067811865465700, 8.659560562354944000E-017, 0.7071067811865484600 ) ) ;
#4921 = CARTESIAN_POINT ( 'NONE',  ( 3.743617405066006500, -2.278108327385306000, 3.440160800517160700 ) ) ;
#4922 = CARTESIAN_POINT ( 'NONE',  ( 4.859272927391983500, -1.227619529339879500, 2.334600341910642000 ) ) ;
#4923 = CARTESIAN_POINT ( 'NONE',  ( 7.055239759590686600, 7.318213803993431000, 5.257469399304894400 ) ) ;
#4924 = CARTESIAN_POINT ( 'NONE',  ( 1.472838879956282600, 3.723756548762971400, 3.829569941986564500 ) ) ;
#4925 = CIRCLE ( 'NONE', #1195, 1.000000000000000000 ) ;
#4926 = CARTESIAN_POINT ( 'NONE',  ( 10.60200554662292500, 4.094019031668182200, 4.641313432528429300 ) ) ;
#4927 = CARTESIAN_POINT ( 'NONE',  ( 6.952000592372810300, -4.494286196006537900, 2.204163812291782200 ) ) ;
#4928 = DIRECTION ( 'NONE',  ( 0.0000000000000000000, 0.0000000000000000000, -1.000000000000000000 ) ) ;
#4929 = CARTESIAN_POINT ( 'NONE',  ( 3.633379675925020100, -9.015119529339862900, 4.718142441128666300 ) ) ;
#4930 = CARTESIAN_POINT ( 'NONE',  ( -11.47716112004368600, 7.276243451237029100, 4.170430058013448800 ) ) ;
#4931 = CARTESIAN_POINT ( 'NONE',  ( 1.249999999999999800, -2.499999999999999100, 0.0000000000000000000 ) ) ;
#4932 = CARTESIAN_POINT ( 'NONE',  ( 0.3936722132896126600, 4.159556185760689800, 5.880570050330728500 ) ) ;
#4933 = CARTESIAN_POINT ( 'NONE',  ( 4.216927198337663700, -1.721358790222915300, 2.962587745573420000 ) ) ;
#4934 = CARTESIAN_POINT ( 'NONE',  ( -8.181327786710358700, 4.241615791476277800, 3.103041480451419300 ) ) ;
#4935 = CARTESIAN_POINT ( 'NONE',  ( 4.914642374412875500, -0.08031824268789258800, 2.115598903125043500 ) ) ;
#4936 = CARTESIAN_POINT ( 'NONE',  ( 4.670760536595701700, -0.1776195293398822900, 1.844612506840961100 ) ) ;
#4937 = VERTEX_POINT ( 'NONE', #4873 ) ;
#4938 = CARTESIAN_POINT ( 'NONE',  ( 4.859272927391983500, -1.840119529339881100, 2.334600341910642000 ) ) ;
#4939 = VECTOR ( 'NONE', #5482, 1000.000000000000000 ) ;
#4940 = DIRECTION ( 'NONE',  ( 1.000000000000000000, 0.0000000000000000000, 0.0000000000000000000 ) ) ;
#4941 = CARTESIAN_POINT ( 'NONE',  ( -4.360494453377036500, 4.541600469937070500, 1.898856579357691300 ) ) ;
#4942 = CARTESIAN_POINT ( 'NONE',  ( -13.13966112004368000, 7.798843344302243400, 4.220573370311598200 ) ) ;
#4943 = CARTESIAN_POINT ( 'NONE',  ( 4.057721588640700500, -16.36511952933984300, 4.554885921770947200 ) ) ;
#4944 = ORIENTED_EDGE ( 'NONE', *, *, #5869, .T. ) ;
#4945 = CARTESIAN_POINT ( 'NONE',  ( 14.61450554662299000, 5.500000000000001800, 4.000000000000003600 ) ) ;
#4946 = EDGE_CURVE ( 'NONE', #5700, #1418, #5572, .T. ) ;
#4947 = CARTESIAN_POINT ( 'NONE',  ( 3.737358052336702500, -1.110952862673213700, 3.722186092726278000 ) ) ;
#4948 = ORIENTED_EDGE ( 'NONE', *, *, #2620, .T. ) ;
#4949 = CARTESIAN_POINT ( 'NONE',  ( 3.944760240409293400, 6.268213803993435600, 2.742530600695057200 ) ) ;
#4950 = CARTESIAN_POINT ( 'NONE',  ( 3.981172213289609900, 6.758384208523724900, 4.896958519548592300 ) ) ;
#4951 = CARTESIAN_POINT ( 'NONE',  ( 4.859272927391983500, 2.359880470660110900, 2.334600341910642000 ) ) ;
#4952 = CARTESIAN_POINT ( 'NONE',  ( 12.81867221328958500, 4.241615791476277800, 3.103041480451416600 ) ) ;
#4953 = CARTESIAN_POINT ( 'NONE',  ( 3.218759944222877600, -5.573452862673203600, 3.640448694549156500 ) ) ;
#4954 = CARTESIAN_POINT ( 'NONE',  ( -14.91882778671034200, 6.758384208523724900, 4.896958519548594100 ) ) ;
#4955 = CARTESIAN_POINT ( 'NONE',  ( 7.055239759590687500, 13.53071380399341600, 5.257469399304893500 ) ) ;
#4956 =( BOUNDED_CURVE ( )  B_SPLINE_CURVE ( 2, ( #5509, #2938, #2417, #4490, #6033, #1405, #5012, #4511, #5055 ),
 .UNSPECIFIED., .F., .T. ) 
 B_SPLINE_CURVE_WITH_KNOTS ( ( 3, 2, 2, 2, 3 ),
 ( 0.5040537691391648900, 0.5074074074074074200, 0.5111111111111110700, 0.5148148148148148400, 0.5151648802502759600 ),
 .UNSPECIFIED. ) 
 CURVE ( )  GEOMETRIC_REPRESENTATION_ITEM ( )  RATIONAL_B_SPLINE_CURVE ( ( 0.9770678153906133800, 0.8786883701329695200, 1.000000000000000000, 0.8660254037844387100, 1.000000000000000000, 0.8660254037844387100, 1.000000000000000000, 0.9873370336514695200, 0.9770678153906140500 ) ) 
 REPRESENTATION_ITEM ( '' )  );
#4957 = CARTESIAN_POINT ( 'NONE',  ( 1.735338879956277400, 5.308977857911811400, 5.990856735486523200 ) ) ;
#4958 = CARTESIAN_POINT ( 'NONE',  ( -7.597994453377028300, 4.094019031668182200, 4.641313432528432000 ) ) ;
#4959 = CARTESIAN_POINT ( 'NONE',  ( 5.499999999987145400, -0.1019929994879742600, 2.051992999487965100 ) ) ;
#4960 = CARTESIAN_POINT ( 'NONE',  ( 4.670760536595701700, -2.277619529339879100, 1.844612506840961800 ) ) ;
#4961 = CARTESIAN_POINT ( 'NONE',  ( 5.259406098776349100, -2.948452862673209800, 5.526492704452463700 ) ) ;
#4962 = CARTESIAN_POINT ( 'NONE',  ( 5.499999999999997300, -2.500000000000000900, 4.000000000000000000 ) ) ;
#4963 = EDGE_LOOP ( 'NONE', ( #6255, #1088, #1310, #1630, #4496 ) ) ;
#4964 = CARTESIAN_POINT ( 'NONE',  ( -2.668827786710374500, 7.128621437182588700, 5.160858395476958000 ) ) ;
#4965 = CARTESIAN_POINT ( 'NONE',  ( -14.24799445337701100, 3.680356420729224100, 4.829998340009573200 ) ) ;
#4966 = CARTESIAN_POINT ( 'NONE',  ( 6.140727072607989900, -11.29011952933985800, 5.665399658089314400 ) ) ;
#4967 = CARTESIAN_POINT ( 'NONE',  ( 5.243111034300466300, -0.9963802684568455700, 5.629879768357700900 ) ) ;
#4968 = CARTESIAN_POINT ( 'NONE',  ( 6.140727072607991700, -4.377619529339874300, 5.665399658089312700 ) ) ;
#4969 = CARTESIAN_POINT ( 'NONE',  ( 3.944760240409294300, 11.16821380399342400, 2.742530600695056700 ) ) ;
#4970 = CARTESIAN_POINT ( 'NONE',  ( 5.439505546622937600, 6.240524965810419800, 5.623486981083738500 ) ) ;
#4971 = ORIENTED_EDGE ( 'NONE', *, *, #5546, .T. ) ;
#4972 = CARTESIAN_POINT ( 'NONE',  ( 6.621914875055269400, 2.943213803993441200, 2.612414249184341000 ) ) ;
#4973 = CARTESIAN_POINT ( 'NONE',  ( 13.28533887995625500, 5.352403240191906200, 5.538271952077016300 ) ) ;
#4974 = CARTESIAN_POINT ( 'NONE',  ( 6.484726107165319500, -2.100000000000002800, 2.676060993146953700 ) ) ;
#4975 = CARTESIAN_POINT ( 'NONE',  ( 4.047999407627163000, -8.256786196006530100, 5.795836187708173900 ) ) ;
#4976 = ADVANCED_FACE ( 'NONE', ( #1620 ), #5979, .F. ) ;
#4977 = CARTESIAN_POINT ( 'NONE',  ( -13.98549445337701200, 4.094019031668182200, 4.641313432528432900 ) ) ;
#4978 = CARTESIAN_POINT ( 'NONE',  ( 4.781857558871276800, 13.19738047066015900, 2.133379675925019600 ) ) ;
#4979 = CARTESIAN_POINT ( 'NONE',  ( 5.760338879956269600, 7.798843344302243400, 4.220573370311595500 ) ) ;
#4980 = VERTEX_POINT ( 'NONE', #1820 ) ;
#4981 = CARTESIAN_POINT ( 'NONE',  ( -7.772994453377029000, 6.240524965810419800, 5.623486981083739300 ) ) ;
#4982 = CARTESIAN_POINT ( 'NONE',  ( 8.500000000000001800, -2.500000000000003100, 0.0000000000000000000 ) ) ;
#4983 = CARTESIAN_POINT ( 'NONE',  ( 3.633379675925021400, -0.7026195293398824800, 4.718142441128665400 ) ) ;
#4984 = CARTESIAN_POINT ( 'NONE',  ( 6.621914875055269400, 1.543213803993443300, 2.612414249184341000 ) ) ;
#4985 = ORIENTED_EDGE ( 'NONE', *, *, #2434, .T. ) ;
#4986 = ADVANCED_FACE ( 'NONE', ( #6302 ), #1941, .F. ) ;
#4987 = EDGE_CURVE ( 'NONE', #1349, #1802, #643, .T. ) ;
#4988 = CARTESIAN_POINT ( 'NONE',  ( 4.045883903943655800, -0.4000000000000112400, 4.779773287045572700 ) ) ;
#4989 = DIRECTION ( 'NONE',  ( 0.0000000000000000000, 0.0000000000000000000, 1.000000000000000000 ) ) ;
#4990 = CARTESIAN_POINT ( 'NONE',  ( 0.2478388799562851500, 5.308977857911811400, 5.990856735486523200 ) ) ;
#4991 = CARTESIAN_POINT ( 'NONE',  ( -13.95632778671034700, 6.840443814239312000, 2.119429949669283000 ) ) ;
#4992 = CARTESIAN_POINT ( 'NONE',  ( 5.259406098776349100, -1.635952862673213600, 5.526492704452463700 ) ) ;
#4993 = CARTESIAN_POINT ( 'NONE',  ( 7.781240055777099800, 9.476547137326752700, 4.359551305450797700 ) ) ;
#4994 = CARTESIAN_POINT ( 'NONE',  ( 4.331172213289609600, 4.241615791476277800, 3.103041480451417900 ) ) ;
#4995 = CARTESIAN_POINT ( 'NONE',  ( 5.259406098776350000, 2.651547137326779200, 5.526492704452462800 ) ) ;
#4996 =( BOUNDED_CURVE ( )  B_SPLINE_CURVE ( 2, ( #1504, #4074, #374, #414, #6587, #393, #3991, #4010, #2994 ),
 .UNSPECIFIED., .F., .T. ) 
 B_SPLINE_CURVE_WITH_KNOTS ( ( 3, 2, 2, 2, 3 ),
 ( 0.5166666666666667200, 0.5185185185185184900, 0.5222222222222222500, 0.5259259259259259100, 0.5277777777777779000 ),
 .UNSPECIFIED. ) 
 CURVE ( )  GEOMETRIC_REPRESENTATION_ITEM ( )  RATIONAL_B_SPLINE_CURVE ( ( 0.9330127018922194100, 0.9330127018922214100, 1.000000000000000000, 0.8660254037844387100, 1.000000000000000000, 0.8660254037844387100, 1.000000000000000000, 0.9330127018922154100, 0.9330127018922194100 ) ) 
 REPRESENTATION_ITEM ( '' )  );
#4997 = CARTESIAN_POINT ( 'NONE',  ( 10.83533887995626100, 5.647596759808096500, 2.461728047922990400 ) ) ;
#4998 = CARTESIAN_POINT ( 'NONE',  ( 3.218759944222876700, -7.673452862673200600, 3.640448694549156500 ) ) ;
#4999 = CARTESIAN_POINT ( 'NONE',  ( -12.11882778671035000, 6.758384208523724900, 4.896958519548594100 ) ) ;
#5000 = CARTESIAN_POINT ( 'NONE',  ( -0.4000000000000066800, 5.499999999999998200, 4.000000000000000000 ) ) ;
#5001 = CARTESIAN_POINT ( 'NONE',  ( 5.118672213289605600, 7.128621437182588700, 5.160858395476957100 ) ) ;
#5002 = CARTESIAN_POINT ( 'NONE',  ( 4.815877442691452800, -1.779692123556249700, 2.221805318143790700 ) ) ;
#5003 = CARTESIAN_POINT ( 'NONE',  ( -1.472994453377045600, 6.240524965810419800, 5.623486981083739300 ) ) ;
#5004 = CARTESIAN_POINT ( 'NONE',  ( 9.500000000000001800, 1.323488975443353100E-021, 1.000000000000000000 ) ) ;
#5005 = CARTESIAN_POINT ( 'NONE',  ( 5.188619435515715100, -17.38595286267317500, 5.975611840433585600 ) ) ;
#5006 = LINE ( 'NONE', #3039, #5081 ) ;
#5007 = CIRCLE ( 'NONE', #3057, 1.650000000000000400 ) ;
#5008 = CARTESIAN_POINT ( 'NONE',  ( -2.449999999999996600, 3.812349974365525800, 5.073236875520014300 ) ) ;
#5009 = CARTESIAN_POINT ( 'NONE',  ( -2.027161120043709600, 7.798843344302243400, 4.220573370311596400 ) ) ;
#5010 = ADVANCED_FACE ( 'NONE', ( #5087 ), #4672, .F. ) ;
#5011 = CARTESIAN_POINT ( 'NONE',  ( -15.82299445337701200, 6.458399530062931300, 6.101143420642321400 ) ) ;
#5012 = CARTESIAN_POINT ( 'NONE',  ( -1.212588525827343400, 5.657593267222758000, 2.357543193223626600 ) ) ;
#5013 = CARTESIAN_POINT ( 'NONE',  ( 4.859272927391983500, 2.272380470660111000, 2.334600341910642000 ) ) ;
#5014 = CARTESIAN_POINT ( 'NONE',  ( 7.055239759590686600, 11.51821380399342100, 5.257469399304893500 ) ) ;
#5015 = CARTESIAN_POINT ( 'NONE',  ( 4.564505546622941200, 6.905980968331821400, 3.358686567471578700 ) ) ;
#5016 = ORIENTED_EDGE ( 'NONE', *, *, #3718, .F. ) ;
#5017 = CARTESIAN_POINT ( 'NONE',  ( 4.859272927391983500, 3.059880470660107500, 2.334600341910641100 ) ) ;
#5018 = ORIENTED_EDGE ( 'NONE', *, *, #3552, .T. ) ;
#5019 = CARTESIAN_POINT ( 'NONE',  ( 11.24367221328959100, 4.464281514573391600, 5.453056923070295900 ) ) ;
#5020 = ADVANCED_FACE ( 'NONE', ( #1786 ), #6215, .F. ) ;
#5021 = CARTESIAN_POINT ( 'NONE',  ( 6.329239463404271700, -8.840119529339864000, 6.155387493158995600 ) ) ;
#5022 = CARTESIAN_POINT ( 'NONE',  ( -8.035494453377028300, 6.905980968331821400, 3.358686567471580500 ) ) ;
#5023 = VERTEX_POINT ( 'NONE', #5034 ) ;
#5024 = ORIENTED_EDGE ( 'NONE', *, *, #4256, .F. ) ;
#5025 = CONICAL_SURFACE ( 'NONE', #2656, 1.650000000000000400, 0.7853981633974496100 ) ;
#5026 = CARTESIAN_POINT ( 'NONE',  ( 4.302005546622939200, 7.319643579270779000, 3.170001659990438800 ) ) ;
#5027 = EDGE_CURVE ( 'NONE', #1263, #1386, #6158, .T. ) ;
#5028 = CARTESIAN_POINT ( 'NONE',  ( 6.783072801662311400, -1.371358790222915800, 5.037412254426534700 ) ) ;
#5029 = CARTESIAN_POINT ( 'NONE',  ( -2.989661120043707300, 7.276243451237029100, 4.170430058013447000 ) ) ;
#5030 = CARTESIAN_POINT ( 'NONE',  ( -1.881327786710375900, 7.128621437182611800, 5.160858395476924300 ) ) ;
#5031 = CARTESIAN_POINT ( 'NONE',  ( 6.329239463404269900, -15.92761952933984100, 6.155387493158995600 ) ) ;
#5032 = CARTESIAN_POINT ( 'NONE',  ( -1.502161120043711300, 5.691022142088190300, 2.009143264513486100 ) ) ;
#5033 = CARTESIAN_POINT ( 'NONE',  ( -14.42299445337701000, 6.458399530062931300, 6.101143420642321400 ) ) ;
#5034 = CARTESIAN_POINT ( 'NONE',  ( -2.099999999999996100, 6.019058217697600600, 5.566230687555505900 ) ) ;
#5035 = CARTESIAN_POINT ( 'NONE',  ( 6.140727072607993400, 2.622380470660113300, 5.665399658089312700 ) ) ;
#5036 = CARTESIAN_POINT ( 'NONE',  ( 6.329239463404276100, 10.75988047066008600, 6.155387493158992000 ) ) ;
#5037 = CARTESIAN_POINT ( 'NONE',  ( 6.431172213289603900, 4.241615791476277800, 3.103041480451417500 ) ) ;
#5038 = CARTESIAN_POINT ( 'NONE',  ( 6.621914875055269400, 2.243213803993440200, 2.612414249184341000 ) ) ;
#5039 = CARTESIAN_POINT ( 'NONE',  ( 14.16033887995625000, 3.723756548762971400, 3.829569941986563200 ) ) ;
#5040 = B_SPLINE_CURVE_WITH_KNOTS ( 'NONE', 3,
 ( #4974, #2315, #1827, #2856, #4452, #3348, #5401, #1317, #820, #2830 ),
 .UNSPECIFIED., .F., .F.,
 ( 4, 2, 2, 2, 4 ),
 ( 0.0000000000000000000, 0.0006110744326702182000, 0.001222148865340436400, 0.001833223298010654500, 0.002444297730680872800 ),
 .UNSPECIFIED. ) ;
#5041 = CARTESIAN_POINT ( 'NONE',  ( -1.210494453377041400, 6.329998340009541200, 5.819643579270793200 ) ) ;
#5042 = ORIENTED_EDGE ( 'NONE', *, *, #1305, .F. ) ;
#5043 = CARTESIAN_POINT ( 'NONE',  ( 7.781240055777096200, -2.423452862673211700, 4.359551305450798600 ) ) ;
#5044 = CARTESIAN_POINT ( 'NONE',  ( -10.71882778671035300, 6.758384208523724900, 4.896958519548594100 ) ) ;
#5045 = CARTESIAN_POINT ( 'NONE',  ( 3.777005546622941500, 6.458399530062931300, 6.101143420642317800 ) ) ;
#5046 = CARTESIAN_POINT ( 'NONE',  ( -0.3208694380034716200, 6.873438746475437200, 5.060525649373953000 ) ) ;
#5047 = CARTESIAN_POINT ( 'NONE',  ( -1.647994453377042300, 6.905980968331821400, 3.358686567471579600 ) ) ;
#5048 = VERTEX_POINT ( 'NONE', #2461 ) ;
#5049 = CARTESIAN_POINT ( 'NONE',  ( 3.944760240409313400, -2.131786196006546100, 2.742530600695030500 ) ) ;
#5050 = CARTESIAN_POINT ( 'NONE',  ( 4.057721588640707600, 13.03488047066008600, 4.554885921770944500 ) ) ;
#5051 = EDGE_CURVE ( 'NONE', #1589, #2282, #3305, .T. ) ;
#5052 = CARTESIAN_POINT ( 'NONE',  ( 4.514220735394507900, -0.3670255054535182000, 5.372588994423035800 ) ) ;
#5053 = CARTESIAN_POINT ( 'NONE',  ( -1.152161120043711600, 5.308977857911811400, 5.990856735486523200 ) ) ;
#5054 = CARTESIAN_POINT ( 'NONE',  ( -10.16466112004368900, 5.308977857911811400, 5.990856735486525000 ) ) ;
#5055 = CARTESIAN_POINT ( 'NONE',  ( -1.222505289326786500, 5.499999999999985800, 2.350000000000005000 ) ) ;
#5056 = CARTESIAN_POINT ( 'NONE',  ( 7.262641947663273500, 1.339047137326781600, 4.277813907273677600 ) ) ;
#5057 = CARTESIAN_POINT ( 'NONE',  ( 4.047999407627167500, 12.04321380399341600, 5.795836187708170300 ) ) ;
#5058 = CARTESIAN_POINT ( 'NONE',  ( 10.68950554662292500, 4.759475034189582800, 2.376513018916270000 ) ) ;
#5059 = VERTEX_POINT ( 'NONE', #3431 ) ;
#5060 = CARTESIAN_POINT ( 'NONE',  ( 6.701684510135633500, 5.568213803993436400, 4.971606782681494300 ) ) ;
#5061 = CARTESIAN_POINT ( 'NONE',  ( 14.48117221328958400, 3.871378562817414000, 2.839141604523050900 ) ) ;
#5062 = CARTESIAN_POINT ( 'NONE',  ( 14.45200554662291700, 6.905980968331821400, 3.358686567471578200 ) ) ;
#5063 = DIRECTION ( 'NONE',  ( 1.000000000000000000, -0.0000000000000000000, -0.0000000000000000000 ) ) ;
#5064 = CARTESIAN_POINT ( 'NONE',  ( 6.952000592372810300, -3.706786196006543600, 2.204163812291782200 ) ) ;
#5065 = CARTESIAN_POINT ( 'NONE',  ( -9.260494453377026100, 6.240524965810419800, 5.623486981083740200 ) ) ;
#5066 = CARTESIAN_POINT ( 'NONE',  ( 4.827005546622936900, 4.541600469937070500, 1.898856579357689900 ) ) ;
#5067 = CARTESIAN_POINT ( 'NONE',  ( -4.856327786710370000, 4.464281514573391600, 5.453056923070297700 ) ) ;
#5068 = CARTESIAN_POINT ( 'NONE',  ( 3.737358052336705600, 12.97654713732675100, 3.722186092726275800 ) ) ;
#5069 = EDGE_CURVE ( 'NONE', #2884, #988, #4925, .T. ) ;
#5070 = CARTESIAN_POINT ( 'NONE',  ( 4.670760536595702600, 3.322380470660106300, 1.844612506840960700 ) ) ;
#5071 = CARTESIAN_POINT ( 'NONE',  ( 2.289505546622945700, 6.458399530062931300, 6.101143420642317800 ) ) ;
#5072 = CARTESIAN_POINT ( 'NONE',  ( -9.872994453377023300, 4.541600469937070500, 1.898856579357691900 ) ) ;
#5073 = CARTESIAN_POINT ( 'NONE',  ( 5.243111034300466300, -0.7880254568895854700, 5.629879768357700900 ) ) ;
#5074 = B_SPLINE_CURVE_WITH_KNOTS ( 'NONE', 3,
 ( #5089, #3059, #6064, #4549, #4054, #3489, #6152, #4526, #5046, #1998, #5606, #4568, #2515, #6128, #4587, #961, #2452, #5561 ),
 .UNSPECIFIED., .F., .F.,
 ( 4, 2, 2, 2, 2, 2, 2, 2, 4 ),
 ( 0.005518562181027686200, 0.005956286437156070800, 0.006394010693284455300, 0.006831734949412840800, 0.007269459205541224500, 0.007707183461669609900, 0.008144907717797994500, 0.008582631973926380800, 0.009020356230054768800 ),
 .UNSPECIFIED. ) ;
#5075 = CARTESIAN_POINT ( 'NONE',  ( 4.378085124944707500, 1.805713803993446400, 5.387585750815612900 ) ) ;
#5076 = CARTESIAN_POINT ( 'NONE',  ( 6.701684510135628200, -16.91928619600650700, 4.971606782681496900 ) ) ;
#5077 = CARTESIAN_POINT ( 'NONE',  ( 6.140727072607989900, -13.39011952933985200, 5.665399658089315300 ) ) ;
#5078 = CARTESIAN_POINT ( 'NONE',  ( 8.997838879956262300, 5.352403240191906200, 5.538271952077017200 ) ) ;
#5079 = CARTESIAN_POINT ( 'NONE',  ( 5.259406098776350900, 8.251547137326765500, 5.526492704452462800 ) ) ;
#5080 = CARTESIAN_POINT ( 'NONE',  ( 15.06450554662291600, 3.680356420729224100, 4.829998340009569600 ) ) ;
#5081 = VECTOR ( 'NONE', #6629, 1000.000000000000000 ) ;
#5082 = CARTESIAN_POINT ( 'NONE',  ( 13.98533887995624700, 5.352403240191906200, 5.538271952077016300 ) ) ;
#5083 = DIRECTION ( 'NONE',  ( -0.0000000000000000000, 0.0000000000000000000, 1.000000000000000000 ) ) ;
#5084 = CARTESIAN_POINT ( 'NONE',  ( 7.055239759590683900, -1.781786196006546600, 5.257469399304895300 ) ) ;
#5085 = CARTESIAN_POINT ( 'NONE',  ( -9.727161120043689400, 3.723756548762971400, 3.829569941986565400 ) ) ;
#5086 = LOCAL_TIME ( 13, 36, 16.00000000000000000, #4115 ) ;
#5087 = FACE_OUTER_BOUND ( 'NONE', #6296, .T. ) ;
#5088 = CARTESIAN_POINT ( 'NONE',  ( 7.743672213289598500, 6.840443814239312000, 2.119429949669280800 ) ) ;
#5089 = CARTESIAN_POINT ( 'NONE',  ( -0.2557741326597737200, 5.499999999999992000, 5.794225867340232500 ) ) ;
#5090 = CARTESIAN_POINT ( 'NONE',  ( -4.564661120043703900, 5.647596759808096500, 2.461728047922992600 ) ) ;
#5091 = DIRECTION ( 'NONE',  ( 1.000000000000000000, -0.0000000000000000000, -0.0000000000000000000 ) ) ;
#5092 = CARTESIAN_POINT ( 'NONE',  ( 3.633379675925018300, -16.80261952933983900, 4.718142441128667200 ) ) ;
#5093 = FACE_OUTER_BOUND ( 'NONE', #293, .T. ) ;
#5094 = CARTESIAN_POINT ( 'NONE',  ( 3.944760240409292500, 3.380713803993441700, 2.742530600695058100 ) ) ;
#5095 = CARTESIAN_POINT ( 'NONE',  ( 4.214505546622941500, 7.319643579270779000, 3.170001659990438800 ) ) ;
#5096 = CARTESIAN_POINT ( 'NONE',  ( -9.581327786710357200, 7.128621437182588700, 5.160858395476958900 ) ) ;
#5097 = DIRECTION ( 'NONE',  ( -0.0000000000000000000, 1.000000000000000000, -0.0000000000000000000 ) ) ;
#5098 = CARTESIAN_POINT ( 'NONE',  ( 7.262641947663273500, -0.06095286267321813800, 4.277813907273677600 ) ) ;
#5099 = FACE_OUTER_BOUND ( 'NONE', #433, .T. ) ;
#5100 = CARTESIAN_POINT ( 'NONE',  ( 7.262641947663269100, -17.56095286267317200, 4.277813907273678500 ) ) ;
#5101 = CARTESIAN_POINT ( 'NONE',  ( 3.737358052336700300, -13.62345286267318500, 3.722186092726279300 ) ) ;
#5102 = CARTESIAN_POINT ( 'NONE',  ( 8.181172213289597700, 6.758384208523724900, 4.896958519548591400 ) ) ;
#5103 = CARTESIAN_POINT ( 'NONE',  ( 6.942278411359271900, 5.684880470660104400, 3.445114078229008400 ) ) ;
#5104 = CARTESIAN_POINT ( 'NONE',  ( -0.07524857124394389300, 6.404931604787812200, 2.235261569733771700 ) ) ;
#5105 = ORIENTED_EDGE ( 'NONE', *, *, #2287, .T. ) ;
#5106 = CARTESIAN_POINT ( 'NONE',  ( 15.09367221328958100, 6.535718485426611000, 2.546943076929710800 ) ) ;
#5107 = ORIENTED_EDGE ( 'NONE', *, *, #2373, .T. ) ;
#5108 = CARTESIAN_POINT ( 'NONE',  ( 5.499999999987145400, -0.1019929994879742600, 2.051992999487965100 ) ) ;
#5109 = CARTESIAN_POINT ( 'NONE',  ( 3.218759944222878000, -4.173452862673208600, 3.640448694549156100 ) ) ;
#5110 = CARTESIAN_POINT ( 'NONE',  ( -8.385494453377026100, 4.094019031668182200, 4.641313432528432000 ) ) ;
#5111 = CARTESIAN_POINT ( 'NONE',  ( 7.860338879956260300, 7.798843344302243400, 4.220573370311595500 ) ) ;
#5112 = EDGE_CURVE ( 'NONE', #4633, #4002, #4956, .T. ) ;
#5113 = CARTESIAN_POINT ( 'NONE',  ( -0.5396611200437124700, 3.723756548762971400, 3.829569941986564500 ) ) ;
#5114 = CARTESIAN_POINT ( 'NONE',  ( 4.047999407627161300, -14.64428619600651300, 5.795836187708174800 ) ) ;
#5115 = CARTESIAN_POINT ( 'NONE',  ( 5.811380564484252900, -16.94845286267317500, 2.024388159566373500 ) ) ;
#5116 = CARTESIAN_POINT ( 'NONE',  ( 7.055239759590684800, 0.2307138039934486500, 5.257469399304895300 ) ) ;
#5117 = CARTESIAN_POINT ( 'NONE',  ( 1.122838879956284300, 3.201156655697758900, 3.779426629688413800 ) ) ;
#5118 = CARTESIAN_POINT ( 'NONE',  ( -11.68132778671035200, 7.128621437182588700, 5.160858395476958900 ) ) ;
#5119 = CARTESIAN_POINT ( 'NONE',  ( 7.149999999999987000, -1.994861590628000700, 4.000000000000008900 ) ) ;
#5120 = CARTESIAN_POINT ( 'NONE',  ( 6.942278411359271900, 4.897380470660104700, 3.445114078229008400 ) ) ;
#5121 = CARTESIAN_POINT ( 'NONE',  ( 3.737358052336699400, -14.41095286267318100, 3.722186092726279300 ) ) ;
#5122 = CARTESIAN_POINT ( 'NONE',  ( 6.701684510135629000, -14.03178619600651600, 4.971606782681496000 ) ) ;
#5123 = ORIENTED_EDGE ( 'NONE', *, *, #4162, .T. ) ;
#5124 = CARTESIAN_POINT ( 'NONE',  ( 6.621914875055270300, 7.843213803993427800, 2.612414249184340100 ) ) ;
#5125 = CARTESIAN_POINT ( 'NONE',  ( 14.53950554662291800, 4.541600469937070500, 1.898856579357688800 ) ) ;
#5126 = CARTESIAN_POINT ( 'NONE',  ( -15.50216112004367400, 5.691022142088190300, 2.009143264513487900 ) ) ;
#5127 = CARTESIAN_POINT ( 'NONE',  ( 6.722088541252386300, -0.2693382576743573700, 5.300764828522472000 ) ) ;
#5128 = CARTESIAN_POINT ( 'NONE',  ( 6.952000592372810300, -3.006786196006544300, 2.204163812291782200 ) ) ;
#5129 = VERTEX_POINT ( 'NONE', #930 ) ;
#5130 = CARTESIAN_POINT ( 'NONE',  ( -4.477161120043703600, 7.276243451237029100, 4.170430058013447900 ) ) ;
#5131 = CARTESIAN_POINT ( 'NONE',  ( 7.510338879956266000, 3.201156655697758900, 3.779426629688413400 ) ) ;
#5132 = CARTESIAN_POINT ( 'NONE',  ( 5.282016967282722900, -0.2088802684568454900, 1.940953988774054800 ) ) ;
#5133 = CARTESIAN_POINT ( 'NONE',  ( 2.085338879956280400, 5.352403240191906200, 5.538271952077018100 ) ) ;
#5134 = CARTESIAN_POINT ( 'NONE',  ( -2.352021977135184900, 4.225372093154022400, 2.577708600692626200 ) ) ;
#5135 = CARTESIAN_POINT ( 'NONE',  ( 3.633379675925018800, -14.70261952933984700, 4.718142441128667200 ) ) ;
#5136 = CARTESIAN_POINT ( 'NONE',  ( 7.366620324074954600, 2.447380470660110800, 3.281857558871289300 ) ) ;
#5137 = ORIENTED_EDGE ( 'NONE', *, *, #1962, .F. ) ;
#5138 = CARTESIAN_POINT ( 'NONE',  ( 4.447838879956274000, 5.308977857911811400, 5.990856735486523200 ) ) ;
#5139 = CARTESIAN_POINT ( 'NONE',  ( -11.03966112004368800, 7.798843344302243400, 4.220573370311598200 ) ) ;
#5140 = DIRECTION ( 'NONE',  ( -0.0000000000000000000, -0.0000000000000000000, -1.000000000000000000 ) ) ;
#5141 = CARTESIAN_POINT ( 'NONE',  ( 4.859272927391984400, 4.372380470660106200, 2.334600341910641100 ) ) ;
#5142 = ORIENTED_EDGE ( 'NONE', *, *, #4444, .T. ) ;
#5143 = CARTESIAN_POINT ( 'NONE',  ( 3.737358052336698900, -15.81095286267317800, 3.722186092726279300 ) ) ;
#5144 = CARTESIAN_POINT ( 'NONE',  ( 6.942278411359268400, -11.81511952933985500, 3.445114078229010200 ) ) ;
#5145 = CARTESIAN_POINT ( 'NONE',  ( 4.378085124944708400, 7.493213803993433500, 5.387585750815612000 ) ) ;
#5146 = DIRECTION ( 'NONE',  ( -2.220446049250337700E-016, -1.000000000000000000, 1.224646799147324600E-016 ) ) ;
#5147 = CARTESIAN_POINT ( 'NONE',  ( -10.83549445337702000, 3.680356420729224100, 4.829998340009572300 ) ) ;
#5148 = PRODUCT ( '1147-0001-0001', '1147-0001-0001', '', ( #2670 ) ) ;
#5149 = CARTESIAN_POINT ( 'NONE',  ( 4.047999407627164800, 1.543213803993443300, 5.795836187708173000 ) ) ;
#5150 = CARTESIAN_POINT ( 'NONE',  ( -5.118827786710368400, 6.758384208523724900, 4.896958519548593200 ) ) ;
#5151 = CARTESIAN_POINT ( 'NONE',  ( 6.343672213289600000, 6.840443814239312000, 2.119429949669280800 ) ) ;
#5152 = CARTESIAN_POINT ( 'NONE',  ( 1.968672213289612800, 6.758384208523724900, 4.896958519548592300 ) ) ;
#5153 = DIRECTION ( 'NONE',  ( -1.000000000000000000, 2.628368902995161500E-016, 0.0000000000000000000 ) ) ;
#5154 = CARTESIAN_POINT ( 'NONE',  ( 7.055239759590681300, -15.86928619600651300, 5.257469399304897100 ) ) ;
#5155 = CARTESIAN_POINT ( 'NONE',  ( -2.234864355771938100, 6.914115730790500800, 2.891850325774630600 ) ) ;
#5156 =( BOUNDED_SURFACE ( )  B_SPLINE_SURFACE ( 1, 2, ( 
 ( #1746, #5350, #186, #5868, #4335, #1771, #6483, #5527, #2958, #4489, #836, #6071, #905, #1882, #811, #5011, #1924, #3954, #3382, #3404, #1424, #334, #6052, #4443, #860, #6551, #2437, #5507, #1404, #3932, #3997, #4469, #1859, #1379, #359, #2416, #1904, #1353, #6574, #5033, #309, #3978, #4965, #5486, #2460, #285, #885, #4991, #3474, #2394, #382, #6032, #1330, #3908, #6009, #4510, #2937, #4421, #3455, #1946, #5550, #4942, #5463, #2372, #2913, #5982, #6531, #6507, #3429, #2892, #5658, #5613, #3555, #4081, #4554, #2004, #440, #992, #1531, #2481, #2522, #2499, #5568, #6677, #5594, #1444, #5118, #6162, #6093, #6136, #459, #4597, #4061, #1512, #2566, #3576, #2028, #5139, #3045, #970, #6113, #482, #3002, #6614, #3025, #2980, #4573, #6636, #3066, #5635, #3534, #6656, #5054, #2543, #4104, #3495, #1965, #5072, #1491, #2051, #1011, #949, #5096, #4620, #3514, #1985, #6594, #400, #4017, #929, #420, #4534, #4037, #1468, #1075, #42, #2120, #1597, #1054, #1099, #1122, #6719, #3660, #4660, #4149, #2163, #6698, #571, #19, #4194, #1575, #2653, #5202, #1033, #5770, #5182, #5749, #4680, #6181, #5723, #6271, #544, #4172, #3638, #3599, #2606, #2631, #2094, #6202, #5702, #3089, #503, #6249, #4706, #1622, #6224, #3153, #5225, #2140, #4729, #5681, #3174, #3128, #2075, #69, #3684, #4639, #594, #4220, #2586, #1645, #5248, #4125, #1555, #5159, #3107, #3615, #523, #1233, #2230, #133, #5293, #178, #2186, #6318, #5813, #5362, #3756, #6341, #2770, #5340, #2722, #5835, #1145, #5315, #1211, #3196, #4749, #4241, #6385, #2744, #3240, #666, #4308, #4286, #6365, #3264, #1763, #1738, #1189, #1668, #2276, #156, #5272, #4795, #2208, #1714, #4819, #2254, #1166, #5859, #3805, #3287, #711, #3778, #4838, #690, #4329, #3732, #92, #4264, #2677, #3217, #6290, #3706, #616, #5791, #2699, #112, #640, #4772, #1687, #6450, #4372, #5904, #1810, #1874, #5477, #1832, #6474, #277, #756, #4907, #3353, #3901, #4434, #5385, #5433, #5408, #1788, #2883, #2319, #4348, #1321, #2365, #2299, #2339, #3372, #803, #255, #4412, #5881, #6497, #4932, #1342, #5950, #3874, #5928, #3395, #2811, #6428, #2836, #2789, #780, #4392, #5972, #1850, #1300, #2860, #1256, #5454, #299, #6406, #4863, #3921, #826, #4957, #3307, #3851, #202, #3827, #3328, #4885, #735, #227, #1279, #372, #1896, #940, #2971, #6000, #2385, #1435, #5560, #392, #3442, #1977, #3505, #4480, #3420, #919, #4525, #6566, #2904, #6022, #4027, #2950, #1957, #348, #3467, #2451, #5045, #1415, #4008, #6543, #6606, #3990, #4459, #897, #6586, #5026, #4502, #3969, #2472, #4547, #2928, #3488, #875, #1395, #5066, #6519, #6085, #1934, #2993, #5001, #413, #5539, #3945, #324, #1915, #1458, #849, #5519, #2429, #1368, #4979, #5499, #6062, #2408, #6047, #2066, #1002, #430, #5171, #453, #5151, #474, #5584, #4611, #5672, #6667, #3570, #6150, #3016, #2019, #3058, #4072, #5605, #1503, #1566, #2492, #1523, #6172, #6689, #983, #5131, #4095, #3590, #4140, #5088, #2044, #5111, #1483, #2579, #5626, #4053, #1025, #6194, #1996, #5649, #3080, #497, #2558, #4117, #6104, #3100, #4630, #1045, #1545, #6709, #2534, #3610, #2514, #6127, #515, #6627, #4651, #3528, #959, #4567, #3037, #6650, #3548, #4586, #607, #2600, #536, #585, #6283, #2155, #104, #35, #4210, #5762, #1590, #1090, #4233, #1068, #4720, #61, #5193, #631, #2669, #5694, #2086, #1134, #5265, #84, #3144, #1681, #3208, #4187, #3120, #4741, #1660, #6264, #6216, #5715, #3723, #2645, #2176, #3651, #3167, #3187, #5782, #1113, #3699, #6240, #6308, #3675, #4161, #1637, #2691, #5238, #4254, #560, #1159, #4764, #2621, #11, #3627, #4673, #2110, #4697, #5739, #1611, #5217, #2133, #4810, #1729, #5355, #6378, #148, #6332, #2268, #5330, #3233, #3769, #2221, #3253, #2759, #3278, #1703, #171, #4321, #3796, #1225, #1202, #1754, #2246, #5850 ),
 ( #5284, #704, #681, #5306, #4829, #2199, #2733, #6354, #5827, #5804, #4300, #2711, #126, #4277, #3746, #656, #1180, #4786, #5256, #2956, #6006, #903, #1849, #252, #873, #2383, #4954, #822, #4391, #3393, #4432, #5452, #275, #2880, #2948, #6561, #2902, #847, #1364, #2361, #5995, #1341, #4977, #5518, #6472, #6517, #6495, #2858, #3966, #297, #5430, #2406, #3439, #3371, #3418, #4454, #1894, #1872, #5497, #3871, #4478, #6020, #2427, #322, #5475, #3919, #1391, #3898, #801, #3943, #779, #2924, #6541, #346, #4999, #1914, #6045, #2336, #1298, #4905, #1830, #5969, #5947, #4411, #1319, #4930, #4026, #896, #6605, #939, #1954, #3484, #6082, #6147, #3056, #6103, #4051, #4565, #5044, #2490, #4546, #1482, #2015, #2969, #3015, #2991, #6061, #451, #3504, #1933, #5603, #6648, #6585, #6624, #958, #5085, #1455, #1994, #3465, #4071, #2511, #5624, #3525, #5065, #410, #981, #391, #4007, #1976, #371, #5581, #429, #3546, #6126, #3036, #4585, #5538, #1502, #5110, #3989, #2450, #2533, #4501, #1414, #5022, #1434, #918, #4523, #5559, #2470, #2108, #5646, #2599, #4649, #6171, #5215, #534, #3569, #6666, #5714, #3140, #4669, #1023, #6262, #1089, #2065, #1001, #5192, #2619, #4138, #471, #3589, #1608, #514, #6239, #4629, #1042, #10, #33, #5691, #1587, #4114, #4185, #1565, #3650, #4160, #2132, #1067, #5169, #1543, #559, #2644, #2575, #6192, #5150, #4696, #2085, #5736, #4092, #4609, #6211, #5671, #3118, #3625, #1522, #5130, #2043, #2556, #3609, #3078, #6688, #6707, #495, #3098, #5802, #1702, #3674, #1635, #1679, #654, #3232, #1201, #1133, #5283, #125, #2667, #2173, #5305, #2154, #2709, #1158, #6282, #1728, #3744, #57, #3166, #2220, #6353, #1178, #4232, #2757, #4298, #5262, #4209, #5825, #2732, #628, #584, #82, #4809, #3721, #3252, #4740, #4253, #4276, #147, #2197, #4785, #5761, #3768, #6331, #680, #4763, #5329, #2245, #5849, #1659, #1112, #4719, #3695, #5235, #5781, #2690, #3185, #606, #6306, #3207, #103, #4341, #2852, #1801, #1223, #5965, #1248, #5941, #1270, #4853, #6377, #269, #5398, #4363, #216, #3795, #2804, #3843, #1777, #6397, #2292, #2356, #3277, #2311, #245, #772, #5377, #5918, #750, #4386, #4924, #5874, #2825, #5894, #2267, #3366, #6419, #4828, #1823, #6465, #2782, #6443, #3865, #1292, #4878, #4900, #170, #3891, #5424, #1844, #3345, #2330, #3318, #795, #3299, #193, #4406, #703, #1314, #3819, #726, #5446, #4320, #1753, #5354, #2962, #5531, #2918, #2420, #1336, #5513, #1408, #3387, #4950, #1384, #364, #2941, #913, #840, #4994, #6555, #2377, #1889, #5015, #1866, #6036, #866, #5988, #1427, #3460, #6490, #2875, #1928, #6055, #888, #3936, #2464, #4001, #4970, #3915, #2443, #6578, #341, #291, #6512, #4514, #3434, #3477, #4448, #3959, #3984, #386, #1907, #4493, #5468, #5037, #1949, #5554, #4472, #816, #4426, #2897, #1359, #3412, #316, #5491, #2399, #6014, #6536, #2147, #6598, #26, #6642, #3645, #4042, #2639, #1495, #933, #5754, #953, #5729, #975, #4558, #6078, #48, #5102, #4065, #3538, #3498, #2504, #445, #1475, #6097, #1989, #2983, #404, #2103, #552, #4180, #5078, #5709, #4580, #1082, #4712, #5574, #2613, #5598, #1968, #3160, #6119, #4540, #1603, #6257, #2484, #6231, #4687, #5209, #3135, #2126, #4021, #3667, #578, #1628, #4201, #1105, #3030, #5230, #1448, #5058, #3008, #6618, #3518, #424, #2726, #696, #620, #4778, #6346, #2167, #1672, #4801, #1650, #5299, #645, #5775, #1215, #3246, #6276, #2659, #1722, #5840, #671, #3711, #2258, #3783, #4754, #3688, #1193, #5320, #117, #3179, #6297, #4313, #3224, #2236, #4246, #3736, #138, #2748, #1693, #4291, #5253, #6371, #2212, #3761, #4269, #3270, #5817, #163, #1151, #4823, #1743, #3200, #5347, #5276, #2190, #75, #599, #4225, #1171, #1127, #5795, #4734, #2682, #96, #2704, #6324, #5439, #763, #743, #5866, #6481, #1285, #3858 ) ),
 .UNSPECIFIED., .F., .F., .F. ) 
 B_SPLINE_SURFACE_WITH_KNOTS ( ( 2, 2 ),
 ( 3, 2, 2, 2, 2, 2, 2, 2, 2, 2, 2, 2, 2, 2, 2, 2, 2, 2, 2, 2, 2, 2, 2, 2, 2, 2, 2, 2, 2, 2, 2, 2, 2, 2, 2, 2, 2, 2, 2, 2, 2, 2, 2, 2, 2, 2, 2, 2, 2, 2, 2, 2, 2, 2, 2, 2, 2, 2, 2, 2, 2, 2, 2, 2, 2, 2, 2, 2, 2, 2, 2, 2, 2, 2, 2, 2, 2, 2, 2, 2, 2, 2, 2, 2, 2, 2, 2, 2, 2, 2, 2, 2, 2, 2, 2, 2, 2, 2, 2, 2, 2, 2, 2, 2, 2, 2, 2, 2, 2, 2, 2, 2, 2, 2, 2, 2, 2, 2, 2, 2, 2, 2, 2, 2, 2, 2, 2, 2, 2, 2, 2, 2, 2, 2, 2, 2, 2, 2, 2, 2, 2, 2, 2, 2, 2, 2, 2, 2, 2, 2, 2, 2, 2, 2, 2, 2, 2, 2, 2, 2, 2, 2, 2, 2, 2, 2, 2, 2, 2, 2, 2, 2, 2, 2, 2, 2, 2, 2, 2, 2, 2, 2, 2, 2, 2, 2, 2, 2, 2, 2, 2, 2, 2, 2, 2, 2, 2, 2, 2, 2, 2, 2, 2, 2, 2, 2, 2, 2, 2, 2, 2, 2, 2, 2, 2, 2, 2, 2, 2, 2, 2, 2, 2, 2, 2, 2, 2, 2, 2, 2, 2, 2, 2, 2, 2, 2, 2, 2, 2, 2, 2, 2, 2, 2, 2, 2, 2, 2, 2, 2, 2, 2, 2, 2, 2, 2, 2, 2, 2, 2, 2, 2, 2, 2, 2, 2, 2, 2, 2, 2, 3 ),
 ( 0.0000000000000000000, 1.000000000000000000 ),
 ( 0.0000000000000000000, 0.003703703703703703800, 0.007407407407407407700, 0.01111111111111111200, 0.01481481481481481500, 0.01851851851851851700, 0.02222222222222222300, 0.02592592592592592500, 0.02962962962962963100, 0.03333333333333333300, 0.03703703703703703500, 0.04074074074074074400, 0.04444444444444444600, 0.04814814814814814800, 0.05185185185185185000, 0.05555555555555555200, 0.05925925925925926200, 0.06296296296296295700, 0.06666666666666666600, 0.07037037037037037500, 0.07407407407407407000, 0.07777777777777777900, 0.08148148148148148800, 0.08518518518518518300, 0.08888888888888889200, 0.09259259259259258700, 0.09629629629629629700, 0.1000000000000000100, 0.1037037037037037000, 0.1074074074074074100, 0.1111111111111111000, 0.1148148148148148100, 0.1185185185185185200, 0.1222222222222222200, 0.1259259259259259100, 0.1296296296296296200, 0.1333333333333333300, 0.1370370370370370400, 0.1407407407407407500, 0.1444444444444444300, 0.1481481481481481400, 0.1518518518518518500, 0.1555555555555555600, 0.1592592592592592700, 0.1629629629629629800, 0.1666666666666666600, 0.1703703703703703700, 0.1740740740740740800, 0.1777777777777777800, 0.1814814814814814900, 0.1851851851851851700, 0.1888888888888888800, 0.1925925925925925900, 0.1962962962962963000, 0.2000000000000000100, 0.2037037037037036900, 0.2074074074074074000, 0.2111111111111111100, 0.2148148148148148200, 0.2185185185185185300, 0.2222222222222222100, 0.2259259259259259200, 0.2296296296296296300, 0.2333333333333333400, 0.2370370370370370500, 0.2407407407407407300, 0.2444444444444444400, 0.2481481481481481500, 0.2518518518518518300, 0.2555555555555555400, 0.2592592592592592400, 0.2629629629629629500, 0.2666666666666666600, 0.2703703703703703700, 0.2740740740740740800, 0.2777777777777777900, 0.2814814814814815000, 0.2851851851851852100, 0.2888888888888888600, 0.2925925925925925700, 0.2962962962962962800, 0.2999999999999999900, 0.3037037037037037000, 0.3074074074074074100, 0.3111111111111111200, 0.3148148148148148300, 0.3185185185185185300, 0.3222222222222222400, 0.3259259259259259500, 0.3296296296296296100, 0.3333333333333333100, 0.3370370370370370200, 0.3407407407407407300, 0.3444444444444444400, 0.3481481481481481500, 0.3518518518518518600, 0.3555555555555555700, 0.3592592592592592800, 0.3629629629629629900, 0.3666666666666666400, 0.3703703703703703500, 0.3740740740740740600, 0.3777777777777777700, 0.3814814814814814800, 0.3851851851851851900, 0.3888888888888889000, 0.3925925925925926000, 0.3962962962962963100, 0.4000000000000000200, 0.4037037037037037300, 0.4074074074074073800, 0.4111111111111110900, 0.4148148148148148000, 0.4185185185185185100, 0.4222222222222222200, 0.4259259259259259300, 0.4296296296296296400, 0.4333333333333333500, 0.4370370370370370600, 0.4407407407407407700, 0.4444444444444444200, 0.4481481481481481300, 0.4518518518518518400, 0.4555555555555555500, 0.4592592592592592600, 0.4629629629629629700, 0.4666666666666666700, 0.4703703703703703800, 0.4740740740740740900, 0.4777777777777778000, 0.4814814814814814500, 0.4851851851851851600, 0.4888888888888888700, 0.4925925925925925800, 0.4962962962962962900, 0.5000000000000000000, 0.5037037037037036500, 0.5074074074074074200, 0.5111111111111110700, 0.5148148148148148400, 0.5185185185185184900, 0.5222222222222222500, 0.5259259259259259100, 0.5296296296296296700, 0.5333333333333333300, 0.5370370370370370900, 0.5407407407407407400, 0.5444444444444444000, 0.5481481481481481600, 0.5518518518518518200, 0.5555555555555555800, 0.5592592592592592300, 0.5629629629629630000, 0.5666666666666666500, 0.5703703703703704200, 0.5740740740740740700, 0.5777777777777777200, 0.5814814814814814900, 0.5851851851851851400, 0.5888888888888889100, 0.5925925925925925600, 0.5962962962962963200, 0.5999999999999999800, 0.6037037037037037400, 0.6074074074074074000, 0.6111111111111111600, 0.6148148148148148100, 0.6185185185185184700, 0.6222222222222222300, 0.6259259259259258900, 0.6296296296296296500, 0.6333333333333333000, 0.6370370370370370700, 0.6407407407407407200, 0.6444444444444444900, 0.6481481481481481400, 0.6518518518518519000, 0.6555555555555555600, 0.6592592592592592100, 0.6629629629629629800, 0.6666666666666666300, 0.6703703703703703900, 0.6740740740740740500, 0.6777777777777778100, 0.6814814814814814700, 0.6851851851851852300, 0.6888888888888888800, 0.6925925925925925400, 0.6962962962962963000, 0.6999999999999999600, 0.7037037037037037200, 0.7074074074074073700, 0.7111111111111111400, 0.7148148148148147900, 0.7185185185185185600, 0.7222222222222222100, 0.7259259259259259700, 0.7296296296296296300, 0.7333333333333332800, 0.7370370370370370500, 0.7407407407407407000, 0.7444444444444444600, 0.7481481481481481200, 0.7518518518518518800, 0.7555555555555555400, 0.7592592592592593000, 0.7629629629629629500, 0.7666666666666667200, 0.7703703703703703700, 0.7740740740740740300, 0.7777777777777777900, 0.7814814814814814400, 0.7851851851851852100, 0.7888888888888888600, 0.7925925925925926300, 0.7962962962962962800, 0.8000000000000000400, 0.8037037037037037000, 0.8074074074074074600, 0.8111111111111111200, 0.8148148148148147700, 0.8185185185185185300, 0.8222222222222221900, 0.8259259259259259500, 0.8296296296296296100, 0.8333333333333333700, 0.8370370370370370200, 0.8407407407407407900, 0.8444444444444444400, 0.8481481481481481000, 0.8518518518518518600, 0.8555555555555555100, 0.8592592592592592800, 0.8629629629629629300, 0.8666666666666667000, 0.8703703703703703500, 0.8740740740740741100, 0.8777777777777777700, 0.8814814814814815300, 0.8851851851851851900, 0.8888888888888888400, 0.8925925925925926000, 0.8962962962962962600, 0.9000000000000000200, 0.9037037037037036800, 0.9074074074074074400, 0.9111111111111110900, 0.9148148148148148600, 0.9185185185185185100, 0.9222222222222222800, 0.9259259259259259300, 0.9296296296296295800, 0.9333333333333333500, 0.9370370370370370000, 0.9407407407407407700, 0.9444444444444444200, 0.9481481481481481800, 0.9518518518518518400, 0.9555555555555556000, 0.9592592592592592600, 0.9629629629629629100, 0.9666666666666666700, 0.9703703703703703300, 0.9740740740740740900, 0.9777777777777777500, 0.9814814814814815100, 0.9851851851851851600, 0.9888888888888889300, 0.9925925925925925800, 0.9962962962962963500, 1.000000000000000000 ),
 .UNSPECIFIED. ) 
 GEOMETRIC_REPRESENTATION_ITEM ( )  RATIONAL_B_SPLINE_SURFACE ( (
 ( 1.000000000000000000, 0.8660254037844387100, 1.000000000000000000, 0.8660254037844387100, 1.000000000000000000, 0.8660254037844387100, 1.000000000000000000, 0.8660254037844387100, 1.000000000000000000, 0.8660254037844387100, 1.000000000000000000, 0.8660254037844387100, 1.000000000000000000, 0.8660254037844387100, 1.000000000000000000, 0.8660254037844387100, 1.000000000000000000, 0.8660254037844387100, 1.000000000000000000, 0.8660254037844387100, 1.000000000000000000, 0.8660254037844387100, 1.000000000000000000, 0.8660254037844387100, 1.000000000000000000, 0.8660254037844387100, 1.000000000000000000, 0.8660254037844387100, 1.000000000000000000, 0.8660254037844387100, 1.000000000000000000, 0.8660254037844387100, 1.000000000000000000, 0.8660254037844387100, 1.000000000000000000, 0.8660254037844387100, 1.000000000000000000, 0.8660254037844387100, 1.000000000000000000, 0.8660254037844387100, 1.000000000000000000, 0.8660254037844387100, 1.000000000000000000, 0.8660254037844387100, 1.000000000000000000, 0.8660254037844387100, 1.000000000000000000, 0.8660254037844387100, 1.000000000000000000, 0.8660254037844387100, 1.000000000000000000, 0.8660254037844387100, 1.000000000000000000, 0.8660254037844387100, 1.000000000000000000, 0.8660254037844387100, 1.000000000000000000, 0.8660254037844387100, 1.000000000000000000, 0.8660254037844387100, 1.000000000000000000, 0.8660254037844387100, 1.000000000000000000, 0.8660254037844387100, 1.000000000000000000, 0.8660254037844387100, 1.000000000000000000, 0.8660254037844387100, 1.000000000000000000, 0.8660254037844387100, 1.000000000000000000, 0.8660254037844387100, 1.000000000000000000, 0.8660254037844387100, 1.000000000000000000, 0.8660254037844387100, 1.000000000000000000, 0.8660254037844387100, 1.000000000000000000, 0.8660254037844387100, 1.000000000000000000, 0.8660254037844387100, 1.000000000000000000, 0.8660254037844387100, 1.000000000000000000, 0.8660254037844387100, 1.000000000000000000, 0.8660254037844387100, 1.000000000000000000, 0.8660254037844387100, 1.000000000000000000, 0.8660254037844387100, 1.000000000000000000, 0.8660254037844387100, 1.000000000000000000, 0.8660254037844387100, 1.000000000000000000, 0.8660254037844387100, 1.000000000000000000, 0.8660254037844387100, 1.000000000000000000, 0.8660254037844387100, 1.000000000000000000, 0.8660254037844387100, 1.000000000000000000, 0.8660254037844387100, 1.000000000000000000, 0.8660254037844387100, 1.000000000000000000, 0.8660254037844387100, 1.000000000000000000, 0.8660254037844387100, 1.000000000000000000, 0.8660254037844387100, 1.000000000000000000, 0.8660254037844387100, 1.000000000000000000, 0.8660254037844387100, 1.000000000000000000, 0.8660254037844387100, 1.000000000000000000, 0.8660254037844387100, 1.000000000000000000, 0.8660254037844387100, 1.000000000000000000, 0.8660254037844387100, 1.000000000000000000, 0.8660254037844387100, 1.000000000000000000, 0.8660254037844387100, 1.000000000000000000, 0.8660254037844387100, 1.000000000000000000, 0.8660254037844387100, 1.000000000000000000, 0.8660254037844387100, 1.000000000000000000, 0.8660254037844387100, 1.000000000000000000, 0.8660254037844387100, 1.000000000000000000, 0.8660254037844387100, 1.000000000000000000, 0.8660254037844387100, 1.000000000000000000, 0.8660254037844387100, 1.000000000000000000, 0.8660254037844387100, 1.000000000000000000, 0.8660254037844387100, 1.000000000000000000, 0.8660254037844387100, 1.000000000000000000, 0.8660254037844387100, 1.000000000000000000, 0.8660254037844387100, 1.000000000000000000, 0.8660254037844387100, 1.000000000000000000, 0.8660254037844387100, 1.000000000000000000, 0.8660254037844387100, 1.000000000000000000, 0.8660254037844387100, 1.000000000000000000, 0.8660254037844387100, 1.000000000000000000, 0.8660254037844387100, 1.000000000000000000, 0.8660254037844387100, 1.000000000000000000, 0.8660254037844387100, 1.000000000000000000, 0.8660254037844387100, 1.000000000000000000, 0.8660254037844387100, 1.000000000000000000, 0.8660254037844387100, 1.000000000000000000, 0.8660254037844387100, 1.000000000000000000, 0.8660254037844387100, 1.000000000000000000, 0.8660254037844387100, 1.000000000000000000, 0.8660254037844387100, 1.000000000000000000, 0.8660254037844387100, 1.000000000000000000, 0.8660254037844387100, 1.000000000000000000, 0.8660254037844387100, 1.000000000000000000, 0.8660254037844387100, 1.000000000000000000, 0.8660254037844387100, 1.000000000000000000, 0.8660254037844387100, 1.000000000000000000, 0.8660254037844387100, 1.000000000000000000, 0.8660254037844387100, 1.000000000000000000, 0.8660254037844387100, 1.000000000000000000, 0.8660254037844387100, 1.000000000000000000, 0.8660254037844387100, 1.000000000000000000, 0.8660254037844387100, 1.000000000000000000, 0.8660254037844387100, 1.000000000000000000, 0.8660254037844387100, 1.000000000000000000, 0.8660254037844387100, 1.000000000000000000, 0.8660254037844387100, 1.000000000000000000, 0.8660254037844387100, 1.000000000000000000, 0.8660254037844387100, 1.000000000000000000, 0.8660254037844387100, 1.000000000000000000, 0.8660254037844387100, 1.000000000000000000, 0.8660254037844387100, 1.000000000000000000, 0.8660254037844387100, 1.000000000000000000, 0.8660254037844387100, 1.000000000000000000, 0.8660254037844387100, 1.000000000000000000, 0.8660254037844387100, 1.000000000000000000, 0.8660254037844387100, 1.000000000000000000, 0.8660254037844387100, 1.000000000000000000, 0.8660254037844387100, 1.000000000000000000, 0.8660254037844387100, 1.000000000000000000, 0.8660254037844387100, 1.000000000000000000, 0.8660254037844387100, 1.000000000000000000, 0.8660254037844387100, 1.000000000000000000, 0.8660254037844387100, 1.000000000000000000, 0.8660254037844387100, 1.000000000000000000, 0.8660254037844387100, 1.000000000000000000, 0.8660254037844387100, 1.000000000000000000, 0.8660254037844387100, 1.000000000000000000, 0.8660254037844387100, 1.000000000000000000, 0.8660254037844387100, 1.000000000000000000, 0.8660254037844387100, 1.000000000000000000, 0.8660254037844387100, 1.000000000000000000, 0.8660254037844387100, 1.000000000000000000, 0.8660254037844387100, 1.000000000000000000, 0.8660254037844387100, 1.000000000000000000, 0.8660254037844387100, 1.000000000000000000, 0.8660254037844387100, 1.000000000000000000, 0.8660254037844387100, 1.000000000000000000, 0.8660254037844387100, 1.000000000000000000, 0.8660254037844387100, 1.000000000000000000, 0.8660254037844387100, 1.000000000000000000, 0.8660254037844387100, 1.000000000000000000, 0.8660254037844387100, 1.000000000000000000, 0.8660254037844387100, 1.000000000000000000, 0.8660254037844387100, 1.000000000000000000, 0.8660254037844387100, 1.000000000000000000, 0.8660254037844387100, 1.000000000000000000, 0.8660254037844387100, 1.000000000000000000, 0.8660254037844387100, 1.000000000000000000, 0.8660254037844387100, 1.000000000000000000, 0.8660254037844387100, 1.000000000000000000, 0.8660254037844387100, 1.000000000000000000, 0.8660254037844387100, 1.000000000000000000, 0.8660254037844387100, 1.000000000000000000, 0.8660254037844387100, 1.000000000000000000, 0.8660254037844387100, 1.000000000000000000, 0.8660254037844387100, 1.000000000000000000, 0.8660254037844387100, 1.000000000000000000, 0.8660254037844387100, 1.000000000000000000, 0.8660254037844387100, 1.000000000000000000, 0.8660254037844387100, 1.000000000000000000, 0.8660254037844387100, 1.000000000000000000, 0.8660254037844387100, 1.000000000000000000, 0.8660254037844387100, 1.000000000000000000, 0.8660254037844387100, 1.000000000000000000, 0.8660254037844387100, 1.000000000000000000, 0.8660254037844387100, 1.000000000000000000, 0.8660254037844387100, 1.000000000000000000, 0.8660254037844387100, 1.000000000000000000, 0.8660254037844387100, 1.000000000000000000, 0.8660254037844387100, 1.000000000000000000, 0.8660254037844387100, 1.000000000000000000, 0.8660254037844387100, 1.000000000000000000, 0.8660254037844387100, 1.000000000000000000, 0.8660254037844387100, 1.000000000000000000, 0.8660254037844387100, 1.000000000000000000, 0.8660254037844387100, 1.000000000000000000, 0.8660254037844387100, 1.000000000000000000, 0.8660254037844387100, 1.000000000000000000, 0.8660254037844387100, 1.000000000000000000, 0.8660254037844387100, 1.000000000000000000, 0.8660254037844387100, 1.000000000000000000, 0.8660254037844387100, 1.000000000000000000, 0.8660254037844387100, 1.000000000000000000, 0.8660254037844387100, 1.000000000000000000, 0.8660254037844387100, 1.000000000000000000, 0.8660254037844387100, 1.000000000000000000, 0.8660254037844387100, 1.000000000000000000, 0.8660254037844387100, 1.000000000000000000, 0.8660254037844387100, 1.000000000000000000, 0.8660254037844387100, 1.000000000000000000, 0.8660254037844387100, 1.000000000000000000, 0.8660254037844387100, 1.000000000000000000, 0.8660254037844387100, 1.000000000000000000, 0.8660254037844387100, 1.000000000000000000, 0.8660254037844387100, 1.000000000000000000, 0.8660254037844387100, 1.000000000000000000, 0.8660254037844387100, 1.000000000000000000, 0.8660254037844387100, 1.000000000000000000, 0.8660254037844387100, 1.000000000000000000, 0.8660254037844387100, 1.000000000000000000, 0.8660254037844387100, 1.000000000000000000, 0.8660254037844387100, 1.000000000000000000, 0.8660254037844387100, 1.000000000000000000, 0.8660254037844387100, 1.000000000000000000, 0.8660254037844387100, 1.000000000000000000, 0.8660254037844387100, 1.000000000000000000, 0.8660254037844387100, 1.000000000000000000, 0.8660254037844387100, 1.000000000000000000, 0.8660254037844387100, 1.000000000000000000, 0.8660254037844387100, 1.000000000000000000, 0.8660254037844387100, 1.000000000000000000, 0.8660254037844387100, 1.000000000000000000, 0.8660254037844387100, 1.000000000000000000, 0.8660254037844387100, 1.000000000000000000, 0.8660254037844387100, 1.000000000000000000, 0.8660254037844387100, 1.000000000000000000, 0.8660254037844387100, 1.000000000000000000, 0.8660254037844387100, 1.000000000000000000, 0.8660254037844387100, 1.000000000000000000, 0.8660254037844387100, 1.000000000000000000, 0.8660254037844387100, 1.000000000000000000, 0.8660254037844387100, 1.000000000000000000, 0.8660254037844387100, 1.000000000000000000, 0.8660254037844387100, 1.000000000000000000, 0.8660254037844387100, 1.000000000000000000, 0.8660254037844387100, 1.000000000000000000, 0.8660254037844387100, 1.000000000000000000, 0.8660254037844387100, 1.000000000000000000, 0.8660254037844387100, 1.000000000000000000, 0.8660254037844387100, 1.000000000000000000, 0.8660254037844387100, 1.000000000000000000, 0.8660254037844387100, 1.000000000000000000, 0.8660254037844387100, 1.000000000000000000, 0.8660254037844387100, 1.000000000000000000, 0.8660254037844387100, 1.000000000000000000, 0.8660254037844387100, 1.000000000000000000, 0.8660254037844387100, 1.000000000000000000, 0.8660254037844387100, 1.000000000000000000, 0.8660254037844387100, 1.000000000000000000, 0.8660254037844387100, 1.000000000000000000, 0.8660254037844387100, 1.000000000000000000, 0.8660254037844387100, 1.000000000000000000, 0.8660254037844387100, 1.000000000000000000, 0.8660254037844387100, 1.000000000000000000, 0.8660254037844387100, 1.000000000000000000, 0.8660254037844387100, 1.000000000000000000, 0.8660254037844387100, 1.000000000000000000, 0.8660254037844387100, 1.000000000000000000, 0.8660254037844387100, 1.000000000000000000, 0.8660254037844387100, 1.000000000000000000, 0.8660254037844387100, 1.000000000000000000, 0.8660254037844387100, 1.000000000000000000, 0.8660254037844387100, 1.000000000000000000, 0.8660254037844387100, 1.000000000000000000, 0.8660254037844387100, 1.000000000000000000, 0.8660254037844387100, 1.000000000000000000, 0.8660254037844387100, 1.000000000000000000, 0.8660254037844387100, 1.000000000000000000, 0.8660254037844387100, 1.000000000000000000, 0.8660254037844387100, 1.000000000000000000, 0.8660254037844387100, 1.000000000000000000, 0.8660254037844387100, 1.000000000000000000, 0.8660254037844387100, 1.000000000000000000, 0.8660254037844387100, 1.000000000000000000, 0.8660254037844387100, 1.000000000000000000, 0.8660254037844387100, 1.000000000000000000, 0.8660254037844387100, 1.000000000000000000),
 ( 1.000000000000000000, 0.8660254037844387100, 1.000000000000000000, 0.8660254037844387100, 1.000000000000000000, 0.8660254037844387100, 1.000000000000000000, 0.8660254037844387100, 1.000000000000000000, 0.8660254037844387100, 1.000000000000000000, 0.8660254037844387100, 1.000000000000000000, 0.8660254037844387100, 1.000000000000000000, 0.8660254037844387100, 1.000000000000000000, 0.8660254037844387100, 1.000000000000000000, 0.8660254037844387100, 1.000000000000000000, 0.8660254037844387100, 1.000000000000000000, 0.8660254037844387100, 1.000000000000000000, 0.8660254037844387100, 1.000000000000000000, 0.8660254037844387100, 1.000000000000000000, 0.8660254037844387100, 1.000000000000000000, 0.8660254037844387100, 1.000000000000000000, 0.8660254037844387100, 1.000000000000000000, 0.8660254037844387100, 1.000000000000000000, 0.8660254037844387100, 1.000000000000000000, 0.8660254037844387100, 1.000000000000000000, 0.8660254037844387100, 1.000000000000000000, 0.8660254037844387100, 1.000000000000000000, 0.8660254037844387100, 1.000000000000000000, 0.8660254037844387100, 1.000000000000000000, 0.8660254037844387100, 1.000000000000000000, 0.8660254037844387100, 1.000000000000000000, 0.8660254037844387100, 1.000000000000000000, 0.8660254037844387100, 1.000000000000000000, 0.8660254037844387100, 1.000000000000000000, 0.8660254037844387100, 1.000000000000000000, 0.8660254037844387100, 1.000000000000000000, 0.8660254037844387100, 1.000000000000000000, 0.8660254037844387100, 1.000000000000000000, 0.8660254037844387100, 1.000000000000000000, 0.8660254037844387100, 1.000000000000000000, 0.8660254037844387100, 1.000000000000000000, 0.8660254037844387100, 1.000000000000000000, 0.8660254037844387100, 1.000000000000000000, 0.8660254037844387100, 1.000000000000000000, 0.8660254037844387100, 1.000000000000000000, 0.8660254037844387100, 1.000000000000000000, 0.8660254037844387100, 1.000000000000000000, 0.8660254037844387100, 1.000000000000000000, 0.8660254037844387100, 1.000000000000000000, 0.8660254037844387100, 1.000000000000000000, 0.8660254037844387100, 1.000000000000000000, 0.8660254037844387100, 1.000000000000000000, 0.8660254037844387100, 1.000000000000000000, 0.8660254037844387100, 1.000000000000000000, 0.8660254037844387100, 1.000000000000000000, 0.8660254037844387100, 1.000000000000000000, 0.8660254037844387100, 1.000000000000000000, 0.8660254037844387100, 1.000000000000000000, 0.8660254037844387100, 1.000000000000000000, 0.8660254037844387100, 1.000000000000000000, 0.8660254037844387100, 1.000000000000000000, 0.8660254037844387100, 1.000000000000000000, 0.8660254037844387100, 1.000000000000000000, 0.8660254037844387100, 1.000000000000000000, 0.8660254037844387100, 1.000000000000000000, 0.8660254037844387100, 1.000000000000000000, 0.8660254037844387100, 1.000000000000000000, 0.8660254037844387100, 1.000000000000000000, 0.8660254037844387100, 1.000000000000000000, 0.8660254037844387100, 1.000000000000000000, 0.8660254037844387100, 1.000000000000000000, 0.8660254037844387100, 1.000000000000000000, 0.8660254037844387100, 1.000000000000000000, 0.8660254037844387100, 1.000000000000000000, 0.8660254037844387100, 1.000000000000000000, 0.8660254037844387100, 1.000000000000000000, 0.8660254037844387100, 1.000000000000000000, 0.8660254037844387100, 1.000000000000000000, 0.8660254037844387100, 1.000000000000000000, 0.8660254037844387100, 1.000000000000000000, 0.8660254037844387100, 1.000000000000000000, 0.8660254037844387100, 1.000000000000000000, 0.8660254037844387100, 1.000000000000000000, 0.8660254037844387100, 1.000000000000000000, 0.8660254037844387100, 1.000000000000000000, 0.8660254037844387100, 1.000000000000000000, 0.8660254037844387100, 1.000000000000000000, 0.8660254037844387100, 1.000000000000000000, 0.8660254037844387100, 1.000000000000000000, 0.8660254037844387100, 1.000000000000000000, 0.8660254037844387100, 1.000000000000000000, 0.8660254037844387100, 1.000000000000000000, 0.8660254037844387100, 1.000000000000000000, 0.8660254037844387100, 1.000000000000000000, 0.8660254037844387100, 1.000000000000000000, 0.8660254037844387100, 1.000000000000000000, 0.8660254037844387100, 1.000000000000000000, 0.8660254037844387100, 1.000000000000000000, 0.8660254037844387100, 1.000000000000000000, 0.8660254037844387100, 1.000000000000000000, 0.8660254037844387100, 1.000000000000000000, 0.8660254037844387100, 1.000000000000000000, 0.8660254037844387100, 1.000000000000000000, 0.8660254037844387100, 1.000000000000000000, 0.8660254037844387100, 1.000000000000000000, 0.8660254037844387100, 1.000000000000000000, 0.8660254037844387100, 1.000000000000000000, 0.8660254037844387100, 1.000000000000000000, 0.8660254037844387100, 1.000000000000000000, 0.8660254037844387100, 1.000000000000000000, 0.8660254037844387100, 1.000000000000000000, 0.8660254037844387100, 1.000000000000000000, 0.8660254037844387100, 1.000000000000000000, 0.8660254037844387100, 1.000000000000000000, 0.8660254037844387100, 1.000000000000000000, 0.8660254037844387100, 1.000000000000000000, 0.8660254037844387100, 1.000000000000000000, 0.8660254037844387100, 1.000000000000000000, 0.8660254037844387100, 1.000000000000000000, 0.8660254037844387100, 1.000000000000000000, 0.8660254037844387100, 1.000000000000000000, 0.8660254037844387100, 1.000000000000000000, 0.8660254037844387100, 1.000000000000000000, 0.8660254037844387100, 1.000000000000000000, 0.8660254037844387100, 1.000000000000000000, 0.8660254037844387100, 1.000000000000000000, 0.8660254037844387100, 1.000000000000000000, 0.8660254037844387100, 1.000000000000000000, 0.8660254037844387100, 1.000000000000000000, 0.8660254037844387100, 1.000000000000000000, 0.8660254037844387100, 1.000000000000000000, 0.8660254037844387100, 1.000000000000000000, 0.8660254037844387100, 1.000000000000000000, 0.8660254037844387100, 1.000000000000000000, 0.8660254037844387100, 1.000000000000000000, 0.8660254037844387100, 1.000000000000000000, 0.8660254037844387100, 1.000000000000000000, 0.8660254037844387100, 1.000000000000000000, 0.8660254037844387100, 1.000000000000000000, 0.8660254037844387100, 1.000000000000000000, 0.8660254037844387100, 1.000000000000000000, 0.8660254037844387100, 1.000000000000000000, 0.8660254037844387100, 1.000000000000000000, 0.8660254037844387100, 1.000000000000000000, 0.8660254037844387100, 1.000000000000000000, 0.8660254037844387100, 1.000000000000000000, 0.8660254037844387100, 1.000000000000000000, 0.8660254037844387100, 1.000000000000000000, 0.8660254037844387100, 1.000000000000000000, 0.8660254037844387100, 1.000000000000000000, 0.8660254037844387100, 1.000000000000000000, 0.8660254037844387100, 1.000000000000000000, 0.8660254037844387100, 1.000000000000000000, 0.8660254037844387100, 1.000000000000000000, 0.8660254037844387100, 1.000000000000000000, 0.8660254037844387100, 1.000000000000000000, 0.8660254037844387100, 1.000000000000000000, 0.8660254037844387100, 1.000000000000000000, 0.8660254037844387100, 1.000000000000000000, 0.8660254037844387100, 1.000000000000000000, 0.8660254037844387100, 1.000000000000000000, 0.8660254037844387100, 1.000000000000000000, 0.8660254037844387100, 1.000000000000000000, 0.8660254037844387100, 1.000000000000000000, 0.8660254037844387100, 1.000000000000000000, 0.8660254037844387100, 1.000000000000000000, 0.8660254037844387100, 1.000000000000000000, 0.8660254037844387100, 1.000000000000000000, 0.8660254037844387100, 1.000000000000000000, 0.8660254037844387100, 1.000000000000000000, 0.8660254037844387100, 1.000000000000000000, 0.8660254037844387100, 1.000000000000000000, 0.8660254037844387100, 1.000000000000000000, 0.8660254037844387100, 1.000000000000000000, 0.8660254037844387100, 1.000000000000000000, 0.8660254037844387100, 1.000000000000000000, 0.8660254037844387100, 1.000000000000000000, 0.8660254037844387100, 1.000000000000000000, 0.8660254037844387100, 1.000000000000000000, 0.8660254037844387100, 1.000000000000000000, 0.8660254037844387100, 1.000000000000000000, 0.8660254037844387100, 1.000000000000000000, 0.8660254037844387100, 1.000000000000000000, 0.8660254037844387100, 1.000000000000000000, 0.8660254037844387100, 1.000000000000000000, 0.8660254037844387100, 1.000000000000000000, 0.8660254037844387100, 1.000000000000000000, 0.8660254037844387100, 1.000000000000000000, 0.8660254037844387100, 1.000000000000000000, 0.8660254037844387100, 1.000000000000000000, 0.8660254037844387100, 1.000000000000000000, 0.8660254037844387100, 1.000000000000000000, 0.8660254037844387100, 1.000000000000000000, 0.8660254037844387100, 1.000000000000000000, 0.8660254037844387100, 1.000000000000000000, 0.8660254037844387100, 1.000000000000000000, 0.8660254037844387100, 1.000000000000000000, 0.8660254037844387100, 1.000000000000000000, 0.8660254037844387100, 1.000000000000000000, 0.8660254037844387100, 1.000000000000000000, 0.8660254037844387100, 1.000000000000000000, 0.8660254037844387100, 1.000000000000000000, 0.8660254037844387100, 1.000000000000000000, 0.8660254037844387100, 1.000000000000000000, 0.8660254037844387100, 1.000000000000000000, 0.8660254037844387100, 1.000000000000000000, 0.8660254037844387100, 1.000000000000000000, 0.8660254037844387100, 1.000000000000000000, 0.8660254037844387100, 1.000000000000000000, 0.8660254037844387100, 1.000000000000000000, 0.8660254037844387100, 1.000000000000000000, 0.8660254037844387100, 1.000000000000000000, 0.8660254037844387100, 1.000000000000000000, 0.8660254037844387100, 1.000000000000000000, 0.8660254037844387100, 1.000000000000000000, 0.8660254037844387100, 1.000000000000000000, 0.8660254037844387100, 1.000000000000000000, 0.8660254037844387100, 1.000000000000000000, 0.8660254037844387100, 1.000000000000000000, 0.8660254037844387100, 1.000000000000000000, 0.8660254037844387100, 1.000000000000000000, 0.8660254037844387100, 1.000000000000000000, 0.8660254037844387100, 1.000000000000000000, 0.8660254037844387100, 1.000000000000000000, 0.8660254037844387100, 1.000000000000000000, 0.8660254037844387100, 1.000000000000000000, 0.8660254037844387100, 1.000000000000000000, 0.8660254037844387100, 1.000000000000000000, 0.8660254037844387100, 1.000000000000000000, 0.8660254037844387100, 1.000000000000000000, 0.8660254037844387100, 1.000000000000000000, 0.8660254037844387100, 1.000000000000000000, 0.8660254037844387100, 1.000000000000000000, 0.8660254037844387100, 1.000000000000000000, 0.8660254037844387100, 1.000000000000000000, 0.8660254037844387100, 1.000000000000000000, 0.8660254037844387100, 1.000000000000000000, 0.8660254037844387100, 1.000000000000000000, 0.8660254037844387100, 1.000000000000000000, 0.8660254037844387100, 1.000000000000000000, 0.8660254037844387100, 1.000000000000000000, 0.8660254037844387100, 1.000000000000000000, 0.8660254037844387100, 1.000000000000000000, 0.8660254037844387100, 1.000000000000000000, 0.8660254037844387100, 1.000000000000000000, 0.8660254037844387100, 1.000000000000000000, 0.8660254037844387100, 1.000000000000000000, 0.8660254037844387100, 1.000000000000000000, 0.8660254037844387100, 1.000000000000000000, 0.8660254037844387100, 1.000000000000000000, 0.8660254037844387100, 1.000000000000000000, 0.8660254037844387100, 1.000000000000000000, 0.8660254037844387100, 1.000000000000000000, 0.8660254037844387100, 1.000000000000000000, 0.8660254037844387100, 1.000000000000000000, 0.8660254037844387100, 1.000000000000000000, 0.8660254037844387100, 1.000000000000000000, 0.8660254037844387100, 1.000000000000000000, 0.8660254037844387100, 1.000000000000000000, 0.8660254037844387100, 1.000000000000000000, 0.8660254037844387100, 1.000000000000000000, 0.8660254037844387100, 1.000000000000000000, 0.8660254037844387100, 1.000000000000000000, 0.8660254037844387100, 1.000000000000000000, 0.8660254037844387100, 1.000000000000000000, 0.8660254037844387100, 1.000000000000000000, 0.8660254037844387100, 1.000000000000000000, 0.8660254037844387100, 1.000000000000000000, 0.8660254037844387100, 1.000000000000000000, 0.8660254037844387100, 1.000000000000000000, 0.8660254037844387100, 1.000000000000000000, 0.8660254037844387100, 1.000000000000000000, 0.8660254037844387100, 1.000000000000000000, 0.8660254037844387100, 1.000000000000000000, 0.8660254037844387100, 1.000000000000000000) ) ) 
 REPRESENTATION_ITEM ( '' )  SURFACE ( )  );
#5157 = CARTESIAN_POINT ( 'NONE',  ( 6.952000592372811200, 1.805713803993446400, 2.204163812291781300 ) ) ;
#5158 = CARTESIAN_POINT ( 'NONE',  ( 3.164505546622943000, 3.680356420729224100, 4.829998340009570500 ) ) ;
#5159 = CARTESIAN_POINT ( 'NONE',  ( -5.381327786710368600, 7.128621437182588700, 5.160858395476958000 ) ) ;
#5160 = CARTESIAN_POINT ( 'NONE',  ( 6.140727072607993400, 3.322380470660106300, 5.665399658089312700 ) ) ;
#5161 = FACE_OUTER_BOUND ( 'NONE', #6359, .T. ) ;
#5162 = VECTOR ( 'NONE', #6523, 1000.000000000000000 ) ;
#5163 = CARTESIAN_POINT ( 'NONE',  ( 7.262641947663269100, -15.46095286267318000, 4.277813907273678500 ) ) ;
#5164 = CARTESIAN_POINT ( 'NONE',  ( 4.298315489864341600, -8.781786196006528700, 3.028393217318460000 ) ) ;
#5165 = CARTESIAN_POINT ( 'NONE',  ( 3.737358052336705100, 10.17654713732675400, 3.722186092726276200 ) ) ;
#5166 = CARTESIAN_POINT ( 'NONE',  ( -12.41049445337701400, 6.458399530062931300, 6.101143420642320500 ) ) ;
#5167 = CARTESIAN_POINT ( 'NONE',  ( 3.937531503962373900, -0.1899975256171306000, 2.970884598965622300 ) ) ;
#5168 = CARTESIAN_POINT ( 'NONE',  ( 5.188619435515719600, -0.4984528626732140400, 5.975611840433583800 ) ) ;
#5169 = CARTESIAN_POINT ( 'NONE',  ( -5.468827786710368100, 4.241615791476277800, 3.103041480451419300 ) ) ;
#5170 = CIRCLE ( 'NONE', #3481, 3.750000000000000000 ) ;
#5171 = CARTESIAN_POINT ( 'NONE',  ( 6.227005546622933700, 4.541600469937070500, 1.898856579357689700 ) ) ;
#5172 = DIRECTION ( 'NONE',  ( -2.220446049250337700E-016, -1.000000000000000000, 1.224646799147324600E-016 ) ) ;
#5173 = CARTESIAN_POINT ( 'NONE',  ( 2.318672213289608900, 4.241615791476277800, 3.103041480451418400 ) ) ;
#5174 = CARTESIAN_POINT ( 'NONE',  ( -1.567424622731209900, 5.421022839120504400, 5.650000000000003900 ) ) ;
#5175 = CARTESIAN_POINT ( 'NONE',  ( 5.188619435515716900, -12.48595286267318500, 5.975611840433584700 ) ) ;
#5176 = EDGE_LOOP ( 'NONE', ( #1974, #6313, #3828, #5590 ) ) ;
#5177 = CARTESIAN_POINT ( 'NONE',  ( 7.781240055777093500, -17.82345286267317500, 4.359551305450801300 ) ) ;
#5178 = ORIENTED_EDGE ( 'NONE', *, *, #6502, .F. ) ;
#5179 = CARTESIAN_POINT ( 'NONE',  ( 3.218759944222879800, 4.839047137326769400, 3.640448694549154800 ) ) ;
#5180 = APPROVAL ( #6284, 'UNSPECIFIED' ) ;
#5181 = CARTESIAN_POINT ( 'NONE',  ( 7.072838879956267800, 7.798843344302243400, 4.220573370311595500 ) ) ;
#5182 = CARTESIAN_POINT ( 'NONE',  ( -7.656327786710362700, 6.840443814239312000, 2.119429949669282600 ) ) ;
#5183 = CARTESIAN_POINT ( 'NONE',  ( -14.48132778671034300, 4.241615791476277800, 3.103041480451420100 ) ) ;
#5184 = CARTESIAN_POINT ( 'NONE',  ( 4.378085124944708400, 3.905713803993441100, 5.387585750815612900 ) ) ;
#5185 = CARTESIAN_POINT ( 'NONE',  ( 6.140727072607989900, -12.07761952933985200, 5.665399658089315300 ) ) ;
#5186 = CARTESIAN_POINT ( 'NONE',  ( 3.737358052336701200, -8.723452862673196900, 3.722186092726278900 ) ) ;
#5187 = CARTESIAN_POINT ( 'NONE',  ( 4.057721588640707600, 11.63488047066008800, 4.554885921770944500 ) ) ;
#5188 = CARTESIAN_POINT ( 'NONE',  ( -13.22716112004368000, 7.798843344302243400, 4.220573370311598200 ) ) ;
#5189 = CARTESIAN_POINT ( 'NONE',  ( 7.276216268265549100, -0.1901815064775670100, 3.435594748169329200 ) ) ;
#5190 = CARTESIAN_POINT ( 'NONE',  ( 7.262641947663270000, -11.26095286267319100, 4.277813907273678500 ) ) ;
#5191 = CARTESIAN_POINT ( 'NONE',  ( 5.188619435515719600, 0.9015471373267774900, 5.975611840433583800 ) ) ;
#5192 = CARTESIAN_POINT ( 'NONE',  ( -6.693827786710365900, 6.535718485426611000, 2.546943076929713400 ) ) ;
#5193 = CARTESIAN_POINT ( 'NONE',  ( 10.71867221328959400, 7.128621437182588700, 5.160858395476956200 ) ) ;
#5194 = EDGE_CURVE ( 'NONE', #3809, #2680, #3968, .T. ) ;
#5195 = CARTESIAN_POINT ( 'NONE',  ( -2.499999999999999600, 5.499999999999998200, 4.000000000000000000 ) ) ;
#5196 = CARTESIAN_POINT ( 'NONE',  ( 0.5103388799562809100, 7.276243451237029100, 4.170430058013447000 ) ) ;
#5197 = ORIENTED_EDGE ( 'NONE', *, *, #1940, .F. ) ;
#5198 = CARTESIAN_POINT ( 'NONE',  ( 4.670760536595699900, -15.57761952933984500, 1.844612506840963100 ) ) ;
#5199 = CARTESIAN_POINT ( 'NONE',  ( -2.219162643311645100, 7.115052063036129600, 3.249319292760254600 ) ) ;
#5200 = CARTESIAN_POINT ( 'NONE',  ( 5.188619435515720500, 5.014047137326771900, 5.975611840433583000 ) ) ;
#5201 = CARTESIAN_POINT ( 'NONE',  ( 7.947838879956266000, 5.308977857911811400, 5.990856735486522300 ) ) ;
#5202 = CARTESIAN_POINT ( 'NONE',  ( -7.831327786710362600, 3.871378562817414000, 2.839141604523054000 ) ) ;
#5203 = ORIENTED_EDGE ( 'NONE', *, *, #6571, .T. ) ;
#5204 = CARTESIAN_POINT ( 'NONE',  ( -15.41466112004367500, 5.352403240191906200, 5.538271952077019800 ) ) ;
#5205 = CARTESIAN_POINT ( 'NONE',  ( 3.737358052336704300, 4.489047137326771500, 3.722186092726276700 ) ) ;
#5206 = CARTESIAN_POINT ( 'NONE',  ( 3.737358052336700300, -13.01095286267318600, 3.722186092726279300 ) ) ;
#5207 = CARTESIAN_POINT ( 'NONE',  ( 6.621914875055266800, -10.35678619600652400, 2.612414249184342700 ) ) ;
#5208 = CARTESIAN_POINT ( 'NONE',  ( 4.298315489864346100, 10.81821380399342100, 3.028393217318457300 ) ) ;
#5209 = CARTESIAN_POINT ( 'NONE',  ( 9.989505546622925900, 4.759475034189582800, 2.376513018916270900 ) ) ;
#5210 = CARTESIAN_POINT ( 'NONE',  ( -11.41882778671035200, 3.871378562817414000, 2.839141604523054000 ) ) ;
#5211 = CARTESIAN_POINT ( 'NONE',  ( 3.944760240409297000, -0.7317861960065494800, 2.742530600695051800 ) ) ;
#5212 = CARTESIAN_POINT ( 'NONE',  ( 4.859272927391981700, -8.927619529339862600, 2.334600341910642900 ) ) ;
#5213 = ORIENTED_EDGE ( 'NONE', *, *, #535, .T. ) ;
#5214 = CARTESIAN_POINT ( 'NONE',  ( 5.811380564484257300, 0.5515471373267812900, 2.024388159566371300 ) ) ;
#5215 = CARTESIAN_POINT ( 'NONE',  ( -7.393827786710364300, 6.535718485426611000, 2.546943076929713400 ) ) ;
#5216 = ORIENTED_EDGE ( 'NONE', *, *, #5585, .F. ) ;
#5217 = CARTESIAN_POINT ( 'NONE',  ( 13.40200554662291500, 7.319643579270779000, 3.170001659990437900 ) ) ;
#5218 = CARTESIAN_POINT ( 'NONE',  ( 5.499999999999997300, -2.500000000000004000, 4.000000000000000000 ) ) ;
#5219 = CARTESIAN_POINT ( 'NONE',  ( 5.002005546622938500, 4.094019031668182200, 4.641313432528430200 ) ) ;
#5220 = CARTESIAN_POINT ( 'NONE',  ( -1.387588525827343300, 3.603454240950650300, 3.818026969492943800 ) ) ;
#5221 = CARTESIAN_POINT ( 'NONE',  ( 5.811380564484255600, -8.635952862673194700, 2.024388159566372600 ) ) ;
#5222 = CARTESIAN_POINT ( 'NONE',  ( 3.633379675925019200, -13.21511952933985200, 4.718142441128666300 ) ) ;
#5223 = CARTESIAN_POINT ( 'NONE',  ( 3.218759944222879800, 6.239047137326768000, 3.640448694549154800 ) ) ;
#5224 = CARTESIAN_POINT ( 'NONE',  ( 8.356172213289598400, 6.840443814239312000, 2.119429949669280300 ) ) ;
#5225 = CARTESIAN_POINT ( 'NONE',  ( -6.372994453377032200, 4.541600469937070500, 1.898856579357691500 ) ) ;
#5226 = CARTESIAN_POINT ( 'NONE',  ( -12.78966112004368200, 7.276243451237029100, 4.170430058013448800 ) ) ;
#5227 = CARTESIAN_POINT ( 'NONE',  ( 6.701684510135634400, 8.980713803993428000, 4.971606782681493400 ) ) ;
#5228 = CARTESIAN_POINT ( 'NONE',  ( 4.298315489864340800, -12.36928619600652000, 3.028393217318460500 ) ) ;
#5229 = CARTESIAN_POINT ( 'NONE',  ( 5.740593901223625100, -8.898452862673195800, 2.473507295547492400 ) ) ;
#5230 = CARTESIAN_POINT ( 'NONE',  ( 10.57283887995625600, 3.723756548762971400, 3.829569941986563200 ) ) ;
#5231 = CARTESIAN_POINT ( 'NONE',  ( -13.11049445337701300, 6.458399530062931300, 6.101143420642320500 ) ) ;
#5232 = EDGE_CURVE ( 'NONE', #982, #3566, #2099, .T. ) ;
#5233 = CARTESIAN_POINT ( 'NONE',  ( 6.621914875055266800, -9.744286196006525500, 2.612414249184342700 ) ) ;
#5234 = CARTESIAN_POINT ( 'NONE',  ( 7.366620324074954600, 1.134880470660113000, 3.281857558871289700 ) ) ;
#5235 = CARTESIAN_POINT ( 'NONE',  ( -0.6854944533770442900, 4.094019031668182200, 4.641313432528431100 ) ) ;
#5236 = LINE ( 'NONE', #4892, #4196 ) ;
#5237 = LINE ( 'NONE', #4820, #60 ) ;
#5238 = CARTESIAN_POINT ( 'NONE',  ( 12.64367221328958900, 6.840443814239312000, 2.119429949669279900 ) ) ;
#5239 =( BOUNDED_CURVE ( )  B_SPLINE_CURVE ( 2, ( #6130, #6107, #5049, #2538, #6154, #1486, #922, #944, #5652 ),
 .UNSPECIFIED., .F., .F. ) 
 B_SPLINE_CURVE_WITH_KNOTS ( ( 3, 2, 2, 2, 3 ),
 ( 0.5055555555555556500, 0.5074074074074074200, 0.5111111111111110700, 0.5148148148148148400, 0.5166666666666668300 ),
 .UNSPECIFIED. ) 
 CURVE ( )  GEOMETRIC_REPRESENTATION_ITEM ( )  RATIONAL_B_SPLINE_CURVE ( ( 0.9330127018922194100, 0.9330127018922234100, 1.000000000000000000, 0.8660254037844387100, 1.000000000000000000, 0.8660254037844387100, 1.000000000000000000, 0.9330127018922133000, 0.9330127018922194100 ) ) 
 REPRESENTATION_ITEM ( '' )  );
#5240 = APPLICATION_CONTEXT ( 'configuration controlled 3d designs of mechanical parts and assemblies' ) ;
#5241 = CARTESIAN_POINT ( 'NONE',  ( 3.602005546622939900, 4.094019031668182200, 4.641313432528431100 ) ) ;
#5242 = CARTESIAN_POINT ( 'NONE',  ( 7.055239759590682200, -9.569286196006526500, 5.257469399304897100 ) ) ;
#5243 = CARTESIAN_POINT ( 'NONE',  ( 3.218759944222875400, -14.67345286267318200, 3.640448694549157400 ) ) ;
#5244 = CARTESIAN_POINT ( 'NONE',  ( 4.670760536595703400, 6.122380470660102600, 1.844612506840960500 ) ) ;
#5245 = APPROVAL_PERSON_ORGANIZATION ( #3227, #237, #632 ) ;
#5246 = VECTOR ( 'NONE', #4423, 1000.000000000000000 ) ;
#5247 = CARTESIAN_POINT ( 'NONE',  ( 6.431172213289603900, 7.128621437182588700, 5.160858395476957100 ) ) ;
#5248 = CARTESIAN_POINT ( 'NONE',  ( -5.556327786710367500, 6.840443814239312000, 2.119429949669282100 ) ) ;
#5249 = CARTESIAN_POINT ( 'NONE',  ( -13.89799445337701100, 4.094019031668182200, 4.641313432528432900 ) ) ;
#5250 = LINE ( 'NONE', #3314, #569 ) ;
#5251 = CARTESIAN_POINT ( 'NONE',  ( 4.378085124944709200, 10.20571380399342600, 5.387585750815612000 ) ) ;
#5252 = CARTESIAN_POINT ( 'NONE',  ( 6.140727072607990800, -9.190119529339861900, 5.665399658089314400 ) ) ;
#5253 = CARTESIAN_POINT ( 'NONE',  ( 13.19783887995625400, 5.352403240191906200, 5.538271952077016300 ) ) ;
#5254 = CARTESIAN_POINT ( 'NONE',  ( -10.19382778671035400, 4.159556185760689800, 5.880570050330730300 ) ) ;
#5255 = AXIS2_PLACEMENT_3D ( 'NONE', #1981, #6631, #4056 ) ;
#5256 = CARTESIAN_POINT ( 'NONE',  ( -15.38549445337700700, 4.094019031668182200, 4.641313432528432900 ) ) ;
#5257 = VECTOR ( 'NONE', #2362, 1000.000000000000000 ) ;
#5258 = CARTESIAN_POINT ( 'NONE',  ( -1.706327786710377900, 4.159556185760737700, 5.880570050330763200 ) ) ;
#5259 = CARTESIAN_POINT ( 'NONE',  ( -2.211802286597349500, 7.185525718177105500, 3.447852981115378400 ) ) ;
#5260 = CARTESIAN_POINT ( 'NONE',  ( 5.740593901223624200, -9.685952862673193700, 2.473507295547492400 ) ) ;
#5261 = CARTESIAN_POINT ( 'NONE',  ( 5.188619435515720500, 4.401547137326773800, 5.975611840433583000 ) ) ;
#5262 = CARTESIAN_POINT ( 'NONE',  ( -2.318827786710374800, 6.758384208523724900, 4.896958519548593200 ) ) ;
#5263 = EDGE_CURVE ( 'NONE', #3939, #4980, #5366, .T. ) ;
#5264 = ORIENTED_EDGE ( 'NONE', *, *, #6242, .F. ) ;
#5265 = CARTESIAN_POINT ( 'NONE',  ( 11.06867221328959000, 3.871378562817414000, 2.839141604523051300 ) ) ;
#5266 = DIRECTION ( 'NONE',  ( 0.0000000000000000000, 0.0000000000000000000, 1.000000000000000000 ) ) ;
#5267 = CARTESIAN_POINT ( 'NONE',  ( 4.535338879956274400, 5.647596759808096500, 2.461728047922991300 ) ) ;
#5268 = CARTESIAN_POINT ( 'NONE',  ( 3.218759944222875800, -11.26095286267319100, 3.640448694549157000 ) ) ;
#5269 = CARTESIAN_POINT ( 'NONE',  ( 6.952000592372807700, -15.60678619600651400, 2.204163812291783500 ) ) ;
#5270 = CARTESIAN_POINT ( 'NONE',  ( 7.055239759590686600, 7.230713803993434200, 5.257469399304894400 ) ) ;
#5271 = CARTESIAN_POINT ( 'NONE',  ( 9.581172213289596200, 3.871378562817414000, 2.839141604523051300 ) ) ;
#5272 = CARTESIAN_POINT ( 'NONE',  ( -3.106327786710374000, 4.159556185760689800, 5.880570050330728500 ) ) ;
#5273 = CARTESIAN_POINT ( 'NONE',  ( -15.18132778671034300, 4.241615791476277800, 3.103041480451420100 ) ) ;
#5274 = CARTESIAN_POINT ( 'NONE',  ( 6.140727072607994300, 8.922380470660094400, 5.665399658089311800 ) ) ;
#5275 = CARTESIAN_POINT ( 'NONE',  ( 4.057721588640704100, -3.765119529339874900, 4.554885921770946300 ) ) ;
#5276 = CARTESIAN_POINT ( 'NONE',  ( 13.95617221328958200, 4.464281514573391600, 5.453056923070295900 ) ) ;
#5277 = CARTESIAN_POINT ( 'NONE',  ( -8.618827786710358700, 3.871378562817414000, 2.839141604523054000 ) ) ;
#5278 = CARTESIAN_POINT ( 'NONE',  ( -1.764661120043710100, 5.308977857911839800, 5.990856735486526800 ) ) ;
#5279 = CARTESIAN_POINT ( 'NONE',  ( 5.032470770594548200, -2.349529981927116900, 2.155090721793855700 ) ) ;
#5280 = CARTESIAN_POINT ( 'NONE',  ( 6.942278411359269300, -9.102619529339863300, 3.445114078229010200 ) ) ;
#5281 = CARTESIAN_POINT ( 'NONE',  ( 7.781240055777098000, 2.476547137326776700, 4.359551305450797700 ) ) ;
#5282 = VERTEX_POINT ( 'NONE', #524 ) ;
#5283 = CARTESIAN_POINT ( 'NONE',  ( -3.427161120043705500, 3.723756548762971400, 3.829569941986565000 ) ) ;
#5284 = CARTESIAN_POINT ( 'NONE',  ( -16.43549445337700400, 6.905980968331821400, 3.358686567471581300 ) ) ;
#5285 = EDGE_CURVE ( 'NONE', #2073, #6485, #2060, .T. ) ;
#5286 = CARTESIAN_POINT ( 'NONE',  ( 0.0000000000000000000, 0.0000000000000000000, 0.0000000000000000000 ) ) ;
#5287 = CARTESIAN_POINT ( 'NONE',  ( 4.652005546622942400, 6.905980968331821400, 3.358686567471578700 ) ) ;
#5288 = CARTESIAN_POINT ( 'NONE',  ( -2.284552428876949600, 5.910902341277906500, 2.200370174375561900 ) ) ;
#5289 = CARTESIAN_POINT ( 'NONE',  ( 7.366620324074951900, -10.15261952933985900, 3.281857558871291000 ) ) ;
#5290 = CARTESIAN_POINT ( 'NONE',  ( 7.781240055777093500, -15.02345286267318200, 4.359551305450801300 ) ) ;
#5291 = CARTESIAN_POINT ( 'NONE',  ( 6.952000592372813000, 9.505713803993424800, 2.204163812291780800 ) ) ;
#5292 = CARTESIAN_POINT ( 'NONE',  ( 8.764505546622929800, 3.680356420729224100, 4.829998340009570500 ) ) ;
#5293 = CARTESIAN_POINT ( 'NONE',  ( -4.972994453377036300, 4.541600469937070500, 1.898856579357691300 ) ) ;
#5294 = CARTESIAN_POINT ( 'NONE',  ( -11.97299445337701800, 6.240524965810419800, 5.623486981083740200 ) ) ;
#5295 = CARTESIAN_POINT ( 'NONE',  ( 5.259406098776350900, 8.164047137326765100, 5.526492704452462800 ) ) ;
#5296 = AXIS2_PLACEMENT_3D ( 'NONE', #894, #1952, #2488 ) ;
#5297 = CARTESIAN_POINT ( 'NONE',  ( 6.621914875055267700, -5.456786196006537400, 2.612414249184342300 ) ) ;
#5298 = EDGE_LOOP ( 'NONE', ( #4564, #336, #5213, #4094 ) ) ;
#5299 = CARTESIAN_POINT ( 'NONE',  ( 11.50617221328959000, 6.535718485426611000, 2.546943076929710800 ) ) ;
#5300 = CARTESIAN_POINT ( 'NONE',  ( -6.868827786710363100, 7.128621437182588700, 5.160858395476958900 ) ) ;
#5301 = EDGE_LOOP ( 'NONE', ( #4877, #6347, #4417, #2889 ) ) ;
#5302 = DIRECTION ( 'NONE',  ( -2.220446049250337700E-016, -1.000000000000000000, 1.224646799147324600E-016 ) ) ;
#5303 = CARTESIAN_POINT ( 'NONE',  ( 6.621914875055267700, -5.544286196006536800, 2.612414249184342300 ) ) ;
#5304 = CARTESIAN_POINT ( 'NONE',  ( 5.811380564484258200, 4.751547137326769900, 2.024388159566370900 ) ) ;
#5305 = CARTESIAN_POINT ( 'NONE',  ( -3.193827786710373500, 6.535718485426611000, 2.546943076929713000 ) ) ;
#5306 = CARTESIAN_POINT ( 'NONE',  ( -16.26049445337700700, 6.240524965810419800, 5.623486981083741100 ) ) ;
#5307 = CARTESIAN_POINT ( 'NONE',  ( 5.188619435515662700, -1.198452862673214900, 5.975611840433575000 ) ) ;
#5308 = CARTESIAN_POINT ( 'NONE',  ( 2.843672213289611900, 4.464281514573391600, 5.453056923070296800 ) ) ;
#5309 = CARTESIAN_POINT ( 'NONE',  ( 3.960038232638141100, -1.813046935123509000, 4.592467513931144800 ) ) ;
#5310 = CARTESIAN_POINT ( 'NONE',  ( 3.633379675925020100, -9.102619529339861500, 4.718142441128666300 ) ) ;
#5311 = CARTESIAN_POINT ( 'NONE',  ( 3.633379675925018800, -15.31511952933984600, 4.718142441128667200 ) ) ;
#5312 = CARTESIAN_POINT ( 'NONE',  ( -2.207881483420720800, 3.894610778651313300, 4.723261050397486100 ) ) ;
#5313 = CARTESIAN_POINT ( 'NONE',  ( 5.811380564484260000, 10.96404713732675900, 2.024388159566370000 ) ) ;
#5314 = CARTESIAN_POINT ( 'NONE',  ( 11.79783887995625600, 5.691022142088190300, 2.009143264513484800 ) ) ;
#5315 = CARTESIAN_POINT ( 'NONE',  ( -4.214661120043704300, 5.691022142088190300, 2.009143264513486600 ) ) ;
#5316 = CARTESIAN_POINT ( 'NONE',  ( 5.811380564484290200, -0.9359528626732144300, 2.024388159566376600 ) ) ;
#5317 = CARTESIAN_POINT ( 'NONE',  ( -9.172994453377025800, 6.240524965810419800, 5.623486981083740200 ) ) ;
#5318 = CARTESIAN_POINT ( 'NONE',  ( 6.701684510135634400, 9.680713803993427300, 4.971606782681493400 ) ) ;
#5319 = CARTESIAN_POINT ( 'NONE',  ( 5.740593901223626000, -5.398452862673203800, 2.473507295547492400 ) ) ;
#5320 = CARTESIAN_POINT ( 'NONE',  ( 12.43950554662291800, 6.240524965810419800, 5.623486981083736700 ) ) ;
#5321 = CARTESIAN_POINT ( 'NONE',  ( -7.743827786710361300, 6.840443814239312000, 2.119429949669282600 ) ) ;
#5322 = CARTESIAN_POINT ( 'NONE',  ( 7.149999999999997700, -1.273457465629300100, 3.693547613018920200 ) ) ;
#5323 = FACE_OUTER_BOUND ( 'NONE', #4154, .T. ) ;
#5324 = CARTESIAN_POINT ( 'NONE',  ( -2.500000000000000000, 8.500000000000000000, 8.000000000000000000 ) ) ;
#5325 = EDGE_CURVE ( 'NONE', #5700, #5870, #3143, .T. ) ;
#5326 = CARTESIAN_POINT ( 'NONE',  ( 5.740593901223626000, -4.785952862673206600, 2.473507295547491900 ) ) ;
#5327 = CARTESIAN_POINT ( 'NONE',  ( -1.714150477759520900, 5.499999999999985800, 2.350000000000005000 ) ) ;
#5328 = CARTESIAN_POINT ( 'NONE',  ( 3.218759944222879400, 2.826547137326775400, 3.640448694549155200 ) ) ;
#5329 = CARTESIAN_POINT ( 'NONE',  ( -1.093827786710378900, 6.535718485426611000, 2.546943076929713000 ) ) ;
#5330 = CARTESIAN_POINT ( 'NONE',  ( 13.92700554662292100, 4.541600469937070500, 1.898856579357689000 ) ) ;
#5331 = PERSON_AND_ORGANIZATION_ROLE ( 'design_owner' ) ;
#5332 = CARTESIAN_POINT ( 'NONE',  ( 6.927005546622931200, 6.240524965810419800, 5.623486981083738500 ) ) ;
#5333 = CARTESIAN_POINT ( 'NONE',  ( 7.055239759590683100, -6.069286196006533600, 5.257469399304896200 ) ) ;
#5334 = ORIENTED_EDGE ( 'NONE', *, *, #630, .T. ) ;
#5335 = CARTESIAN_POINT ( 'NONE',  ( 3.218759944222875800, -11.87345286267318800, 3.640448694549157000 ) ) ;
#5336 = CARTESIAN_POINT ( 'NONE',  ( 5.499999999999997300, -2.500000000000004000, 4.000000000000000000 ) ) ;
#5337 = CARTESIAN_POINT ( 'NONE',  ( 6.952000592372812100, 8.105713803993431600, 2.204163812291781300 ) ) ;
#5338 = AXIS2_PLACEMENT_3D ( 'NONE', #1992, #3501, #3013 ) ;
#5339 = CARTESIAN_POINT ( 'NONE',  ( 10.33950554662292400, 4.541600469937070500, 1.898856579357689300 ) ) ;
#5340 = CARTESIAN_POINT ( 'NONE',  ( -4.447994453377037700, 3.680356420729224100, 4.829998340009571400 ) ) ;
#5341 = DIRECTION ( 'NONE',  ( -0.7071067811865500200, 8.659560562354902000E-017, -0.7071067811865450200 ) ) ;
#5342 = CARTESIAN_POINT ( 'NONE',  ( -10.04799445337702000, 6.905980968331821400, 3.358686567471580900 ) ) ;
#5343 = CARTESIAN_POINT ( 'NONE',  ( 6.942278411359273700, 12.59738047066008600, 3.445114078229007500 ) ) ;
#5344 = ORIENTED_EDGE ( 'NONE', *, *, #4721, .T. ) ;
#5345 = CARTESIAN_POINT ( 'NONE',  ( 7.262641947663271800, -4.873452862673207000, 4.277813907273678500 ) ) ;
#5346 = ORIENTED_EDGE ( 'NONE', *, *, #3379, .F. ) ;
#5347 = CARTESIAN_POINT ( 'NONE',  ( 13.89783887995625000, 5.352403240191906200, 5.538271952077016300 ) ) ;
#5348 = CARTESIAN_POINT ( 'NONE',  ( -6.518827786710363400, 3.871378562817414000, 2.839141604523053500 ) ) ;
#5349 = AXIS2_PLACEMENT_3D ( 'NONE', #360, #5488, #6011 ) ;
#5350 = CARTESIAN_POINT ( 'NONE',  ( -16.63966112004367300, 7.798843344302243400, 4.220573370311598200 ) ) ;
#5351 = CARTESIAN_POINT ( 'NONE',  ( 1.250000000000000000, 0.0000000000000000000, 8.000000000000000000 ) ) ;
#5352 = CARTESIAN_POINT ( 'NONE',  ( 4.378085124944706600, -4.494286196006541400, 5.387585750815612900 ) ) ;
#5353 = CARTESIAN_POINT ( 'NONE',  ( 3.218759944222879800, 4.926547137326770600, 3.640448694549154800 ) ) ;
#5354 = CARTESIAN_POINT ( 'NONE',  ( 3.456172213289609100, 4.464281514573391600, 5.453056923070296800 ) ) ;
#5355 = CARTESIAN_POINT ( 'NONE',  ( 13.63533887995625100, 5.308977857911811400, 5.990856735486521400 ) ) ;
#5356 = CARTESIAN_POINT ( 'NONE',  ( 7.043672213289601000, 4.464281514573391600, 5.453056923070296800 ) ) ;
#5357 = CARTESIAN_POINT ( 'NONE',  ( 4.047999407627163900, -6.944286196006535400, 5.795836187708173900 ) ) ;
#5358 = CARTESIAN_POINT ( 'NONE',  ( 5.811380564484254700, -9.248452862673195400, 2.024388159566372600 ) ) ;
#5359 = CARTESIAN_POINT ( 'NONE',  ( -0.3118752611873134600, 4.773706035434282000, 2.417044946053249700 ) ) ;
#5360 = CARTESIAN_POINT ( 'NONE',  ( 7.055239759590686600, 9.330713803993427600, 5.257469399304894400 ) ) ;
#5361 = CARTESIAN_POINT ( 'NONE',  ( 10.04783887995626100, 5.308977857911811400, 5.990856735486522300 ) ) ;
#5362 = CARTESIAN_POINT ( 'NONE',  ( -4.681327786710369300, 7.128621437182588700, 5.160858395476958000 ) ) ;
#5363 = ORIENTED_EDGE ( 'NONE', *, *, #1356, .T. ) ;
#5364 = CARTESIAN_POINT ( 'NONE',  ( -9.289661120043691200, 7.276243451237029100, 4.170430058013447900 ) ) ;
#5365 = CARTESIAN_POINT ( 'NONE',  ( 4.298315489864347000, 12.83071380399341700, 3.028393217318457300 ) ) ;
#5366 =( BOUNDED_CURVE ( )  B_SPLINE_CURVE ( 2, ( #4018, #6615, #483, #4621, #2523, #2005, #4082, #1556, #5659 ),
 .UNSPECIFIED., .F., .T. ) 
 B_SPLINE_CURVE_WITH_KNOTS ( ( 3, 2, 2, 2, 3 ),
 ( 0.4833333333333333900, 0.4851851851851851600, 0.4888888888888888700, 0.4925925925925925800, 0.4944444444444445800 ),
 .UNSPECIFIED. ) 
 CURVE ( )  GEOMETRIC_REPRESENTATION_ITEM ( )  RATIONAL_B_SPLINE_CURVE ( ( 0.9330127018922193000, 0.9330127018922223000, 1.000000000000000000, 0.8660254037844387100, 1.000000000000000000, 0.8660254037844387100, 1.000000000000000000, 0.9330127018922143000, 0.9330127018922193000 ) ) 
 REPRESENTATION_ITEM ( '' )  );
#5367 = CARTESIAN_POINT ( 'NONE',  ( 6.140727072607990800, -5.690119529339869900, 5.665399658089314400 ) ) ;
#5368 = EDGE_CURVE ( 'NONE', #2629, #1263, #4518, .T. ) ;
#5369 = DIRECTION ( 'NONE',  ( 1.000000000000000000, 0.0000000000000000000, 0.0000000000000000000 ) ) ;
#5370 = ORIENTED_EDGE ( 'NONE', *, *, #1175, .F. ) ;
#5371 = CARTESIAN_POINT ( 'NONE',  ( -5.293827786710366500, 4.159556185760689800, 5.880570050330728500 ) ) ;
#5372 = CARTESIAN_POINT ( 'NONE',  ( -1.714150477759520900, 5.499999999999985800, 2.350000000000005000 ) ) ;
#5373 = CARTESIAN_POINT ( 'NONE',  ( 4.859272927391979900, -15.84011952933984600, 2.334600341910643800 ) ) ;
#5374 = DIRECTION ( 'NONE',  ( -1.000000000000000000, 0.0000000000000000000, 0.0000000000000000000 ) ) ;
#5375 = CARTESIAN_POINT ( 'NONE',  ( 4.298315489864342500, -7.469286196006532200, 3.028393217318459600 ) ) ;
#5376 = CARTESIAN_POINT ( 'NONE',  ( 7.366620324074955500, 6.034880470660100500, 3.281857558871288800 ) ) ;
#5377 = CARTESIAN_POINT ( 'NONE',  ( 1.239505546622950100, 6.240524965810419800, 5.623486981083739300 ) ) ;
#5378 = CARTESIAN_POINT ( 'NONE',  ( 8.385338879956266900, 5.352403240191906200, 5.538271952077017200 ) ) ;
#5379 = CARTESIAN_POINT ( 'NONE',  ( 3.633379675925021000, -6.302619529339869700, 4.718142441128666300 ) ) ;
#5380 = ORIENTED_EDGE ( 'NONE', *, *, #1612, .F. ) ;
#5381 = CARTESIAN_POINT ( 'NONE',  ( 4.670760536595700800, -11.29011952933985800, 1.844612506840962500 ) ) ;
#5382 = ORIENTED_EDGE ( 'NONE', *, *, #3676, .F. ) ;
#5383 = CARTESIAN_POINT ( 'NONE',  ( 7.149999999999986100, -1.503216402195264100, 4.000000000000025800 ) ) ;
#5384 = CARTESIAN_POINT ( 'NONE',  ( 12.73117221328958600, 7.128621437182588700, 5.160858395476956200 ) ) ;
#5385 = CARTESIAN_POINT ( 'NONE',  ( -0.5979944533770452700, 7.319643579270779000, 3.170001659990439300 ) ) ;
#5386 = CARTESIAN_POINT ( 'NONE',  ( -11.85632778671035200, 4.464281514573391600, 5.453056923070299400 ) ) ;
#5387 = AXIS2_PLACEMENT_3D ( 'NONE', #478, #3510, #3019 ) ;
#5388 = CARTESIAN_POINT ( 'NONE',  ( 4.298315489864344300, -0.3817861960065463400, 3.028393217318458700 ) ) ;
#5389 = CARTESIAN_POINT ( 'NONE',  ( -2.499999999999999600, 5.499999999999998200, 4.000000000000000000 ) ) ;
#5390 = CARTESIAN_POINT ( 'NONE',  ( -5.352161120043700000, 5.308977857911811400, 5.990856735486524100 ) ) ;
#5391 = CARTESIAN_POINT ( 'NONE',  ( -1.268827786710375900, 7.128621437182611800, 5.160858395476924300 ) ) ;
#5392 = EDGE_CURVE ( 'NONE', #3479, #6091, #863, .T. ) ;
#5393 = CARTESIAN_POINT ( 'NONE',  ( 6.140727072607989000, -17.59011952933984100, 5.665399658089315300 ) ) ;
#5394 = CARTESIAN_POINT ( 'NONE',  ( -1.922505289326784900, 5.499999999999985800, 2.350000000000005000 ) ) ;
#5395 = CARTESIAN_POINT ( 'NONE',  ( 14.61450554662299000, 4.670001659990461500, 2.180356420729214800 ) ) ;
#5396 = CARTESIAN_POINT ( 'NONE',  ( 5.259406098776348200, -5.835952862673202000, 5.526492704452464500 ) ) ;
#5397 = CARTESIAN_POINT ( 'NONE',  ( 3.944760240409293400, 6.968213803993434900, 2.742530600695057200 ) ) ;
#5398 = CARTESIAN_POINT ( 'NONE',  ( 0.4228388799562832200, 7.276243451237029100, 4.170430058013447000 ) ) ;
#5399 = CARTESIAN_POINT ( 'NONE',  ( 8.560338879956262300, 3.723756548762971400, 3.829569941986563600 ) ) ;
#5400 = CARTESIAN_POINT ( 'NONE',  ( 3.218759944222876700, -7.760952862673198300, 3.640448694549156500 ) ) ;
#5401 = CARTESIAN_POINT ( 'NONE',  ( 7.397293236470069600, -2.337335669210400800, 3.950935546721393800 ) ) ;
#5402 = CARTESIAN_POINT ( 'NONE',  ( 7.781240055777094400, -10.82345286267319100, 4.359551305450800400 ) ) ;
#5403 = FACE_OUTER_BOUND ( 'NONE', #2300, .T. ) ;
#5404 = CARTESIAN_POINT ( 'NONE',  ( 7.781240055777090000, -1.810952862673212300, 4.359551305450841200 ) ) ;
#5405 = CARTESIAN_POINT ( 'NONE',  ( 7.366620324074957300, 13.64738047066008500, 3.281857558871287900 ) ) ;
#5406 = FACE_OUTER_BOUND ( 'NONE', #5545, .T. ) ;
#5407 = CARTESIAN_POINT ( 'NONE',  ( 13.02283887995625000, 3.201156655697758900, 3.779426629688412500 ) ) ;
#5408 = CARTESIAN_POINT ( 'NONE',  ( -0.4813277867103810100, 7.128621437182588700, 5.160858395476958000 ) ) ;
#5409 = CARTESIAN_POINT ( 'NONE',  ( -1.354233714260078900, 5.342406732777244600, 5.642456806776383600 ) ) ;
#5410 = CARTESIAN_POINT ( 'NONE',  ( -6.022994453377033400, 4.759475034189582800, 2.376513018916272200 ) ) ;
#5411 = CARTESIAN_POINT ( 'NONE',  ( 6.621914875055272100, 12.65571380399342000, 2.612414249184340100 ) ) ;
#5412 = CARTESIAN_POINT ( 'NONE',  ( 6.952000592372811200, -0.2942861960065484300, 2.204163812291782200 ) ) ;
#5413 = CARTESIAN_POINT ( 'NONE',  ( 4.378085124944706600, -1.606786196006544600, 5.387585750815612900 ) ) ;
#5414 = DATE_AND_TIME ( #5811, #4757 ) ;
#5415 = LINE ( 'NONE', #6712, #1044 ) ;
#5416 = CARTESIAN_POINT ( 'NONE',  ( -3.077161120043705500, 3.201156655697758900, 3.779426629688414300 ) ) ;
#5417 = VECTOR ( 'NONE', #380, 1000.000000000000000 ) ;
#5418 = DIRECTION ( 'NONE',  ( 2.220446049250312600E-016, 1.000000000000000000, -0.0000000000000000000 ) ) ;
#5419 = CARTESIAN_POINT ( 'NONE',  ( 6.701684510135629000, -15.43178619600651300, 4.971606782681496900 ) ) ;
#5420 = DIRECTION ( 'NONE',  ( 0.0000000000000000000, 0.4149991700047700500, 0.9098217896353945100 ) ) ;
#5421 = EDGE_CURVE ( 'NONE', #6098, #526, #4517, .T. ) ;
#5422 = CARTESIAN_POINT ( 'NONE',  ( 4.378085124944707500, -0.9942861960065493300, 5.387585750815612900 ) ) ;
#5423 = CARTESIAN_POINT ( 'NONE',  ( 5.811380564484259100, 7.551547137326767100, 2.024388159566370400 ) ) ;
#5424 = CARTESIAN_POINT ( 'NONE',  ( 2.522838879956278200, 7.276243451237029100, 4.170430058013445200 ) ) ;
#5425 = VECTOR ( 'NONE', #675, 1000.000000000000000 ) ;
#5426 = CARTESIAN_POINT ( 'NONE',  ( 7.568672213289599600, 6.758384208523724900, 4.896958519548591400 ) ) ;
#5427 = CARTESIAN_POINT ( 'NONE',  ( 7.055239759590683100, -4.669286196006538600, 5.257469399304896200 ) ) ;
#5428 = DIRECTION ( 'NONE',  ( -1.000000000000000000, -2.863857827303820200E-031, 1.224646799147345600E-016 ) ) ;
#5429 = CARTESIAN_POINT ( 'NONE',  ( 5.188619435515716900, -10.29845286267319300, 5.975611840433584700 ) ) ;
#5430 = CARTESIAN_POINT ( 'NONE',  ( -13.51882778671034700, 6.758384208523724900, 4.896958519548594100 ) ) ;
#5431 = CARTESIAN_POINT ( 'NONE',  ( 7.781240055777099800, 12.18904713732675300, 4.359551305450797700 ) ) ;
#5432 = ORIENTED_EDGE ( 'NONE', *, *, #3099, .F. ) ;
#5433 = CARTESIAN_POINT ( 'NONE',  ( -0.5396611200437124700, 7.798843344302243400, 4.220573370311596400 ) ) ;
#5434 = CARTESIAN_POINT ( 'NONE',  ( 8.500000000000001800, -2.500000000000001800, 8.000000000000000000 ) ) ;
#5435 = CARTESIAN_POINT ( 'NONE',  ( -6.547994453377032000, 6.905980968331821400, 3.358686567471580500 ) ) ;
#5436 = CARTESIAN_POINT ( 'NONE',  ( 7.262641947663276200, 12.53904713732675300, 4.277813907273675800 ) ) ;
#5437 = CARTESIAN_POINT ( 'NONE',  ( 4.047999407627164800, -0.6442861960065489100, 5.795836187708173000 ) ) ;
#5438 = CARTESIAN_POINT ( 'NONE',  ( 6.621914875055268500, -2.656786196006544200, 2.612414249184341400 ) ) ;
#5439 = CARTESIAN_POINT ( 'NONE',  ( 14.71450554662291700, 4.094019031668182200, 4.641313432528429300 ) ) ;
#5440 = CARTESIAN_POINT ( 'NONE',  ( -5.935494453377031300, 3.680356420729224100, 4.829998340009572300 ) ) ;
#5441 = CARTESIAN_POINT ( 'NONE',  ( 5.740593901223623300, -16.59845286267317700, 2.473507295547493300 ) ) ;
#5442 = CARTESIAN_POINT ( 'NONE',  ( 6.952000592372821900, -1.606786196006548400, 2.204163812291791000 ) ) ;
#5443 = CARTESIAN_POINT ( 'NONE',  ( 4.054766145917557900, -2.213127013144544600, 5.016793415844062100 ) ) ;
#5444 = CARTESIAN_POINT ( 'NONE',  ( 6.942278411359270200, -3.502619529339876100, 3.445114078229009300 ) ) ;
#5445 = CARTESIAN_POINT ( 'NONE',  ( 7.781240055777098000, 5.976547137326766000, 4.359551305450797700 ) ) ;
#5446 = CARTESIAN_POINT ( 'NONE',  ( 3.281172213289610600, 6.758384208523724900, 4.896958519548592300 ) ) ;
#5447 = CARTESIAN_POINT ( 'NONE',  ( 10.89367221328959300, 6.535718485426611000, 2.546943076929710800 ) ) ;
#5448 = CARTESIAN_POINT ( 'NONE',  ( 7.781240055777096200, -4.610952862673205900, 4.359551305450798600 ) ) ;
#5449 = CARTESIAN_POINT ( 'NONE',  ( 4.781857558871299000, -0.1776195293398798700, 2.133379675925013400 ) ) ;
#5450 = VERTEX_POINT ( 'NONE', #4598 ) ;
#5451 = CARTESIAN_POINT ( 'NONE',  ( 6.329239463404271700, -6.040119529339868600, 6.155387493158993800 ) ) ;
#5452 = CARTESIAN_POINT ( 'NONE',  ( -14.62716112004367700, 3.723756548762971400, 3.829569941986566800 ) ) ;
#5453 =( BOUNDED_CURVE ( )  B_SPLINE_CURVE ( 2, ( #2327, #2870, #4402, #6461, #1311, #5442, #3384, #3910, #3363 ),
 .UNSPECIFIED., .F., .F. ) 
 B_SPLINE_CURVE_WITH_KNOTS ( ( 3, 2, 2, 2, 3 ),
 ( 0.5166666666666668300, 0.5185185185185184900, 0.5222222222222222500, 0.5259259259259259100, 0.5277777777777779000 ),
 .UNSPECIFIED. ) 
 CURVE ( )  GEOMETRIC_REPRESENTATION_ITEM ( )  RATIONAL_B_SPLINE_CURVE ( ( 0.9330127018922194100, 0.9330127018922254000, 1.000000000000000000, 0.8660254037844387100, 1.000000000000000000, 0.8660254037844387100, 1.000000000000000000, 0.9330127018922154100, 0.9330127018922194100 ) ) 
 REPRESENTATION_ITEM ( '' )  );
#5454 = CARTESIAN_POINT ( 'NONE',  ( 1.385338879956281400, 5.691022142088190300, 2.009143264513485700 ) ) ;
#5455 = CARTESIAN_POINT ( 'NONE',  ( -1.364150477759521900, 5.500000000000015100, 5.650000000000003900 ) ) ;
#5456 = CARTESIAN_POINT ( 'NONE',  ( -5.672994453377032900, 6.240524965810419800, 5.623486981083739300 ) ) ;
#5457 = CARTESIAN_POINT ( 'NONE',  ( 5.262160093421016400, -0.09344325410930837100, 2.054387863007956800 ) ) ;
#5458 = CARTESIAN_POINT ( 'NONE',  ( 3.944760240409291600, -1.519286196006546000, 2.742530600695058100 ) ) ;
#5459 = CARTESIAN_POINT ( 'NONE',  ( 6.942278411359271000, -1.315119529339879200, 3.445114078229009300 ) ) ;
#5460 = EDGE_CURVE ( 'NONE', #2282, #2884, #1861, .T. ) ;
#5461 = CARTESIAN_POINT ( 'NONE',  ( -2.081281055222267800, 5.766288753017678700, 5.650000000000007500 ) ) ;
#5462 = CARTESIAN_POINT ( 'NONE',  ( -4.185494453377036600, 7.319643579270779000, 3.170001659990439700 ) ) ;
#5463 = CARTESIAN_POINT ( 'NONE',  ( -13.08132778671034800, 7.128621437182588700, 5.160858395476958900 ) ) ;
#5464 = CARTESIAN_POINT ( 'NONE',  ( 5.740593901223623300, -14.49845286267318100, 2.473507295547493300 ) ) ;
#5465 = DIRECTION ( 'NONE',  ( 0.0000000000000000000, 0.0000000000000000000, 1.000000000000000000 ) ) ;
#5466 = CARTESIAN_POINT ( 'NONE',  ( 6.701684510135631700, -2.219286196006545100, 4.971606782681495100 ) ) ;
#5467 = CARTESIAN_POINT ( 'NONE',  ( 7.366620324074955500, 7.434880470660099000, 3.281857558871288800 ) ) ;
#5468 = CARTESIAN_POINT ( 'NONE',  ( 6.372838879956266700, 3.723756548762971400, 3.829569941986563600 ) ) ;
#5469 = ORIENTED_EDGE ( 'NONE', *, *, #6110, .T. ) ;
#5470 = CARTESIAN_POINT ( 'NONE',  ( 6.942278411359271900, 4.984880470660105100, 3.445114078229008400 ) ) ;
#5471 = ORIENTED_EDGE ( 'NONE', *, *, #3718, .T. ) ;
#5472 = CARTESIAN_POINT ( 'NONE',  ( 12.76033887995624700, 3.723756548762971400, 3.829569941986563200 ) ) ;
#5473 = CARTESIAN_POINT ( 'NONE',  ( -2.059069811163942300, 5.421022839120505300, 5.650000000000005700 ) ) ;
#5474 = CARTESIAN_POINT ( 'NONE',  ( 6.329239463404271700, -6.740119529339868800, 6.155387493158993800 ) ) ;
#5475 = CARTESIAN_POINT ( 'NONE',  ( -12.70216112004368200, 5.352403240191906200, 5.538271952077019800 ) ) ;
#5476 = CARTESIAN_POINT ( 'NONE',  ( 6.952000592372814800, 13.00571380399341600, 2.204163812291780400 ) ) ;
#5477 = CARTESIAN_POINT ( 'NONE',  ( -1.122994453377045300, 6.458399530062931300, 6.101143420642319600 ) ) ;
#5478 = CARTESIAN_POINT ( 'NONE',  ( -8.356327786710361100, 4.464281514573391600, 5.453056923070299400 ) ) ;
#5479 = CARTESIAN_POINT ( 'NONE',  ( 4.781857558871297300, -0.09011952933988245900, 2.133379675925006300 ) ) ;
#5480 = CARTESIAN_POINT ( 'NONE',  ( 3.633379675925021000, -2.802619529339876800, 4.718142441128665400 ) ) ;
#5481 = CARTESIAN_POINT ( 'NONE',  ( 3.737358052336702500, -1.023452862673212000, 3.722186092726278000 ) ) ;
#5482 = DIRECTION ( 'NONE',  ( -0.7071067811865500200, 0.0000000000000000000, 0.7071067811865450200 ) ) ;
#5483 = CARTESIAN_POINT ( 'NONE',  ( -2.499999999999999600, 5.499999999999998200, 1.949999999999998600 ) ) ;
#5484 = CARTESIAN_POINT ( 'NONE',  ( 0.9478388799562843500, 5.308977857911811400, 5.990856735486523200 ) ) ;
#5485 = ADVANCED_FACE ( 'NONE', ( #4592 ), #224, .F. ) ;
#5486 = CARTESIAN_POINT ( 'NONE',  ( -14.18966112004367900, 3.201156655697758900, 3.779426629688416000 ) ) ;
#5487 = CARTESIAN_POINT ( 'NONE',  ( 6.621914875055266800, -11.05678619600652400, 2.612414249184342700 ) ) ;
#5488 = DIRECTION ( 'NONE',  ( -0.0000000000000000000, -0.0000000000000000000, -1.000000000000000000 ) ) ;
#5489 = CARTESIAN_POINT ( 'NONE',  ( 4.057721588640704100, -3.852619529339875700, 4.554885921770946300 ) ) ;
#5490 = CARTESIAN_POINT ( 'NONE',  ( 7.781240055777099800, 11.57654713732675200, 4.359551305450797700 ) ) ;
#5491 = CARTESIAN_POINT ( 'NONE',  ( 7.014505546622935100, 4.094019031668182200, 4.641313432528430200 ) ) ;
#5492 = CARTESIAN_POINT ( 'NONE',  ( 4.378085124944707500, 2.593213803993446900, 5.387585750815612900 ) ) ;
#5493 = CALENDAR_DATE ( 2024, 25, 11 ) ;
#5494 = CARTESIAN_POINT ( 'NONE',  ( 12.17700554662291700, 4.759475034189582800, 2.376513018916270000 ) ) ;
#5495 = CARTESIAN_POINT ( 'NONE',  ( 3.849999999999988500, -0.4532164021952642100, 3.999999999999982200 ) ) ;
#5496 = CARTESIAN_POINT ( 'NONE',  ( 3.944760240409289900, -9.131786196006528300, 2.742530600695059400 ) ) ;
#5497 = CARTESIAN_POINT ( 'NONE',  ( -13.05216112004368200, 5.647596759808096500, 2.461728047922993500 ) ) ;
#5498 = CARTESIAN_POINT ( 'NONE',  ( -0.7417337142600803900, 5.157573687568525000, 1.957959035804497400 ) ) ;
#5499 = CARTESIAN_POINT ( 'NONE',  ( 5.818672213289604900, 7.128621437182588700, 5.160858395476957100 ) ) ;
#5500 = CARTESIAN_POINT ( 'NONE',  ( 5.499999999999991100, 13.19738047066015900, 3.999999999999976000 ) ) ;
#5501 = CARTESIAN_POINT ( 'NONE',  ( -6.197994453377032400, 4.094019031668182200, 4.641313432528432000 ) ) ;
#5502 = CARTESIAN_POINT ( 'NONE',  ( 5.811380564484256400, -1.635952862673213600, 2.024388159566371700 ) ) ;
#5503 = ORIENTED_EDGE ( 'NONE', *, *, #3186, .T. ) ;
#5504 = CARTESIAN_POINT ( 'NONE',  ( 6.140727072607993400, 0.6098804706601141900, 5.665399658089312700 ) ) ;
#5505 = CARTESIAN_POINT ( 'NONE',  ( 7.352932180967161300, -2.449999999999982400, 4.752756489667278000 ) ) ;
#5506 = CARTESIAN_POINT ( 'NONE',  ( -0.3354944533770446400, 3.680356420729224100, 4.829998340009571400 ) ) ;
#5507 = CARTESIAN_POINT ( 'NONE',  ( -15.12299445337700900, 6.458399530062931300, 6.101143420642321400 ) ) ;
#5508 = EDGE_LOOP ( 'NONE', ( #5344, #4242, #3519, #5216, #3450 ) ) ;
#5509 = CARTESIAN_POINT ( 'NONE',  ( -0.8725052893267870600, 5.500000000000015100, 5.650000000000004800 ) ) ;
#5510 = CARTESIAN_POINT ( 'NONE',  ( 4.378085124944706600, -2.394286196006543100, 5.387585750815612900 ) ) ;
#5511 = ORIENTED_EDGE ( 'NONE', *, *, #354, .F. ) ;
#5512 = CARTESIAN_POINT ( 'NONE',  ( 6.952000592372814800, 13.09321380399342200, 2.204163812291780400 ) ) ;
#5513 = CARTESIAN_POINT ( 'NONE',  ( 3.806172213289607900, 6.535718485426611000, 2.546943076929711700 ) ) ;
#5514 = CARTESIAN_POINT ( 'NONE',  ( 7.262641947663273500, 2.826547137326775400, 4.277813907273675800 ) ) ;
#5515 = CARTESIAN_POINT ( 'NONE',  ( 12.52700554662291800, 6.240524965810419800, 5.623486981083736700 ) ) ;
#5516 = CARTESIAN_POINT ( 'NONE',  ( 5.188619435515717800, -8.198452862673196500, 5.975611840433584700 ) ) ;
#5517 = ADVANCED_FACE ( 'NONE', ( #6460 ), #721, .F. ) ;
#5518 = CARTESIAN_POINT ( 'NONE',  ( -13.92716112004368000, 3.723756548762971400, 3.829569941986566300 ) ) ;
#5519 = CARTESIAN_POINT ( 'NONE',  ( 5.585338879956269800, 5.691022142088190300, 2.009143264513485700 ) ) ;
#5520 = CARTESIAN_POINT ( 'NONE',  ( -1.356327786710377600, 4.464281514573391600, 5.453056923070297700 ) ) ;
#5521 = CARTESIAN_POINT ( 'NONE',  ( 4.378085124944710100, 11.69321380399342300, 5.387585750815611100 ) ) ;
#5522 = ADVANCED_FACE ( 'NONE', ( #4671 ), #5863, .T. ) ;
#5523 = DIRECTION ( 'NONE',  ( 3.652049423109062400E-016, 1.000000000000000000, -0.0000000000000000000 ) ) ;
#5524 = DIRECTION ( 'NONE',  ( 0.0000000000000000000, -1.000000000000000000, 0.0000000000000000000 ) ) ;
#5525 = ORIENTED_EDGE ( 'NONE', *, *, #3912, .T. ) ;
#5526 = CARTESIAN_POINT ( 'NONE',  ( 0.3061722132896190800, 4.159556185760689800, 5.880570050330728500 ) ) ;
#5527 = CARTESIAN_POINT ( 'NONE',  ( -16.28966112004367200, 3.201156655697758900, 3.779426629688416000 ) ) ;
#5528 = CARTESIAN_POINT ( 'NONE',  ( -1.852161120043707400, 5.308977857911825600, 5.990856735486525000 ) ) ;
#5529 = CARTESIAN_POINT ( 'NONE',  ( 6.621914875055269400, 1.455713803993443900, 2.612414249184341000 ) ) ;
#5530 = CARTESIAN_POINT ( 'NONE',  ( 4.670760536595703400, 9.709880470660090500, 1.844612506840960000 ) ) ;
#5531 = CARTESIAN_POINT ( 'NONE',  ( 3.572838879956275400, 3.723756548762971400, 3.829569941986564100 ) ) ;
#5532 = VERTEX_POINT ( 'NONE', #6187 ) ;
#5533 = CARTESIAN_POINT ( 'NONE',  ( 5.740593901223627800, 3.001547137326775200, 2.473507295547491000 ) ) ;
#5534 = CARTESIAN_POINT ( 'NONE',  ( 10.07700554662292600, 4.759475034189582800, 2.376513018916270900 ) ) ;
#5535 = CARTESIAN_POINT ( 'NONE',  ( -0.6292551924940121800, 4.156387314324367000, 3.042291823731519100 ) ) ;
#5536 = CARTESIAN_POINT ( 'NONE',  ( 7.366620324074952800, -6.565119529339868100, 3.281857558871290600 ) ) ;
#5537 = ORIENTED_EDGE ( 'NONE', *, *, #5891, .T. ) ;
#5538 = CARTESIAN_POINT ( 'NONE',  ( -8.502161120043693300, 5.352403240191906200, 5.538271952077018900 ) ) ;
#5539 = CARTESIAN_POINT ( 'NONE',  ( 5.235338879956273700, 5.308977857911811400, 5.990856735486523200 ) ) ;
#5540 = EDGE_LOOP ( 'NONE', ( #698, #5935, #2219, #2160, #4299, #2064, #1004, #4985, #3722, #6175, #4891, #3588, #1674, #3367, #292, #1908, #5668, #3399 ) ) ;
#5541 = DIRECTION ( 'NONE',  ( 2.220446049250312600E-016, 1.000000000000000000, -0.0000000000000000000 ) ) ;
#5542 = CARTESIAN_POINT ( 'NONE',  ( -2.464661120043707400, 5.647596759808096500, 2.461728047922992200 ) ) ;
#5543 = CARTESIAN_POINT ( 'NONE',  ( -0.8604944533770415600, 4.670001659990450800, 2.180356420729214800 ) ) ;
#5544 = CARTESIAN_POINT ( 'NONE',  ( 4.298315489864347000, 12.21821380399342000, 3.028393217318457300 ) ) ;
#5545 = EDGE_LOOP ( 'NONE', ( #2116, #4610, #6182, #3410 ) ) ;
#5546 = EDGE_CURVE ( 'NONE', #5870, #1709, #6575, .T. ) ;
#5547 = CARTESIAN_POINT ( 'NONE',  ( -2.435494453377040600, 3.680356420729231200, 4.829998340009585600 ) ) ;
#5548 = CARTESIAN_POINT ( 'NONE',  ( -1.618827786710375500, 3.871378562817414000, 2.839141604523053100 ) ) ;
#5549 = ADVANCED_FACE ( 'NONE', ( #6133, #5161 ), #466, .F. ) ;
#5550 = CARTESIAN_POINT ( 'NONE',  ( -13.19799445337701400, 7.319643579270779000, 3.170001659990441000 ) ) ;
#5551 = CARTESIAN_POINT ( 'NONE',  ( 3.960038232638141100, -1.113046935123513300, 4.592467513931144800 ) ) ;
#5552 = CARTESIAN_POINT ( 'NONE',  ( 5.259406098776350000, 1.164047137326779800, 5.526492704452462800 ) ) ;
#5553 = CARTESIAN_POINT ( 'NONE',  ( 6.952000592372813000, 10.99321380399342200, 2.204163812291780800 ) ) ;
#5554 = CARTESIAN_POINT ( 'NONE',  ( 6.547838879956267500, 5.647596759808096500, 2.461728047922990800 ) ) ;
#5555 = CARTESIAN_POINT ( 'NONE',  ( 3.737358052336703800, 3.876547137326774800, 3.722186092726276700 ) ) ;
#5556 = CARTESIAN_POINT ( 'NONE',  ( 14.33533887995625000, 5.647596759808096500, 2.461728047922989900 ) ) ;
#5557 = DIRECTION ( 'NONE',  ( 1.369518533665900100E-016, -1.000000000000000000, 0.0000000000000000000 ) ) ;
#5558 = CARTESIAN_POINT ( 'NONE',  ( 6.952000592372810300, -2.306786196006545400, 2.204163812291782200 ) ) ;
#5559 = CARTESIAN_POINT ( 'NONE',  ( -7.802161120043694000, 5.352403240191906200, 5.538271952077018900 ) ) ;
#5560 = CARTESIAN_POINT ( 'NONE',  ( 2.727005546622945700, 4.541600469937070500, 1.898856579357690400 ) ) ;
#5561 = CARTESIAN_POINT ( 'NONE',  ( -0.4000000000000065700, 6.972686586247812500, 3.255893677835103500 ) ) ;
#5562 = CARTESIAN_POINT ( 'NONE',  ( -1.589661120043711900, 7.276243451237029100, 4.170430058013447000 ) ) ;
#5563 = CARTESIAN_POINT ( 'NONE',  ( 5.740593901223629600, 13.50154713732674900, 2.473507295547489700 ) ) ;
#5564 = CC_DESIGN_PERSON_AND_ORGANIZATION_ASSIGNMENT ( #1208, #5331, ( #5148 ) ) ;
#5565 = LINE ( 'NONE', #5958, #2992 ) ;
#5566 = FACE_OUTER_BOUND ( 'NONE', #3557, .T. ) ;
#5567 = CARTESIAN_POINT ( 'NONE',  ( 3.572838879956275400, 7.798843344302243400, 4.220573370311595500 ) ) ;
#5568 = CARTESIAN_POINT ( 'NONE',  ( -11.91466112004368400, 5.691022142088190300, 2.009143264513487500 ) ) ;
#5569 = CARTESIAN_POINT ( 'NONE',  ( -1.879233714260075700, 5.842426312431476800, 6.042040964195512000 ) ) ;
#5570 = CARTESIAN_POINT ( 'NONE',  ( 4.298315489864344300, -0.4692861960065470800, 3.028393217318459100 ) ) ;
#5571 = APPROVAL_PERSON_ORGANIZATION ( #2741, #5180, #4234 ) ;
#5572 = CIRCLE ( 'NONE', #4093, 1.650000000000000400 ) ;
#5573 = CARTESIAN_POINT ( 'NONE',  ( 7.055239759590687500, 12.21821380399342000, 5.257469399304893500 ) ) ;
#5574 = CARTESIAN_POINT ( 'NONE',  ( 9.289505546622924800, 4.759475034189582800, 2.376513018916270900 ) ) ;
#5575 = CARTESIAN_POINT ( 'NONE',  ( 4.859272927391984400, 5.859880470660098900, 2.334600341910640700 ) ) ;
#5576 = CIRCLE ( 'NONE', #531, 2.000000000000000000 ) ;
#5577 = CARTESIAN_POINT ( 'NONE',  ( 13.78117221328958500, 3.871378562817414000, 2.839141604523051300 ) ) ;
#5578 = CARTESIAN_POINT ( 'NONE',  ( -16.02716112004367200, 7.798843344302243400, 4.220573370311598200 ) ) ;
#5579 = DIRECTION ( 'NONE',  ( -1.000000000000000000, -1.369518533665900100E-016, 0.0000000000000000000 ) ) ;
#5580 = CARTESIAN_POINT ( 'NONE',  ( 6.329239463404272600, -2.540119529339877500, 6.155387493158993800 ) ) ;
#5581 = CARTESIAN_POINT ( 'NONE',  ( -8.852161120043691200, 5.647596759808096500, 2.461728047922992600 ) ) ;
#5582 = EDGE_LOOP ( 'NONE', ( #6156, #867, #492 ) ) ;
#5583 = VECTOR ( 'NONE', #4920, 1000.000000000000000 ) ;
#5584 = CARTESIAN_POINT ( 'NONE',  ( 6.460338879956269800, 7.798843344302243400, 4.220573370311595500 ) ) ;
#5585 = EDGE_CURVE ( 'NONE', #246, #5450, #3383, .T. ) ;
#5586 = CARTESIAN_POINT ( 'NONE',  ( 7.149999999999997700, -2.500000000000004400, 4.000000000000000000 ) ) ;
#5587 = CARTESIAN_POINT ( 'NONE',  ( -3.106327786710374000, 6.535718485426611000, 2.546943076929713000 ) ) ;
#5588 = CARTESIAN_POINT ( 'NONE',  ( 0.0000000000000000000, 9.500000000000001800, 8.000000000000000000 ) ) ;
#5589 = CARTESIAN_POINT ( 'NONE',  ( 4.298315489864347000, 13.61821380399341700, 3.028393217318457300 ) ) ;
#5590 = ORIENTED_EDGE ( 'NONE', *, *, #2710, .F. ) ;
#5591 = ADVANCED_FACE ( 'NONE', ( #1610 ), #3698, .F. ) ;
#5592 = CARTESIAN_POINT ( 'NONE',  ( 7.055239759590684800, 3.730713803993441300, 5.257469399304895300 ) ) ;
#5593 = CARTESIAN_POINT ( 'NONE',  ( 1.647838879956280200, 5.308977857911811400, 5.990856735486523200 ) ) ;
#5594 = CARTESIAN_POINT ( 'NONE',  ( -11.79799445337701700, 7.319643579270779000, 3.170001659990441000 ) ) ;
#5595 = CARTESIAN_POINT ( 'NONE',  ( 4.859272927391983500, -0.5276195293398807700, 2.334600341910642000 ) ) ;
#5596 = CARTESIAN_POINT ( 'NONE',  ( 6.621914875055265900, -16.04428619600651400, 2.612414249184343200 ) ) ;
#5597 = CARTESIAN_POINT ( 'NONE',  ( 5.740593901223624200, -11.69845286267318800, 2.473507295547492800 ) ) ;
#5598 = CARTESIAN_POINT ( 'NONE',  ( 9.406172213289595500, 6.535718485426611000, 2.546943076929711200 ) ) ;
#5599 = CARTESIAN_POINT ( 'NONE',  ( 6.621914875055270300, 9.243213803993425500, 2.612414249184340100 ) ) ;
#5600 = CARTESIAN_POINT ( 'NONE',  ( -0.1495145827618522000, 5.867769827209095900, 2.126604056236776500 ) ) ;
#5601 = CARTESIAN_POINT ( 'NONE',  ( -14.21882778671034400, 3.871378562817414000, 2.839141604523054400 ) ) ;
#5602 = CARTESIAN_POINT ( 'NONE',  ( 3.633379675925021000, -2.715119529339877800, 4.718142441128665400 ) ) ;
#5603 = CARTESIAN_POINT ( 'NONE',  ( -10.01882778671035400, 6.758384208523724900, 4.896958519548594100 ) ) ;
#5604 = PRODUCT_DEFINITION_SHAPE ( 'NONE', 'NONE',  #4364 ) ;
#5605 = CARTESIAN_POINT ( 'NONE',  ( 7.043672213289601000, 6.840443814239312000, 2.119429949669280800 ) ) ;
#5606 = CARTESIAN_POINT ( 'NONE',  ( -0.3379900657422155700, 7.080902827946827600, 4.673028209964068800 ) ) ;
#5607 = CARTESIAN_POINT ( 'NONE',  ( -3.164661120043706700, 5.647596759808096500, 2.461728047922992200 ) ) ;
#5608 = ORIENTED_EDGE ( 'NONE', *, *, #4486, .F. ) ;
#5609 = CARTESIAN_POINT ( 'NONE',  ( 5.188619435515716000, -16.68595286267317600, 5.975611840433585600 ) ) ;
#5610 = EDGE_CURVE ( 'NONE', #4537, #4456, #4752, .T. ) ;
#5611 = CARTESIAN_POINT ( 'NONE',  ( 6.329239463404273500, 1.572380470660113900, 6.155387493158992900 ) ) ;
#5612 = CARTESIAN_POINT ( 'NONE',  ( 1.414505546622948100, 7.319643579270779000, 3.170001659990439300 ) ) ;
#5613 = CARTESIAN_POINT ( 'NONE',  ( -12.55632778671035000, 6.840443814239312000, 2.119429949669283000 ) ) ;
#5614 = DIRECTION ( 'NONE',  ( 0.7071067811865465700, 0.0000000000000000000, -0.7071067811865484600 ) ) ;
#5615 = CARTESIAN_POINT ( 'NONE',  ( 6.942278411359271000, -0.002619529339883269700, 3.445114078229008800 ) ) ;
#5616 = CARTESIAN_POINT ( 'NONE',  ( 5.740593901223623300, -16.68595286267317600, 2.473507295547493300 ) ) ;
#5617 = CARTESIAN_POINT ( 'NONE',  ( 5.259406098776346500, -13.44845286267318400, 5.526492704452464500 ) ) ;
#5618 = CARTESIAN_POINT ( 'NONE',  ( 3.737358052336704300, 6.676547137326766200, 3.722186092726276700 ) ) ;
#5619 = CARTESIAN_POINT ( 'NONE',  ( 14.94783887995624700, 5.308977857911811400, 5.990856735486521400 ) ) ;
#5620 = CARTESIAN_POINT ( 'NONE',  ( -15.73549445337700400, 3.680356420729224100, 4.829998340009573200 ) ) ;
#5621 = CARTESIAN_POINT ( 'NONE',  ( 4.407018350528630900, -0.2720066217006399900, 2.583297370567551700 ) ) ;
#5622 = VERTEX_POINT ( 'NONE', #1034 ) ;
#5623 = CARTESIAN_POINT ( 'NONE',  ( 5.188619435515718700, -3.998452862673208300, 5.975611840433584700 ) ) ;
#5624 = CARTESIAN_POINT ( 'NONE',  ( -9.377161120043691500, 7.276243451237029100, 4.170430058013447900 ) ) ;
#5625 = ORIENTED_EDGE ( 'NONE', *, *, #6710, .T. ) ;
#5626 = CARTESIAN_POINT ( 'NONE',  ( 8.035338879956263700, 5.308977857911811400, 5.990856735486522300 ) ) ;
#5627 = CARTESIAN_POINT ( 'NONE',  ( -0.4000000000000081300, 4.369787163106228600, 2.797868999101796200 ) ) ;
#5628 = CARTESIAN_POINT ( 'NONE',  ( 0.3353388799562859200, 5.647596759808096500, 2.461728047922991700 ) ) ;
#5629 = CARTESIAN_POINT ( 'NONE',  ( -2.444071956163541300, 3.724536068107603600, 4.924103694885862300 ) ) ;
#5630 = CARTESIAN_POINT ( 'NONE',  ( 3.633379675925019200, -14.00261952933984900, 4.718142441128667200 ) ) ;
#5631 = CARTESIAN_POINT ( 'NONE',  ( 3.218759944222874900, -16.77345286267317400, 3.640448694549157900 ) ) ;
#5632 = EDGE_CURVE ( 'NONE', #1343, #6513, #472, .T. ) ;
#5633 = CARTESIAN_POINT ( 'NONE',  ( 6.329239463404273500, 2.272380470660111000, 6.155387493158992900 ) ) ;
#5634 = CARTESIAN_POINT ( 'NONE',  ( 2.056172213289613600, 6.840443814239312000, 2.119429949669281200 ) ) ;
#5635 = CARTESIAN_POINT ( 'NONE',  ( -10.33966112004369000, 7.798843344302243400, 4.220573370311598200 ) ) ;
#5636 = DIRECTION ( 'NONE',  ( -1.000000000000000000, -2.863857827303820200E-031, 1.224646799147345600E-016 ) ) ;
#5637 = CARTESIAN_POINT ( 'NONE',  ( 4.057721588640705900, 6.647380470660099400, 4.554885921770945400 ) ) ;
#5638 = CARTESIAN_POINT ( 'NONE',  ( 3.737358052336698900, -16.51095286267317900, 3.722186092726279300 ) ) ;
#5639 = CARTESIAN_POINT ( 'NONE',  ( 4.057721588640702300, -12.16511952933985400, 4.554885921770947200 ) ) ;
#5640 = CARTESIAN_POINT ( 'NONE',  ( 6.942278411359272800, 6.384880470660103700, 3.445114078229008400 ) ) ;
#5641 = CARTESIAN_POINT ( 'NONE',  ( 15.00617221328958300, 4.159556185760689800, 5.880570050330726800 ) ) ;
#5642 = CYLINDRICAL_SURFACE ( 'NONE', #3458, 2.000000000000000000 ) ;
#5643 = CARTESIAN_POINT ( 'NONE',  ( -15.32716112004367500, 7.798843344302243400, 4.220573370311598200 ) ) ;
#5644 = CARTESIAN_POINT ( 'NONE',  ( 5.741804197707336900, -0.3140594353760065600, 5.723232243414591900 ) ) ;
#5645 = CARTESIAN_POINT ( 'NONE',  ( 3.944760240409290700, -2.831786196006543600, 2.742530600695058500 ) ) ;
#5646 = CARTESIAN_POINT ( 'NONE',  ( -7.627161120043695100, 3.723756548762971400, 3.829569941986565400 ) ) ;
#5647 = PERSON_AND_ORGANIZATION ( #2596, #402 ) ;
#5648 = FACE_OUTER_BOUND ( 'NONE', #729, .T. ) ;
#5649 = CARTESIAN_POINT ( 'NONE',  ( 8.327005546622933400, 4.541600469937070500, 1.898856579357689500 ) ) ;
#5650 = CARTESIAN_POINT ( 'NONE',  ( -1.239661120043711500, 7.798843344302243400, 4.220573370311591100 ) ) ;
#5651 = CARTESIAN_POINT ( 'NONE',  ( 0.04367221328961825400, 4.464281514573391600, 5.453056923070296800 ) ) ;
#5652 = CARTESIAN_POINT ( 'NONE',  ( 6.218142441128732000, -1.840119529339874900, 5.866620324074928000 ) ) ;
#5653 = CARTESIAN_POINT ( 'NONE',  ( 5.811380564484253800, -13.53595286267318400, 2.024388159566373100 ) ) ;
#5654 = CARTESIAN_POINT ( 'NONE',  ( 4.781857558871265300, -1.577619529339876000, 2.133379675925025900 ) ) ;
#5655 =( BOUNDED_CURVE ( )  B_SPLINE_CURVE ( 2, ( #5372, #209, #3273, #3885, #2286, #1218, #4400, #1308, #4917 ),
 .UNSPECIFIED., .F., .F. ) 
 B_SPLINE_CURVE_WITH_KNOTS ( ( 3, 2, 2, 2, 3 ),
 ( 0.4626128975275017900, 0.4629629629629629700, 0.4666666666666666700, 0.4703703703703703800, 0.4737240086386129100 ),
 .UNSPECIFIED. ) 
 CURVE ( )  GEOMETRIC_REPRESENTATION_ITEM ( )  RATIONAL_B_SPLINE_CURVE ( ( 0.9770678153906104900, 0.9873370336514673000, 1.000000000000000000, 0.8660254037844386000, 1.000000000000000000, 0.8660254037844386000, 1.000000000000000000, 0.8786883701329713000, 0.9770678153906104900 ) ) 
 REPRESENTATION_ITEM ( '' )  );
#5656 = CARTESIAN_POINT ( 'NONE',  ( 3.633379675925021900, 0.6973804706601159900, 4.718142441128664500 ) ) ;
#5657 = CARTESIAN_POINT ( 'NONE',  ( 4.681172213289609200, 3.871378562817414000, 2.839141604523052200 ) ) ;
#5658 = CARTESIAN_POINT ( 'NONE',  ( -12.61466112004368300, 5.691022142088190300, 2.009143264513487500 ) ) ;
#5659 = CARTESIAN_POINT ( 'NONE',  ( 6.218142441128715200, -1.927619529339873900, 5.866620324074927100 ) ) ;
#5660 = CIRCLE ( 'NONE', #5338, 1.000000000000000000 ) ;
#5661 = CARTESIAN_POINT ( 'NONE',  ( 7.262641947663274400, 4.839047137326769400, 4.277813907273675800 ) ) ;
#5662 = CARTESIAN_POINT ( 'NONE',  ( 6.701684510135629000, -15.51928619600651300, 4.971606782681496900 ) ) ;
#5663 = CARTESIAN_POINT ( 'NONE',  ( 5.740593901223624200, -13.09845286267318600, 2.473507295547493300 ) ) ;
#5664 = CARTESIAN_POINT ( 'NONE',  ( 4.298315489864345200, 6.618213803993431700, 3.028393217318458200 ) ) ;
#5665 = CARTESIAN_POINT ( 'NONE',  ( 14.07283887995624900, 7.798843344302243400, 4.220573370311594600 ) ) ;
#5666 = ORIENTED_EDGE ( 'NONE', *, *, #925, .F. ) ;
#5667 = CARTESIAN_POINT ( 'NONE',  ( -10.71882778671035300, 3.871378562817414000, 2.839141604523054000 ) ) ;
#5668 = ORIENTED_EDGE ( 'NONE', *, *, #2473, .F. ) ;
#5669 = CARTESIAN_POINT ( 'NONE',  ( 7.329573173686746700, -0.2179585279795083500, 4.153189122975080100 ) ) ;
#5670 = CARTESIAN_POINT ( 'NONE',  ( 6.952000592372811200, 1.193213803993447000, 2.204163812291781300 ) ) ;
#5671 = CARTESIAN_POINT ( 'NONE',  ( -4.710494453377035200, 4.759475034189582800, 2.376513018916272200 ) ) ;
#5672 = CARTESIAN_POINT ( 'NONE',  ( 6.577005546622928900, 6.458399530062931300, 6.101143420642317800 ) ) ;
#5673 = EDGE_CURVE ( 'NONE', #5622, #1589, #2261, .T. ) ;
#5674 = CARTESIAN_POINT ( 'NONE',  ( 5.717983032717292200, -1.258880268456842100, 6.059046011225904100 ) ) ;
#5675 = CARTESIAN_POINT ( 'NONE',  ( 1.910338879956280600, 7.276243451237029100, 4.170430058013445200 ) ) ;
#5676 = CARTESIAN_POINT ( 'NONE',  ( -1.562588525827343100, 5.342406732777244600, 5.642456806776382700 ) ) ;
#5677 = CARTESIAN_POINT ( 'NONE',  ( 6.329239463404269900, -14.52761952933984800, 6.155387493158995600 ) ) ;
#5678 = CARTESIAN_POINT ( 'NONE',  ( 3.633379675925018300, -17.41511952933984400, 4.718142441128667200 ) ) ;
#5679 = CARTESIAN_POINT ( 'NONE',  ( 7.055239759590685700, 5.130713803993436400, 5.257469399304895300 ) ) ;
#5680 = CARTESIAN_POINT ( 'NONE',  ( 5.322838879956271400, 3.201156655697758900, 3.779426629688413400 ) ) ;
#5681 = CARTESIAN_POINT ( 'NONE',  ( -6.197994453377032400, 7.319643579270779000, 3.170001659990440100 ) ) ;
#5682 = CARTESIAN_POINT ( 'NONE',  ( 7.262641947663274400, 3.439047137326776600, 4.277813907273675800 ) ) ;
#5683 = CARTESIAN_POINT ( 'NONE',  ( 7.262641947663270000, -14.76095286267318200, 4.277813907273678500 ) ) ;
#5684 = CARTESIAN_POINT ( 'NONE',  ( 6.701684510135630800, -7.731786196006531500, 4.971606782681496000 ) ) ;
#5685 = ORIENTED_EDGE ( 'NONE', *, *, #4356, .T. ) ;
#5686 = CARTESIAN_POINT ( 'NONE',  ( 4.859272927391985200, 11.45988047066008700, 2.334600341910640300 ) ) ;
#5687 = CARTESIAN_POINT ( 'NONE',  ( -12.76049445337701700, 4.541600469937070500, 1.898856579357692400 ) ) ;
#5688 = CARTESIAN_POINT ( 'NONE',  ( 6.428253424526989300, -0.2837009046667496900, 5.507480036531212900 ) ) ;
#5689 = CARTESIAN_POINT ( 'NONE',  ( 4.670760536595701700, 0.6098804706601141900, 1.844612506840960900 ) ) ;
#5690 = EDGE_LOOP ( 'NONE', ( #817, #6435, #273, #490, #2793, #3634, #2544, #83, #4014 ) ) ;
#5691 = CARTESIAN_POINT ( 'NONE',  ( -5.993827786710366600, 6.535718485426611000, 2.546943076929713000 ) ) ;
#5692 = AXIS2_PLACEMENT_3D ( 'NONE', #441, #5636, #3577 ) ;
#5693 =( BOUNDED_CURVE ( )  B_SPLINE_CURVE ( 2, ( #4188, #3652, #2067, #1069, #1546, #5695, #4141, #5674, #1567 ),
 .UNSPECIFIED., .F., .T. ) 
 B_SPLINE_CURVE_WITH_KNOTS ( ( 3, 2, 2, 2, 3 ),
 ( 0.5055555555555556500, 0.5074074074074074200, 0.5111111111111110700, 0.5148148148148148400, 0.5166666666666668300 ),
 .UNSPECIFIED. ) 
 CURVE ( )  GEOMETRIC_REPRESENTATION_ITEM ( )  RATIONAL_B_SPLINE_CURVE ( ( 0.9330127018922194100, 0.9330127018922234100, 1.000000000000000000, 0.8660254037844387100, 1.000000000000000000, 0.8660254037844387100, 1.000000000000000000, 0.9330127018922133000, 0.9330127018922194100 ) ) 
 REPRESENTATION_ITEM ( '' )  );
#5694 = CARTESIAN_POINT ( 'NONE',  ( 10.89367221328958400, 4.159556185760689800, 5.880570050330726800 ) ) ;
#5695 = CARTESIAN_POINT ( 'NONE',  ( 4.047999407627122200, -1.344286196006543800, 5.795836187708139200 ) ) ;
#5696 = CARTESIAN_POINT ( 'NONE',  ( -0.1313277867103813900, 6.758384208523724900, 4.896958519548592300 ) ) ;
#5697 = CARTESIAN_POINT ( 'NONE',  ( 6.329239463404270800, -13.82761952933984900, 6.155387493158995600 ) ) ;
#5698 = CARTESIAN_POINT ( 'NONE',  ( 7.055239759590680400, -17.88178619600650500, 5.257469399304898000 ) ) ;
#5699 = CARTESIAN_POINT ( 'NONE',  ( 3.218759944222879400, 4.139047137326772800, 3.640448694549154800 ) ) ;
#5700 = VERTEX_POINT ( 'NONE', #3779 ) ;
#5701 = CARTESIAN_POINT ( 'NONE',  ( 6.781172213289603500, 3.871378562817414000, 2.839141604523051800 ) ) ;
#5702 = CARTESIAN_POINT ( 'NONE',  ( -6.839661120043697200, 7.798843344302243400, 4.220573370311597300 ) ) ;
#5703 = CARTESIAN_POINT ( 'NONE',  ( -15.12299445337700900, 4.759475034189582800, 2.376513018916274000 ) ) ;
#5704 = CARTESIAN_POINT ( 'NONE',  ( 6.701684510135633500, 4.780713803993436700, 4.971606782681494300 ) ) ;
#5705 = ORIENTED_EDGE ( 'NONE', *, *, #1792, .F. ) ;
#5706 = CARTESIAN_POINT ( 'NONE',  ( 6.140727072607989900, -13.47761952933985100, 5.665399658089315300 ) ) ;
#5707 = CARTESIAN_POINT ( 'NONE',  ( 6.942278411359268400, -10.41511952933985800, 3.445114078229010200 ) ) ;
#5708 = CARTESIAN_POINT ( 'NONE',  ( 4.378085124944710100, 10.99321380399342200, 5.387585750815611100 ) ) ;
#5709 = CARTESIAN_POINT ( 'NONE',  ( 9.056172213289592300, 4.464281514573391600, 5.453056923070296800 ) ) ;
#5710 = CARTESIAN_POINT ( 'NONE',  ( -11.76882778671035000, 7.128621437182588700, 5.160858395476958900 ) ) ;
#5711 = EDGE_CURVE ( 'NONE', #1061, #3632, #2820, .T. ) ;
#5712 = CARTESIAN_POINT ( 'NONE',  ( 6.701684510135629900, -9.219286196006526900, 4.971606782681496000 ) ) ;
#5713 = CARTESIAN_POINT ( 'NONE',  ( 7.055239759590684800, 1.718213803993444500, 5.257469399304895300 ) ) ;
#5714 = CARTESIAN_POINT ( 'NONE',  ( -7.160494453377029200, 6.240524965810419800, 5.623486981083739300 ) ) ;
#5715 = CARTESIAN_POINT ( 'NONE',  ( 11.71033887995625200, 3.201156655697758900, 3.779426629688412900 ) ) ;
#5716 = DIRECTION ( 'NONE',  ( 2.115516434118055700E-016, -1.000000000000000000, 0.0000000000000000000 ) ) ;
#5717 = CARTESIAN_POINT ( 'NONE',  ( 0.8603388799562853300, 3.723756548762971400, 3.829569941986564500 ) ) ;
#5718 = CARTESIAN_POINT ( 'NONE',  ( -1.277196587262153300, 4.649843164376945600, 2.349999999999997900 ) ) ;
#5719 = CARTESIAN_POINT ( 'NONE',  ( 3.633379675925019200, -11.90261952933985300, 4.718142441128666300 ) ) ;
#5720 = DIRECTION ( 'NONE',  ( 1.000000000000000000, 0.0000000000000000000, 0.0000000000000000000 ) ) ;
#5721 = CARTESIAN_POINT ( 'NONE',  ( 5.811380564484258200, 5.364047137326771500, 2.024388159566370900 ) ) ;
#5722 = CARTESIAN_POINT ( 'NONE',  ( 8.064505546622934100, 3.680356420729224100, 4.829998340009570500 ) ) ;
#5723 = CARTESIAN_POINT ( 'NONE',  ( -7.422994453377029300, 6.458399530062931300, 6.101143420642320500 ) ) ;
#5724 = CARTESIAN_POINT ( 'NONE',  ( -14.83132778671034300, 6.758384208523724900, 4.896958519548594100 ) ) ;
#5725 = CARTESIAN_POINT ( 'NONE',  ( 5.740593901223627800, 5.014047137326771900, 2.473507295547490600 ) ) ;
#5726 = CARTESIAN_POINT ( 'NONE',  ( 3.737358052336700300, -13.71095286267318300, 3.722186092726279300 ) ) ;
#5727 = CARTESIAN_POINT ( 'NONE',  ( 3.737358052336701200, -9.423452862673196200, 3.722186092726278900 ) ) ;
#5728 = CARTESIAN_POINT ( 'NONE',  ( 4.859272927391985200, 9.359880470660096200, 2.334600341910640700 ) ) ;
#5729 = CARTESIAN_POINT ( 'NONE',  ( 7.889505546622930700, 4.759475034189582800, 2.376513018916270900 ) ) ;
#5730 = CARTESIAN_POINT ( 'NONE',  ( -11.71049445337701700, 6.458399530062931300, 6.101143420642320500 ) ) ;
#5731 = AXIS2_PLACEMENT_3D ( 'NONE', #4894, #5418, #165 ) ;
#5732 = DATE_AND_TIME ( #5493, #5086 ) ;
#5733 = CARTESIAN_POINT ( 'NONE',  ( 3.218759944222884300, -0.6734528626732154700, 3.640448694549121000 ) ) ;
#5734 = CARTESIAN_POINT ( 'NONE',  ( 5.259406098776347300, -10.73595286267318900, 5.526492704452464500 ) ) ;
#5735 = CARTESIAN_POINT ( 'NONE',  ( 7.366620324074953700, -0.9651195293398848700, 3.281857558871289700 ) ) ;
#5736 = CARTESIAN_POINT ( 'NONE',  ( -4.943827786710371300, 4.464281514573391600, 5.453056923070297700 ) ) ;
#5737 = FACE_OUTER_BOUND ( 'NONE', #1247, .T. ) ;
#5738 = EDGE_CURVE ( 'NONE', #5997, #4133, #3010, .T. ) ;
#5739 = CARTESIAN_POINT ( 'NONE',  ( 13.28533887995625500, 5.691022142088190300, 2.009143264513484800 ) ) ;
#5740 =( BOUNDED_CURVE ( )  B_SPLINE_CURVE ( 2, ( #207, #5461, #283 ),
 .UNSPECIFIED., .F., .F. ) 
 B_SPLINE_CURVE_WITH_KNOTS ( ( 3, 3 ),
 ( 0.4503733151085663700, 0.4515017864163907200 ),
 .UNSPECIFIED. ) 
 CURVE ( )  GEOMETRIC_REPRESENTATION_ITEM ( )  RATIONAL_B_SPLINE_CURVE ( ( 0.9357349713728744200, 0.9439639525488099400, 0.9770678153906137100 ) ) 
 REPRESENTATION_ITEM ( '' )  );
#5741 = CARTESIAN_POINT ( 'NONE',  ( -1.122994453377041100, 6.329998340009527000, 5.819643579270799400 ) ) ;
#5742 = CARTESIAN_POINT ( 'NONE',  ( 5.468672213289601700, 6.758384208523724900, 4.896958519548591400 ) ) ;
#5743 = CARTESIAN_POINT ( 'NONE',  ( 4.670760536595700800, -8.577619529339861200, 1.844612506840962200 ) ) ;
#5744 = CARTESIAN_POINT ( 'NONE',  ( 4.047999407627161300, -13.15678619600651800, 5.795836187708174800 ) ) ;
#5745 = ORIENTED_EDGE ( 'NONE', *, *, #5632, .T. ) ;
#5746 = CARTESIAN_POINT ( 'NONE',  ( 4.047999407627165700, 5.655713803993436700, 5.795836187708171200 ) ) ;
#5747 = LINE ( 'NONE', #4978, #5257 ) ;
#5748 = CARTESIAN_POINT ( 'NONE',  ( 5.381172213289604900, 3.871378562817414000, 2.839141604523052200 ) ) ;
#5749 = CARTESIAN_POINT ( 'NONE',  ( -7.597994453377028300, 7.319643579270779000, 3.170001659990440100 ) ) ;
#5750 = CARTESIAN_POINT ( 'NONE',  ( -15.64799445337700800, 6.905980968331821400, 3.358686567471581300 ) ) ;
#5751 = CARTESIAN_POINT ( 'NONE',  ( 6.621914875055270300, 9.855713803993428000, 2.612414249184340100 ) ) ;
#5752 = CARTESIAN_POINT ( 'NONE',  ( 4.298315489864340800, -13.76928619600651700, 3.028393217318460500 ) ) ;
#5753 = CARTESIAN_POINT ( 'NONE',  ( 4.378085124944704800, -10.00678619600652700, 5.387585750815614600 ) ) ;
#5754 = CARTESIAN_POINT ( 'NONE',  ( 7.772838879956265300, 3.723756548762971400, 3.829569941986563600 ) ) ;
#5755 = CARTESIAN_POINT ( 'NONE',  ( -13.51882778671034700, 3.871378562817414000, 2.839141604523054400 ) ) ;
#5756 = CARTESIAN_POINT ( 'NONE',  ( 5.673549774200424200, -2.138315843013482100, 5.688315843013503700 ) ) ;
#5757 = CARTESIAN_POINT ( 'NONE',  ( 5.500000000027389600, -0.3238841081627947800, 5.726115891837213900 ) ) ;
#5758 = CARTESIAN_POINT ( 'NONE',  ( 4.859272927391980800, -11.02761952933985900, 2.334600341910642900 ) ) ;
#5759 = CARTESIAN_POINT ( 'NONE',  ( -2.450000000000010400, 5.033189859699292300, 5.944759186355076600 ) ) ;
#5760 = CARTESIAN_POINT ( 'NONE',  ( 7.366620324074953700, -1.665119529339878800, 3.281857558871289700 ) ) ;
#5761 = CARTESIAN_POINT ( 'NONE',  ( -1.385494453377043500, 4.094019031668182200, 4.641313432528431100 ) ) ;
#5762 = CARTESIAN_POINT ( 'NONE',  ( 10.31033887995625300, 3.201156655697758900, 3.779426629688412900 ) ) ;
#5763 = EDGE_CURVE ( 'NONE', #4937, #5532, #5237, .T. ) ;
#5764 = CARTESIAN_POINT ( 'NONE',  ( 3.633379675925017400, -1.315119529339882700, 4.718142441128653900 ) ) ;
#5765 = CARTESIAN_POINT ( 'NONE',  ( 5.118672213289605600, 4.241615791476277800, 3.103041480451417900 ) ) ;
#5766 = CARTESIAN_POINT ( 'NONE',  ( 3.944760240409289900, -8.519286196006527600, 2.742530600695058900 ) ) ;
#5767 = CARTESIAN_POINT ( 'NONE',  ( 7.366620324074951000, -13.56511952933985100, 3.281857558871291000 ) ) ;
#5768 = CARTESIAN_POINT ( 'NONE',  ( 7.055239759590685700, 4.430713803993440600, 5.257469399304895300 ) ) ;
#5769 = CARTESIAN_POINT ( 'NONE',  ( 7.014505546622935100, 7.319643579270779000, 3.170001659990438400 ) ) ;
#5770 = CARTESIAN_POINT ( 'NONE',  ( -7.714661120043693600, 5.691022142088190300, 2.009143264513487000 ) ) ;
#5771 = ORIENTED_EDGE ( 'NONE', *, *, #4139, .F. ) ;
#5772 = CARTESIAN_POINT ( 'NONE',  ( -13.08132778671034700, 4.241615791476277800, 3.103041480451420100 ) ) ;
#5773 = CARTESIAN_POINT ( 'NONE',  ( 6.701684510135633500, 6.880713803993434600, 4.971606782681494300 ) ) ;
#5774 = CARTESIAN_POINT ( 'NONE',  ( 4.378085124944704800, -7.906786196006531300, 5.387585750815614600 ) ) ;
#5775 = CARTESIAN_POINT ( 'NONE',  ( 11.62283887995625500, 7.276243451237029100, 4.170430058013445200 ) ) ;
#5776 = CARTESIAN_POINT ( 'NONE',  ( -7.160494453377029200, 4.541600469937070500, 1.898856579357691500 ) ) ;
#5777 = CARTESIAN_POINT ( 'NONE',  ( 5.846875617767578200, -2.130742143640334000, 5.653649976558298800 ) ) ;
#5778 = DIRECTION ( 'NONE',  ( -0.0000000000000000000, -0.0000000000000000000, -1.000000000000000000 ) ) ;
#5779 = CARTESIAN_POINT ( 'NONE',  ( 6.621914875055266800, -10.44428619600652700, 2.612414249184342700 ) ) ;
#5780 = CARTESIAN_POINT ( 'NONE',  ( 7.055239759590684800, 3.118213803993442800, 5.257469399304895300 ) ) ;
#5781 = CARTESIAN_POINT ( 'NONE',  ( -0.6271611200437120500, 3.723756548762971400, 3.829569941986564500 ) ) ;
#5782 = CARTESIAN_POINT ( 'NONE',  ( 12.11867221328958500, 7.128621437182588700, 5.160858395476956200 ) ) ;
#5783 = CARTESIAN_POINT ( 'NONE',  ( 6.218142441128671600, -1.140119529339878300, 5.866620324074943000 ) ) ;
#5784 = CARTESIAN_POINT ( 'NONE',  ( 2.610338879956279400, 7.276243451237029100, 4.170430058013445200 ) ) ;
#5785 = CARTESIAN_POINT ( 'NONE',  ( 5.243111034300466300, -1.696380268456844800, 5.629879768357700900 ) ) ;
#5786 = CARTESIAN_POINT ( 'NONE',  ( 4.047999407627162100, -10.44428619600652500, 5.795836187708173900 ) ) ;
#5787 = CARTESIAN_POINT ( 'NONE',  ( 3.633379675925018300, -16.01511952933984500, 4.718142441128667200 ) ) ;
#5788 = ORIENTED_EDGE ( 'NONE', *, *, #742, .F. ) ;
#5789 = CARTESIAN_POINT ( 'NONE',  ( 7.781240055777099800, 10.78904713732675600, 4.359551305450797700 ) ) ;
#5790 = CARTESIAN_POINT ( 'NONE',  ( 9.872838879956258800, 7.798843344302243400, 4.220573370311595500 ) ) ;
#5791 = CARTESIAN_POINT ( 'NONE',  ( -1.764661120043710100, 5.308977857911811400, 5.990856735486523200 ) ) ;
#5792 = CARTESIAN_POINT ( 'NONE',  ( -15.93966112004367600, 3.723756548762971400, 3.829569941986566800 ) ) ;
#5793 = CARTESIAN_POINT ( 'NONE',  ( 3.737358052336704300, 7.289047137326763300, 3.722186092726276700 ) ) ;
#5794 = CARTESIAN_POINT ( 'NONE',  ( 6.942278411359270200, -4.115119529339874100, 3.445114078229009300 ) ) ;
#5795 = CARTESIAN_POINT ( 'NONE',  ( 14.36450554662291700, 6.905980968331821400, 3.358686567471578200 ) ) ;
#5796 = CARTESIAN_POINT ( 'NONE',  ( -9.668827786710354000, 7.128621437182588700, 5.160858395476958900 ) ) ;
#5797 = CARTESIAN_POINT ( 'NONE',  ( 3.849999999999988500, -1.853216402195257700, 4.000000000000016000 ) ) ;
#5798 = CARTESIAN_POINT ( 'NONE',  ( 4.404145291557713700, -2.321910770229032900, 2.477797314601744500 ) ) ;
#5799 = EDGE_CURVE ( 'NONE', #3597, #2781, #6057, .T. ) ;
#5800 = CARTESIAN_POINT ( 'NONE',  ( 6.942278411359268400, -11.20261952933985800, 3.445114078229010200 ) ) ;
#5801 = CARTESIAN_POINT ( 'NONE',  ( 4.670760536595702600, 5.509880470660100100, 1.844612506840960500 ) ) ;
#5802 = CARTESIAN_POINT ( 'NONE',  ( -3.952161120043705000, 5.647596759808096500, 2.461728047922992600 ) ) ;
#5803 = CYLINDRICAL_SURFACE ( 'NONE', #1583, 1.000000000000000900 ) ;
#5804 = CARTESIAN_POINT ( 'NONE',  ( -15.91049445337700500, 4.759475034189582800, 2.376513018916274000 ) ) ;
#5805 = CARTESIAN_POINT ( 'NONE',  ( -1.009069811163947100, 5.578977160879484000, 2.350000000000004500 ) ) ;
#5806 = CARTESIAN_POINT ( 'NONE',  ( 5.235338879956273700, 5.647596759808096500, 2.461728047922990800 ) ) ;
#5807 = CARTESIAN_POINT ( 'NONE',  ( 7.149999999999986100, -1.503216402195264100, 4.000000000000025800 ) ) ;
#5808 = CARTESIAN_POINT ( 'NONE',  ( 5.188619435515716900, -9.685952862673193700, 5.975611840433584700 ) ) ;
#5809 = CARTESIAN_POINT ( 'NONE',  ( 5.811380564484253800, -14.14845286267318300, 2.024388159566373100 ) ) ;
#5810 = CARTESIAN_POINT ( 'NONE',  ( 3.218759944222881100, 10.43904713732675700, 3.640448694549154300 ) ) ;
#5811 = CALENDAR_DATE ( 2024, 25, 11 ) ;
#5812 = CARTESIAN_POINT ( 'NONE',  ( 10.45617221328959400, 6.840443814239312000, 2.119429949669280300 ) ) ;
#5813 = CARTESIAN_POINT ( 'NONE',  ( -4.739661120043703800, 7.798843344302243400, 4.220573370311596400 ) ) ;
#5814 = CARTESIAN_POINT ( 'NONE',  ( -11.33132778671035200, 6.758384208523724900, 4.896958519548594100 ) ) ;
#5815 = CARTESIAN_POINT ( 'NONE',  ( 7.262641947663274400, 7.639047137326761200, 4.277813907273675800 ) ) ;
#5816 = CARTESIAN_POINT ( 'NONE',  ( 5.740593901223625100, -6.798452862673200600, 2.473507295547492400 ) ) ;
#5817 = CARTESIAN_POINT ( 'NONE',  ( 13.54783887995625200, 5.647596759808096500, 2.461728047922989900 ) ) ;
#5818 = CARTESIAN_POINT ( 'NONE',  ( -8.210494453377027200, 6.458399530062931300, 6.101143420642320500 ) ) ;
#5819 = AXIS2_PLACEMENT_3D ( 'NONE', #3630, #4120, #5153 ) ;
#5820 = ORIENTED_EDGE ( 'NONE', *, *, #4034, .F. ) ;
#5821 = CARTESIAN_POINT ( 'NONE',  ( 0.0000000000000000000, 1.250000000000000000, 8.000000000000000000 ) ) ;
#5822 = CARTESIAN_POINT ( 'NONE',  ( 7.149999999999986100, -0.5948615906280030300, 3.999999999999991600 ) ) ;
#5823 = CARTESIAN_POINT ( 'NONE',  ( 7.262641947663271800, -4.960952862673204700, 4.277813907273678500 ) ) ;
#5824 = CARTESIAN_POINT ( 'NONE',  ( 4.670760536595702600, 2.709880470660105200, 1.844612506840960700 ) ) ;
#5825 = CARTESIAN_POINT ( 'NONE',  ( -2.202161120043706800, 5.352403240191906200, 5.538271952077018900 ) ) ;
#5826 = ORIENTED_EDGE ( 'NONE', *, *, #657, .F. ) ;
#5827 = CARTESIAN_POINT ( 'NONE',  ( -15.96882778671034100, 4.241615791476277800, 3.103041480451420100 ) ) ;
#5828 = VERTEX_POINT ( 'NONE', #4309 ) ;
#5829 = CARTESIAN_POINT ( 'NONE',  ( 3.252005546622943800, 6.905980968331821400, 3.358686567471579100 ) ) ;
#5830 = CARTESIAN_POINT ( 'NONE',  ( 3.218759944222877600, -4.960952862673204700, 3.640448694549156500 ) ) ;
#5831 = CARTESIAN_POINT ( 'NONE',  ( 5.188619435515716000, -15.19845286267318100, 5.975611840433585600 ) ) ;
#5832 = DIRECTION ( 'NONE',  ( -2.220446049250337700E-016, -1.000000000000000000, 1.224646799147324600E-016 ) ) ;
#5833 = CARTESIAN_POINT ( 'NONE',  ( 4.670760536595704300, 11.02238047066008700, 1.844612506840959800 ) ) ;
#5834 = CARTESIAN_POINT ( 'NONE',  ( 10.57283887995625600, 7.798843344302243400, 4.220573370311595500 ) ) ;
#5835 = CARTESIAN_POINT ( 'NONE',  ( -4.331327786710369700, 3.871378562817414000, 2.839141604523053100 ) ) ;
#5836 = CARTESIAN_POINT ( 'NONE',  ( 7.366620324074970600, -1.052619529339878600, 3.281857558871333200 ) ) ;
#5837 = CARTESIAN_POINT ( 'NONE',  ( -10.86466112004368700, 5.647596759808096500, 2.461728047922993000 ) ) ;
#5838 = CARTESIAN_POINT ( 'NONE',  ( 4.298315489864346100, 7.230713803993434200, 3.028393217318457800 ) ) ;
#5839 = CARTESIAN_POINT ( 'NONE',  ( 6.942278411359269300, -4.815119529339871600, 3.445114078229009300 ) ) ;
#5840 = CARTESIAN_POINT ( 'NONE',  ( 11.97283887995625500, 3.723756548762971400, 3.829569941986563200 ) ) ;
#5841 = CARTESIAN_POINT ( 'NONE',  ( -6.693827786710365900, 4.159556185760689800, 5.880570050330730300 ) ) ;
#5842 = DIRECTION ( 'NONE',  ( -1.000000000000000000, -0.0000000000000000000, -0.0000000000000000000 ) ) ;
#5843 = CARTESIAN_POINT ( 'NONE',  ( 4.045883903943655800, -0.4000000000000112400, 4.779773287045572700 ) ) ;
#5844 = DIRECTION ( 'NONE',  ( 0.0000000000000000000, 0.0000000000000000000, 1.000000000000000000 ) ) ;
#5845 = CARTESIAN_POINT ( 'NONE',  ( 5.756888965699509700, -0.4380254568895831100, 2.370120231642253800 ) ) ;
#5846 = CARTESIAN_POINT ( 'NONE',  ( 4.298315489864342500, -4.669286196006538600, 3.028393217318459100 ) ) ;
#5847 = CARTESIAN_POINT ( 'NONE',  ( 7.366620324074955500, 3.934880470660103000, 3.281857558871289300 ) ) ;
#5848 = EDGE_LOOP ( 'NONE', ( #1884, #757 ) ) ;
#5849 = CARTESIAN_POINT ( 'NONE',  ( -0.9771611200437107000, 7.276243451237029100, 4.170430058013447000 ) ) ;
#5850 = CARTESIAN_POINT ( 'NONE',  ( 14.80200554662291300, 7.319643579270779000, 3.170001659990437900 ) ) ;
#5851 = DIRECTION ( 'NONE',  ( -0.0000000000000000000, 0.0000000000000000000, 1.000000000000000000 ) ) ;
#5852 = CARTESIAN_POINT ( 'NONE',  ( 6.227005546622933700, 6.240524965810419800, 5.623486981083738500 ) ) ;
#5853 = CARTESIAN_POINT ( 'NONE',  ( 6.329239463404271700, -5.427619529339868800, 6.155387493158993800 ) ) ;
#5854 = ORIENTED_EDGE ( 'NONE', *, *, #792, .T. ) ;
#5855 = CARTESIAN_POINT ( 'NONE',  ( 5.811380564484254700, -12.04845286267318700, 2.024388159566373100 ) ) ;
#5856 = CARTESIAN_POINT ( 'NONE',  ( -2.249728844009435000, 4.005059280490890200, 5.007121765173173400 ) ) ;
#5857 = CARTESIAN_POINT ( 'NONE',  ( 7.781240055777099800, 10.08904713732675900, 4.359551305450797700 ) ) ;
#5858 = CARTESIAN_POINT ( 'NONE',  ( 8.589505546622932600, 6.458399530062931300, 6.101143420642317800 ) ) ;
#5859 = CARTESIAN_POINT ( 'NONE',  ( -2.697994453377041200, 7.319643579270779000, 3.170001659990439700 ) ) ;
#5860 = CARTESIAN_POINT ( 'NONE',  ( -2.499999999999999600, 5.499999999999998200, 1.949999999999998600 ) ) ;
#5861 = CARTESIAN_POINT ( 'NONE',  ( -11.44799445337701900, 6.905980968331821400, 3.358686567471580900 ) ) ;
#5862 = CARTESIAN_POINT ( 'NONE',  ( 4.859272927391985200, 10.67238047066008900, 2.334600341910640700 ) ) ;
#5863 =( BOUNDED_SURFACE ( )  B_SPLINE_SURFACE ( 1, 2, ( 
 ( #3600, #4127, #2142, #2164, #70, #4661, #3175, #5792, #3218, #1598, #1123, #3707, #5750, #93, #2632, #2701, #5204, #1055, #3733, #113, #5273, #5703, #4195, #6225, #21, #1577, #5724, #4150, #4750, #6272, #2654, #4707, #5183, #572, #4730, #1669, #4681, #3129, #4173, #2187, #1146, #6250, #5249, #3154, #3685, #1623, #43, #596, #1076, #4221, #1646, #3662, #2121, #1100, #2095, #2607, #5772, #3640, #2678, #6291, #3197, #5226, #617, #4243, #545, #6319, #3309, #668, #4350, #4865, #1740, #2209, #3806, #1789, #180, #5294, #3241, #5386, #2790, #1168, #3267, #2745, #6408, #204, #5861, #3830, #5814, #1258, #4773, #2302, #4821, #2723, #5905, #737, #5837, #2813, #1765, #6429, #4265, #6367, #4310, #3330, #229, #713, #1688, #641, #158, #6343, #5342, #134, #2771, #3757, #5882, #2255, #4288, #6387, #2232, #3288, #1190, #4798, #4330, #5364, #1716, #5317, #3780, #692, #1213, #1235, #4840, #2278, #5929, #326, #4435, #6451, #2321, #5952, #3374, #5478, #2386, #2837, #4934, #3445, #3355, #1281, #257, #2409, #6002, #4981, #1370, #4461, #4958, #6499, #4414, #3876, #3853, #759, #828, #6545, #1345, #782, #2906, #4374, #4394, #1323, #1875, #1301, #4886, #4909, #5435, #6522, #3422, #3946, #851, #1898, #5501, #1812, #279, #5410, #1833, #6024, #2341, #1852, #2862, #5456, #6476, #3903, #805, #2366, #5974, #2886, #3396, #300, #2930, #3923, #1999, #4504, #6568, #5067, #6086, #2430, #4029, #2453, #5090, #943, #877, #1460, #962, #432, #6651, #4550, #2516, #1979, #3508, #2995, #375, #6129, #4011, #6048, #6608, #3040, #3468, #6588, #3992, #1417, #2475, #3529, #5607, #5587, #350, #5029, #2493, #898, #4482, #3490, #6106, #4569, #1936, #2952, #5542, #1485, #4055, #6065, #3018, #2973, #415, #4527, #394, #1959, #921, #6630, #3970, #1438, #5047, #5562, #1397, #5003, #1917, #5520, #3101, #4142, #1047, #1027, #4096, #3593, #1505, #2623, #6218, #3571, #538, #1070, #4632, #5113, #6711, #4674, #3611, #2021, #6153, #1591, #5696, #4075, #6174, #5651, #2601, #3122, #2068, #13, #5628, #4164, #984, #5196, #1547, #2536, #2112, #3629, #2046, #5717, #4653, #6244, #454, #2561, #498, #3146, #3549, #517, #4588, #3060, #4119, #3081, #6668, #477, #6691, #1003, #4612, #5675, #5152, #1526, #5133, #2580, #6196, #1568, #5173, #2089, #127, #3653, #2157, #5784, #6335, #1682, #1160, #5308, #4743, #4765, #2693, #563, #6310, #1706, #5829, #4212, #3726, #3234, #1662, #2713, #5241, #2223, #1115, #4189, #6356, #2735, #1181, #1614, #86, #2134, #2648, #1092, #1639, #36, #659, #2179, #5267, #609, #5287, #4699, #6265, #4235, #633, #62, #5219, #4722, #5765, #2202, #5806, #3749, #4279, #4788, #5742, #3168, #6285, #3678, #587, #2671, #3189, #1137, #3700, #3211, #106, #4257, #3279, #5852, #1249, #4303, #1204, #2764, #774, #3844, #4901, #705, #6379, #1272, #2293, #5332, #217, #5356, #1293, #751, #3771, #4366, #3866, #3346, #2854, #4879, #5426, #1804, #6420, #5895, #172, #2331, #194, #2248, #2805, #5943, #3798, #2783, #4322, #1227, #5378, #6444, #1825, #5399, #3256, #4830, #2312, #1755, #683, #149, #2270, #4811, #727, #1732, #3321, #5875, #5919, #4857, #6400, #1779, #3300, #2828, #3820, #4342, #248, #4387, #367, #3894, #3389, #5534, #319, #1891, #3986, #893, #1846, #2943, #343, #2358, #4926, #1870, #5991, #1387, #4997, #5447, #842, #6058, #5966, #796, #2876, #5019, #1910, #4497, #1410, #1930, #870, #2403, #3940, #6491, #6467, #3368, #3437, #2445, #3962, #294, #819, #5494, #6558, #270, #4474, #4407, #4428, #5515, #3916, #1315, #1338, #5472, #4952, #4451, #2379, #6016, #2899, #2424, #1361, #6515, #4973, #3414, #2921, #6538, #6040, #3462, #978, #3565, #388, #6602, #2038, #3522, #5082, #468, #4088, #5039, #6144, #3542, #5556, #1431, #5062, #2487, #4582, #1499, #1951, #4046, #2551, #2467, #4004, #6080, #1519, #5106, #998 ),
 ( #3480, #5578, #1971, #2013, #2529, #1479, #5620, #4519, #4605, #915, #5126, #427, #2987, #5643, #3052, #1452, #6663, #4067, #2966, #6580, #6101, #3500, #407, #4023, #956, #936, #4542, #3012, #6622, #448, #4562, #1991, #5601, #2507, #6122, #3034, #6645, #1561, #4202, #27, #6684, #553, #49, #6258, #5755, #3136, #1629, #3646, #2614, #5188, #6188, #5231, #3114, #1540, #2104, #2148, #2572, #5687, #3095, #2594, #6168, #491, #4666, #5166, #2127, #1106, #4713, #6208, #4181, #1083, #2058, #3161, #3075, #2082, #5710, #5730, #4688, #1604, #3585, #4156, #5210, #6233, #4111, #2640, #1019, #4626, #3606, #3669, #579, #1062, #5147, #4645, #5667, #510, #6705, #4134, #1039, #7, #3622, #530, #1582, #5254, #3180, #4247, #2660, #3272, #4779, #646, #3225, #76, #5796, #6348, #164, #3201, #1651, #2683, #3784, #6372, #4755, #3762, #1152, #1694, #118, #1673, #4270, #6298, #2213, #3247, #5277, #3712, #2705, #6277, #2259, #673, #2168, #5818, #139, #4292, #3737, #97, #6325, #600, #1745, #5321, #621, #697, #4314, #1173, #4226, #2727, #1216, #1194, #1128, #5776, #4824, #4803, #3689, #2191, #5300, #1723, #2237, #5841, #2749, #4735, #5348, #3292, #3907, #3334, #4334, #810, #1837, #4354, #2868, #262, #5440, #6456, #2818, #2306, #2348, #5959, #5936, #6390, #1769, #6436, #5390, #5371, #6482, #1307, #185, #1794, #1262, #4915, #3380, #4381, #284, #717, #4420, #3812, #1329, #236, #1239, #4941, #1857, #4869, #5462, #3883, #5867, #3360, #3859, #5910, #2774, #4845, #2845, #2285, #5886, #765, #1286, #2795, #6412, #4893, #3312, #208, #1816, #5416, #3835, #744, #2325, #787, #4399, #6051, #4964, #2459, #5981, #4467, #1403, #1945, #3995, #3473, #928, #358, #381, #5009, #2891, #1923, #4016, #1443, #6530, #2957, #5548, #3977, #5032, #859, #4533, #3428, #6506, #1964, #5053, #3494, #3930, #2415, #4442, #1881, #3403, #3953, #2371, #2978, #4488, #883, #2936, #307, #5506, #6572, #6593, #2911, #1351, #2393, #399, #6070, #1378, #904, #4990, #5526, #6550, #1903, #2435, #6008, #4509, #1422, #6031, #332, #3453, #835, #5484, #3575, #4553, #5117, #6161, #3065, #3044, #6112, #5612, #3513, #4638, #1530, #5593, #2565, #3088, #6655, #419, #2027, #6697, #5634, #4036, #1467, #3598, #5071, #6092, #4124, #969, #3001, #3554, #1032, #991, #1554, #4103, #458, #502, #4080, #439, #4596, #5158, #948, #2542, #481, #6180, #6613, #2498, #5567, #6135, #1511, #2480, #1984, #3024, #2050, #6676, #6635, #3533, #4572, #5095, #1010, #4619, #4060, #5138, #1490, #2003, #2521, #5657, #615, #593, #3195, #6289, #2676, #3173, #4705, #2630, #522, #2074, #5680, #5748, #4748, #2652, #4659, #3683, #1667, #1574, #6248, #6270, #2093, #2585, #3127, #3637, #4219, #68, #1121, #4728, #1644, #5247, #6201, #1596, #3106, #6718, #2162, #5701, #3152, #3614, #3705, #5769, #5181, #2605, #6223, #41, #4148, #1052, #18, #91, #4240, #1144, #543, #4171, #1074, #1098, #4679, #5201, #2119, #5722, #3659, #570, #4193, #1621, #5224, #2139, #2253, #734, #5858, #1737, #4307, #5292, #4347, #2229, #639, #1210, #1255, #1686, #4794, #2207, #6340, #689, #1762, #3826, #2769, #5271, #3239, #6384, #3306, #3286, #5790, #177, #5880, #5361, #4862, #3804, #2185, #710, #5339, #4818, #5812, #2698, #5834, #4263, #4328, #6317, #2721, #1713, #132, #3755, #1232, #2275, #3216, #4837, #111, #665, #2788, #4771, #3731, #1165, #4285, #1188, #2743, #5314, #6405, #6364, #201, #155, #3263, #3777, #6427, #755, #2835, #2298, #4371, #4884, #2318, #1787, #2810, #5384, #1278, #1809, #5903, #3327, #5407, #226, #3850, #5927, #6621, #3541, #977, #3074, #6683, #3521, #2528, #1130, #426, #5577, #4045, #79, #3584, #2571, #5665, #2057, #2550, #4087, #2011, #955, #1450, #5061, #5125, #4229, #2036, #4561, #489, #1970, #1477, #5619, #5641, #5080, #2486, #2506, #3033, #4110, #6167, #1017 ) ),
 .UNSPECIFIED., .F., .F., .T. ) 
 B_SPLINE_SURFACE_WITH_KNOTS ( ( 2, 2 ),
 ( 3, 2, 2, 2, 2, 2, 2, 2, 2, 2, 2, 2, 2, 2, 2, 2, 2, 2, 2, 2, 2, 2, 2, 2, 2, 2, 2, 2, 2, 2, 2, 2, 2, 2, 2, 2, 2, 2, 2, 2, 2, 2, 2, 2, 2, 2, 2, 2, 2, 2, 2, 2, 2, 2, 2, 2, 2, 2, 2, 2, 2, 2, 2, 2, 2, 2, 2, 2, 2, 2, 2, 2, 2, 2, 2, 2, 2, 2, 2, 2, 2, 2, 2, 2, 2, 2, 2, 2, 2, 2, 2, 2, 2, 2, 2, 2, 2, 2, 2, 2, 2, 2, 2, 2, 2, 2, 2, 2, 2, 2, 2, 2, 2, 2, 2, 2, 2, 2, 2, 2, 2, 2, 2, 2, 2, 2, 2, 2, 2, 2, 2, 2, 2, 2, 2, 2, 2, 2, 2, 2, 2, 2, 2, 2, 2, 2, 2, 2, 2, 2, 2, 2, 2, 2, 2, 2, 2, 2, 2, 2, 2, 2, 2, 2, 2, 2, 2, 2, 2, 2, 2, 2, 2, 2, 2, 2, 2, 2, 2, 2, 2, 2, 2, 2, 2, 2, 2, 2, 2, 2, 2, 2, 2, 2, 2, 2, 2, 2, 2, 2, 2, 2, 2, 2, 2, 2, 2, 2, 2, 2, 2, 2, 2, 2, 2, 2, 2, 2, 2, 2, 2, 2, 2, 2, 2, 2, 2, 2, 2, 2, 2, 2, 2, 2, 2, 2, 2, 2, 2, 2, 2, 2, 2, 2, 2, 2, 2, 2, 2, 2, 2, 2, 2, 2, 2, 2, 2, 2, 2, 2, 2, 2, 2, 2, 2, 2, 2, 2, 2, 2, 3 ),
 ( 0.0000000000000000000, 1.000000000000000000 ),
 ( 0.0000000000000000000, 0.003703703703703703800, 0.007407407407407407700, 0.01111111111111111200, 0.01481481481481481500, 0.01851851851851851700, 0.02222222222222222300, 0.02592592592592592500, 0.02962962962962963100, 0.03333333333333333300, 0.03703703703703703500, 0.04074074074074074400, 0.04444444444444444600, 0.04814814814814814800, 0.05185185185185185000, 0.05555555555555555200, 0.05925925925925926200, 0.06296296296296295700, 0.06666666666666666600, 0.07037037037037037500, 0.07407407407407407000, 0.07777777777777777900, 0.08148148148148148800, 0.08518518518518518300, 0.08888888888888889200, 0.09259259259259258700, 0.09629629629629629700, 0.1000000000000000100, 0.1037037037037037000, 0.1074074074074074100, 0.1111111111111111000, 0.1148148148148148100, 0.1185185185185185200, 0.1222222222222222200, 0.1259259259259259100, 0.1296296296296296200, 0.1333333333333333300, 0.1370370370370370400, 0.1407407407407407500, 0.1444444444444444300, 0.1481481481481481400, 0.1518518518518518500, 0.1555555555555555600, 0.1592592592592592700, 0.1629629629629629800, 0.1666666666666666600, 0.1703703703703703700, 0.1740740740740740800, 0.1777777777777777800, 0.1814814814814814900, 0.1851851851851851700, 0.1888888888888888800, 0.1925925925925925900, 0.1962962962962963000, 0.2000000000000000100, 0.2037037037037036900, 0.2074074074074074000, 0.2111111111111111100, 0.2148148148148148200, 0.2185185185185185300, 0.2222222222222222100, 0.2259259259259259200, 0.2296296296296296300, 0.2333333333333333400, 0.2370370370370370500, 0.2407407407407407300, 0.2444444444444444400, 0.2481481481481481500, 0.2518518518518518300, 0.2555555555555555400, 0.2592592592592592400, 0.2629629629629629500, 0.2666666666666666600, 0.2703703703703703700, 0.2740740740740740800, 0.2777777777777777900, 0.2814814814814815000, 0.2851851851851852100, 0.2888888888888888600, 0.2925925925925925700, 0.2962962962962962800, 0.2999999999999999900, 0.3037037037037037000, 0.3074074074074074100, 0.3111111111111111200, 0.3148148148148148300, 0.3185185185185185300, 0.3222222222222222400, 0.3259259259259259500, 0.3296296296296296100, 0.3333333333333333100, 0.3370370370370370200, 0.3407407407407407300, 0.3444444444444444400, 0.3481481481481481500, 0.3518518518518518600, 0.3555555555555555700, 0.3592592592592592800, 0.3629629629629629900, 0.3666666666666666400, 0.3703703703703703500, 0.3740740740740740600, 0.3777777777777777700, 0.3814814814814814800, 0.3851851851851851900, 0.3888888888888889000, 0.3925925925925926000, 0.3962962962962963100, 0.4000000000000000200, 0.4037037037037037300, 0.4074074074074073800, 0.4111111111111110900, 0.4148148148148148000, 0.4185185185185185100, 0.4222222222222222200, 0.4259259259259259300, 0.4296296296296296400, 0.4333333333333333500, 0.4370370370370370600, 0.4407407407407407700, 0.4444444444444444200, 0.4481481481481481300, 0.4518518518518518400, 0.4555555555555555500, 0.4592592592592592600, 0.4629629629629629700, 0.4666666666666666700, 0.4703703703703703800, 0.4740740740740740900, 0.4777777777777778000, 0.4814814814814814500, 0.4851851851851851600, 0.4888888888888888700, 0.4925925925925925800, 0.4962962962962962900, 0.5000000000000000000, 0.5037037037037036500, 0.5074074074074074200, 0.5111111111111110700, 0.5148148148148148400, 0.5185185185185184900, 0.5222222222222222500, 0.5259259259259259100, 0.5296296296296296700, 0.5333333333333333300, 0.5370370370370370900, 0.5407407407407407400, 0.5444444444444444000, 0.5481481481481481600, 0.5518518518518518200, 0.5555555555555555800, 0.5592592592592592300, 0.5629629629629630000, 0.5666666666666666500, 0.5703703703703704200, 0.5740740740740740700, 0.5777777777777777200, 0.5814814814814814900, 0.5851851851851851400, 0.5888888888888889100, 0.5925925925925925600, 0.5962962962962963200, 0.5999999999999999800, 0.6037037037037037400, 0.6074074074074074000, 0.6111111111111111600, 0.6148148148148148100, 0.6185185185185184700, 0.6222222222222222300, 0.6259259259259258900, 0.6296296296296296500, 0.6333333333333333000, 0.6370370370370370700, 0.6407407407407407200, 0.6444444444444444900, 0.6481481481481481400, 0.6518518518518519000, 0.6555555555555555600, 0.6592592592592592100, 0.6629629629629629800, 0.6666666666666666300, 0.6703703703703703900, 0.6740740740740740500, 0.6777777777777778100, 0.6814814814814814700, 0.6851851851851852300, 0.6888888888888888800, 0.6925925925925925400, 0.6962962962962963000, 0.6999999999999999600, 0.7037037037037037200, 0.7074074074074073700, 0.7111111111111111400, 0.7148148148148147900, 0.7185185185185185600, 0.7222222222222222100, 0.7259259259259259700, 0.7296296296296296300, 0.7333333333333332800, 0.7370370370370370500, 0.7407407407407407000, 0.7444444444444444600, 0.7481481481481481200, 0.7518518518518518800, 0.7555555555555555400, 0.7592592592592593000, 0.7629629629629629500, 0.7666666666666667200, 0.7703703703703703700, 0.7740740740740740300, 0.7777777777777777900, 0.7814814814814814400, 0.7851851851851852100, 0.7888888888888888600, 0.7925925925925926300, 0.7962962962962962800, 0.8000000000000000400, 0.8037037037037037000, 0.8074074074074074600, 0.8111111111111111200, 0.8148148148148147700, 0.8185185185185185300, 0.8222222222222221900, 0.8259259259259259500, 0.8296296296296296100, 0.8333333333333333700, 0.8370370370370370200, 0.8407407407407407900, 0.8444444444444444400, 0.8481481481481481000, 0.8518518518518518600, 0.8555555555555555100, 0.8592592592592592800, 0.8629629629629629300, 0.8666666666666667000, 0.8703703703703703500, 0.8740740740740741100, 0.8777777777777777700, 0.8814814814814815300, 0.8851851851851851900, 0.8888888888888888400, 0.8925925925925926000, 0.8962962962962962600, 0.9000000000000000200, 0.9037037037037036800, 0.9074074074074074400, 0.9111111111111110900, 0.9148148148148148600, 0.9185185185185185100, 0.9222222222222222800, 0.9259259259259259300, 0.9296296296296295800, 0.9333333333333333500, 0.9370370370370370000, 0.9407407407407407700, 0.9444444444444444200, 0.9481481481481481800, 0.9518518518518518400, 0.9555555555555556000, 0.9592592592592592600, 0.9629629629629629100, 0.9666666666666666700, 0.9703703703703703300, 0.9740740740740740900, 0.9777777777777777500, 0.9814814814814815100, 0.9851851851851851600, 0.9888888888888889300, 0.9925925925925925800, 0.9962962962962963500, 1.000000000000000000 ),
 .UNSPECIFIED. ) 
 GEOMETRIC_REPRESENTATION_ITEM ( )  RATIONAL_B_SPLINE_SURFACE ( (
 ( 1.000000000000000000, 0.8660254037844387100, 1.000000000000000000, 0.8660254037844387100, 1.000000000000000000, 0.8660254037844387100, 1.000000000000000000, 0.8660254037844387100, 1.000000000000000000, 0.8660254037844387100, 1.000000000000000000, 0.8660254037844387100, 1.000000000000000000, 0.8660254037844387100, 1.000000000000000000, 0.8660254037844387100, 1.000000000000000000, 0.8660254037844387100, 1.000000000000000000, 0.8660254037844387100, 1.000000000000000000, 0.8660254037844387100, 1.000000000000000000, 0.8660254037844387100, 1.000000000000000000, 0.8660254037844387100, 1.000000000000000000, 0.8660254037844387100, 1.000000000000000000, 0.8660254037844387100, 1.000000000000000000, 0.8660254037844387100, 1.000000000000000000, 0.8660254037844387100, 1.000000000000000000, 0.8660254037844387100, 1.000000000000000000, 0.8660254037844387100, 1.000000000000000000, 0.8660254037844387100, 1.000000000000000000, 0.8660254037844387100, 1.000000000000000000, 0.8660254037844387100, 1.000000000000000000, 0.8660254037844387100, 1.000000000000000000, 0.8660254037844387100, 1.000000000000000000, 0.8660254037844387100, 1.000000000000000000, 0.8660254037844387100, 1.000000000000000000, 0.8660254037844387100, 1.000000000000000000, 0.8660254037844387100, 1.000000000000000000, 0.8660254037844387100, 1.000000000000000000, 0.8660254037844387100, 1.000000000000000000, 0.8660254037844387100, 1.000000000000000000, 0.8660254037844387100, 1.000000000000000000, 0.8660254037844387100, 1.000000000000000000, 0.8660254037844387100, 1.000000000000000000, 0.8660254037844387100, 1.000000000000000000, 0.8660254037844387100, 1.000000000000000000, 0.8660254037844387100, 1.000000000000000000, 0.8660254037844387100, 1.000000000000000000, 0.8660254037844387100, 1.000000000000000000, 0.8660254037844387100, 1.000000000000000000, 0.8660254037844387100, 1.000000000000000000, 0.8660254037844387100, 1.000000000000000000, 0.8660254037844387100, 1.000000000000000000, 0.8660254037844387100, 1.000000000000000000, 0.8660254037844387100, 1.000000000000000000, 0.8660254037844387100, 1.000000000000000000, 0.8660254037844387100, 1.000000000000000000, 0.8660254037844387100, 1.000000000000000000, 0.8660254037844387100, 1.000000000000000000, 0.8660254037844387100, 1.000000000000000000, 0.8660254037844387100, 1.000000000000000000, 0.8660254037844387100, 1.000000000000000000, 0.8660254037844387100, 1.000000000000000000, 0.8660254037844387100, 1.000000000000000000, 0.8660254037844387100, 1.000000000000000000, 0.8660254037844387100, 1.000000000000000000, 0.8660254037844387100, 1.000000000000000000, 0.8660254037844387100, 1.000000000000000000, 0.8660254037844387100, 1.000000000000000000, 0.8660254037844387100, 1.000000000000000000, 0.8660254037844387100, 1.000000000000000000, 0.8660254037844387100, 1.000000000000000000, 0.8660254037844387100, 1.000000000000000000, 0.8660254037844387100, 1.000000000000000000, 0.8660254037844387100, 1.000000000000000000, 0.8660254037844387100, 1.000000000000000000, 0.8660254037844387100, 1.000000000000000000, 0.8660254037844387100, 1.000000000000000000, 0.8660254037844387100, 1.000000000000000000, 0.8660254037844387100, 1.000000000000000000, 0.8660254037844387100, 1.000000000000000000, 0.8660254037844387100, 1.000000000000000000, 0.8660254037844387100, 1.000000000000000000, 0.8660254037844387100, 1.000000000000000000, 0.8660254037844387100, 1.000000000000000000, 0.8660254037844387100, 1.000000000000000000, 0.8660254037844387100, 1.000000000000000000, 0.8660254037844387100, 1.000000000000000000, 0.8660254037844387100, 1.000000000000000000, 0.8660254037844387100, 1.000000000000000000, 0.8660254037844387100, 1.000000000000000000, 0.8660254037844387100, 1.000000000000000000, 0.8660254037844387100, 1.000000000000000000, 0.8660254037844387100, 1.000000000000000000, 0.8660254037844387100, 1.000000000000000000, 0.8660254037844387100, 1.000000000000000000, 0.8660254037844387100, 1.000000000000000000, 0.8660254037844387100, 1.000000000000000000, 0.8660254037844387100, 1.000000000000000000, 0.8660254037844387100, 1.000000000000000000, 0.8660254037844387100, 1.000000000000000000, 0.8660254037844387100, 1.000000000000000000, 0.8660254037844387100, 1.000000000000000000, 0.8660254037844387100, 1.000000000000000000, 0.8660254037844387100, 1.000000000000000000, 0.8660254037844387100, 1.000000000000000000, 0.8660254037844387100, 1.000000000000000000, 0.8660254037844387100, 1.000000000000000000, 0.8660254037844387100, 1.000000000000000000, 0.8660254037844387100, 1.000000000000000000, 0.8660254037844387100, 1.000000000000000000, 0.8660254037844387100, 1.000000000000000000, 0.8660254037844387100, 1.000000000000000000, 0.8660254037844387100, 1.000000000000000000, 0.8660254037844387100, 1.000000000000000000, 0.8660254037844387100, 1.000000000000000000, 0.8660254037844387100, 1.000000000000000000, 0.8660254037844387100, 1.000000000000000000, 0.8660254037844387100, 1.000000000000000000, 0.8660254037844387100, 1.000000000000000000, 0.8660254037844387100, 1.000000000000000000, 0.8660254037844387100, 1.000000000000000000, 0.8660254037844387100, 1.000000000000000000, 0.8660254037844387100, 1.000000000000000000, 0.8660254037844387100, 1.000000000000000000, 0.8660254037844387100, 1.000000000000000000, 0.8660254037844387100, 1.000000000000000000, 0.8660254037844387100, 1.000000000000000000, 0.8660254037844387100, 1.000000000000000000, 0.8660254037844387100, 1.000000000000000000, 0.8660254037844387100, 1.000000000000000000, 0.8660254037844387100, 1.000000000000000000, 0.8660254037844387100, 1.000000000000000000, 0.8660254037844387100, 1.000000000000000000, 0.8660254037844387100, 1.000000000000000000, 0.8660254037844387100, 1.000000000000000000, 0.8660254037844387100, 1.000000000000000000, 0.8660254037844387100, 1.000000000000000000, 0.8660254037844387100, 1.000000000000000000, 0.8660254037844387100, 1.000000000000000000, 0.8660254037844387100, 1.000000000000000000, 0.8660254037844387100, 1.000000000000000000, 0.8660254037844387100, 1.000000000000000000, 0.8660254037844387100, 1.000000000000000000, 0.8660254037844387100, 1.000000000000000000, 0.8660254037844387100, 1.000000000000000000, 0.8660254037844387100, 1.000000000000000000, 0.8660254037844387100, 1.000000000000000000, 0.8660254037844387100, 1.000000000000000000, 0.8660254037844387100, 1.000000000000000000, 0.8660254037844387100, 1.000000000000000000, 0.8660254037844387100, 1.000000000000000000, 0.8660254037844387100, 1.000000000000000000, 0.8660254037844387100, 1.000000000000000000, 0.8660254037844387100, 1.000000000000000000, 0.8660254037844387100, 1.000000000000000000, 0.8660254037844387100, 1.000000000000000000, 0.8660254037844387100, 1.000000000000000000, 0.8660254037844387100, 1.000000000000000000, 0.8660254037844387100, 1.000000000000000000, 0.8660254037844387100, 1.000000000000000000, 0.8660254037844387100, 1.000000000000000000, 0.8660254037844387100, 1.000000000000000000, 0.8660254037844387100, 1.000000000000000000, 0.8660254037844387100, 1.000000000000000000, 0.8660254037844387100, 1.000000000000000000, 0.8660254037844387100, 1.000000000000000000, 0.8660254037844387100, 1.000000000000000000, 0.8660254037844387100, 1.000000000000000000, 0.8660254037844387100, 1.000000000000000000, 0.8660254037844387100, 1.000000000000000000, 0.8660254037844387100, 1.000000000000000000, 0.8660254037844387100, 1.000000000000000000, 0.8660254037844387100, 1.000000000000000000, 0.8660254037844387100, 1.000000000000000000, 0.8660254037844387100, 1.000000000000000000, 0.8660254037844387100, 1.000000000000000000, 0.8660254037844387100, 1.000000000000000000, 0.8660254037844387100, 1.000000000000000000, 0.8660254037844387100, 1.000000000000000000, 0.8660254037844387100, 1.000000000000000000, 0.8660254037844387100, 1.000000000000000000, 0.8660254037844387100, 1.000000000000000000, 0.8660254037844387100, 1.000000000000000000, 0.8660254037844387100, 1.000000000000000000, 0.8660254037844387100, 1.000000000000000000, 0.8660254037844387100, 1.000000000000000000, 0.8660254037844387100, 1.000000000000000000, 0.8660254037844387100, 1.000000000000000000, 0.8660254037844387100, 1.000000000000000000, 0.8660254037844387100, 1.000000000000000000, 0.8660254037844387100, 1.000000000000000000, 0.8660254037844387100, 1.000000000000000000, 0.8660254037844387100, 1.000000000000000000, 0.8660254037844387100, 1.000000000000000000, 0.8660254037844387100, 1.000000000000000000, 0.8660254037844387100, 1.000000000000000000, 0.8660254037844387100, 1.000000000000000000, 0.8660254037844387100, 1.000000000000000000, 0.8660254037844387100, 1.000000000000000000, 0.8660254037844387100, 1.000000000000000000, 0.8660254037844387100, 1.000000000000000000, 0.8660254037844387100, 1.000000000000000000, 0.8660254037844387100, 1.000000000000000000, 0.8660254037844387100, 1.000000000000000000, 0.8660254037844387100, 1.000000000000000000, 0.8660254037844387100, 1.000000000000000000, 0.8660254037844387100, 1.000000000000000000, 0.8660254037844387100, 1.000000000000000000, 0.8660254037844387100, 1.000000000000000000, 0.8660254037844387100, 1.000000000000000000, 0.8660254037844387100, 1.000000000000000000, 0.8660254037844387100, 1.000000000000000000, 0.8660254037844387100, 1.000000000000000000, 0.8660254037844387100, 1.000000000000000000, 0.8660254037844387100, 1.000000000000000000, 0.8660254037844387100, 1.000000000000000000, 0.8660254037844387100, 1.000000000000000000, 0.8660254037844387100, 1.000000000000000000, 0.8660254037844387100, 1.000000000000000000, 0.8660254037844387100, 1.000000000000000000, 0.8660254037844387100, 1.000000000000000000, 0.8660254037844387100, 1.000000000000000000, 0.8660254037844387100, 1.000000000000000000, 0.8660254037844387100, 1.000000000000000000, 0.8660254037844387100, 1.000000000000000000, 0.8660254037844387100, 1.000000000000000000, 0.8660254037844387100, 1.000000000000000000, 0.8660254037844387100, 1.000000000000000000, 0.8660254037844387100, 1.000000000000000000, 0.8660254037844387100, 1.000000000000000000, 0.8660254037844387100, 1.000000000000000000, 0.8660254037844387100, 1.000000000000000000, 0.8660254037844387100, 1.000000000000000000, 0.8660254037844387100, 1.000000000000000000, 0.8660254037844387100, 1.000000000000000000, 0.8660254037844387100, 1.000000000000000000, 0.8660254037844387100, 1.000000000000000000, 0.8660254037844387100, 1.000000000000000000, 0.8660254037844387100, 1.000000000000000000, 0.8660254037844387100, 1.000000000000000000, 0.8660254037844387100, 1.000000000000000000, 0.8660254037844387100, 1.000000000000000000, 0.8660254037844387100, 1.000000000000000000, 0.8660254037844387100, 1.000000000000000000, 0.8660254037844387100, 1.000000000000000000, 0.8660254037844387100, 1.000000000000000000, 0.8660254037844387100, 1.000000000000000000, 0.8660254037844387100, 1.000000000000000000, 0.8660254037844387100, 1.000000000000000000, 0.8660254037844387100, 1.000000000000000000, 0.8660254037844387100, 1.000000000000000000, 0.8660254037844387100, 1.000000000000000000, 0.8660254037844387100, 1.000000000000000000, 0.8660254037844387100, 1.000000000000000000, 0.8660254037844387100, 1.000000000000000000, 0.8660254037844387100, 1.000000000000000000, 0.8660254037844387100, 1.000000000000000000, 0.8660254037844387100, 1.000000000000000000, 0.8660254037844387100, 1.000000000000000000, 0.8660254037844387100, 1.000000000000000000, 0.8660254037844387100, 1.000000000000000000, 0.8660254037844387100, 1.000000000000000000, 0.8660254037844387100, 1.000000000000000000, 0.8660254037844387100, 1.000000000000000000, 0.8660254037844387100, 1.000000000000000000, 0.8660254037844387100, 1.000000000000000000, 0.8660254037844387100, 1.000000000000000000, 0.8660254037844387100, 1.000000000000000000, 0.8660254037844387100, 1.000000000000000000, 0.8660254037844387100, 1.000000000000000000, 0.8660254037844387100, 1.000000000000000000, 0.8660254037844387100, 1.000000000000000000, 0.8660254037844387100, 1.000000000000000000, 0.8660254037844387100, 1.000000000000000000, 0.8660254037844387100, 1.000000000000000000, 0.8660254037844387100, 1.000000000000000000, 0.8660254037844387100, 1.000000000000000000, 0.8660254037844387100, 1.000000000000000000, 0.8660254037844387100, 1.000000000000000000),
 ( 1.000000000000000000, 0.8660254037844387100, 1.000000000000000000, 0.8660254037844387100, 1.000000000000000000, 0.8660254037844387100, 1.000000000000000000, 0.8660254037844387100, 1.000000000000000000, 0.8660254037844387100, 1.000000000000000000, 0.8660254037844387100, 1.000000000000000000, 0.8660254037844387100, 1.000000000000000000, 0.8660254037844387100, 1.000000000000000000, 0.8660254037844387100, 1.000000000000000000, 0.8660254037844387100, 1.000000000000000000, 0.8660254037844387100, 1.000000000000000000, 0.8660254037844387100, 1.000000000000000000, 0.8660254037844387100, 1.000000000000000000, 0.8660254037844387100, 1.000000000000000000, 0.8660254037844387100, 1.000000000000000000, 0.8660254037844387100, 1.000000000000000000, 0.8660254037844387100, 1.000000000000000000, 0.8660254037844387100, 1.000000000000000000, 0.8660254037844387100, 1.000000000000000000, 0.8660254037844387100, 1.000000000000000000, 0.8660254037844387100, 1.000000000000000000, 0.8660254037844387100, 1.000000000000000000, 0.8660254037844387100, 1.000000000000000000, 0.8660254037844387100, 1.000000000000000000, 0.8660254037844387100, 1.000000000000000000, 0.8660254037844387100, 1.000000000000000000, 0.8660254037844387100, 1.000000000000000000, 0.8660254037844387100, 1.000000000000000000, 0.8660254037844387100, 1.000000000000000000, 0.8660254037844387100, 1.000000000000000000, 0.8660254037844387100, 1.000000000000000000, 0.8660254037844387100, 1.000000000000000000, 0.8660254037844387100, 1.000000000000000000, 0.8660254037844387100, 1.000000000000000000, 0.8660254037844387100, 1.000000000000000000, 0.8660254037844387100, 1.000000000000000000, 0.8660254037844387100, 1.000000000000000000, 0.8660254037844387100, 1.000000000000000000, 0.8660254037844387100, 1.000000000000000000, 0.8660254037844387100, 1.000000000000000000, 0.8660254037844387100, 1.000000000000000000, 0.8660254037844387100, 1.000000000000000000, 0.8660254037844387100, 1.000000000000000000, 0.8660254037844387100, 1.000000000000000000, 0.8660254037844387100, 1.000000000000000000, 0.8660254037844387100, 1.000000000000000000, 0.8660254037844387100, 1.000000000000000000, 0.8660254037844387100, 1.000000000000000000, 0.8660254037844387100, 1.000000000000000000, 0.8660254037844387100, 1.000000000000000000, 0.8660254037844387100, 1.000000000000000000, 0.8660254037844387100, 1.000000000000000000, 0.8660254037844387100, 1.000000000000000000, 0.8660254037844387100, 1.000000000000000000, 0.8660254037844387100, 1.000000000000000000, 0.8660254037844387100, 1.000000000000000000, 0.8660254037844387100, 1.000000000000000000, 0.8660254037844387100, 1.000000000000000000, 0.8660254037844387100, 1.000000000000000000, 0.8660254037844387100, 1.000000000000000000, 0.8660254037844387100, 1.000000000000000000, 0.8660254037844387100, 1.000000000000000000, 0.8660254037844387100, 1.000000000000000000, 0.8660254037844387100, 1.000000000000000000, 0.8660254037844387100, 1.000000000000000000, 0.8660254037844387100, 1.000000000000000000, 0.8660254037844387100, 1.000000000000000000, 0.8660254037844387100, 1.000000000000000000, 0.8660254037844387100, 1.000000000000000000, 0.8660254037844387100, 1.000000000000000000, 0.8660254037844387100, 1.000000000000000000, 0.8660254037844387100, 1.000000000000000000, 0.8660254037844387100, 1.000000000000000000, 0.8660254037844387100, 1.000000000000000000, 0.8660254037844387100, 1.000000000000000000, 0.8660254037844387100, 1.000000000000000000, 0.8660254037844387100, 1.000000000000000000, 0.8660254037844387100, 1.000000000000000000, 0.8660254037844387100, 1.000000000000000000, 0.8660254037844387100, 1.000000000000000000, 0.8660254037844387100, 1.000000000000000000, 0.8660254037844387100, 1.000000000000000000, 0.8660254037844387100, 1.000000000000000000, 0.8660254037844387100, 1.000000000000000000, 0.8660254037844387100, 1.000000000000000000, 0.8660254037844387100, 1.000000000000000000, 0.8660254037844387100, 1.000000000000000000, 0.8660254037844387100, 1.000000000000000000, 0.8660254037844387100, 1.000000000000000000, 0.8660254037844387100, 1.000000000000000000, 0.8660254037844387100, 1.000000000000000000, 0.8660254037844387100, 1.000000000000000000, 0.8660254037844387100, 1.000000000000000000, 0.8660254037844387100, 1.000000000000000000, 0.8660254037844387100, 1.000000000000000000, 0.8660254037844387100, 1.000000000000000000, 0.8660254037844387100, 1.000000000000000000, 0.8660254037844387100, 1.000000000000000000, 0.8660254037844387100, 1.000000000000000000, 0.8660254037844387100, 1.000000000000000000, 0.8660254037844387100, 1.000000000000000000, 0.8660254037844387100, 1.000000000000000000, 0.8660254037844387100, 1.000000000000000000, 0.8660254037844387100, 1.000000000000000000, 0.8660254037844387100, 1.000000000000000000, 0.8660254037844387100, 1.000000000000000000, 0.8660254037844387100, 1.000000000000000000, 0.8660254037844387100, 1.000000000000000000, 0.8660254037844387100, 1.000000000000000000, 0.8660254037844387100, 1.000000000000000000, 0.8660254037844387100, 1.000000000000000000, 0.8660254037844387100, 1.000000000000000000, 0.8660254037844387100, 1.000000000000000000, 0.8660254037844387100, 1.000000000000000000, 0.8660254037844387100, 1.000000000000000000, 0.8660254037844387100, 1.000000000000000000, 0.8660254037844387100, 1.000000000000000000, 0.8660254037844387100, 1.000000000000000000, 0.8660254037844387100, 1.000000000000000000, 0.8660254037844387100, 1.000000000000000000, 0.8660254037844387100, 1.000000000000000000, 0.8660254037844387100, 1.000000000000000000, 0.8660254037844387100, 1.000000000000000000, 0.8660254037844387100, 1.000000000000000000, 0.8660254037844387100, 1.000000000000000000, 0.8660254037844387100, 1.000000000000000000, 0.8660254037844387100, 1.000000000000000000, 0.8660254037844387100, 1.000000000000000000, 0.8660254037844387100, 1.000000000000000000, 0.8660254037844387100, 1.000000000000000000, 0.8660254037844387100, 1.000000000000000000, 0.8660254037844387100, 1.000000000000000000, 0.8660254037844387100, 1.000000000000000000, 0.8660254037844387100, 1.000000000000000000, 0.8660254037844387100, 1.000000000000000000, 0.8660254037844387100, 1.000000000000000000, 0.8660254037844387100, 1.000000000000000000, 0.8660254037844387100, 1.000000000000000000, 0.8660254037844387100, 1.000000000000000000, 0.8660254037844387100, 1.000000000000000000, 0.8660254037844387100, 1.000000000000000000, 0.8660254037844387100, 1.000000000000000000, 0.8660254037844387100, 1.000000000000000000, 0.8660254037844387100, 1.000000000000000000, 0.8660254037844387100, 1.000000000000000000, 0.8660254037844387100, 1.000000000000000000, 0.8660254037844387100, 1.000000000000000000, 0.8660254037844387100, 1.000000000000000000, 0.8660254037844387100, 1.000000000000000000, 0.8660254037844387100, 1.000000000000000000, 0.8660254037844387100, 1.000000000000000000, 0.8660254037844387100, 1.000000000000000000, 0.8660254037844387100, 1.000000000000000000, 0.8660254037844387100, 1.000000000000000000, 0.8660254037844387100, 1.000000000000000000, 0.8660254037844387100, 1.000000000000000000, 0.8660254037844387100, 1.000000000000000000, 0.8660254037844387100, 1.000000000000000000, 0.8660254037844387100, 1.000000000000000000, 0.8660254037844387100, 1.000000000000000000, 0.8660254037844387100, 1.000000000000000000, 0.8660254037844387100, 1.000000000000000000, 0.8660254037844387100, 1.000000000000000000, 0.8660254037844387100, 1.000000000000000000, 0.8660254037844387100, 1.000000000000000000, 0.8660254037844387100, 1.000000000000000000, 0.8660254037844387100, 1.000000000000000000, 0.8660254037844387100, 1.000000000000000000, 0.8660254037844387100, 1.000000000000000000, 0.8660254037844387100, 1.000000000000000000, 0.8660254037844387100, 1.000000000000000000, 0.8660254037844387100, 1.000000000000000000, 0.8660254037844387100, 1.000000000000000000, 0.8660254037844387100, 1.000000000000000000, 0.8660254037844387100, 1.000000000000000000, 0.8660254037844387100, 1.000000000000000000, 0.8660254037844387100, 1.000000000000000000, 0.8660254037844387100, 1.000000000000000000, 0.8660254037844387100, 1.000000000000000000, 0.8660254037844387100, 1.000000000000000000, 0.8660254037844387100, 1.000000000000000000, 0.8660254037844387100, 1.000000000000000000, 0.8660254037844387100, 1.000000000000000000, 0.8660254037844387100, 1.000000000000000000, 0.8660254037844387100, 1.000000000000000000, 0.8660254037844387100, 1.000000000000000000, 0.8660254037844387100, 1.000000000000000000, 0.8660254037844387100, 1.000000000000000000, 0.8660254037844387100, 1.000000000000000000, 0.8660254037844387100, 1.000000000000000000, 0.8660254037844387100, 1.000000000000000000, 0.8660254037844387100, 1.000000000000000000, 0.8660254037844387100, 1.000000000000000000, 0.8660254037844387100, 1.000000000000000000, 0.8660254037844387100, 1.000000000000000000, 0.8660254037844387100, 1.000000000000000000, 0.8660254037844387100, 1.000000000000000000, 0.8660254037844387100, 1.000000000000000000, 0.8660254037844387100, 1.000000000000000000, 0.8660254037844387100, 1.000000000000000000, 0.8660254037844387100, 1.000000000000000000, 0.8660254037844387100, 1.000000000000000000, 0.8660254037844387100, 1.000000000000000000, 0.8660254037844387100, 1.000000000000000000, 0.8660254037844387100, 1.000000000000000000, 0.8660254037844387100, 1.000000000000000000, 0.8660254037844387100, 1.000000000000000000, 0.8660254037844387100, 1.000000000000000000, 0.8660254037844387100, 1.000000000000000000, 0.8660254037844387100, 1.000000000000000000, 0.8660254037844387100, 1.000000000000000000, 0.8660254037844387100, 1.000000000000000000, 0.8660254037844387100, 1.000000000000000000, 0.8660254037844387100, 1.000000000000000000, 0.8660254037844387100, 1.000000000000000000, 0.8660254037844387100, 1.000000000000000000, 0.8660254037844387100, 1.000000000000000000, 0.8660254037844387100, 1.000000000000000000, 0.8660254037844387100, 1.000000000000000000, 0.8660254037844387100, 1.000000000000000000, 0.8660254037844387100, 1.000000000000000000, 0.8660254037844387100, 1.000000000000000000, 0.8660254037844387100, 1.000000000000000000, 0.8660254037844387100, 1.000000000000000000, 0.8660254037844387100, 1.000000000000000000, 0.8660254037844387100, 1.000000000000000000, 0.8660254037844387100, 1.000000000000000000, 0.8660254037844387100, 1.000000000000000000, 0.8660254037844387100, 1.000000000000000000, 0.8660254037844387100, 1.000000000000000000, 0.8660254037844387100, 1.000000000000000000, 0.8660254037844387100, 1.000000000000000000, 0.8660254037844387100, 1.000000000000000000, 0.8660254037844387100, 1.000000000000000000, 0.8660254037844387100, 1.000000000000000000, 0.8660254037844387100, 1.000000000000000000, 0.8660254037844387100, 1.000000000000000000, 0.8660254037844387100, 1.000000000000000000, 0.8660254037844387100, 1.000000000000000000, 0.8660254037844387100, 1.000000000000000000, 0.8660254037844387100, 1.000000000000000000, 0.8660254037844387100, 1.000000000000000000, 0.8660254037844387100, 1.000000000000000000, 0.8660254037844387100, 1.000000000000000000, 0.8660254037844387100, 1.000000000000000000, 0.8660254037844387100, 1.000000000000000000, 0.8660254037844387100, 1.000000000000000000, 0.8660254037844387100, 1.000000000000000000, 0.8660254037844387100, 1.000000000000000000, 0.8660254037844387100, 1.000000000000000000, 0.8660254037844387100, 1.000000000000000000, 0.8660254037844387100, 1.000000000000000000, 0.8660254037844387100, 1.000000000000000000, 0.8660254037844387100, 1.000000000000000000, 0.8660254037844387100, 1.000000000000000000, 0.8660254037844387100, 1.000000000000000000, 0.8660254037844387100, 1.000000000000000000, 0.8660254037844387100, 1.000000000000000000, 0.8660254037844387100, 1.000000000000000000, 0.8660254037844387100, 1.000000000000000000, 0.8660254037844387100, 1.000000000000000000, 0.8660254037844387100, 1.000000000000000000, 0.8660254037844387100, 1.000000000000000000, 0.8660254037844387100, 1.000000000000000000, 0.8660254037844387100, 1.000000000000000000, 0.8660254037844387100, 1.000000000000000000, 0.8660254037844387100, 1.000000000000000000, 0.8660254037844387100, 1.000000000000000000, 0.8660254037844387100, 1.000000000000000000, 0.8660254037844387100, 1.000000000000000000) ) ) 
 REPRESENTATION_ITEM ( '' )  SURFACE ( )  );
#5864 = CARTESIAN_POINT ( 'NONE',  ( 6.942278411359269300, -6.215119529339868400, 3.445114078229009700 ) ) ;
#5865 = ORIENTED_EDGE ( 'NONE', *, *, #5325, .T. ) ;
#5866 = CARTESIAN_POINT ( 'NONE',  ( 14.88950554662291200, 4.759475034189582800, 2.376513018916269500 ) ) ;
#5867 = CARTESIAN_POINT ( 'NONE',  ( -4.068827786710369500, 7.128621437182588700, 5.160858395476958000 ) ) ;
#5868 = CARTESIAN_POINT ( 'NONE',  ( -16.52299445337700600, 6.458399530062931300, 6.101143420642321400 ) ) ;
#5869 = EDGE_CURVE ( 'NONE', #4456, #1760, #5899, .T. ) ;
#5870 = VERTEX_POINT ( 'NONE', #228 ) ;
#5871 = CARTESIAN_POINT ( 'NONE',  ( 4.183758388053816700, -0.04999999999998128900, 2.494175302705713200 ) ) ;
#5872 = CARTESIAN_POINT ( 'NONE',  ( 6.621914875055267700, -4.844286196006538400, 2.612414249184342300 ) ) ;
#5873 = CARTESIAN_POINT ( 'NONE',  ( 6.952000592372812100, 3.293213803993436000, 2.204163812291781300 ) ) ;
#5874 = CARTESIAN_POINT ( 'NONE',  ( 1.531172213289615900, 4.241615791476277800, 3.103041480451418400 ) ) ;
#5875 = CARTESIAN_POINT ( 'NONE',  ( 9.260338879956258000, 3.723756548762971400, 3.829569941986563600 ) ) ;
#5876 = CARTESIAN_POINT ( 'NONE',  ( 4.047999407627163900, -5.544286196006536800, 5.795836187708173000 ) ) ;
#5877 = CARTESIAN_POINT ( 'NONE',  ( 5.188619435515716900, -12.39845286267318700, 5.975611840433584700 ) ) ;
#5878 = DIRECTION ( 'NONE',  ( -1.000000000000000000, 2.628368902995161500E-016, 0.0000000000000000000 ) ) ;
#5879 = CARTESIAN_POINT ( 'NONE',  ( 6.329239463404274300, 7.872380470660096400, 6.155387493158992900 ) ) ;
#5880 = CARTESIAN_POINT ( 'NONE',  ( 9.989505546622925900, 6.458399530062931300, 6.101143420642317800 ) ) ;
#5881 = CARTESIAN_POINT ( 'NONE',  ( 0.2770055466229525700, 6.458399530062931300, 6.101143420642319600 ) ) ;
#5882 = CARTESIAN_POINT ( 'NONE',  ( -9.814661120043689700, 5.352403240191906200, 5.538271952077018900 ) ) ;
#5883 = CARTESIAN_POINT ( 'NONE',  ( 3.737358052336705100, 10.78904713732675600, 3.722186092726276200 ) ) ;
#5884 = CARTESIAN_POINT ( 'NONE',  ( 5.259406098776348200, -3.648452862673208700, 5.526492704452463700 ) ) ;
#5885 = CARTESIAN_POINT ( 'NONE',  ( 3.218759944222886500, -0.7609528626732130500, 3.640448694549105000 ) ) ;
#5886 = CARTESIAN_POINT ( 'NONE',  ( -3.602161120043705400, 5.691022142088190300, 2.009143264513486600 ) ) ;
#5888 = DIRECTION ( 'NONE',  ( 2.220446049250312600E-016, 1.000000000000000000, -0.0000000000000000000 ) ) ;
#5887 = VECTOR ( 'NONE', #351, 1000.000000000000000 ) ;
#5889 = CARTESIAN_POINT ( 'NONE',  ( 4.378085124944703900, -14.90678619600651300, 5.387585750815615500 ) ) ;
#5890 = DIRECTION ( 'NONE',  ( -1.000000000000000000, -2.863857827303820200E-031, 1.224646799147345600E-016 ) ) ;
#5891 = EDGE_CURVE ( 'NONE', #4324, #3162, #2986, .T. ) ;
#5892 = CARTESIAN_POINT ( 'NONE',  ( 7.262641947663270900, -7.760952862673198300, 4.277813907273678500 ) ) ;
#5893 = CARTESIAN_POINT ( 'NONE',  ( 3.633379675925023200, 7.084880470660095900, 4.718142441128664500 ) ) ;
#5894 = CARTESIAN_POINT ( 'NONE',  ( 1.647838879956280200, 5.647596759808096500, 2.461728047922991700 ) ) ;
#5895 = CARTESIAN_POINT ( 'NONE',  ( 7.743672213289598500, 4.464281514573391600, 5.453056923070296800 ) ) ;
#5896 = CARTESIAN_POINT ( 'NONE',  ( 7.781240055777096200, -6.010952862673204500, 4.359551305450800400 ) ) ;
#5897 = LINE ( 'NONE', #3076, #3713 ) ;
#5898 = CARTESIAN_POINT ( 'NONE',  ( 3.218759944222875800, -12.57345286267318600, 3.640448694549157000 ) ) ;
#5899 =( BOUNDED_CURVE ( )  B_SPLINE_CURVE ( 2, ( #1811, #1280, #667, #712, #5836, #157, #5316, #6386, #2231 ),
 .UNSPECIFIED., .F., .T. ) 
 B_SPLINE_CURVE_WITH_KNOTS ( ( 3, 2, 2, 2, 3 ),
 ( 0.5166666666666668300, 0.5185185185185184900, 0.5222222222222222500, 0.5259259259259259100, 0.5277777777777779000 ),
 .UNSPECIFIED. ) 
 CURVE ( )  GEOMETRIC_REPRESENTATION_ITEM ( )  RATIONAL_B_SPLINE_CURVE ( ( 0.9330127018922194100, 0.9330127018922254000, 1.000000000000000000, 0.8660254037844387100, 1.000000000000000000, 0.8660254037844387100, 1.000000000000000000, 0.9330127018922154100, 0.9330127018922194100 ) ) 
 REPRESENTATION_ITEM ( '' )  );
#5900 = CARTESIAN_POINT ( 'NONE',  ( 7.149999999999997700, -2.500000000000004400, 4.000000000000000000 ) ) ;
#5901 = CARTESIAN_POINT ( 'NONE',  ( 5.811380564484260000, 13.76404713732674900, 2.024388159566369500 ) ) ;
#5902 = AXIS2_PLACEMENT_3D ( 'NONE', #4465, #1944, #3493 ) ;
#5903 = CARTESIAN_POINT ( 'NONE',  ( 12.90617221328958800, 4.159556185760689800, 5.880570050330726800 ) ) ;
#5904 = CARTESIAN_POINT ( 'NONE',  ( -1.297994453377044400, 7.319643579270779000, 3.170001659990439300 ) ) ;
#5905 = CARTESIAN_POINT ( 'NONE',  ( -10.98132778671035200, 4.241615791476277800, 3.103041480451419700 ) ) ;
#5906 = CARTESIAN_POINT ( 'NONE',  ( 4.298315489864346100, 10.73071380399342300, 3.028393217318457300 ) ) ;
#5907 = CARTESIAN_POINT ( 'NONE',  ( 4.298315489864344300, 0.3182138039934459500, 3.028393217318458700 ) ) ;
#5908 = ORIENTED_EDGE ( 'NONE', *, *, #1750, .T. ) ;
#5909 = DIRECTION ( 'NONE',  ( -1.000000000000000000, -0.0000000000000000000, -0.0000000000000000000 ) ) ;
#5910 = CARTESIAN_POINT ( 'NONE',  ( -3.893827786710372300, 4.159556185760689800, 5.880570050330728500 ) ) ;
#5911 = CC_DESIGN_APPROVAL ( #1382, ( #4364 ) ) ;
#5912 = DIRECTION ( 'NONE',  ( 2.115516434118055700E-016, -1.000000000000000000, 0.0000000000000000000 ) ) ;
#5913 = CARTESIAN_POINT ( 'NONE',  ( 7.262641947663269100, -16.77345286267317400, 4.277813907273678500 ) ) ;
#5914 = DIRECTION ( 'NONE',  ( 0.0000000000000000000, 0.0000000000000000000, 1.000000000000000000 ) ) ;
#5915 = CARTESIAN_POINT ( 'NONE',  ( -0.4000000000000066800, 5.499999999999998200, 4.000000000000000000 ) ) ;
#5916 = CARTESIAN_POINT ( 'NONE',  ( 6.140727072607990800, -5.777619529339869300, 5.665399658089314400 ) ) ;
#5917 = CARTESIAN_POINT ( 'NONE',  ( 4.047999407627166600, 7.143213803993431200, 5.795836187708171200 ) ) ;
#5918 = CARTESIAN_POINT ( 'NONE',  ( 1.297838879956280600, 5.352403240191906200, 5.538271952077018100 ) ) ;
#5919 = CARTESIAN_POINT ( 'NONE',  ( 9.318672213289595200, 4.241615791476277800, 3.103041480451417500 ) ) ;
#5920 = CARTESIAN_POINT ( 'NONE',  ( 3.218759944222877600, -5.660952862673203100, 3.640448694549156500 ) ) ;
#5921 = CARTESIAN_POINT ( 'NONE',  ( 7.039961767361833500, -0.7630469351235140700, 3.407532486068810800 ) ) ;
#5922 = CARTESIAN_POINT ( 'NONE',  ( 4.047999407627162100, -11.05678619600652400, 5.795836187708173900 ) ) ;
#5923 = ORIENTED_EDGE ( 'NONE', *, *, #2473, .T. ) ;
#5924 = CARTESIAN_POINT ( 'NONE',  ( -0.3648031595612099600, 4.514968799813541300, 2.628295140914847400 ) ) ;
#5925 = CARTESIAN_POINT ( 'NONE',  ( -0.4000000000000065700, 6.972686586247811600, 3.255893677835103500 ) ) ;
#5926 = EDGE_LOOP ( 'NONE', ( #5685, #3284, #672, #4775, #3203 ) ) ;
#5927 = CARTESIAN_POINT ( 'NONE',  ( 13.19783887995625400, 5.691022142088190300, 2.009143264513484800 ) ) ;
#5928 = CARTESIAN_POINT ( 'NONE',  ( 0.6270055466229489400, 4.541600469937070500, 1.898856579357690600 ) ) ;
#5929 = CARTESIAN_POINT ( 'NONE',  ( -8.764661120043692600, 5.647596759808096500, 2.461728047922992600 ) ) ;
#5930 = CARTESIAN_POINT ( 'NONE',  ( 6.701684510135635300, 12.48071380399341700, 4.971606782681493400 ) ) ;
#5931 = CARTESIAN_POINT ( 'NONE',  ( 5.188619435515719600, 0.1140471373267844300, 5.975611840433583800 ) ) ;
#5932 = CARTESIAN_POINT ( 'NONE',  ( 3.737358052336702000, -3.123452862673211000, 3.722186092726278000 ) ) ;
#5933 = EDGE_CURVE ( 'NONE', #3743, #3162, #6109, .T. ) ;
#5934 = DIRECTION ( 'NONE',  ( 0.0000000000000000000, 0.0000000000000000000, -1.000000000000000000 ) ) ;
#5935 = ORIENTED_EDGE ( 'NONE', *, *, #4418, .F. ) ;
#5936 = CARTESIAN_POINT ( 'NONE',  ( -5.585494453377031700, 7.319643579270779000, 3.170001659990440100 ) ) ;
#5937 = CARTESIAN_POINT ( 'NONE',  ( 4.057721588640701400, -15.66511952933984400, 4.554885921770947200 ) ) ;
#5938 = CARTESIAN_POINT ( 'NONE',  ( 3.849999999999988500, -1.153216402195260700, 4.000000000000016000 ) ) ;
#5939 = CARTESIAN_POINT ( 'NONE',  ( 6.140727072607993400, -0.8776195293398811900, 5.665399658089312700 ) ) ;
#5940 = CARTESIAN_POINT ( 'NONE',  ( 3.218759944222880300, 8.426547137326759100, 3.640448694549154300 ) ) ;
#5941 = CARTESIAN_POINT ( 'NONE',  ( 0.1311722132896192000, 4.241615791476277800, 3.103041480451418400 ) ) ;
#5942 = ORIENTED_EDGE ( 'NONE', *, *, #5711, .T. ) ;
#5943 = CARTESIAN_POINT ( 'NONE',  ( 8.093672213289597300, 6.535718485426611000, 2.546943076929711700 ) ) ;
#5944 = CARTESIAN_POINT ( 'NONE',  ( 3.944760240409290700, -4.319286196006539800, 2.742530600695058900 ) ) ;
#5945 = DIRECTION ( 'NONE',  ( 0.0000000000000000000, 0.0000000000000000000, -1.000000000000000000 ) ) ;
#5946 = CARTESIAN_POINT ( 'NONE',  ( 6.952000592372808500, -12.10678619600652300, 2.204163812291783000 ) ) ;
#5947 = CARTESIAN_POINT ( 'NONE',  ( -11.65216112004368500, 5.647596759808096500, 2.461728047922993500 ) ) ;
#5948 = CARTESIAN_POINT ( 'NONE',  ( 4.047999407627167500, 13.35571380399342100, 5.795836187708170300 ) ) ;
#5949 =( BOUNDED_CURVE ( )  B_SPLINE_CURVE ( 2, ( #3426, #331, #2227, #5404, #3786, #719, #1050, #6220, #5654 ),
 .UNSPECIFIED., .F., .F. ) 
 B_SPLINE_CURVE_WITH_KNOTS ( ( 3, 2, 2, 2, 3 ),
 ( 0.4944444444444445800, 0.4962962962962962900, 0.5000000000000000000, 0.5037037037037036500, 0.5055555555555556500 ),
 .UNSPECIFIED. ) 
 CURVE ( )  GEOMETRIC_REPRESENTATION_ITEM ( )  RATIONAL_B_SPLINE_CURVE ( ( 0.9330127018922193000, 0.9330127018922242900, 1.000000000000000000, 0.8660254037844387100, 1.000000000000000000, 0.8660254037844387100, 1.000000000000000000, 0.9330127018922154100, 0.9330127018922194100 ) ) 
 REPRESENTATION_ITEM ( '' )  );
#5950 = CARTESIAN_POINT ( 'NONE',  ( 0.5103388799562809100, 3.201156655697758900, 3.779426629688413800 ) ) ;
#5951 = CARTESIAN_POINT ( 'NONE',  ( 7.039961767361833500, -1.463046935123509400, 3.407532486068810800 ) ) ;
#5952 = CARTESIAN_POINT ( 'NONE',  ( -8.472994453377026500, 6.240524965810419800, 5.623486981083740200 ) ) ;
#5953 = CARTESIAN_POINT ( 'NONE',  ( 6.621914875055272100, 13.35571380399342100, 2.612414249184339600 ) ) ;
#5954 = CARTESIAN_POINT ( 'NONE',  ( 7.055239759590683900, -1.869286196006545700, 5.257469399304895300 ) ) ;
#5955 = AXIS2_PLACEMENT_3D ( 'NONE', #5500, #1897, #1369 ) ;
#5956 = CARTESIAN_POINT ( 'NONE',  ( 6.140727072607991700, -2.190119529339879600, 5.665399658089312700 ) ) ;
#5957 = VERTEX_POINT ( 'NONE', #4481 ) ;
#5958 = CARTESIAN_POINT ( 'NONE',  ( 6.218142441128705400, 13.19738047066015900, 5.866620324074931500 ) ) ;
#5959 = CARTESIAN_POINT ( 'NONE',  ( -5.643827786710367000, 6.840443814239312000, 2.119429949669282100 ) ) ;
#5960 = CARTESIAN_POINT ( 'NONE',  ( -1.093827786710376700, 4.159556185760737700, 5.880570050330763200 ) ) ;
#5961 = CARTESIAN_POINT ( 'NONE',  ( 3.737358052336698900, -17.12345286267317900, 3.722186092726279800 ) ) ;
#5962 = CARTESIAN_POINT ( 'NONE',  ( 4.069984273331262300, -2.304636536039664100, 2.813158630679967000 ) ) ;
#5963 = CARTESIAN_POINT ( 'NONE',  ( 6.942278411359271000, -0.7026195293398824800, 3.445114078229009300 ) ) ;
#5964 = CARTESIAN_POINT ( 'NONE',  ( 7.781240055777098900, 8.076547137326764800, 4.359551305450797700 ) ) ;
#5965 = CARTESIAN_POINT ( 'NONE',  ( 0.01450554662295496000, 4.094019031668182200, 4.641313432528431100 ) ) ;
#5966 = CARTESIAN_POINT ( 'NONE',  ( 11.06867221328959000, 6.758384208523724900, 4.896958519548591400 ) ) ;
#5967 = CARTESIAN_POINT ( 'NONE',  ( 5.188619435515718700, -4.085952862673207300, 5.975611840433584700 ) ) ;
#5968 = CARTESIAN_POINT ( 'NONE',  ( 4.047999407627163900, -6.156786196006536600, 5.795836187708173900 ) ) ;
#5969 = CARTESIAN_POINT ( 'NONE',  ( -11.71049445337701800, 4.759475034189582800, 2.376513018916272600 ) ) ;
#5970 = CARTESIAN_POINT ( 'NONE',  ( 6.952000592372813000, 11.60571380399341900, 2.204163812291780800 ) ) ;
#5971 = VECTOR ( 'NONE', #1958, 1000.000000000000000 ) ;
#5972 = CARTESIAN_POINT ( 'NONE',  ( 1.093672213289613500, 4.159556185760689800, 5.880570050330728500 ) ) ;
#5973 = CARTESIAN_POINT ( 'NONE',  ( 8.500000000000001800, -2.500000000000001800, 7.000000000000000000 ) ) ;
#5974 = CARTESIAN_POINT ( 'NONE',  ( -5.381327786710366800, 4.241615791476277800, 3.103041480451419300 ) ) ;
#5975 = CARTESIAN_POINT ( 'NONE',  ( -0.1917551924940098500, 4.182429632412350900, 2.402753805653959700 ) ) ;
#5976 = CARTESIAN_POINT ( 'NONE',  ( 7.781240055777097100, -0.4109528626732166200, 4.359551305450797700 ) ) ;
#5977 = CARTESIAN_POINT ( 'NONE',  ( 6.140727072607993400, -0.7901195293398836100, 5.665399658089312700 ) ) ;
#5978 = COORDINATED_UNIVERSAL_TIME_OFFSET ( 6, 0, .BEHIND. ) ;
#5979 = CYLINDRICAL_SURFACE ( 'NONE', #6300, 1.650000000000000400 ) ;
#5980 = CARTESIAN_POINT ( 'NONE',  ( -2.499999999999999600, 5.499999999999998200, 6.050000000000001600 ) ) ;
#5981 = CARTESIAN_POINT ( 'NONE',  ( -2.552161120043706400, 5.308977857911811400, 5.990856735486523200 ) ) ;
#5982 = CARTESIAN_POINT ( 'NONE',  ( -12.90632778671034800, 4.159556185760689800, 5.880570050330731200 ) ) ;
#5983 = CARTESIAN_POINT ( 'NONE',  ( 6.621914875055264100, -17.35678619600651000, 2.612414249184343200 ) ) ;
#5984 = CARTESIAN_POINT ( 'NONE',  ( 3.692414755437001700, -2.253939411285494900, 4.031760281779594600 ) ) ;
#5985 = EDGE_CURVE ( 'NONE', #5282, #1658, #6214, .T. ) ;
#5986 = CARTESIAN_POINT ( 'NONE',  ( 5.259406098776349100, -0.9359528626732144300, 5.526492704452463700 ) ) ;
#5987 = CARTESIAN_POINT ( 'NONE',  ( 7.781240055777098900, 8.776547137326765800, 4.359551305450797700 ) ) ;
#5988 = CARTESIAN_POINT ( 'NONE',  ( 4.797838879956273700, 5.352403240191906200, 5.538271952077017200 ) ) ;
#5989 = CARTESIAN_POINT ( 'NONE',  ( 5.740593901223627800, 5.101547137326773100, 2.473507295547490600 ) ) ;
#5990 = ORIENTED_EDGE ( 'NONE', *, *, #6333, .T. ) ;
#5991 = CARTESIAN_POINT ( 'NONE',  ( 10.71867221328959400, 4.241615791476277800, 3.103041480451417000 ) ) ;
#5992 = DIRECTION ( 'NONE',  ( 0.0000000000000000000, -1.000000000000000000, 0.0000000000000000000 ) ) ;
#5993 = CARTESIAN_POINT ( 'NONE',  ( 7.781240055777096200, -5.923452862673202400, 4.359551305450800400 ) ) ;
#5994 = ADVANCED_FACE ( 'NONE', ( #3873 ), #548, .F. ) ;
#5995 = CARTESIAN_POINT ( 'NONE',  ( -14.10216112004367900, 5.352403240191906200, 5.538271952077019800 ) ) ;
#5996 = CARTESIAN_POINT ( 'NONE',  ( 7.055239759590686600, 11.43071380399342200, 5.257469399304893500 ) ) ;
#5997 = VERTEX_POINT ( 'NONE', #5455 ) ;
#5998 = AXIS2_PLACEMENT_3D ( 'NONE', #389, #344, #6559 ) ;
#5999 = VERTEX_POINT ( 'NONE', #6023 ) ;
#6000 = CARTESIAN_POINT ( 'NONE',  ( 2.552005546622944500, 3.680356420729224100, 4.829998340009571400 ) ) ;
#6001 = CARTESIAN_POINT ( 'NONE',  ( 7.149999999999995000, -1.973457465629299100, 3.693547613018920200 ) ) ;
#6002 = CARTESIAN_POINT ( 'NONE',  ( -7.831327786710359000, 6.758384208523724900, 4.896958519548593200 ) ) ;
#6003 = CARTESIAN_POINT ( 'NONE',  ( 14.61450554662299000, 4.670001659990461500, 2.180356420729214800 ) ) ;
#6004 = CARTESIAN_POINT ( 'NONE',  ( 4.047999407627163900, -2.744286196006543700, 5.795836187708173000 ) ) ;
#6005 = CARTESIAN_POINT ( 'NONE',  ( 5.259406098776349100, 0.5515471373267812900, 5.526492704452462800 ) ) ;
#6006 = CARTESIAN_POINT ( 'NONE',  ( -15.26882778671034100, 4.241615791476277800, 3.103041480451420100 ) ) ;
#6007 = CARTESIAN_POINT ( 'NONE',  ( 8.500000000000000000, 5.898059818321139400E-015, 7.000000000000000000 ) ) ;
#6008 = CARTESIAN_POINT ( 'NONE',  ( 0.5395055466229514700, 4.541600469937070500, 1.898856579357690600 ) ) ;
#6009 = CARTESIAN_POINT ( 'NONE',  ( -13.54799445337701300, 3.680356420729224100, 4.829998340009573200 ) ) ;
#6010 = CARTESIAN_POINT ( 'NONE',  ( 6.621914875055265900, -13.15678619600652200, 2.612414249184343200 ) ) ;
#6011 = DIRECTION ( 'NONE',  ( -1.000000000000000000, 0.0000000000000000000, 0.0000000000000000000 ) ) ;
#6012 = CARTESIAN_POINT ( 'NONE',  ( 6.621914875055267700, -3.444286196006542500, 2.612414249184341400 ) ) ;
#6013 = CARTESIAN_POINT ( 'NONE',  ( 5.811380564484260000, 12.45154713732675400, 2.024388159566370000 ) ) ;
#6014 = CARTESIAN_POINT ( 'NONE',  ( 7.131172213289599600, 4.241615791476277800, 3.103041480451417500 ) ) ;
#6015 = CARTESIAN_POINT ( 'NONE',  ( 3.737358052336704300, 5.276547137326768500, 3.722186092726276700 ) ) ;
#6016 = CARTESIAN_POINT ( 'NONE',  ( 12.99367221328958300, 6.535718485426611000, 2.546943076929710800 ) ) ;
#6017 = CARTESIAN_POINT ( 'NONE',  ( 4.298315489864344300, 1.718213803993444500, 3.028393217318458700 ) ) ;
#6018 = ORIENTED_EDGE ( 'NONE', *, *, #6279, .T. ) ;
#6019 = CARTESIAN_POINT ( 'NONE',  ( 7.055239759590683100, -5.981786196006536800, 5.257469399304896200 ) ) ;
#6020 = CARTESIAN_POINT ( 'NONE',  ( -12.87716112004368300, 7.276243451237029100, 4.170430058013448800 ) ) ;
#6021 = CARTESIAN_POINT ( 'NONE',  ( -0.4813277867103810100, 7.128621437182595800, 5.160858395476947400 ) ) ;
#6022 = CARTESIAN_POINT ( 'NONE',  ( 3.368672213289611400, 3.871378562817414000, 2.839141604523052200 ) ) ;
#6023 = CARTESIAN_POINT ( 'NONE',  ( 6.484726107165319500, -2.100000000000002800, 2.676060993146953700 ) ) ;
#6024 = CARTESIAN_POINT ( 'NONE',  ( -5.906327786710367200, 6.535718485426611000, 2.546943076929713000 ) ) ;
#6025 = ORIENTED_EDGE ( 'NONE', *, *, #6110, .F. ) ;
#6026 = CARTESIAN_POINT ( 'NONE',  ( 6.942278411359273700, 11.98488047066008400, 3.445114078229007500 ) ) ;
#6027 = CARTESIAN_POINT ( 'NONE',  ( 4.859272927391983500, 0.9598804706601107300, 2.334600341910642000 ) ) ;
#6028 = EDGE_CURVE ( 'NONE', #5957, #6116, #1451, .T. ) ;
#6029 = CARTESIAN_POINT ( 'NONE',  ( 0.0000000000000000000, 8.500000000000000000, 1.000000000000000000 ) ) ;
#6030 = CARTESIAN_POINT ( 'NONE',  ( -2.500000000000000000, 8.500000000000000000, 7.000000000000000000 ) ) ;
#6031 = CARTESIAN_POINT ( 'NONE',  ( 0.7145055466229489600, 7.319643579270779000, 3.170001659990439300 ) ) ;
#6032 = CARTESIAN_POINT ( 'NONE',  ( -13.72299445337701400, 6.458399530062931300, 6.101143420642320500 ) ) ;
#6033 = CARTESIAN_POINT ( 'NONE',  ( -1.095921859160675900, 7.001205952898393600, 3.315251369492113300 ) ) ;
#6034 = CARTESIAN_POINT ( 'NONE',  ( 4.859272927391982600, -2.627619529339879200, 2.334600341910642000 ) ) ;
#6035 = CARTESIAN_POINT ( 'NONE',  ( 3.944760240409294300, 12.56821380399341600, 2.742530600695056300 ) ) ;
#6036 = CARTESIAN_POINT ( 'NONE',  ( 4.681172213289605600, 6.758384208523724900, 4.896958519548591400 ) ) ;
#6037 = VERTEX_POINT ( 'NONE', #3444 ) ;
#6038 = CARTESIAN_POINT ( 'NONE',  ( 6.140727072607993400, 3.409880470660105800, 5.665399658089312700 ) ) ;
#6039 = ORIENTED_EDGE ( 'NONE', *, *, #187, .F. ) ;
#6040 = CARTESIAN_POINT ( 'NONE',  ( 13.51867221328958200, 4.241615791476277800, 3.103041480451416600 ) ) ;
#6041 = AXIS2_PLACEMENT_3D ( 'NONE', #937, #5063, #4475 ) ;
#6042 = ADVANCED_FACE ( 'NONE', ( #2175 ), #467, .F. ) ;
#6043 = CARTESIAN_POINT ( 'NONE',  ( 7.055239759590665300, -0.3817861960065532800, 5.257469399304919300 ) ) ;
#6044 = CARTESIAN_POINT ( 'NONE',  ( 5.188619435515717800, -7.498452862673199000, 5.975611840433584700 ) ) ;
#6045 = CARTESIAN_POINT ( 'NONE',  ( -12.00216112004368400, 5.352403240191906200, 5.538271952077019800 ) ) ;
#6046 = CARTESIAN_POINT ( 'NONE',  ( -9.130123557772650300E-016, -2.499999999999998700, 0.0000000000000000000 ) ) ;
#6047 = CARTESIAN_POINT ( 'NONE',  ( 5.993672213289597700, 4.159556185760689800, 5.880570050330727700 ) ) ;
#6048 = CARTESIAN_POINT ( 'NONE',  ( -3.689661120043704800, 7.276243451237029100, 4.170430058013447900 ) ) ;
#6049 = CARTESIAN_POINT ( 'NONE',  ( 4.057721588640707600, 12.33488047066008700, 4.554885921770944500 ) ) ;
#6050 = DIRECTION ( 'NONE',  ( -1.000000000000000000, 4.231032868236115400E-016, 0.0000000000000000000 ) ) ;
#6051 = CARTESIAN_POINT ( 'NONE',  ( -2.727161120043708900, 7.798843344302243400, 4.220573370311596400 ) ) ;
#6052 = CARTESIAN_POINT ( 'NONE',  ( -15.41466112004367500, 5.691022142088190300, 2.009143264513487900 ) ) ;
#6053 = CARTESIAN_POINT ( 'NONE',  ( 4.298315489864344300, 1.630713803993447000, 3.028393217318458700 ) ) ;
#6054 = CARTESIAN_POINT ( 'NONE',  ( 4.670760536595704300, 10.40988047066009200, 1.844612506840960000 ) ) ;
#6055 = CARTESIAN_POINT ( 'NONE',  ( 5.147838879956272400, 5.647596759808096500, 2.461728047922990800 ) ) ;
#6056 = CARTESIAN_POINT ( 'NONE',  ( 6.701684510135632600, 2.768213803993439600, 4.971606782681494300 ) ) ;
#6057 = LINE ( 'NONE', #5860, #2338 ) ;
#6058 = CARTESIAN_POINT ( 'NONE',  ( 11.01033887995625400, 7.276243451237029100, 4.170430058013445200 ) ) ;
#6059 = CARTESIAN_POINT ( 'NONE',  ( 6.329239463404271700, -8.140119529339864700, 6.155387493158995600 ) ) ;
#6060 = ADVANCED_FACE ( 'NONE', ( #1043 ), #1785, .F. ) ;
#6061 = CARTESIAN_POINT ( 'NONE',  ( -10.25216112004368800, 5.647596759808096500, 2.461728047922993000 ) ) ;
#6062 = CARTESIAN_POINT ( 'NONE',  ( 5.877005546622935800, 6.458399530062931300, 6.101143420642317800 ) ) ;
#6063 = EDGE_CURVE ( 'NONE', #5450, #2073, #4575, .T. ) ;
#6064 = CARTESIAN_POINT ( 'NONE',  ( -0.2671183370676189500, 5.792782378947844500, 5.764688636018915300 ) ) ;
#6065 = CARTESIAN_POINT ( 'NONE',  ( -2.289661120043708900, 7.276243451237029100, 4.170430058013447000 ) ) ;
#6066 = CARTESIAN_POINT ( 'NONE',  ( -2.299163422289344900, 5.499999999977148900, 2.150836577710652200 ) ) ;
#6067 = CARTESIAN_POINT ( 'NONE',  ( 7.055239759590680400, -17.26928619600650800, 5.257469399304897100 ) ) ;
#6068 = ORIENTED_EDGE ( 'NONE', *, *, #4890, .F. ) ;
#6069 = ADVANCED_FACE ( 'NONE', ( #5406 ), #2012, .F. ) ;
#6070 = CARTESIAN_POINT ( 'NONE',  ( 0.07283887995628879300, 7.798843344302243400, 4.220573370311596400 ) ) ;
#6071 = CARTESIAN_POINT ( 'NONE',  ( -16.05632778671034100, 6.840443814239312000, 2.119429949669283400 ) ) ;
#6072 = ORIENTED_EDGE ( 'NONE', *, *, #3449, .F. ) ;
#6073 = DIRECTION ( 'NONE',  ( -1.000000000000000000, 2.628368902995161500E-016, 0.0000000000000000000 ) ) ;
#6074 =( BOUNDED_CURVE ( )  B_SPLINE_CURVE ( 2, ( #6686, #493, #4157, #4112, #1065, #6124, #449, #3739, #3647 ),
 .UNSPECIFIED., .F., .F. ) 
 B_SPLINE_CURVE_WITH_KNOTS ( ( 3, 2, 2, 2, 3 ),
 ( 0.4388888888888889900, 0.4407407407407407700, 0.4444444444444444200, 0.4481481481481481300, 0.4500000000000000700 ),
 .UNSPECIFIED. ) 
 CURVE ( )  GEOMETRIC_REPRESENTATION_ITEM ( )  RATIONAL_B_SPLINE_CURVE ( ( 0.9330127018922193000, 0.9330127018922223000, 1.000000000000000000, 0.8660254037844387100, 1.000000000000000000, 0.8660254037844387100, 1.000000000000000000, 0.9330127018922163000, 0.9330127018922193000 ) ) 
 REPRESENTATION_ITEM ( '' )  );
#6075 = CARTESIAN_POINT ( 'NONE',  ( 5.740593901223626900, 0.1140471373267844300, 2.473507295547491500 ) ) ;
#6076 = ORIENTED_EDGE ( 'NONE', *, *, #122, .T. ) ;
#6077 = CARTESIAN_POINT ( 'NONE',  ( 6.952000592372813000, 11.69321380399342300, 2.204163812291780800 ) ) ;
#6078 = CARTESIAN_POINT ( 'NONE',  ( 8.064505546622930500, 6.905980968331821400, 3.358686567471578700 ) ) ;
#6079 = CARTESIAN_POINT ( 'NONE',  ( 6.621914875055269400, 4.343213803993439400, 2.612414249184341000 ) ) ;
#6080 = CARTESIAN_POINT ( 'NONE',  ( 14.97700554662291600, 4.759475034189582800, 2.376513018916269500 ) ) ;
#6081 = CARTESIAN_POINT ( 'NONE',  ( 3.944760240409290700, -2.131786196006546100, 2.742530600695058500 ) ) ;
#6082 = CARTESIAN_POINT ( 'NONE',  ( -11.06882778671035300, 4.241615791476277800, 3.103041480451419700 ) ) ;
#6083 = AXIS2_PLACEMENT_3D ( 'NONE', #5389, #5909, #3402 ) ;
#6084 = AXIS2_PLACEMENT_3D ( 'NONE', #5973, #3875, #2929 ) ;
#6085 = CARTESIAN_POINT ( 'NONE',  ( 4.943672213289602300, 6.840443814239312000, 2.119429949669280800 ) ) ;
#6086 = CARTESIAN_POINT ( 'NONE',  ( -4.797994453377035600, 4.094019031668182200, 4.641313432528432000 ) ) ;
#6087 = CARTESIAN_POINT ( 'NONE',  ( -2.401397368739981400, 3.557336468837554800, 3.748775261304978300 ) ) ;
#6088 = CARTESIAN_POINT ( 'NONE',  ( 6.140727072607994300, 12.50988047066009100, 5.665399658089310900 ) ) ;
#6089 = EDGE_CURVE ( 'NONE', #1585, #1349, #3293, .T. ) ;
#6090 = CARTESIAN_POINT ( 'NONE',  ( 4.670760536595701700, 0.5223804706601146200, 1.844612506840961100 ) ) ;
#6091 = VERTEX_POINT ( 'NONE', #1851 ) ;
#6092 = CARTESIAN_POINT ( 'NONE',  ( 2.347838879956279300, 5.308977857911811400, 5.990856735486523200 ) ) ;
#6093 = CARTESIAN_POINT ( 'NONE',  ( -11.56466112004368400, 5.308977857911811400, 5.990856735486525000 ) ) ;
#6094 = CARTESIAN_POINT ( 'NONE',  ( -1.677161120043709500, 3.201156655697752700, 3.779426629688475500 ) ) ;
#6095 = CARTESIAN_POINT ( 'NONE',  ( 4.859272927391983500, 2.972380470660108000, 2.334600341910641100 ) ) ;
#6096 = CARTESIAN_POINT ( 'NONE',  ( 6.952000592372814800, 12.39321380399342100, 2.204163812291780800 ) ) ;
#6097 = CARTESIAN_POINT ( 'NONE',  ( 8.589505546622932600, 4.759475034189582800, 2.376513018916270900 ) ) ;
#6098 = VERTEX_POINT ( 'NONE', #4908 ) ;
#6099 = CARTESIAN_POINT ( 'NONE',  ( 4.859272927391985200, 7.959880470660099400, 2.334600341910640700 ) ) ;
#6100 = CARTESIAN_POINT ( 'NONE',  ( -9.130123557772650300E-016, -2.499999999999998700, 8.000000000000000000 ) ) ;
#6101 = CARTESIAN_POINT ( 'NONE',  ( -14.91882778671034200, 3.871378562817414000, 2.839141604523054900 ) ) ;
#6102 = CARTESIAN_POINT ( 'NONE',  ( 7.366620324074953700, -3.065119529339877400, 3.281857558871290200 ) ) ;
#6103 = CARTESIAN_POINT ( 'NONE',  ( -10.89382778671035400, 6.535718485426611000, 2.546943076929713900 ) ) ;
#6104 = CARTESIAN_POINT ( 'NONE',  ( 8.618672213289595900, 7.128621437182588700, 5.160858395476956200 ) ) ;
#6105 = ORIENTED_EDGE ( 'NONE', *, *, #5421, .F. ) ;
#6106 = CARTESIAN_POINT ( 'NONE',  ( -2.697994453377041200, 4.094019031668182200, 4.641313432528431100 ) ) ;
#6107 = CARTESIAN_POINT ( 'NONE',  ( 4.281698150459889400, -2.158858790222913300, 2.325805363075967400 ) ) ;
#6108 = CARTESIAN_POINT ( 'NONE',  ( 6.942278411359273700, 13.38488047066008200, 3.445114078229007500 ) ) ;
#6109 =( BOUNDED_CURVE ( )  B_SPLINE_CURVE ( 2, ( #4839, #2277, #203, #758, #3829, #2812, #256, #1322, #1396 ),
 .UNSPECIFIED., .F., .T. ) 
 B_SPLINE_CURVE_WITH_KNOTS ( ( 3, 2, 2, 2, 3 ),
 ( 0.4833333333333333900, 0.4851851851851851600, 0.4888888888888888700, 0.4925925925925925800, 0.4944444444444445800 ),
 .UNSPECIFIED. ) 
 CURVE ( )  GEOMETRIC_REPRESENTATION_ITEM ( )  RATIONAL_B_SPLINE_CURVE ( ( 0.9330127018922193000, 0.9330127018922223000, 1.000000000000000000, 0.8660254037844387100, 1.000000000000000000, 0.8660254037844387100, 1.000000000000000000, 0.9330127018922143000, 0.9330127018922193000 ) ) 
 REPRESENTATION_ITEM ( '' )  );
#6110 = EDGE_CURVE ( 'NONE', #4736, #989, #2422, .T. ) ;
#6111 = CARTESIAN_POINT ( 'NONE',  ( 3.218759944222878900, 1.339047137326781600, 3.640448694549155200 ) ) ;
#6112 = CARTESIAN_POINT ( 'NONE',  ( 1.356172213289614300, 6.840443814239312000, 2.119429949669281200 ) ) ;
#6113 = CARTESIAN_POINT ( 'NONE',  ( -10.86466112004368900, 5.308977857911811400, 5.990856735486525000 ) ) ;
#6114 = CARTESIAN_POINT ( 'NONE',  ( 6.783072801662311400, -0.6713587902229176700, 5.037412254426534700 ) ) ;
#6115 = CARTESIAN_POINT ( 'NONE',  ( 5.740593901223626900, 0.8140471373267801300, 2.473507295547491500 ) ) ;
#6116 = VERTEX_POINT ( 'NONE', #5434 ) ;
#6117 = CARTESIAN_POINT ( 'NONE',  ( 6.621914875055265900, -16.74428619600650900, 2.612414249184343200 ) ) ;
#6118 = CARTESIAN_POINT ( 'NONE',  ( 6.701684510135629900, -11.23178619600652400, 4.971606782681496000 ) ) ;
#6119 = CARTESIAN_POINT ( 'NONE',  ( 9.581172213289596200, 6.758384208523724900, 4.896958519548591400 ) ) ;
#6120 = CARTESIAN_POINT ( 'NONE',  ( 4.057721588640705900, 6.734880470660099800, 4.554885921770945400 ) ) ;
#6121 = CARTESIAN_POINT ( 'NONE',  ( 5.499999999999997300, -2.100000000000002300, 4.000000000000000000 ) ) ;
#6122 = CARTESIAN_POINT ( 'NONE',  ( -14.10216112004367900, 5.691022142088190300, 2.009143264513487900 ) ) ;
#6123 = AXIS2_PLACEMENT_3D ( 'NONE', #6582, #3482, #4544 ) ;
#6124 = CARTESIAN_POINT ( 'NONE',  ( -2.027161120043707900, 7.798843344302247800, 4.220573370311560000 ) ) ;
#6125 = CARTESIAN_POINT ( 'NONE',  ( 7.055239759590683900, -2.481786196006545700, 5.257469399304895300 ) ) ;
#6126 = CARTESIAN_POINT ( 'NONE',  ( -8.677161120043692200, 7.276243451237029100, 4.170430058013447900 ) ) ;
#6127 = CARTESIAN_POINT ( 'NONE',  ( 9.143672213289590900, 6.840443814239312000, 2.119429949669280300 ) ) ;
#6128 = CARTESIAN_POINT ( 'NONE',  ( -0.3695732537723083200, 7.186184442082617500, 3.952601497458291500 ) ) ;
#6129 = CARTESIAN_POINT ( 'NONE',  ( -3.806327786710370600, 6.535718485426611000, 2.546943076929713000 ) ) ;
#6130 = CARTESIAN_POINT ( 'NONE',  ( 4.781857558871264400, -2.190119529339875600, 2.133379675925025900 ) ) ;
#6131 = CARTESIAN_POINT ( 'NONE',  ( 6.952000592372808500, -13.59428619600651800, 2.204163812291783000 ) ) ;
#6132 = VECTOR ( 'NONE', #6361, 1000.000000000000000 ) ;
#6133 = FACE_BOUND ( 'NONE', #2387, .T. ) ;
#6134 = CARTESIAN_POINT ( 'NONE',  ( 6.952000592372812100, 3.905713803993441100, 2.204163812291781300 ) ) ;
#6135 = CARTESIAN_POINT ( 'NONE',  ( 3.631172213289610300, 7.128621437182588700, 5.160858395476957100 ) ) ;
#6136 = CARTESIAN_POINT ( 'NONE',  ( -11.50632778671035300, 4.159556185760689800, 5.880570050330730300 ) ) ;
#6137 = CARTESIAN_POINT ( 'NONE',  ( 0.0000000000000000000, 9.500000000000001800, 1.000000000000000000 ) ) ;
#6138 = CARTESIAN_POINT ( 'NONE',  ( 3.737358052336703400, 0.2890471373267823300, 3.722186092726277100 ) ) ;
#6139 = FACE_OUTER_BOUND ( 'NONE', #2402, .T. ) ;
#6140 = CARTESIAN_POINT ( 'NONE',  ( 5.740593901223623300, -15.28595286267317900, 2.473507295547493300 ) ) ;
#6141 = CARTESIAN_POINT ( 'NONE',  ( 4.378085124944703900, -13.50678619600651900, 5.387585750815615500 ) ) ;
#6142 = CARTESIAN_POINT ( 'NONE',  ( 6.140727072607993400, 6.209880470660102100, 5.665399658089311800 ) ) ;
#6143 = DIRECTION ( 'NONE',  ( -1.000000000000000000, 3.652049423109062400E-016, 0.0000000000000000000 ) ) ;
#6144 = CARTESIAN_POINT ( 'NONE',  ( 14.21867221328958100, 4.241615791476277800, 3.103041480451416600 ) ) ;
#6145 = CARTESIAN_POINT ( 'NONE',  ( 3.503880791900718400, -0.05000000000008104200, 3.875468449551223900 ) ) ;
#6146 = CARTESIAN_POINT ( 'NONE',  ( 6.329239463404271700, -5.340119529339871100, 6.155387493158993800 ) ) ;
#6147 = CARTESIAN_POINT ( 'NONE',  ( -11.01049445337702100, 4.759475034189582800, 2.376513018916272600 ) ) ;
#6148 = FACE_BOUND ( 'NONE', #5848, .T. ) ;
#6149 = CIRCLE ( 'NONE', #6603, 2.000000000000000000 ) ;
#6150 = CARTESIAN_POINT ( 'NONE',  ( 6.752005546622933200, 3.680356420729224100, 4.829998340009570500 ) ) ;
#6151 = EDGE_CURVE ( 'NONE', #6037, #1544, #5006, .T. ) ;
#6152 = CARTESIAN_POINT ( 'NONE',  ( -0.3035363931179498900, 6.574875088980300000, 5.384267180470270200 ) ) ;
#6153 = CARTESIAN_POINT ( 'NONE',  ( -0.2479944533770456200, 6.905980968331821400, 3.358686567471579600 ) ) ;
#6154 = CARTESIAN_POINT ( 'NONE',  ( 3.633379675925012100, -2.015119529339878500, 4.718142441128641500 ) ) ;
#6155 = CARTESIAN_POINT ( 'NONE',  ( 3.218759944222875400, -15.46095286267317800, 3.640448694549157400 ) ) ;
#6156 = ORIENTED_EDGE ( 'NONE', *, *, #1488, .T. ) ;
#6157 = DIRECTION ( 'NONE',  ( 0.0000000000000000000, 0.0000000000000000000, -1.000000000000000000 ) ) ;
#6158 =( BOUNDED_CURVE ( )  B_SPLINE_CURVE ( 2, ( #1445, #5569, #5528, #2915, #907, #6094, #3998, #6533, #337 ),
 .UNSPECIFIED., .F., .T. ) 
 B_SPLINE_CURVE_WITH_KNOTS ( ( 3, 2, 2, 2, 3 ),
 ( 0.4500000000000000700, 0.4518518518518518400, 0.4555555555555555500, 0.4592592592592592600, 0.4611111111111111900 ),
 .UNSPECIFIED. ) 
 CURVE ( )  GEOMETRIC_REPRESENTATION_ITEM ( )  RATIONAL_B_SPLINE_CURVE ( ( 0.9330127018922193000, 0.9330127018922223000, 1.000000000000000000, 0.8660254037844387100, 1.000000000000000000, 0.8660254037844387100, 1.000000000000000000, 0.9330127018922163000, 0.9330127018922193000 ) ) 
 REPRESENTATION_ITEM ( '' )  );
#6159 = ORIENTED_EDGE ( 'NONE', *, *, #1704, .F. ) ;
#6160 = CARTESIAN_POINT ( 'NONE',  ( 3.633379675925022300, 2.797380470660110400, 4.718142441128664500 ) ) ;
#6161 = CARTESIAN_POINT ( 'NONE',  ( 1.181172213289616300, 3.871378562817414000, 2.839141604523052600 ) ) ;
#6162 = CARTESIAN_POINT ( 'NONE',  ( -11.62299445337702000, 6.458399530062931300, 6.101143420642320500 ) ) ;
#6163 = CARTESIAN_POINT ( 'NONE',  ( 3.737358052336703800, 3.089047137326773800, 3.722186092726277100 ) ) ;
#6164 = CARTESIAN_POINT ( 'NONE',  ( 5.259406098776345600, -15.63595286267317700, 5.526492704452465400 ) ) ;
#6165 = CARTESIAN_POINT ( 'NONE',  ( 3.737358052336699400, -14.32345286267318100, 3.722186092726279300 ) ) ;
#6166 = CARTESIAN_POINT ( 'NONE',  ( 5.740593901223627800, 5.801547137326765300, 2.473507295547490600 ) ) ;
#6167 = CARTESIAN_POINT ( 'NONE',  ( 15.35617221328958100, 6.840443814239312000, 2.119429949669279400 ) ) ;
#6168 = CARTESIAN_POINT ( 'NONE',  ( -12.58549445337701500, 7.319643579270779000, 3.170001659990441000 ) ) ;
#6169 = CARTESIAN_POINT ( 'NONE',  ( 7.340594041686416400, -0.2130504884213141300, 4.031143805642034100 ) ) ;
#6170 = CARTESIAN_POINT ( 'NONE',  ( 4.047999407627163900, -4.756786196006540700, 5.795836187708173000 ) ) ;
#6171 = CARTESIAN_POINT ( 'NONE',  ( -7.452161120043694400, 5.647596759808096500, 2.461728047922992600 ) ) ;
#6172 = CARTESIAN_POINT ( 'NONE',  ( 7.335338879956264400, 5.308977857911811400, 5.990856735486523200 ) ) ;
#6173 = CARTESIAN_POINT ( 'NONE',  ( 5.811380564484277800, -0.2359528626732151900, 2.024388159566374400 ) ) ;
#6174 = CARTESIAN_POINT ( 'NONE',  ( -0.01466112004371369900, 5.352403240191906200, 5.538271952077018100 ) ) ;
#6175 = ORIENTED_EDGE ( 'NONE', *, *, #3591, .T. ) ;
#6176 = CARTESIAN_POINT ( 'NONE',  ( -2.369879663251755800, 3.877916389545994500, 2.958767056907205100 ) ) ;
#6177 = CARTESIAN_POINT ( 'NONE',  ( 4.670760536595699900, -14.87761952933984800, 1.844612506840963100 ) ) ;
#6178 = CARTESIAN_POINT ( 'NONE',  ( 1.250000000000001100, 1.250000000000001100, 8.000000000000000000 ) ) ;
#6179 = CARTESIAN_POINT ( 'NONE',  ( 7.366620324074954600, 3.147380470660109600, 3.281857558871289300 ) ) ;
#6180 = CARTESIAN_POINT ( 'NONE',  ( 3.397838879956278200, 5.691022142088190300, 2.009143264513485700 ) ) ;
#6181 = CARTESIAN_POINT ( 'NONE',  ( -7.481327786710362900, 7.128621437182588700, 5.160858395476958900 ) ) ;
#6182 = ORIENTED_EDGE ( 'NONE', *, *, #5610, .T. ) ;
#6183 = CARTESIAN_POINT ( 'NONE',  ( 6.621914875055269400, 4.955713803993436500, 2.612414249184340500 ) ) ;
#6184 = CARTESIAN_POINT ( 'NONE',  ( 4.378085124944703900, -14.99428619600651300, 5.387585750815615500 ) ) ;
#6185 = CARTESIAN_POINT ( 'NONE',  ( 4.859272927391980800, -14.44011952933984900, 2.334600341910643800 ) ) ;
#6186 = CARTESIAN_POINT ( 'NONE',  ( 6.701684510135634400, 9.068213803993426600, 4.971606782681493400 ) ) ;
#6187 = CARTESIAN_POINT ( 'NONE',  ( 6.218142441128731200, -0.5276195293398751000, 5.866620324074919100 ) ) ;
#6188 = CARTESIAN_POINT ( 'NONE',  ( -13.16882778671034700, 7.128621437182588700, 5.160858395476958900 ) ) ;
#6189 = CARTESIAN_POINT ( 'NONE',  ( 4.783237331748168200, -0.3345342973408249000, 2.428545696672653100 ) ) ;
#6190 = ORIENTED_EDGE ( 'NONE', *, *, #1524, .T. ) ;
#6191 = CARTESIAN_POINT ( 'NONE',  ( 5.811380564484257300, -0.1484528626732178900, 2.024388159566371300 ) ) ;
#6192 = CARTESIAN_POINT ( 'NONE',  ( -5.177161120043702000, 7.276243451237029100, 4.170430058013447900 ) ) ;
#6193 = VERTEX_POINT ( 'NONE', #1978 ) ;
#6194 = CARTESIAN_POINT ( 'NONE',  ( 8.210338879956264400, 3.201156655697758900, 3.779426629688412900 ) ) ;
#6195 = CARTESIAN_POINT ( 'NONE',  ( -1.441733714260079200, 5.157573687568503700, 1.957959035804499100 ) ) ;
#6196 = CARTESIAN_POINT ( 'NONE',  ( 2.202005546622948500, 4.094019031668182200, 4.641313432528431100 ) ) ;
#6197 = CARTESIAN_POINT ( 'NONE',  ( -0.8313277867103806600, 3.871378562817386500, 2.839141604523092200 ) ) ;
#6198 = CARTESIAN_POINT ( 'NONE',  ( 7.366620324074951000, -12.95261952933985200, 3.281857558871291000 ) ) ;
#6199 = CARTESIAN_POINT ( 'NONE',  ( 3.633379675925018300, -16.71511952933984400, 4.718142441128667200 ) ) ;
#6200 = CARTESIAN_POINT ( 'NONE',  ( 4.047999407627165700, 4.255713803993439900, 5.795836187708173000 ) ) ;
#6201 = CARTESIAN_POINT ( 'NONE',  ( 6.489505546622936500, 6.458399530062931300, 6.101143420642317800 ) ) ;
#6202 = CARTESIAN_POINT ( 'NONE',  ( -6.897994453377031700, 7.319643579270779000, 3.170001659990440100 ) ) ;
#6203 = CARTESIAN_POINT ( 'NONE',  ( 4.302099511292409400, -0.8463587902229199300, 5.481564854859236400 ) ) ;
#6204 = CARTESIAN_POINT ( 'NONE',  ( 6.140727072607993400, 4.022380470660107400, 5.665399658089312700 ) ) ;
#6205 = CARTESIAN_POINT ( 'NONE',  ( 5.740593901223623300, -15.98595286267317700, 2.473507295547493300 ) ) ;
#6206 = CARTESIAN_POINT ( 'NONE',  ( 4.298315489864342500, -7.381786196006531900, 3.028393217318459600 ) ) ;
#6207 = CARTESIAN_POINT ( 'NONE',  ( 4.057721588640707600, 10.93488047066008800, 4.554885921770944500 ) ) ;
#6208 = CARTESIAN_POINT ( 'NONE',  ( -12.17716112004368300, 3.201156655697758900, 3.779426629688415600 ) ) ;
#6209 = CARTESIAN_POINT ( 'NONE',  ( 6.095114333645784500, -0.2988950476108862600, 5.651269593551944600 ) ) ;
#6210 = CARTESIAN_POINT ( 'NONE',  ( 3.944760240409291600, 0.6682138039934491000, 2.742530600695058100 ) ) ;
#6211 = CARTESIAN_POINT ( 'NONE',  ( -4.768827786710368800, 4.241615791476277800, 3.103041480451419300 ) ) ;
#6212 = FACE_OUTER_BOUND ( 'NONE', #4319, .T. ) ;
#6213 = EDGE_CURVE ( 'NONE', #160, #2073, #966, .T. ) ;
#6214 = CIRCLE ( 'NONE', #3527, 1.000000000000000000 ) ;
#6215 = CYLINDRICAL_SURFACE ( 'NONE', #6525, 1.650000000000000400 ) ;
#6216 = CARTESIAN_POINT ( 'NONE',  ( 11.65200554662292000, 3.680356420729224100, 4.829998340009569600 ) ) ;
#6217 = DIRECTION ( 'NONE',  ( -1.000000000000000000, -2.863857827303820200E-031, 1.224646799147345600E-016 ) ) ;
#6218 = CARTESIAN_POINT ( 'NONE',  ( -0.8313277867103788800, 6.758384208523724900, 4.896958519548592300 ) ) ;
#6219 = CARTESIAN_POINT ( 'NONE',  ( 6.952000592372808500, -12.89428619600652000, 2.204163812291783000 ) ) ;
#6220 = CARTESIAN_POINT ( 'NONE',  ( 5.282016967282706900, -1.608880268456842400, 1.940953988774060300 ) ) ;
#6221 = CARTESIAN_POINT ( 'NONE',  ( 3.218759944222879800, 5.539047137326771300, 3.640448694549154800 ) ) ;
#6222 = CC_DESIGN_PERSON_AND_ORGANIZATION_ASSIGNMENT ( #5647, #3210, ( #1031 ) ) ;
#6223 = CARTESIAN_POINT ( 'NONE',  ( 7.189505546622929600, 6.458399530062931300, 6.101143420642317800 ) ) ;
#6224 = CARTESIAN_POINT ( 'NONE',  ( -6.489661120043698400, 3.201156655697758900, 3.779426629688414700 ) ) ;
#6225 = CARTESIAN_POINT ( 'NONE',  ( -15.00632778671034200, 6.535718485426611000, 2.546943076929714300 ) ) ;
#6226 = CYLINDRICAL_SURFACE ( 'NONE', #3, 1.999999999999999600 ) ;
#6227 = CARTESIAN_POINT ( 'NONE',  ( 6.701684510135632600, 3.380713803993441700, 4.971606782681494300 ) ) ;
#6228 = CARTESIAN_POINT ( 'NONE',  ( 7.262641947663270000, -13.36095286267318500, 4.277813907273678500 ) ) ;
#6229 = CARTESIAN_POINT ( 'NONE',  ( 5.259406098776347300, -9.948452862673193000, 5.526492704452464500 ) ) ;
#6230 = CARTESIAN_POINT ( 'NONE',  ( 6.621914875055270300, 9.943213803993426600, 2.612414249184340100 ) ) ;
#6231 = CARTESIAN_POINT ( 'NONE',  ( 9.872838879956258800, 3.723756548762971400, 3.829569941986563600 ) ) ;
#6232 = ORIENTED_EDGE ( 'NONE', *, *, #187, .T. ) ;
#6233 = CARTESIAN_POINT ( 'NONE',  ( -11.36049445337701900, 4.541600469937070500, 1.898856579357692100 ) ) ;
#6234 = ORIENTED_EDGE ( 'NONE', *, *, #4383, .T. ) ;
#6235 = VECTOR ( 'NONE', #1264, 1000.000000000000000 ) ;
#6236 = DIRECTION ( 'NONE',  ( 1.000000000000000000, -0.0000000000000000000, 0.0000000000000000000 ) ) ;
#6237 = CARTESIAN_POINT ( 'NONE',  ( 6.140727072607990800, -8.577619529339861200, 5.665399658089314400 ) ) ;
#6238 = CARTESIAN_POINT ( 'NONE',  ( 7.366620324074953700, -0.2651195293398855800, 3.281857558871289700 ) ) ;
#6239 = CARTESIAN_POINT ( 'NONE',  ( -6.285494453377030900, 4.094019031668182200, 4.641313432528432000 ) ) ;
#6240 = CARTESIAN_POINT ( 'NONE',  ( 12.29367221328958600, 4.159556185760689800, 5.880570050330726800 ) ) ;
#6241 =( BOUNDED_CURVE ( )  B_SPLINE_CURVE ( 2, ( #3204, #3716, #4182, #6303, #624, #1084, #2150, #4758, #2615 ),
 .UNSPECIFIED., .F., .F. ) 
 B_SPLINE_CURVE_WITH_KNOTS ( ( 3, 2, 2, 2, 3 ),
 ( 0.5388888888888889700, 0.5407407407407407400, 0.5444444444444444000, 0.5481481481481481600, 0.5500000000000000400 ),
 .UNSPECIFIED. ) 
 CURVE ( )  GEOMETRIC_REPRESENTATION_ITEM ( )  RATIONAL_B_SPLINE_CURVE ( ( 0.9330127018922194100, 0.9330127018922214100, 1.000000000000000000, 0.8660254037844387100, 1.000000000000000000, 0.8660254037844387100, 1.000000000000000000, 0.9330127018922174100, 0.9330127018922194100 ) ) 
 REPRESENTATION_ITEM ( '' )  );
#6242 = EDGE_CURVE ( 'NONE', #3982, #1418, #5074, .T. ) ;
#6243 = CARTESIAN_POINT ( 'NONE',  ( 4.281698150459907200, -1.458858790222914400, 2.325805363075963900 ) ) ;
#6244 = CARTESIAN_POINT ( 'NONE',  ( 0.9770055466229514700, 4.759475034189582800, 2.376513018916271800 ) ) ;
#6245 = CARTESIAN_POINT ( 'NONE',  ( 4.670760536595699900, -12.07761952933985200, 1.844612506840962700 ) ) ;
#6246 = DIRECTION ( 'NONE',  ( 1.000000000000000000, 0.0000000000000000000, 0.0000000000000000000 ) ) ;
#6247 = CARTESIAN_POINT ( 'NONE',  ( 4.670760536595702600, 4.022380470660107400, 1.844612506840960700 ) ) ;
#6248 = CARTESIAN_POINT ( 'NONE',  ( 5.789505546622936400, 6.458399530062931300, 6.101143420642317800 ) ) ;
#6249 = CARTESIAN_POINT ( 'NONE',  ( -6.664661120043697400, 5.308977857911811400, 5.990856735486525000 ) ) ;
#6250 = CARTESIAN_POINT ( 'NONE',  ( -13.95632778671034700, 4.464281514573391600, 5.453056923070299400 ) ) ;
#6251 = CARTESIAN_POINT ( 'NONE',  ( 7.262641947663274400, 5.539047137326771300, 4.277813907273675800 ) ) ;
#6252 = AXIS2_PLACEMENT_3D ( 'NONE', #98, #2685, #1653 ) ;
#6253 = CARTESIAN_POINT ( 'NONE',  ( 4.859272927391980800, -12.42761952933985500, 2.334600341910643400 ) ) ;
#6254 = CARTESIAN_POINT ( 'NONE',  ( 4.378085124944704800, -10.70678619600652400, 5.387585750815614600 ) ) ;
#6255 = ORIENTED_EDGE ( 'NONE', *, *, #5799, .F. ) ;
#6256 = CARTESIAN_POINT ( 'NONE',  ( 6.140727072607994300, 11.10988047066008700, 5.665399658089310900 ) ) ;
#6257 = CARTESIAN_POINT ( 'NONE',  ( 9.756172213289593400, 4.464281514573391600, 5.453056923070296800 ) ) ;
#6258 = CARTESIAN_POINT ( 'NONE',  ( -13.57716112004367800, 3.201156655697758900, 3.779426629688416000 ) ) ;
#6259 = CARTESIAN_POINT ( 'NONE',  ( 6.621914875055266800, -9.044286196006529700, 2.612414249184342300 ) ) ;
#6260 = CARTESIAN_POINT ( 'NONE',  ( 3.944760240409291600, -1.431786196006547000, 2.742530600695058100 ) ) ;
#6261 = ORIENTED_EDGE ( 'NONE', *, *, #5194, .T. ) ;
#6262 = CARTESIAN_POINT ( 'NONE',  ( -6.927161120043695800, 3.723756548762971400, 3.829569941986565400 ) ) ;
#6263 = PRODUCT_DEFINITION_FORMATION_WITH_SPECIFIED_SOURCE ( 'ANY', '', #5148, .NOT_KNOWN. ) ;
#6264 = CARTESIAN_POINT ( 'NONE',  ( 11.59367221328958500, 4.159556185760689800, 5.880570050330726800 ) ) ;
#6265 = CARTESIAN_POINT ( 'NONE',  ( 4.768672213289602400, 6.758384208523724900, 4.896958519548591400 ) ) ;
#6266 = CARTESIAN_POINT ( 'NONE',  ( 6.952000592372808500, -11.49428619600652200, 2.204163812291783000 ) ) ;
#6267 = CARTESIAN_POINT ( 'NONE',  ( 4.047999407627161300, -15.95678619600651000, 5.795836187708174800 ) ) ;
#6268 = CARTESIAN_POINT ( 'NONE',  ( 7.366620324074955500, 6.647380470660103000, 3.281857558871288800 ) ) ;
#6269 = VERTEX_POINT ( 'NONE', #920 ) ;
#6270 = CARTESIAN_POINT ( 'NONE',  ( 5.847838879956271700, 5.308977857911811400, 5.990856735486523200 ) ) ;
#6271 = CARTESIAN_POINT ( 'NONE',  ( -7.364661120043696700, 5.308977857911811400, 5.990856735486525000 ) ) ;
#6272 = CARTESIAN_POINT ( 'NONE',  ( -14.65632778671034200, 4.464281514573391600, 5.453056923070299400 ) ) ;
#6273 = CARTESIAN_POINT ( 'NONE',  ( 5.740593901223629600, 9.914047137326759800, 2.473507295547490200 ) ) ;
#6274 = CARTESIAN_POINT ( 'NONE',  ( 4.057721588640701400, -13.65261952933985200, 4.554885921770947200 ) ) ;
#6275 = CARTESIAN_POINT ( 'NONE',  ( 7.262641947663270900, -9.073452862673194700, 4.277813907273678500 ) ) ;
#6276 = CARTESIAN_POINT ( 'NONE',  ( 11.79783887995625600, 5.352403240191906200, 5.538271952077017200 ) ) ;
#6277 = CARTESIAN_POINT ( 'NONE',  ( -8.443827786710359700, 6.840443814239312000, 2.119429949669282600 ) ) ;
#6278 = CARTESIAN_POINT ( 'NONE',  ( 9.500000000000001800, 1.323488975154463600E-021, 7.000000000000000000 ) ) ;
#6279 = EDGE_CURVE ( 'NONE', #4324, #3809, #4996, .T. ) ;
#6280 = CARTESIAN_POINT ( 'NONE',  ( 6.140727072607990800, -9.277619529339862200, 5.665399658089314400 ) ) ;
#6281 = CARTESIAN_POINT ( 'NONE',  ( 7.366620324074954600, 0.4348804706601136500, 3.281857558871289700 ) ) ;
#6282 = CARTESIAN_POINT ( 'NONE',  ( -2.960494453377041000, 6.240524965810419800, 5.623486981083739300 ) ) ;
#6283 = CARTESIAN_POINT ( 'NONE',  ( 10.01867221328959400, 7.128621437182588700, 5.160858395476956200 ) ) ;
#6284 = APPROVAL_STATUS ( 'not_yet_approved' ) ;
#6285 = CARTESIAN_POINT ( 'NONE',  ( 5.585338879956269800, 5.352403240191906200, 5.538271952077017200 ) ) ;
#6286 = CARTESIAN_POINT ( 'NONE',  ( 6.329239463404270800, -11.72761952933985400, 6.155387493158995600 ) ) ;
#6287 = CARTESIAN_POINT ( 'NONE',  ( 5.188619435515716000, -14.49845286267318100, 5.975611840433584700 ) ) ;
#6288 = CARTESIAN_POINT ( 'NONE',  ( 4.670760536595703400, 6.822380470660098300, 1.844612506840960200 ) ) ;
#6289 = CARTESIAN_POINT ( 'NONE',  ( 4.914505546622940800, 7.319643579270779000, 3.170001659990438800 ) ) ;
#6290 = CARTESIAN_POINT ( 'NONE',  ( -1.939661120043710200, 7.798843344302243400, 4.220573370311596400 ) ) ;
#6291 = CARTESIAN_POINT ( 'NONE',  ( -12.90632778671034800, 6.535718485426611000, 2.546943076929713900 ) ) ;
#6292 = FACE_OUTER_BOUND ( 'NONE', #2152, .T. ) ;
#6293 = CARTESIAN_POINT ( 'NONE',  ( 6.621914875055270300, 7.755713803993431900, 2.612414249184340100 ) ) ;
#6294 = LINE ( 'NONE', #4503, #3617 ) ;
#6295 = CARTESIAN_POINT ( 'NONE',  ( 5.740593901223626000, -3.298452862673209000, 2.473507295547491500 ) ) ;
#6296 = EDGE_LOOP ( 'NONE', ( #196, #1902, #6563, #5107 ) ) ;
#6297 = CARTESIAN_POINT ( 'NONE',  ( 12.61450554662292200, 4.094019031668182200, 4.641313432528429300 ) ) ;
#6298 = CARTESIAN_POINT ( 'NONE',  ( -8.793827786710359400, 4.159556185760689800, 5.880570050330730300 ) ) ;
#6299 = AXIS2_PLACEMENT_3D ( 'NONE', #4145, #4122, #6695 ) ;
#6300 = AXIS2_PLACEMENT_3D ( 'NONE', #2801, #242, #6415 ) ;
#6301 = CARTESIAN_POINT ( 'NONE',  ( -2.449999999999998000, 5.499999999999998200, 4.000000000000000000 ) ) ;
#6302 = FACE_OUTER_BOUND ( 'NONE', #4617, .T. ) ;
#6303 = CARTESIAN_POINT ( 'NONE',  ( 7.781240055777093500, -1.023452862673220000, 4.359551305450810200 ) ) ;
#6304 = CARTESIAN_POINT ( 'NONE',  ( 5.740593901223624200, -10.38595286267319100, 2.473507295547492400 ) ) ;
#6305 = CARTESIAN_POINT ( 'NONE',  ( 7.366620324074955500, 3.234880470660110400, 3.281857558871289300 ) ) ;
#6306 = CARTESIAN_POINT ( 'NONE',  ( -0.3938277867103798200, 6.535718485426611000, 2.546943076929713000 ) ) ;
#6307 = LINE ( 'NONE', #77, #1782 ) ;
#6308 = CARTESIAN_POINT ( 'NONE',  ( 12.35200554662291900, 3.680356420729224100, 4.829998340009569600 ) ) ;
#6309 = DIRECTION ( 'NONE',  ( -0.0000000000000000000, -0.0000000000000000000, -1.000000000000000000 ) ) ;
#6310 = CARTESIAN_POINT ( 'NONE',  ( 3.135338879956275800, 5.647596759808096500, 2.461728047922991700 ) ) ;
#6311 = CARTESIAN_POINT ( 'NONE',  ( -0.1159583017992540400, 3.719493646822297900, 3.236155114688978000 ) ) ;
#6312 = CARTESIAN_POINT ( 'NONE',  ( 4.670760536595700800, -11.37761952933985700, 1.844612506840962500 ) ) ;
#6313 = ORIENTED_EDGE ( 'NONE', *, *, #59, .T. ) ;
#6314 = CARTESIAN_POINT ( 'NONE',  ( 3.633379675925018800, -14.61511952933984800, 4.718142441128667200 ) ) ;
#6315 = CARTESIAN_POINT ( 'NONE',  ( 5.811380564484259100, 9.564047137326760200, 2.024388159566370400 ) ) ;
#6316 = VECTOR ( 'NONE', #1901, 1000.000000000000000 ) ;
#6317 = CARTESIAN_POINT ( 'NONE',  ( 10.74783887995626100, 5.308977857911811400, 5.990856735486522300 ) ) ;
#6318 = CARTESIAN_POINT ( 'NONE',  ( -4.797994453377035600, 7.319643579270779000, 3.170001659990440100 ) ) ;
#6319 = CARTESIAN_POINT ( 'NONE',  ( -12.55632778671035000, 4.464281514573391600, 5.453056923070299400 ) ) ;
#6320 = CARTESIAN_POINT ( 'NONE',  ( 4.378085124944708400, 7.405713803993434000, 5.387585750815612000 ) ) ;
#6321 = ORIENTED_EDGE ( 'NONE', *, *, #1402, .T. ) ;
#6322 = CARTESIAN_POINT ( 'NONE',  ( 7.262641947663271800, -3.473452862673208900, 4.277813907273678500 ) ) ;
#6323 = ORIENTED_EDGE ( 'NONE', *, *, #29, .F. ) ;
#6324 = CARTESIAN_POINT ( 'NONE',  ( 14.65617221328958000, 4.464281514573391600, 5.453056923070295900 ) ) ;
#6325 = CARTESIAN_POINT ( 'NONE',  ( -7.918827786710360300, 3.871378562817414000, 2.839141604523054000 ) ) ;
#6326 = DIRECTION ( 'NONE',  ( 0.0000000000000000000, -1.000000000000000000, 0.0000000000000000000 ) ) ;
#6327 = CARTESIAN_POINT ( 'NONE',  ( -0.5225052893267890800, 5.499999999999963600, 2.350000000000004500 ) ) ;
#6328 = CARTESIAN_POINT ( 'NONE',  ( -2.099999999999996100, 6.019058217697600600, 5.566230687555505900 ) ) ;
#6329 = CARTESIAN_POINT ( 'NONE',  ( 5.259406098776346500, -11.43595286267318800, 5.526492704452464500 ) ) ;
#6330 = CARTESIAN_POINT ( 'NONE',  ( 3.218759944222879800, 5.626547137326770800, 3.640448694549154800 ) ) ;
#6331 = CARTESIAN_POINT ( 'NONE',  ( -1.268827786710379200, 4.241615791476277800, 3.103041480451418400 ) ) ;
#6332 = CARTESIAN_POINT ( 'NONE',  ( 13.81033887995625200, 3.201156655697758900, 3.779426629688412500 ) ) ;
#6333 = EDGE_CURVE ( 'NONE', #5048, #339, #6294, .T. ) ;
#6334 = APPROVAL_ROLE ( '' ) ;
#6335 = CARTESIAN_POINT ( 'NONE',  ( 2.668672213289612100, 6.758384208523724900, 4.896958519548592300 ) ) ;
#6336 = CARTESIAN_POINT ( 'NONE',  ( -0.1289405603830916800, 3.624207718842674000, 3.569760931693320300 ) ) ;
#6337 = CARTESIAN_POINT ( 'NONE',  ( 6.952000592372808500, -10.09428619600652500, 2.204163812291783000 ) ) ;
#6338 = CARTESIAN_POINT ( 'NONE',  ( 4.670760536595699900, -15.49011952933984700, 1.844612506840963100 ) ) ;
#6339 = CARTESIAN_POINT ( 'NONE',  ( 5.811380564484259100, 8.864047137326760900, 2.024388159566370400 ) ) ;
#6340 = CARTESIAN_POINT ( 'NONE',  ( 9.289505546622930200, 6.458399530062931300, 6.101143420642317800 ) ) ;
#6341 = CARTESIAN_POINT ( 'NONE',  ( -4.564661120043703900, 5.308977857911811400, 5.990856735486524100 ) ) ;
#6342 = ORIENTED_EDGE ( 'NONE', *, *, #960, .F. ) ;
#6343 = CARTESIAN_POINT ( 'NONE',  ( -10.10632778671035600, 6.535718485426611000, 2.546943076929713900 ) ) ;
#6344 = CARTESIAN_POINT ( 'NONE',  ( 5.740593901223628700, 7.114047137326766200, 2.473507295547490600 ) ) ;
#6345 = CARTESIAN_POINT ( 'NONE',  ( 6.701684510135630800, -6.331786196006534700, 4.971606782681495100 ) ) ;
#6346 = CARTESIAN_POINT ( 'NONE',  ( 11.21450554662292400, 4.094019031668182200, 4.641313432528429300 ) ) ;
#6347 = ORIENTED_EDGE ( 'NONE', *, *, #3745, .T. ) ;
#6348 = CARTESIAN_POINT ( 'NONE',  ( -9.610494453377024000, 6.458399530062931300, 6.101143420642320500 ) ) ;
#6349 = CARTESIAN_POINT ( 'NONE',  ( -1.912588525827342300, 5.657593267222758000, 2.357543193223626600 ) ) ;
#6350 = CARTESIAN_POINT ( 'NONE',  ( -2.136001440191376100, 6.733680371010642300, 5.167267000293974500 ) ) ;
#6351 = CARTESIAN_POINT ( 'NONE',  ( 6.942278411359269300, -4.902619529339871100, 3.445114078229009700 ) ) ;
#6352 = CARTESIAN_POINT ( 'NONE',  ( 5.188619435515719600, 2.301547137326776000, 5.975611840433583800 ) ) ;
#6353 = CARTESIAN_POINT ( 'NONE',  ( -2.610494453377040900, 4.759475034189582800, 2.376513018916271800 ) ) ;
#6354 = CARTESIAN_POINT ( 'NONE',  ( -16.02716112004367200, 3.723756548762971400, 3.829569941986566800 ) ) ;
#6355 = APPROVAL_STATUS ( 'not_yet_approved' ) ;
#6356 = CARTESIAN_POINT ( 'NONE',  ( 3.835338879956275100, 5.647596759808096500, 2.461728047922991300 ) ) ;
#6357 = CARTESIAN_POINT ( 'NONE',  ( -2.299163422289344900, 5.499999999977148900, 2.150836577710652200 ) ) ;
#6358 = CARTESIAN_POINT ( 'NONE',  ( 3.633379675925020500, -7.002619529339865400, 4.718142441128666300 ) ) ;
#6359 = EDGE_LOOP ( 'NONE', ( #6679, #3486, #6660, #4450, #5788, #2314 ) ) ;
#6360 = CARTESIAN_POINT ( 'NONE',  ( 3.944760240409288100, -14.03178619600651800, 2.742530600695059800 ) ) ;
#6361 = DIRECTION ( 'NONE',  ( 0.0000000000000000000, 1.000000000000000000, -0.0000000000000000000 ) ) ;
#6362 = ORIENTED_EDGE ( 'NONE', *, *, #5027, .F. ) ;
#6363 = CARTESIAN_POINT ( 'NONE',  ( 3.944760240409293400, 9.680713803993427300, 2.742530600695057200 ) ) ;
#6364 = CARTESIAN_POINT ( 'NONE',  ( 11.91450554662292300, 7.319643579270779000, 3.170001659990438400 ) ) ;
#6365 = CARTESIAN_POINT ( 'NONE',  ( -3.572994453377040800, 4.541600469937070500, 1.898856579357691000 ) ) ;
#6366 = CARTESIAN_POINT ( 'NONE',  ( -1.359069811163946800, 5.421022839120518600, 5.650000000000006600 ) ) ;
#6367 = CARTESIAN_POINT ( 'NONE',  ( -10.57299445337702100, 6.240524965810419800, 5.623486981083740200 ) ) ;
#6368 = CARTESIAN_POINT ( 'NONE',  ( 4.378085124944709200, 8.105713803993431600, 5.387585750815612000 ) ) ;
#6369 =( BOUNDED_CURVE ( )  B_SPLINE_CURVE ( 2, ( #699, #2728, #1289, #2241, #768, #4896, #6349, #3249, #5394 ),
 .UNSPECIFIED., .F., .F. ) 
 B_SPLINE_CURVE_WITH_KNOTS ( ( 3, 2, 2, 2, 3 ),
 ( 0.5262759913613870300, 0.5296296296296296700, 0.5333333333333333300, 0.5370370370370369800, 0.5373871024724982100 ),
 .UNSPECIFIED. ) 
 CURVE ( )  GEOMETRIC_REPRESENTATION_ITEM ( )  RATIONAL_B_SPLINE_CURVE ( ( 0.9770678153906140500, 0.8786883701329691900, 1.000000000000000000, 0.8660254037844387100, 1.000000000000000000, 0.8660254037844387100, 1.000000000000000000, 0.9873370336514655200, 0.9770678153906076100 ) ) 
 REPRESENTATION_ITEM ( '' )  );
#6370 = CARTESIAN_POINT ( 'NONE',  ( 3.737358052336702000, -4.523452862673206500, 3.722186092726278000 ) ) ;
#6371 = CARTESIAN_POINT ( 'NONE',  ( 13.25617221328958600, 4.464281514573391600, 5.453056923070295900 ) ) ;
#6372 = CARTESIAN_POINT ( 'NONE',  ( -9.260494453377026100, 4.541600469937070500, 1.898856579357691900 ) ) ;
#6373 = CARTESIAN_POINT ( 'NONE',  ( 14.61450554662299000, 4.670001659990461500, 2.180356420729214800 ) ) ;
#6374 = EDGE_CURVE ( 'NONE', #3236, #373, #4919, .T. ) ;
#6375 = CARTESIAN_POINT ( 'NONE',  ( 6.140727072607990800, -7.877619529339866300, 5.665399658089314400 ) ) ;
#6376 = CARTESIAN_POINT ( 'NONE',  ( 4.670760536595702600, 4.109880470660102400, 1.844612506840960700 ) ) ;
#6377 = CARTESIAN_POINT ( 'NONE',  ( 0.3061722132896190800, 6.535718485426611000, 2.546943076929712100 ) ) ;
#6378 = CARTESIAN_POINT ( 'NONE',  ( 13.69367221328958300, 4.159556185760689800, 5.880570050330726800 ) ) ;
#6379 = CARTESIAN_POINT ( 'NONE',  ( 6.752005546622933200, 6.905980968331821400, 3.358686567471578700 ) ) ;
#6380 = CARTESIAN_POINT ( 'NONE',  ( 7.055239759590683100, -5.369286196006537900, 5.257469399304896200 ) ) ;
#6381 = CARTESIAN_POINT ( 'NONE',  ( 3.633379675925020100, -9.715119529339862200, 4.718142441128666300 ) ) ;
#6382 = CARTESIAN_POINT ( 'NONE',  ( -0.2118569124662527700, 5.389473563596634000, 2.161856912465333700 ) ) ;
#6383 = CARTESIAN_POINT ( 'NONE',  ( 6.952000592372813000, 10.20571380399342600, 2.204163812291780800 ) ) ;
#6384 = CARTESIAN_POINT ( 'NONE',  ( 9.697838879956261600, 5.691022142088190300, 2.009143264513485200 ) ) ;
#6385 = CARTESIAN_POINT ( 'NONE',  ( -3.922994453377038700, 6.458399530062931300, 6.101143420642319600 ) ) ;
#6386 = CARTESIAN_POINT ( 'NONE',  ( 5.282016967282720200, -0.9088802684568434400, 1.940953988774050800 ) ) ;
#6387 = CARTESIAN_POINT ( 'NONE',  ( -9.639661120043690800, 3.723756548762971400, 3.829569941986565400 ) ) ;
#6388 = CARTESIAN_POINT ( 'NONE',  ( 6.140727072607994300, 11.72238047066009000, 5.665399658089310900 ) ) ;
#6389 = CARTESIAN_POINT ( 'NONE',  ( 4.298315489864342500, -3.881786196006540700, 3.028393217318459100 ) ) ;
#6390 = CARTESIAN_POINT ( 'NONE',  ( -5.527161120043702500, 7.798843344302243400, 4.220573370311597300 ) ) ;
#6391 = ORIENTED_EDGE ( 'NONE', *, *, #4987, .T. ) ;
#6392 = CARTESIAN_POINT ( 'NONE',  ( 3.849999999999988500, -0.4532164021952642100, 3.999999999999982200 ) ) ;
#6393 = DIRECTION ( 'NONE',  ( 0.3590712205643570300, 0.0000000000000000000, 0.9333101620374777400 ) ) ;
#6394 = DIRECTION ( 'NONE',  ( -1.000000000000000000, -6.938893903907226400E-016, 0.0000000000000000000 ) ) ;
#6395 = CARTESIAN_POINT ( 'NONE',  ( 4.057721588640703200, -8.052619529339864400, 4.554885921770946300 ) ) ;
#6396 = CARTESIAN_POINT ( 'NONE',  ( 3.633379675925022300, 2.184880470660108400, 4.718142441128664500 ) ) ;
#6397 = CARTESIAN_POINT ( 'NONE',  ( 0.8311722132896166600, 4.241615791476277800, 3.103041480451418400 ) ) ;
#6398 = ORIENTED_EDGE ( 'NONE', *, *, #3787, .F. ) ;
#6399 = VERTEX_POINT ( 'NONE', #5627 ) ;
#6400 = CARTESIAN_POINT ( 'NONE',  ( 9.435338879956262300, 5.647596759808096500, 2.461728047922990800 ) ) ;
#6401 = CARTESIAN_POINT ( 'NONE',  ( 3.218759944222876700, -7.060952862673199900, 3.640448694549156500 ) ) ;
#6402 = CARTESIAN_POINT ( 'NONE',  ( 3.944760240409289000, -11.93178619600652200, 2.742530600695059800 ) ) ;
#6403 = DIRECTION ( 'NONE',  ( 2.220446049250312600E-016, 1.000000000000000000, -0.0000000000000000000 ) ) ;
#6404 = CARTESIAN_POINT ( 'NONE',  ( 5.188619435515721400, 7.814047137326765500, 5.975611840433583000 ) ) ;
#6405 = CARTESIAN_POINT ( 'NONE',  ( 11.85617221328958800, 6.840443814239312000, 2.119429949669280300 ) ) ;
#6406 = CARTESIAN_POINT ( 'NONE',  ( 1.502005546622948900, 7.319643579270779000, 3.170001659990439300 ) ) ;
#6407 = CARTESIAN_POINT ( 'NONE',  ( -1.014150477759522100, 5.499999999999985800, 2.350000000000005000 ) ) ;
#6408 = CARTESIAN_POINT ( 'NONE',  ( -11.56466112004368400, 5.647596759808096500, 2.461728047922993500 ) ) ;
#6409 = CARTESIAN_POINT ( 'NONE',  ( 6.621914875055272100, 11.95571380399342200, 2.612414249184340100 ) ) ;
#6410 = CARTESIAN_POINT ( 'NONE',  ( 4.378085124944707500, -0.2067861960065528200, 5.387585750815612900 ) ) ;
#6411 = EDGE_CURVE ( 'NONE', #3047, #5450, #3377, .T. ) ;
#6412 = CARTESIAN_POINT ( 'NONE',  ( -3.368827786710373300, 7.128621437182588700, 5.160858395476958000 ) ) ;
#6413 = CARTESIAN_POINT ( 'NONE',  ( 4.859272927391979900, -15.14011952933984700, 2.334600341910643800 ) ) ;
#6414 = CARTESIAN_POINT ( 'NONE',  ( 6.218142441128732000, -1.840119529339874900, 5.866620324074928000 ) ) ;
#6415 = DIRECTION ( 'NONE',  ( 0.0000000000000000000, 0.0000000000000000000, -1.000000000000000000 ) ) ;
#6416 = CARTESIAN_POINT ( 'NONE',  ( 6.701684510135630800, -6.419286196006533300, 4.971606782681495100 ) ) ;
#6417 = CARTESIAN_POINT ( 'NONE',  ( 5.188619435515721400, 9.301547137326760900, 5.975611840433583000 ) ) ;
#6418 = ORIENTED_EDGE ( 'NONE', *, *, #4034, .T. ) ;
#6419 = CARTESIAN_POINT ( 'NONE',  ( 1.822838879956283100, 7.276243451237029100, 4.170430058013445200 ) ) ;
#6420 = CARTESIAN_POINT ( 'NONE',  ( 7.685338879956267600, 5.352403240191906200, 5.538271952077017200 ) ) ;
#6421 = CARTESIAN_POINT ( 'NONE',  ( 4.670760536595700800, -7.877619529339866300, 1.844612506840962200 ) ) ;
#6422 = CARTESIAN_POINT ( 'NONE',  ( -1.820900380926743900, 4.156387314324367000, 3.042291823731519500 ) ) ;
#6423 = ORIENTED_EDGE ( 'NONE', *, *, #5610, .F. ) ;
#6424 = CARTESIAN_POINT ( 'NONE',  ( 5.811380564484254700, -12.74845286267318700, 2.024388159566373100 ) ) ;
#6425 = CARTESIAN_POINT ( 'NONE',  ( -0.4792337142600804900, 3.603454240950651100, 3.818026969492943800 ) ) ;
#6426 = CARTESIAN_POINT ( 'NONE',  ( 3.944760240409294300, 12.48071380399342100, 2.742530600695056300 ) ) ;
#6427 = CARTESIAN_POINT ( 'NONE',  ( 12.20617221328958600, 4.159556185760689800, 5.880570050330726800 ) ) ;
#6428 = CARTESIAN_POINT ( 'NONE',  ( 0.8020055466229497600, 7.319643579270779000, 3.170001659990439300 ) ) ;
#6429 = CARTESIAN_POINT ( 'NONE',  ( -10.68966112004368800, 7.276243451237029100, 4.170430058013447900 ) ) ;
#6430 = CARTESIAN_POINT ( 'NONE',  ( 4.378085124944710100, 10.90571380399342500, 5.387585750815611100 ) ) ;
#6431 = CARTESIAN_POINT ( 'NONE',  ( 7.781240055777096200, -3.210952862673210500, 4.359551305450798600 ) ) ;
#6432 = AXIS2_PLACEMENT_3D ( 'NONE', #3291, #4844, #4419 ) ;
#6433 = AXIS2_PLACEMENT_3D ( 'NONE', #6121, #3563, #997 ) ;
#6434 = CARTESIAN_POINT ( 'NONE',  ( 4.057721588640705000, 0.4348804706601136500, 4.554885921770946300 ) ) ;
#6435 = ORIENTED_EDGE ( 'NONE', *, *, #1135, .T. ) ;
#6436 = CARTESIAN_POINT ( 'NONE',  ( -5.410494453377034500, 6.458399530062931300, 6.101143420642320500 ) ) ;
#6437 = CARTESIAN_POINT ( 'NONE',  ( -1.152161120043709900, 5.308977857911839800, 5.990856735486526800 ) ) ;
#6438 = CARTESIAN_POINT ( 'NONE',  ( 6.140727072607989000, -16.19011952933984200, 5.665399658089315300 ) ) ;
#6439 = CARTESIAN_POINT ( 'NONE',  ( -1.472994453377042000, 4.670001659990450800, 2.180356420729214800 ) ) ;
#6440 = DIRECTION ( 'NONE',  ( 0.0000000000000000000, 0.0000000000000000000, 1.000000000000000000 ) ) ;
#6441 = CARTESIAN_POINT ( 'NONE',  ( 6.621914875055267700, -7.644286196006529400, 2.612414249184342300 ) ) ;
#6442 = CARTESIAN_POINT ( 'NONE',  ( 3.633379675925023200, 7.784880470660095100, 4.718142441128664500 ) ) ;
#6443 = CARTESIAN_POINT ( 'NONE',  ( 2.114505546622947700, 4.094019031668182200, 4.641313432528431100 ) ) ;
#6444 = CARTESIAN_POINT ( 'NONE',  ( 8.443672213289593400, 4.464281514573391600, 5.453056923070296800 ) ) ;
#6445 = CARTESIAN_POINT ( 'NONE',  ( 5.188619435515717800, -5.485952862673202400, 5.975611840433584700 ) ) ;
#6446 = CARTESIAN_POINT ( 'NONE',  ( 6.697900488707566600, -0.7047136017901805000, 2.518435145140717000 ) ) ;
#6447 = CARTESIAN_POINT ( 'NONE',  ( 3.633379675925019200, -11.81511952933985500, 4.718142441128666300 ) ) ;
#6448 = CARTESIAN_POINT ( 'NONE',  ( -0.2278350145063673400, 5.278944116544097100, 2.187947766527147800 ) ) ;
#6449 = CARTESIAN_POINT ( 'NONE',  ( 3.633379675925024500, 12.59738047066008600, 4.718142441128663700 ) ) ;
#6450 = CARTESIAN_POINT ( 'NONE',  ( -1.414661120043710500, 5.691022142088190300, 2.009143264513486100 ) ) ;
#6451 = CARTESIAN_POINT ( 'NONE',  ( -8.589661120043693600, 7.276243451237029100, 4.170430058013447900 ) ) ;
#6452 = CARTESIAN_POINT ( 'NONE',  ( 5.740593901223629600, 12.71404713732675300, 2.473507295547489700 ) ) ;
#6453 = CARTESIAN_POINT ( 'NONE',  ( 3.633379675925021400, -2.102619529339877500, 4.718142441128665400 ) ) ;
#6454 = CARTESIAN_POINT ( 'NONE',  ( 3.737358052336702000, -2.423452862673211700, 3.722186092726278000 ) ) ;
#6455 = CARTESIAN_POINT ( 'NONE',  ( 9.500000000000001800, 1.323488975154463600E-021, 1.000000000000000000 ) ) ;
#6456 = CARTESIAN_POINT ( 'NONE',  ( -5.877161120043698600, 3.201156655697758900, 3.779426629688414700 ) ) ;
#6458 = CARTESIAN_POINT ( 'NONE',  ( -2.499999999999999600, 5.499999999999998200, 4.000000000000000000 ) ) ;
#6457 = FACE_OUTER_BOUND ( 'NONE', #3427, .T. ) ;
#6459 = CARTESIAN_POINT ( 'NONE',  ( 6.140727072607989000, -15.49011952933984700, 5.665399658089315300 ) ) ;
#6460 = FACE_OUTER_BOUND ( 'NONE', #906, .T. ) ;
#6461 = CARTESIAN_POINT ( 'NONE',  ( 7.781240055777090900, -1.723452862673213100, 4.359551305450826100 ) ) ;
#6462 = EDGE_CURVE ( 'NONE', #3313, #4456, #5693, .T. ) ;
#6463 = CARTESIAN_POINT ( 'NONE',  ( 6.942278411359270200, -2.802619529339876800, 3.445114078229009300 ) ) ;
#6464 = CARTESIAN_POINT ( 'NONE',  ( 3.944760240409293400, 8.368213803993427300, 2.742530600695057200 ) ) ;
#6465 = CARTESIAN_POINT ( 'NONE',  ( 1.997838879956279800, 5.352403240191906200, 5.538271952077018100 ) ) ;
#6466 = LINE ( 'NONE', #376, #2184 ) ;
#6467 = CARTESIAN_POINT ( 'NONE',  ( 11.76867221328958700, 6.758384208523724900, 4.896958519548591400 ) ) ;
#6468 = CARTESIAN_POINT ( 'NONE',  ( 6.329239463404272600, -4.027619529339873800, 6.155387493158993800 ) ) ;
#6469 = DIRECTION ( 'NONE',  ( 1.000000000000000000, -0.0000000000000000000, -0.0000000000000000000 ) ) ;
#6470 = CIRCLE ( 'NONE', #709, 1.000000000000000000 ) ;
#6471 = CARTESIAN_POINT ( 'NONE',  ( 4.670760536595699900, -12.69011952933985300, 1.844612506840962700 ) ) ;
#6472 = CARTESIAN_POINT ( 'NONE',  ( -13.86882778671034600, 4.241615791476277800, 3.103041480451420100 ) ) ;
#6473 = CARTESIAN_POINT ( 'NONE',  ( 5.188619435515721400, 12.01404713732675400, 5.975611840433583000 ) ) ;
#6474 = CARTESIAN_POINT ( 'NONE',  ( -1.006327786710379000, 4.159556185760689800, 5.880570050330728500 ) ) ;
#6475 = CARTESIAN_POINT ( 'NONE',  ( 6.697900488707565700, -1.896358790222913800, 2.518435145140717000 ) ) ;
#6476 = CARTESIAN_POINT ( 'NONE',  ( -5.614661120043700200, 5.352403240191906200, 5.538271952077018900 ) ) ;
#6477 = CARTESIAN_POINT ( 'NONE',  ( 6.621914875055272100, 11.25571380399341900, 2.612414249184340100 ) ) ;
#6478 = CARTESIAN_POINT ( 'NONE',  ( 5.811380564484257300, -0.9359528626732144300, 2.024388159566371700 ) ) ;
#6479 = EDGE_LOOP ( 'NONE', ( #5123, #3509, #1224, #3119 ) ) ;
#6480 = CARTESIAN_POINT ( 'NONE',  ( 4.057721588640704100, -0.9651195293398848700, 4.554885921770946300 ) ) ;
#6481 = CARTESIAN_POINT ( 'NONE',  ( 14.94783887995624700, 5.647596759808096500, 2.461728047922989900 ) ) ;
#6482 = CARTESIAN_POINT ( 'NONE',  ( -5.235494453377032000, 3.680356420729224100, 4.829998340009572300 ) ) ;
#6483 = CARTESIAN_POINT ( 'NONE',  ( -16.34799445337700900, 3.680356420729224100, 4.829998340009573200 ) ) ;
#6484 = CARTESIAN_POINT ( 'NONE',  ( 4.057721588640700500, -17.06511952933984200, 4.554885921770947200 ) ) ;
#6485 = VERTEX_POINT ( 'NONE', #6607 ) ;
#6486 = CARTESIAN_POINT ( 'NONE',  ( 7.149999999999997700, -2.500000000000004400, 4.000000000000000000 ) ) ;
#6487 = CARTESIAN_POINT ( 'NONE',  ( 5.282016967282698900, -2.308880268456840600, 1.940953988774055700 ) ) ;
#6488 = CARTESIAN_POINT ( 'NONE',  ( 6.140727072607991700, -3.677619529339875000, 5.665399658089312700 ) ) ;
#6489 = CARTESIAN_POINT ( 'NONE',  ( 7.055239759590686600, 8.718213803993430500, 5.257469399304894400 ) ) ;
#6490 = CARTESIAN_POINT ( 'NONE',  ( 4.972838879956269100, 3.723756548762971400, 3.829569941986564100 ) ) ;
#6491 = CARTESIAN_POINT ( 'NONE',  ( 11.71033887995625200, 7.276243451237029100, 4.170430058013445200 ) ) ;
#6492 = CARTESIAN_POINT ( 'NONE',  ( 3.944760240409290700, -3.619286196006540100, 2.742530600695058900 ) ) ;
#6493 = CARTESIAN_POINT ( 'NONE',  ( 4.815877442691452800, -0.5880469351235124700, 2.221805318143790700 ) ) ;
#6494 = CARTESIAN_POINT ( 'NONE',  ( 7.781240055777096200, -8.723452862673196900, 4.359551305450800400 ) ) ;
#6495 = CARTESIAN_POINT ( 'NONE',  ( -13.75216112004367900, 5.647596759808096500, 2.461728047922993500 ) ) ;
#6496 = CARTESIAN_POINT ( 'NONE',  ( 3.218759944222881600, 13.23904713732675000, 3.640448694549153900 ) ) ;
#6497 = CARTESIAN_POINT ( 'NONE',  ( 0.3353388799562859200, 5.308977857911811400, 5.990856735486523200 ) ) ;
#6498 = DIRECTION ( 'NONE',  ( 1.000000000000000000, -0.0000000000000000000, -0.0000000000000000000 ) ) ;
#6499 = CARTESIAN_POINT ( 'NONE',  ( -7.539661120043694700, 3.723756548762971400, 3.829569941986565400 ) ) ;
#6500 = CARTESIAN_POINT ( 'NONE',  ( 3.944760240409291600, -0.1192861960065475000, 2.742530600695058100 ) ) ;
#6501 = CARTESIAN_POINT ( 'NONE',  ( 4.057721588640704100, -3.065119529339875600, 4.554885921770946300 ) ) ;
#6502 = EDGE_CURVE ( 'NONE', #1021, #5048, #3785, .T. ) ;
#6503 = CARTESIAN_POINT ( 'NONE',  ( -2.291755192494003600, 4.182429632412344700, 2.402753805653964100 ) ) ;
#6504 = DIRECTION ( 'NONE',  ( 1.000000000000000000, 6.938893903907220500E-016, 0.0000000000000000000 ) ) ;
#6505 = VERTEX_POINT ( 'NONE', #3592 ) ;
#6506 = CARTESIAN_POINT ( 'NONE',  ( -1.268827786710375900, 7.128621437182588700, 5.160858395476958000 ) ) ;
#6507 = CARTESIAN_POINT ( 'NONE',  ( -12.78966112004368200, 3.201156655697758900, 3.779426629688416000 ) ) ;
#6508 = CARTESIAN_POINT ( 'NONE',  ( 6.621914875055265900, -12.45678619600652000, 2.612414249184343200 ) ) ;
#6509 = CARTESIAN_POINT ( 'NONE',  ( 4.781857558871264400, -2.190119529339875600, 2.133379675925025900 ) ) ;
#6510 = CARTESIAN_POINT ( 'NONE',  ( 3.737358052336702000, -3.910952862673209700, 3.722186092726278000 ) ) ;
#6511 = CARTESIAN_POINT ( 'NONE',  ( 5.811380564484259100, 8.951547137326757700, 2.024388159566370400 ) ) ;
#6512 = CARTESIAN_POINT ( 'NONE',  ( 5.789505546622936400, 4.759475034189582800, 2.376513018916270900 ) ) ;
#6513 = VERTEX_POINT ( 'NONE', #516 ) ;
#6514 = CARTESIAN_POINT ( 'NONE',  ( 4.298315489864345200, 5.218213803993434000, 3.028393217318458200 ) ) ;
#6515 = CARTESIAN_POINT ( 'NONE',  ( 13.22700554662291900, 6.240524965810419800, 5.623486981083736700 ) ) ;
#6516 = CARTESIAN_POINT ( 'NONE',  ( 3.944760240409289900, -5.631786196006537200, 2.742530600695058900 ) ) ;
#6517 = CARTESIAN_POINT ( 'NONE',  ( -13.81049445337701300, 4.759475034189582800, 2.376513018916273100 ) ) ;
#6518 = CARTESIAN_POINT ( 'NONE',  ( 4.670760536595704300, 11.72238047066009000, 1.844612506840959800 ) ) ;
#6519 = CARTESIAN_POINT ( 'NONE',  ( 4.885338879956270500, 5.691022142088190300, 2.009143264513485700 ) ) ;
#6520 = ORIENTED_EDGE ( 'NONE', *, *, #2999, .T. ) ;
#6521 = CARTESIAN_POINT ( 'NONE',  ( 8.500000000000001800, -2.500000000000001800, 1.000000000000000000 ) ) ;
#6522 = CARTESIAN_POINT ( 'NONE',  ( -6.489661120043698400, 7.276243451237029100, 4.170430058013447900 ) ) ;
#6523 = DIRECTION ( 'NONE',  ( -1.000000000000000000, -2.863857827303820200E-031, 1.224646799147345600E-016 ) ) ;
#6524 = CARTESIAN_POINT ( 'NONE',  ( 3.944760240409291600, -0.8192861960065467300, 2.742530600695058100 ) ) ;
#6525 = AXIS2_PLACEMENT_3D ( 'NONE', #3456, #3980, #6073 ) ;
#6526 = CARTESIAN_POINT ( 'NONE',  ( 3.737358052336703400, 1.076547137326778800, 3.722186092726277100 ) ) ;
#6527 = ORIENTED_EDGE ( 'NONE', *, *, #2087, .F. ) ;
#6528 = CARTESIAN_POINT ( 'NONE',  ( 6.158500276958715600, -2.071276166028035900, 2.433419081266333900 ) ) ;
#6529 = DIRECTION ( 'NONE',  ( 1.000000000000000000, -0.0000000000000000000, -0.0000000000000000000 ) ) ;
#6530 = CARTESIAN_POINT ( 'NONE',  ( -1.735494453377043100, 3.680356420729224100, 4.829998340009571400 ) ) ;
#6531 = CARTESIAN_POINT ( 'NONE',  ( -12.84799445337701400, 3.680356420729224100, 4.829998340009573200 ) ) ;
#6532 = CARTESIAN_POINT ( 'NONE',  ( 4.859272927391980800, -11.64011952933985600, 2.334600341910642900 ) ) ;
#6533 = CARTESIAN_POINT ( 'NONE',  ( -1.591755192494005700, 4.182429632412342000, 2.402753805653960100 ) ) ;
#6534 = CARTESIAN_POINT ( 'NONE',  ( 6.942278411359270200, -4.202619529339875400, 3.445114078229009300 ) ) ;
#6535 = CARTESIAN_POINT ( 'NONE',  ( 4.047999407627167500, 12.74321380399341800, 5.795836187708170300 ) ) ;
#6536 = CARTESIAN_POINT ( 'NONE',  ( 7.189505546622929600, 4.759475034189582800, 2.376513018916270900 ) ) ;
#6537 = CARTESIAN_POINT ( 'NONE',  ( 6.942278411359271000, 2.184880470660108400, 3.445114078229008800 ) ) ;
#6538 = CARTESIAN_POINT ( 'NONE',  ( 13.46033887995624700, 3.723756548762971400, 3.829569941986563200 ) ) ;
#6539 = CARTESIAN_POINT ( 'NONE',  ( 3.633379675925020100, -8.315119529339865400, 4.718142441128666300 ) ) ;
#6540 = ADVANCED_FACE ( 'NONE', ( #4032 ), #802, .F. ) ;
#6541 = CARTESIAN_POINT ( 'NONE',  ( -12.23549445337701500, 6.905980968331821400, 3.358686567471580900 ) ) ;
#6542 = DIRECTION ( 'NONE',  ( 1.000000000000000000, 0.0000000000000000000, 0.0000000000000000000 ) ) ;
#6543 = CARTESIAN_POINT ( 'NONE',  ( 3.952005546622942700, 3.680356420729224100, 4.829998340009570500 ) ) ;
#6544 = CARTESIAN_POINT ( 'NONE',  ( -2.500000000000000000, 5.499999999999998200, 4.000000000000000000 ) ) ;
#6545 = CARTESIAN_POINT ( 'NONE',  ( -7.189661120043696000, 7.276243451237029100, 4.170430058013447900 ) ) ;
#6546 = CARTESIAN_POINT ( 'NONE',  ( 7.055239759590680400, -16.56928619600650900, 5.257469399304897100 ) ) ;
#6547 = CARTESIAN_POINT ( 'NONE',  ( 6.701684510135632600, 0.6682138039934491000, 4.971606782681494300 ) ) ;
#6548 = VECTOR ( 'NONE', #5091, 1000.000000000000000 ) ;
#6549 = DIRECTION ( 'NONE',  ( -1.000000000000000000, -1.369518533665900100E-016, 0.0000000000000000000 ) ) ;
#6550 = CARTESIAN_POINT ( 'NONE',  ( 0.3645055466229528700, 3.680356420729224100, 4.829998340009571400 ) ) ;
#6551 = CARTESIAN_POINT ( 'NONE',  ( -15.23966112004367400, 7.798843344302243400, 4.220573370311598200 ) ) ;
#6552 = CARTESIAN_POINT ( 'NONE',  ( 6.783072801662311400, -0.8797136017901774400, 5.037412254426534700 ) ) ;
#6553 = CARTESIAN_POINT ( 'NONE',  ( 7.262641947663271800, -3.560952862673210500, 4.277813907273678500 ) ) ;
#6554 = CARTESIAN_POINT ( 'NONE',  ( 7.055239759590686600, 10.81821380399342100, 5.257469399304893500 ) ) ;
#6555 = CARTESIAN_POINT ( 'NONE',  ( 4.389505546622938700, 4.759475034189582800, 2.376513018916270900 ) ) ;
#6556 = CARTESIAN_POINT ( 'NONE',  ( 4.859272927391984400, 4.459880470660104700, 2.334600341910641100 ) ) ;
#6557 = ORIENTED_EDGE ( 'NONE', *, *, #4206, .T. ) ;
#6558 = CARTESIAN_POINT ( 'NONE',  ( 12.23533887995625200, 5.647596759808096500, 2.461728047922989900 ) ) ;
#6559 = DIRECTION ( 'NONE',  ( 1.000000000000000000, 0.0000000000000000000, 0.0000000000000000000 ) ) ;
#6560 = CARTESIAN_POINT ( 'NONE',  ( 7.055239759590683100, -7.381786196006533600, 5.257469399304896200 ) ) ;
#6561 = CARTESIAN_POINT ( 'NONE',  ( -14.39382778671034300, 6.535718485426611000, 2.546943076929714300 ) ) ;
#6562 = CARTESIAN_POINT ( 'NONE',  ( -0.5396611200437124700, 7.798843344302247800, 4.220573370311542200 ) ) ;
#6563 = ORIENTED_EDGE ( 'NONE', *, *, #2177, .T. ) ;
#6564 = AXIS2_PLACEMENT_3D ( 'NONE', #5336, #6403, #5878 ) ;
#6565 = ORIENTED_EDGE ( 'NONE', *, *, #3472, .T. ) ;
#6566 = CARTESIAN_POINT ( 'NONE',  ( 3.252005546622943800, 3.680356420729224100, 4.829998340009570500 ) ) ;
#6567 = CARTESIAN_POINT ( 'NONE',  ( 7.149999999999986100, -1.503216402195264100, 4.000000000000025800 ) ) ;
#6568 = CARTESIAN_POINT ( 'NONE',  ( -4.914661120043701800, 5.352403240191906200, 5.538271952077018900 ) ) ;
#6569 = CARTESIAN_POINT ( 'NONE',  ( -0.2771611200437116800, 3.201156655697755800, 3.779426629688443600 ) ) ;
#6570 = CARTESIAN_POINT ( 'NONE',  ( 3.218759944222874900, -16.16095286267318100, 3.640448694549157400 ) ) ;
#6571 = EDGE_CURVE ( 'NONE', #5532, #1343, #1400, .T. ) ;
#6572 = CARTESIAN_POINT ( 'NONE',  ( -0.2771611200437116800, 3.201156655697758900, 3.779426629688414300 ) ) ;
#6573 = ADVANCED_FACE ( 'NONE', ( #5566 ), #1691, .F. ) ;
#6574 = CARTESIAN_POINT ( 'NONE',  ( -14.48132778671034500, 7.128621437182588700, 5.160858395476958900 ) ) ;
#6575 = B_SPLINE_CURVE_WITH_KNOTS ( 'NONE', 3,
 ( #3051, #1498, #5600, #1539, #5104, #602 ),
 .UNSPECIFIED., .F., .F.,
 ( 4, 2, 4 ),
 ( 0.001346146635276615500, 0.001899107109393017400, 0.002452067583509419200 ),
 .UNSPECIFIED. ) ;
#6576 = CARTESIAN_POINT ( 'NONE',  ( 7.262641947663273500, 2.039047137326778400, 4.277813907273675800 ) ) ;
#6577 = CARTESIAN_POINT ( 'NONE',  ( 4.047999407627167500, 10.64321380399342800, 5.795836187708171200 ) ) ;
#6578 = CARTESIAN_POINT ( 'NONE',  ( 5.614505546622936500, 4.094019031668182200, 4.641313432528430200 ) ) ;
#6579 = CARTESIAN_POINT ( 'NONE',  ( 4.057721588640705900, 3.234880470660110400, 4.554885921770945400 ) ) ;
#6580 = CARTESIAN_POINT ( 'NONE',  ( -14.97716112004367700, 3.201156655697758900, 3.779426629688416000 ) ) ;
#6581 = ADVANCED_FACE ( 'NONE', ( #3471 ), #5642, .F. ) ;
#6582 = CARTESIAN_POINT ( 'NONE',  ( 5.499999999999998200, 0.0000000000000000000, 4.000000000000000000 ) ) ;
#6583 = EDGE_LOOP ( 'NONE', ( #2618, #1552, #2593, #2847 ) ) ;
#6584 = CARTESIAN_POINT ( 'NONE',  ( 5.188619435515717800, -6.798452862673202400, 5.975611840433584700 ) ) ;
#6585 = CARTESIAN_POINT ( 'NONE',  ( -9.902161120043690100, 5.352403240191906200, 5.538271952077018900 ) ) ;
#6586 = CARTESIAN_POINT ( 'NONE',  ( 4.243672213289606500, 6.840443814239312000, 2.119429949669280800 ) ) ;
#6587 = CARTESIAN_POINT ( 'NONE',  ( -0.2479944533770456200, 3.680356420729243600, 4.829998340009614000 ) ) ;
#6588 = CARTESIAN_POINT ( 'NONE',  ( -3.456327786710374100, 4.464281514573391600, 5.453056923070297700 ) ) ;
#6589 = ORIENTED_EDGE ( 'NONE', *, *, #1655, .T. ) ;
#6590 = CARTESIAN_POINT ( 'NONE',  ( 4.276203188776460000, -0.05413820208367541000, 2.418865547489458500 ) ) ;
#6591 = CARTESIAN_POINT ( 'NONE',  ( 4.670760536595699900, -16.27761952933984400, 1.844612506840963300 ) ) ;
#6592 = EDGE_CURVE ( 'NONE', #2781, #852, #1125, .T. ) ;
#6593 = CARTESIAN_POINT ( 'NONE',  ( -0.2188277867103804500, 3.871378562817414000, 2.839141604523052600 ) ) ;
#6594 = CARTESIAN_POINT ( 'NONE',  ( -9.347994453377022900, 3.680356420729224100, 4.829998340009572300 ) ) ;
#6595 = EDGE_LOOP ( 'NONE', ( #4261, #5142, #328, #3011 ) ) ;
#6596 = CARTESIAN_POINT ( 'NONE',  ( 6.942278411359271000, 2.097380470660111100, 3.445114078229008800 ) ) ;
#6597 = CARTESIAN_POINT ( 'NONE',  ( 3.944760240409294300, 11.86821380399342400, 2.742530600695056700 ) ) ;
#6598 = CARTESIAN_POINT ( 'NONE',  ( 7.306172213289599400, 6.535718485426611000, 2.546943076929711700 ) ) ;
#6599 = ORIENTED_EDGE ( 'NONE', *, *, #1305, .T. ) ;
#6600 = CARTESIAN_POINT ( 'NONE',  ( 7.262641947663273500, 2.126547137326774400, 4.277813907273675800 ) ) ;
#6601 = ORIENTED_EDGE ( 'NONE', *, *, #2129, .T. ) ;
#6602 = CARTESIAN_POINT ( 'NONE',  ( 13.81033887995625200, 7.276243451237029100, 4.170430058013445200 ) ) ;
#6603 = AXIS2_PLACEMENT_3D ( 'NONE', #6301, #5842, #648 ) ;
#6604 = CARTESIAN_POINT ( 'NONE',  ( 7.781240055777096200, -4.523452862673206500, 4.359551305450798600 ) ) ;
#6605 = CARTESIAN_POINT ( 'NONE',  ( -11.30216112004368500, 5.352403240191906200, 5.538271952077019800 ) ) ;
#6606 = CARTESIAN_POINT ( 'NONE',  ( 4.010338879956277600, 3.201156655697758900, 3.779426629688413800 ) ) ;
#6607 = CARTESIAN_POINT ( 'NONE',  ( 6.464884892116709000, -2.100000000000002300, 5.338468208425185300 ) ) ;
#6608 = CARTESIAN_POINT ( 'NONE',  ( -3.631327786710372200, 6.758384208523724900, 4.896958519548593200 ) ) ;
#6609 = CARTESIAN_POINT ( 'NONE',  ( -2.299163422289344900, 5.499999999977148900, 2.150836577710652200 ) ) ;
#6610 = CARTESIAN_POINT ( 'NONE',  ( 5.259406098776352700, 13.15154713732675300, 5.526492704452461900 ) ) ;
#6611 = ADVANCED_BREP_SHAPE_REPRESENTATION ( '1147-0001-0001', ( #1648, #4186 ), #2628 ) ;
#6612 = CARTESIAN_POINT ( 'NONE',  ( 4.047999407627164800, 1.455713803993443900, 5.795836187708173000 ) ) ;
#6613 = CARTESIAN_POINT ( 'NONE',  ( 3.456172213289609100, 6.840443814239312000, 2.119429949669281200 ) ) ;
#6614 = CARTESIAN_POINT ( 'NONE',  ( -10.68966112004368800, 3.201156655697758900, 3.779426629688415600 ) ) ;
#6615 = CARTESIAN_POINT ( 'NONE',  ( 4.281698150459907200, -2.246358790222912300, 2.325805363075952800 ) ) ;
#6616 = CARTESIAN_POINT ( 'NONE',  ( 4.057721588640705000, 1.747380470660111300, 4.554885921770946300 ) ) ;
#6617 = CARTESIAN_POINT ( 'NONE',  ( 4.859272927391979900, -16.62761952933984200, 2.334600341910643800 ) ) ;
#6618 = CARTESIAN_POINT ( 'NONE',  ( 10.80617221328959200, 6.535718485426611000, 2.546943076929710800 ) ) ;
#6619 = CARTESIAN_POINT ( 'NONE',  ( 6.621914875055270300, 8.543213803993428000, 2.612414249184340100 ) ) ;
#6620 = CIRCLE ( 'NONE', #2059, 1.650000000000000400 ) ;
#6621 = CARTESIAN_POINT ( 'NONE',  ( 13.25617221328958600, 6.840443814239312000, 2.119429949669279900 ) ) ;
#6622 = CARTESIAN_POINT ( 'NONE',  ( -14.45216112004367700, 5.308977857911811400, 5.990856735486525000 ) ) ;
#6623 = CARTESIAN_POINT ( 'NONE',  ( 6.952000592372810300, -4.406786196006540200, 2.204163812291782200 ) ) ;
#6624 = CARTESIAN_POINT ( 'NONE',  ( -9.843827786710356500, 4.464281514573391600, 5.453056923070299400 ) ) ;
#6625 = COORDINATED_UNIVERSAL_TIME_OFFSET ( 6, 0, .BEHIND. ) ;
#6626 = VECTOR ( 'NONE', #1244, 1000.000000000000000 ) ;
#6627 = CARTESIAN_POINT ( 'NONE',  ( 9.260338879956258000, 7.798843344302243400, 4.220573370311595500 ) ) ;
#6628 = EDGE_CURVE ( 'NONE', #2305, #4537, #4904, .T. ) ;
#6629 = DIRECTION ( 'NONE',  ( -0.0000000000000000000, -0.0000000000000000000, -1.000000000000000000 ) ) ;
#6630 = CARTESIAN_POINT ( 'NONE',  ( -1.822994453377042100, 4.759475034189582800, 2.376513018916271800 ) ) ;
#6631 = DIRECTION ( 'NONE',  ( -0.0000000000000000000, 1.000000000000000000, -0.0000000000000000000 ) ) ;
#6632 = CARTESIAN_POINT ( 'NONE',  ( 7.366620324074950200, -17.15261952933984400, 3.281857558871291500 ) ) ;
#6633 = LINE ( 'NONE', #798, #406 ) ;
#6634 = CARTESIAN_POINT ( 'NONE',  ( 5.811380564484257300, 1.864047137326779100, 2.024388159566371300 ) ) ;
#6635 = CARTESIAN_POINT ( 'NONE',  ( 4.039505546622943500, 4.541600469937070500, 1.898856579357689900 ) ) ;
#6636 = CARTESIAN_POINT ( 'NONE',  ( -10.45632778671035500, 6.840443814239312000, 2.119429949669283000 ) ) ;
#6637 = CARTESIAN_POINT ( 'NONE',  ( 3.849999999999995200, -0.9234574656293002000, 4.306452386981076700 ) ) ;
#6638 = CARTESIAN_POINT ( 'NONE',  ( 4.378085124944707500, 1.105713803993445300, 5.387585750815612900 ) ) ;
#6639 = FACE_OUTER_BOUND ( 'NONE', #776, .T. ) ;
#6640 = CARTESIAN_POINT ( 'NONE',  ( 4.859272927391980800, -14.52761952933985200, 2.334600341910643800 ) ) ;
#6641 = CARTESIAN_POINT ( 'NONE',  ( 6.140727072607989900, -14.09011952933984800, 5.665399658089315300 ) ) ;
#6642 = CARTESIAN_POINT ( 'NONE',  ( 7.422838879956266600, 7.276243451237029100, 4.170430058013445200 ) ) ;
#6643 = CARTESIAN_POINT ( 'NONE',  ( 6.942278411359272800, 7.084880470660095900, 3.445114078229007900 ) ) ;
#6644 = EDGE_LOOP ( 'NONE', ( #6708, #4483, #5105, #4650, #3335, #4076, #6527, #2439, #5666, #1251, #2926, #1744, #162, #4944, #3243, #5203, #5745, #909 ) ) ;
#6645 = CARTESIAN_POINT ( 'NONE',  ( -13.98549445337701000, 7.319643579270779000, 3.170001659990441000 ) ) ;
#6646 = CARTESIAN_POINT ( 'NONE',  ( 3.614134567055775600, -0.1058239576444217800, 3.486578387773736000 ) ) ;
#6647 = CARTESIAN_POINT ( 'NONE',  ( 7.781240055777096200, -5.223452862673205700, 4.359551305450798600 ) ) ;
#6648 = CARTESIAN_POINT ( 'NONE',  ( -9.960494453377021900, 6.240524965810419800, 5.623486981083740200 ) ) ;
#6649 = AXIS2_PLACEMENT_3D ( 'NONE', #3397, #2410, #3423 ) ;
#6650 = CARTESIAN_POINT ( 'NONE',  ( 9.610338879956259500, 3.201156655697758900, 3.779426629688412900 ) ) ;
#6651 = CARTESIAN_POINT ( 'NONE',  ( -4.214661120043704300, 5.352403240191906200, 5.538271952077018900 ) ) ;
#6652 = CARTESIAN_POINT ( 'NONE',  ( 4.047999407627161300, -13.94428619600651600, 5.795836187708174800 ) ) ;
#6653 =( BOUNDED_CURVE ( )  B_SPLINE_CURVE ( 2, ( #1592, #4634, #539, #3679, #4723, #1048, #6197, #3190, #87 ),
 .UNSPECIFIED., .F., .T. ) 
 B_SPLINE_CURVE_WITH_KNOTS ( ( 3, 2, 2, 2, 3 ),
 ( 0.4944444444444445800, 0.4962962962962962900, 0.5000000000000000000, 0.5037037037037036500, 0.5055555555555556500 ),
 .UNSPECIFIED. ) 
 CURVE ( )  GEOMETRIC_REPRESENTATION_ITEM ( )  RATIONAL_B_SPLINE_CURVE ( ( 0.9330127018922193000, 0.9330127018922242900, 1.000000000000000000, 0.8660254037844387100, 1.000000000000000000, 0.8660254037844387100, 1.000000000000000000, 0.9330127018922154100, 0.9330127018922194100 ) ) 
 REPRESENTATION_ITEM ( '' )  );
#6654 = CARTESIAN_POINT ( 'NONE',  ( 4.670760536595702600, 1.222380470660113600, 1.844612506840960900 ) ) ;
#6655 = CARTESIAN_POINT ( 'NONE',  ( 1.822838879956283100, 3.201156655697758900, 3.779426629688413800 ) ) ;
#6656 = CARTESIAN_POINT ( 'NONE',  ( -10.22299445337702100, 6.458399530062931300, 6.101143420642320500 ) ) ;
#6657 = CARTESIAN_POINT ( 'NONE',  ( 6.140727072607993400, 1.222380470660113600, 5.665399658089312700 ) ) ;
#6658 = CARTESIAN_POINT ( 'NONE',  ( 3.737358052336699400, -15.11095286267318000, 3.722186092726279300 ) ) ;
#6659 = CARTESIAN_POINT ( 'NONE',  ( 4.298315489864340800, -12.98178619600651900, 3.028393217318460500 ) ) ;
#6660 = ORIENTED_EDGE ( 'NONE', *, *, #3857, .F. ) ;
#6661 = CARTESIAN_POINT ( 'NONE',  ( 4.859272927391984400, 6.559880470660095500, 2.334600341910640700 ) ) ;
#6662 = DIRECTION ( 'NONE',  ( 2.220446049250312600E-016, 1.000000000000000000, -0.0000000000000000000 ) ) ;
#6663 = CARTESIAN_POINT ( 'NONE',  ( -15.15216112004367400, 5.308977857911811400, 5.990856735486525000 ) ) ;
#6664 = CARTESIAN_POINT ( 'NONE',  ( 7.284290921618813600, -0.2276831614761589100, 4.389324436768720100 ) ) ;
#6665 = CARTESIAN_POINT ( 'NONE',  ( 7.366620324074953700, -3.765119529339874900, 3.281857558871290200 ) ) ;
#6666 = CARTESIAN_POINT ( 'NONE',  ( -7.218827786710362700, 6.758384208523724900, 4.896958519548593200 ) ) ;
#6667 = CARTESIAN_POINT ( 'NONE',  ( 6.635338879956265100, 5.308977857911811400, 5.990856735486523200 ) ) ;
#6668 = CARTESIAN_POINT ( 'NONE',  ( 1.618672213289616700, 4.241615791476277800, 3.103041480451418400 ) ) ;
#6669 = CARTESIAN_POINT ( 'NONE',  ( -2.325413239781331400, 4.822997842624829400, 2.242737259937281500 ) ) ;
#6670 = CARTESIAN_POINT ( 'NONE',  ( 7.366620324074951000, -13.65261952933985200, 3.281857558871291000 ) ) ;
#6671 = CARTESIAN_POINT ( 'NONE',  ( 6.952000592372807700, -17.70678619600650800, 2.204163812291783900 ) ) ;
#6672 = ADVANCED_FACE ( 'NONE', ( #6694 ), #2222, .F. ) ;
#6673 = EDGE_CURVE ( 'NONE', #2280, #2537, #311, .T. ) ;
#6674 = CARTESIAN_POINT ( 'NONE',  ( 7.366620324074954600, 1.747380470660111300, 3.281857558871289700 ) ) ;
#6675 = ORIENTED_EDGE ( 'NONE', *, *, #122, .F. ) ;
#6676 = CARTESIAN_POINT ( 'NONE',  ( 3.981172213289609900, 3.871378562817414000, 2.839141604523052200 ) ) ;
#6677 = CARTESIAN_POINT ( 'NONE',  ( -11.85632778671035200, 6.840443814239312000, 2.119429949669283000 ) ) ;
#6678 = CARTESIAN_POINT ( 'NONE',  ( 5.740593901223627800, 4.314047137326772600, 2.473507295547490600 ) ) ;
#6679 = ORIENTED_EDGE ( 'NONE', *, *, #1612, .T. ) ;
#6680 = CARTESIAN_POINT ( 'NONE',  ( 6.621914875055265900, -15.34428619600651400, 2.612414249184343200 ) ) ;
#6681 = CARTESIAN_POINT ( 'NONE',  ( 6.701684510135629000, -12.63178619600651900, 4.971606782681496000 ) ) ;
#6682 = CARTESIAN_POINT ( 'NONE',  ( 6.701684510135634400, 7.668213803993427100, 4.971606782681493400 ) ) ;
#6683 = CARTESIAN_POINT ( 'NONE',  ( 13.48950554662291900, 6.458399530062931300, 6.101143420642317000 ) ) ;
#6684 = CARTESIAN_POINT ( 'NONE',  ( -13.75216112004367900, 5.308977857911811400, 5.990856735486525000 ) ) ;
#6685 = AXIS2_PLACEMENT_3D ( 'NONE', #4962, #2890, #305 ) ;
#6686 = CARTESIAN_POINT ( 'NONE',  ( -2.260494453377038100, 4.670001659990454400, 2.180356420729221900 ) ) ;
#6687 = CARTESIAN_POINT ( 'NONE',  ( 4.047999407627164800, -2.656786196006544200, 5.795836187708173000 ) ) ;
#6688 = CARTESIAN_POINT ( 'NONE',  ( -4.185494453377036600, 4.094019031668182200, 4.641313432528431100 ) ) ;
#6689 = CARTESIAN_POINT ( 'NONE',  ( 7.393672213289596200, 4.159556185760689800, 5.880570050330727700 ) ) ;
#6690 = DIRECTION ( 'NONE',  ( -1.000000000000000000, 2.628368902995161500E-016, 0.0000000000000000000 ) ) ;
#6691 = CARTESIAN_POINT ( 'NONE',  ( 1.735338879956277400, 5.647596759808096500, 2.461728047922991700 ) ) ;
#6692 = DIRECTION ( 'NONE',  ( -1.000000000000000000, -2.863857827303820200E-031, 1.224646799147345600E-016 ) ) ;
#6693 = CARTESIAN_POINT ( 'NONE',  ( 7.055239759590681300, -13.06928619600651900, 5.257469399304897100 ) ) ;
#6694 = FACE_OUTER_BOUND ( 'NONE', #825, .T. ) ;
#6695 = DIRECTION ( 'NONE',  ( 0.0000000000000000000, 0.0000000000000000000, 1.000000000000000000 ) ) ;
#6696 = CARTESIAN_POINT ( 'NONE',  ( 3.218759944222879400, 3.439047137326776600, 3.640448694549154800 ) ) ;
#6697 = CARTESIAN_POINT ( 'NONE',  ( 1.997838879956279800, 5.691022142088190300, 2.009143264513485700 ) ) ;
#6698 = CARTESIAN_POINT ( 'NONE',  ( -8.181327786710358700, 7.128621437182588700, 5.160858395476958900 ) ) ;
#6699 = CARTESIAN_POINT ( 'NONE',  ( -2.231327786710375800, 3.871378562817403800, 2.839141604523068200 ) ) ;
#6700 = CARTESIAN_POINT ( 'NONE',  ( 3.737358052336704300, 5.889047137326769200, 3.722186092726276700 ) ) ;
#6701 = FACE_OUTER_BOUND ( 'NONE', #2235, .T. ) ;
#6702 = CARTESIAN_POINT ( 'NONE',  ( 5.259406098776345600, -14.93595286267317900, 5.526492704452465400 ) ) ;
#6703 = CARTESIAN_POINT ( 'NONE',  ( 4.298315489864342500, -8.081786196006531100, 3.028393217318460000 ) ) ;
#6704 = CARTESIAN_POINT ( 'NONE',  ( 5.259406098776350900, 6.851547137326767800, 5.526492704452462800 ) ) ;
#6705 = CARTESIAN_POINT ( 'NONE',  ( -10.60216112004368600, 5.691022142088190300, 2.009143264513487500 ) ) ;
#6706 = CARTESIAN_POINT ( 'NONE',  ( 7.781240055777097100, -1.723452862673212600, 4.359551305450798600 ) ) ;
#6707 = CARTESIAN_POINT ( 'NONE',  ( -4.127161120043704800, 3.723756548762971400, 3.829569941986565000 ) ) ;
#6708 = ORIENTED_EDGE ( 'NONE', *, *, #4486, .T. ) ;
#6709 = CARTESIAN_POINT ( 'NONE',  ( 8.910338879956265500, 3.201156655697758900, 3.779426629688412900 ) ) ;
#6710 = EDGE_CURVE ( 'NONE', #4133, #1718, #3696, .T. ) ;
#6711 = CARTESIAN_POINT ( 'NONE',  ( -0.4813277867103810100, 4.241615791476277800, 3.103041480451418400 ) ) ;
#6712 = CARTESIAN_POINT ( 'NONE',  ( -2.500000000000000000, 5.499999999999998200, 2.349999999999999600 ) ) ;
#6713 = CARTESIAN_POINT ( 'NONE',  ( 3.218759944222875400, -14.06095286267318100, 3.640448694549157400 ) ) ;
#6714 = ORIENTED_EDGE ( 'NONE', *, *, #2087, .T. ) ;
#6715 = DIRECTION ( 'NONE',  ( 0.0000000000000000000, 0.0000000000000000000, 1.000000000000000000 ) ) ;
#6716 = ORIENTED_EDGE ( 'NONE', *, *, #1356, .F. ) ;
#6717 = CARTESIAN_POINT ( 'NONE',  ( 4.047999407627166600, 6.355713803993438700, 5.795836187708171200 ) ) ;
#6718 = CARTESIAN_POINT ( 'NONE',  ( 6.664505546622935500, 3.680356420729224100, 4.829998340009570500 ) ) ;
#6719 = CARTESIAN_POINT ( 'NONE',  ( -8.472994453377026500, 4.541600469937070500, 1.898856579357691900 ) ) ;
#6720 = CARTESIAN_POINT ( 'NONE',  ( -2.347994453377041600, 3.680356420729237000, 4.829998340009599800 ) ) ;
ENDSEC;
END-ISO-10303-21;
