ISO-10303-21;
HEADER;
FILE_DESCRIPTION (( 'STEP AP214' ),
    '1' );
FILE_NAME ('2020 Connector.STEP',
    '2026-03-19T02:22:10',
    ( '' ),
    ( '' ),
    'SwSTEP 2.0',
    'SolidWorks 2025',
    '' );
FILE_SCHEMA (( 'AUTOMOTIVE_DESIGN' ));
ENDSEC;

DATA;
#1 = EDGE_CURVE ( 'NONE', #1447, #1006, #2290, .T. ) ;
#2 = DIRECTION ( 'NONE',  ( -0.000000000000000000, 0.000000000000000000, 1.000000000000000000 ) ) ;
#3 = ORIENTED_EDGE ( 'NONE', *, *, #770, .T. ) ;
#4 = VERTEX_POINT ( 'NONE', #1657 ) ;
#5 = VECTOR ( 'NONE', #703, 1000.000000000000227 ) ;
#6 = DIRECTION ( 'NONE',  ( -1.000000000000000000, 0.000000000000000000, 0.000000000000000000 ) ) ;
#7 = CIRCLE ( 'NONE', #1627, 2.000000000000001776 ) ;
#8 = CIRCLE ( 'NONE', #204, 2.000000000000001776 ) ;
#9 = CYLINDRICAL_SURFACE ( 'NONE', #149, 77.00000000000000000 ) ;
#10 = CARTESIAN_POINT ( 'NONE',  ( 78.99999999999998579, -20.00000000000000000, 6.666666666666664298 ) ) ;
#11 = EDGE_CURVE ( 'NONE', #849, #1302, #554, .T. ) ;
#12 = LINE ( 'NONE', #931, #1861 ) ;
#13 = VERTEX_POINT ( 'NONE', #1469 ) ;
#14 = EDGE_LOOP ( 'NONE', ( #729, #2484, #677, #61 ) ) ;
#15 = PLANE ( 'NONE',  #1713 ) ;
#16 = EDGE_LOOP ( 'NONE', ( #882, #873, #189, #934 ) ) ;
#17 = ORIENTED_EDGE ( 'NONE', *, *, #1458, .F. ) ;
#18 = CARTESIAN_POINT ( 'NONE',  ( 39.34637912696766193, -0.4461082050109688724, 0.000000000000000000 ) ) ;
#19 = DIRECTION ( 'NONE',  ( 1.000000000000000000, 0.000000000000000000, 0.000000000000000000 ) ) ;
#20 = ORIENTED_EDGE ( 'NONE', *, *, #852, .T. ) ;
#21 = AXIS2_PLACEMENT_3D ( 'NONE', #1628, #2354, #845 ) ;
#22 = CARTESIAN_POINT ( 'NONE',  ( 65.60998810217566302, 6.415188020482551323, 0.000000000000000000 ) ) ;
#23 = DIRECTION ( 'NONE',  ( -0.000000000000000000, 0.000000000000000000, -1.000000000000000000 ) ) ;
#24 = EDGE_CURVE ( 'NONE', #402, #1006, #709, .T. ) ;
#25 = EDGE_LOOP ( 'NONE', ( #408, #471, #974, #1042 ) ) ;
#26 = DIRECTION ( 'NONE',  ( -0.000000000000000000, -0.000000000000000000, 1.000000000000000000 ) ) ;
#27 = AXIS2_PLACEMENT_3D ( 'NONE', #1115, #148, #528 ) ;
#28 = CARTESIAN_POINT ( 'NONE',  ( 6.249999999999996447, -19.99999999999999645, 6.666666666666668739 ) ) ;
#29 = FACE_OUTER_BOUND ( 'NONE', #1844, .T. ) ;
#30 = VERTEX_POINT ( 'NONE', #2434 ) ;
#31 = ORIENTED_EDGE ( 'NONE', *, *, #2027, .F. ) ;
#32 = CARTESIAN_POINT ( 'NONE',  ( 27.65487710568664781, -4.460459781991763073, 0.000000000000000000 ) ) ;
#33 = CARTESIAN_POINT ( 'NONE',  ( 42.18428130694123723, -6.746103111563083843, 0.000000000000000000 ) ) ;
#34 = VERTEX_POINT ( 'NONE', #338 ) ;
#35 = ADVANCED_FACE ( 'NONE', ( #2087 ), #1693, .F. ) ;
#36 = CARTESIAN_POINT ( 'NONE',  ( 70.93614712617579698, -3.000000000000009770, 0.000000000000000000 ) ) ;
#37 = LINE ( 'NONE', #1566, #88 ) ;
#38 = VERTEX_POINT ( 'NONE', #296 ) ;
#39 = DIRECTION ( 'NONE',  ( 1.000000000000000000, 0.000000000000000000, 0.000000000000000000 ) ) ;
#40 = DIRECTION ( 'NONE',  ( -0.000000000000000000, -0.000000000000000000, 1.000000000000000000 ) ) ;
#41 = CARTESIAN_POINT ( 'NONE',  ( 0.000000000000000000, 0.000000000000000000, 0.000000000000000000 ) ) ;
#42 = EDGE_LOOP ( 'NONE', ( #737, #714, #971, #952 ) ) ;
#43 = ORIENTED_EDGE ( 'NONE', *, *, #1684, .T. ) ;
#44 = LINE ( 'NONE', #1614, #1140 ) ;
#45 = CIRCLE ( 'NONE', #1459, 2.750000000000001776 ) ;
#46 = EDGE_CURVE ( 'NONE', #1355, #2416, #1859, .T. ) ;
#47 = VECTOR ( 'NONE', #2221, 1000.000000000000000 ) ;
#48 = EDGE_CURVE ( 'NONE', #376, #403, #2233, .T. ) ;
#49 = DIRECTION ( 'NONE',  ( 0.000000000000000000, 0.000000000000000000, -1.000000000000000000 ) ) ;
#50 = FACE_OUTER_BOUND ( 'NONE', #511, .T. ) ;
#51 = ORIENTED_EDGE ( 'NONE', *, *, #478, .T. ) ;
#52 = LINE ( 'NONE', #2170, #2303 ) ;
#53 = CARTESIAN_POINT ( 'NONE',  ( 79.00000000000001421, 14.99999999999998934, 18.33333333333336057 ) ) ;
#54 = ORIENTED_EDGE ( 'NONE', *, *, #1249, .F. ) ;
#55 = LINE ( 'NONE', #788, #2240 ) ;
#56 = VERTEX_POINT ( 'NONE', #1704 ) ;
#57 = VECTOR ( 'NONE', #345, 1000.000000000000000 ) ;
#58 = DIRECTION ( 'NONE',  ( 1.000000000000000000, 0.000000000000000000, -0.000000000000000000 ) ) ;
#59 = DIRECTION ( 'NONE',  ( 4.770489558936219510E-17, 1.000000000000000000, 0.000000000000000000 ) ) ;
#60 = PLANE ( 'NONE',  #683 ) ;
#61 = ORIENTED_EDGE ( 'NONE', *, *, #2100, .T. ) ;
#62 = ORIENTED_EDGE ( 'NONE', *, *, #1802, .T. ) ;
#63 = FACE_OUTER_BOUND ( 'NONE', #1215, .T. ) ;
#64 = LINE ( 'NONE', #613, #601 ) ;
#65 = CARTESIAN_POINT ( 'NONE',  ( 67.38461538461541522, 15.92307692307693223, 25.00000000000000000 ) ) ;
#66 = VECTOR ( 'NONE', #893, 1000.000000000000000 ) ;
#67 = ORIENTED_EDGE ( 'NONE', *, *, #362, .T. ) ;
#68 = CARTESIAN_POINT ( 'NONE',  ( 21.99999999999999645, -7.988156657183845155, 0.000000000000000000 ) ) ;
#69 = DIRECTION ( 'NONE',  ( -0.000000000000000000, -0.000000000000000000, 1.000000000000000000 ) ) ;
#70 = EDGE_CURVE ( 'NONE', #1788, #2276, #1612, .T. ) ;
#71 = LINE ( 'NONE', #645, #1783 ) ;
#72 = ORIENTED_EDGE ( 'NONE', *, *, #2060, .T. ) ;
#73 = EDGE_LOOP ( 'NONE', ( #1153, #565, #2058, #1346, #2224, #2310 ) ) ;
#74 = DIRECTION ( 'NONE',  ( 4.770489558936219510E-17, 1.000000000000000000, -0.000000000000000000 ) ) ;
#75 = ADVANCED_FACE ( 'NONE', ( #892 ), #929, .F. ) ;
#76 = CARTESIAN_POINT ( 'NONE',  ( 40.65259360320145277, -11.95469210669688209, 0.000000000000000000 ) ) ;
#77 = PLANE ( 'NONE',  #1938 ) ;
#78 = EDGE_CURVE ( 'NONE', #363, #56, #917, .T. ) ;
#79 = ORIENTED_EDGE ( 'NONE', *, *, #1840, .F. ) ;
#80 = PLANE ( 'NONE',  #1446 ) ;
#81 = FACE_OUTER_BOUND ( 'NONE', #1913, .T. ) ;
#82 = ADVANCED_FACE ( 'NONE', ( #685 ), #2456, .T. ) ;
#83 = FACE_OUTER_BOUND ( 'NONE', #344, .T. ) ;
#84 = CARTESIAN_POINT ( 'NONE',  ( 81.74999999999998579, -20.00000000000000000, 3.916666666666667407 ) ) ;
#85 = CARTESIAN_POINT ( 'NONE',  ( 0.000000000000000000, 14.99999999999999289, 3.916666666666665630 ) ) ;
#86 = ORIENTED_EDGE ( 'NONE', *, *, #1458, .T. ) ;
#87 = VERTEX_POINT ( 'NONE', #122 ) ;
#88 = VECTOR ( 'NONE', #1376, 1000.000000000000000 ) ;
#89 = DIRECTION ( 'NONE',  ( 1.000000000000000000, 0.000000000000000000, 0.000000000000000000 ) ) ;
#90 = PRODUCT_CONTEXT ( 'NONE', #846, 'mechanical' ) ;
#91 = ORIENTED_EDGE ( 'NONE', *, *, #492, .T. ) ;
#92 = EDGE_CURVE ( 'NONE', #2300, #1281, #1927, .T. ) ;
#93 = CARTESIAN_POINT ( 'NONE',  ( 38.58101226223748625, 1.401650860011611321, 0.000000000000000000 ) ) ;
#94 = DIRECTION ( 'NONE',  ( 4.770489558936220126E-17, 1.000000000000000000, -0.000000000000000000 ) ) ;
#95 = CARTESIAN_POINT ( 'NONE',  ( 81.74999999999998579, -20.00000000000000000, 18.33333333333336057 ) ) ;
#96 = ORIENTED_EDGE ( 'NONE', *, *, #758, .F. ) ;
#97 = ORIENTED_EDGE ( 'NONE', *, *, #2493, .F. ) ;
#98 = CARTESIAN_POINT ( 'NONE',  ( 6.249999999999996447, 0.000000000000000000, 3.916666666666667407 ) ) ;
#99 = LINE ( 'NONE', #2050, #1496 ) ;
#100 = VECTOR ( 'NONE', #635, 1000.000000000000000 ) ;
#101 = EDGE_LOOP ( 'NONE', ( #1781, #681, #1846, #1827 ) ) ;
#102 = CARTESIAN_POINT ( 'NONE',  ( 81.74999999999998579, 14.99999999999998934, 18.33333333333336057 ) ) ;
#103 = AXIS2_PLACEMENT_3D ( 'NONE', #360, #1318, #1130 ) ;
#104 = EDGE_CURVE ( 'NONE', #1891, #1788, #2246, .T. ) ;
#105 = CARTESIAN_POINT ( 'NONE',  ( 6.249999999999996447, 0.000000000000000000, 9.416666666666669627 ) ) ;
#106 = DIRECTION ( 'NONE',  ( -0.000000000000000000, -0.000000000000000000, 1.000000000000000000 ) ) ;
#107 = VERTEX_POINT ( 'NONE', #2064 ) ;
#108 = ORIENTED_EDGE ( 'NONE', *, *, #2057, .T. ) ;
#109 = DIRECTION ( 'NONE',  ( 0.8615384615384616973, 0.5076923076923076650, 0.000000000000000000 ) ) ;
#110 = EDGE_CURVE ( 'NONE', #945, #107, #1875, .T. ) ;
#111 = DIRECTION ( 'NONE',  ( 0.000000000000000000, -1.000000000000000000, 0.000000000000000000 ) ) ;
#112 = LINE ( 'NONE', #1838, #699 ) ;
#113 = CLOSED_SHELL ( 'NONE', ( #1652, #1982, #1237, #449, #2325, #75, #969, #552, #1490, #1196, #2130, #2139, #1269, #2200, #1239, #2395, #1904, #1213, #1377, #389, #2306, #1498, #1696, #1524, #726, #1553, #935, #588, #300, #1312, #816, #1720, #2491, #1756, #1831, #253, #2210, #526, #1637, #981, #1016, #1008, #2270, #1031, #1039, #2213, #1574, #2263, #1885, #1230, #35, #656, #192, #1118, #1101, #891, #306, #1708, #1453, #2122, #82, #2175, #706, #414, #261, #854, #1186, #2192, #1047, #857, #1666, #334, #1813 ) ) ;
#114 = CARTESIAN_POINT ( 'NONE',  ( 68.40000000000001990, 14.19999999999999751, 25.00000000000000000 ) ) ;
#115 = CARTESIAN_POINT ( 'NONE',  ( 73.50000000000000000, 0.000000000000000000, 25.00000000000000000 ) ) ;
#116 = EDGE_LOOP ( 'NONE', ( #2070, #1365, #570, #2128 ) ) ;
#117 = VERTEX_POINT ( 'NONE', #542 ) ;
#118 = EDGE_CURVE ( 'NONE', #236, #38, #1895, .T. ) ;
#119 = DIRECTION ( 'NONE',  ( 0.000000000000000000, -0.000000000000000000, -1.000000000000000000 ) ) ;
#120 = CIRCLE ( 'NONE', #1536, 2.750000000000001776 ) ;
#121 = FACE_OUTER_BOUND ( 'NONE', #1947, .T. ) ;
#122 = CARTESIAN_POINT ( 'NONE',  ( 66.31577654208837203, 12.97179689087349885, 25.00000000000000000 ) ) ;
#123 = VECTOR ( 'NONE', #106, 1000.000000000000000 ) ;
#124 = DIRECTION ( 'NONE',  ( 0.6188724176997648652, -0.7854915216668145739, 0.000000000000000000 ) ) ;
#125 = AXIS2_PLACEMENT_3D ( 'NONE', #1326, #1128, #89 ) ;
#126 = ORIENTED_EDGE ( 'NONE', *, *, #1554, .T. ) ;
#127 = DIRECTION ( 'NONE',  ( 1.000000000000000000, 0.000000000000000000, -0.000000000000000000 ) ) ;
#128 = CARTESIAN_POINT ( 'NONE',  ( 22.00000000000000000, -7.988156657183845155, 0.000000000000000000 ) ) ;
#129 = EDGE_LOOP ( 'NONE', ( #1662, #2148, #988, #567 ) ) ;
#130 = ORIENTED_EDGE ( 'NONE', *, *, #563, .F. ) ;
#131 = CARTESIAN_POINT ( 'NONE',  ( 31.69408500374395388, 24.97110977267660559, 0.000000000000000000 ) ) ;
#132 = EDGE_CURVE ( 'NONE', #580, #1396, #1129, .T. ) ;
#133 = DIRECTION ( 'NONE',  ( -1.000000000000000000, 7.228014483236622600E-16, 0.000000000000000000 ) ) ;
#134 = AXIS2_PLACEMENT_3D ( 'NONE', #391, #1134, #1522 ) ;
#135 = DIRECTION ( 'NONE',  ( -0.9238795325112888479, -0.3826834323650845082, 0.000000000000000000 ) ) ;
#136 = VECTOR ( 'NONE', #2110, 1000.000000000000000 ) ;
#137 = CARTESIAN_POINT ( 'NONE',  ( 51.60517368280225980, -4.340248797769078237, 0.000000000000000000 ) ) ;
#138 = DIRECTION ( 'NONE',  ( -0.000000000000000000, -0.000000000000000000, 1.000000000000000000 ) ) ;
#139 = ORIENTED_EDGE ( 'NONE', *, *, #174, .T. ) ;
#140 = CARTESIAN_POINT ( 'NONE',  ( 81.74999999999998579, 17.99999999999999289, 21.08333333333332860 ) ) ;
#141 = CARTESIAN_POINT ( 'NONE',  ( 55.76201529762257536, -0.8439890746687963574, 25.00000000000000000 ) ) ;
#142 = VERTEX_POINT ( 'NONE', #1918 ) ;
#143 = ORIENTED_EDGE ( 'NONE', *, *, #1924, .T. ) ;
#144 = EDGE_CURVE ( 'NONE', #190, #1394, #1742, .T. ) ;
#145 = LINE ( 'NONE', #1653, #1178 ) ;
#146 = COLOUR_RGB ( '',0.7921568627450980005, 0.8196078431372548767, 0.9333333333333333481 ) ;
#147 = EDGE_CURVE ( 'NONE', #1443, #1281, #955, .T. ) ;
#148 = DIRECTION ( 'NONE',  ( -0.000000000000000000, 0.000000000000000000, 1.000000000000000000 ) ) ;
#149 = AXIS2_PLACEMENT_3D ( 'NONE', #784, #1550, #757 ) ;
#150 = CARTESIAN_POINT ( 'NONE',  ( -2.308695440802726967E-15, -2.999999999999952038, 0.000000000000000000 ) ) ;
#151 = DIRECTION ( 'NONE',  ( 4.770489558936220126E-17, 1.000000000000000000, -0.000000000000000000 ) ) ;
#152 = EDGE_CURVE ( 'NONE', #441, #2283, #371, .T. ) ;
#153 = CARTESIAN_POINT ( 'NONE',  ( 6.249999999999996447, 0.000000000000000000, 18.33333333333335347 ) ) ;
#154 = ORIENTED_EDGE ( 'NONE', *, *, #2386, .F. ) ;
#155 = ORIENTED_EDGE ( 'NONE', *, *, #2281, .T. ) ;
#156 = DIRECTION ( 'NONE',  ( -1.000000000000000000, 0.000000000000000000, 0.000000000000000000 ) ) ;
#157 = DIRECTION ( 'NONE',  ( 1.000000000000000000, 0.000000000000000000, 0.000000000000000000 ) ) ;
#158 = CARTESIAN_POINT ( 'NONE',  ( -0.6598646536177492639, -4.994187299776107203, 0.000000000000000000 ) ) ;
#159 = VECTOR ( 'NONE', #1806, 1000.000000000000000 ) ;
#160 = LINE ( 'NONE', #1151, #739 ) ;
#161 = VECTOR ( 'NONE', #1455, 1000.000000000000000 ) ;
#162 = ORIENTED_EDGE ( 'NONE', *, *, #2011, .T. ) ;
#163 = ORIENTED_EDGE ( 'NONE', *, *, #463, .F. ) ;
#164 = ORIENTED_EDGE ( 'NONE', *, *, #390, .F. ) ;
#165 = CARTESIAN_POINT ( 'NONE',  ( 73.50000000000000000, 15.91317157014494832, 25.00000000000000000 ) ) ;
#166 = DIRECTION ( 'NONE',  ( 1.000000000000000000, -4.770489558936219510E-17, 0.000000000000000000 ) ) ;
#167 = CARTESIAN_POINT ( 'NONE',  ( 41.34637912696766193, -0.4461082050109688724, 0.000000000000000000 ) ) ;
#168 = AXIS2_PLACEMENT_3D ( 'NONE', #756, #2289, #2129 ) ;
#169 = DIRECTION ( 'NONE',  ( 1.000000000000000000, 0.000000000000000000, 0.000000000000000000 ) ) ;
#170 = DIRECTION ( 'NONE',  ( -7.695651469342547797E-16, -1.000000000000000000, 0.000000000000000000 ) ) ;
#171 = VERTEX_POINT ( 'NONE', #1928 ) ;
#172 = ORIENTED_EDGE ( 'NONE', *, *, #925, .T. ) ;
#173 = AXIS2_PLACEMENT_3D ( 'NONE', #230, #1766, #49 ) ;
#174 = EDGE_CURVE ( 'NONE', #373, #1340, #194, .T. ) ;
#175 = DIRECTION ( 'NONE',  ( 1.000000000000000000, 0.000000000000000000, 0.000000000000000000 ) ) ;
#176 = ORIENTED_EDGE ( 'NONE', *, *, #745, .T. ) ;
#177 = ORIENTED_EDGE ( 'NONE', *, *, #777, .T. ) ;
#178 = CARTESIAN_POINT ( 'NONE',  ( 89.25000000000000000, -20.00000000000000000, 6.666666666666664298 ) ) ;
#179 = VECTOR ( 'NONE', #2153, 1000.000000000000114 ) ;
#180 = CIRCLE ( 'NONE', #1917, 2.749999999999974687 ) ;
#181 = EDGE_CURVE ( 'NONE', #236, #797, #577, .T. ) ;
#182 = LINE ( 'NONE', #2331, #1337 ) ;
#183 = CARTESIAN_POINT ( 'NONE',  ( 26.81678321678323229, -13.66153846153845564, 0.000000000000000000 ) ) ;
#184 = CARTESIAN_POINT ( 'NONE',  ( 42.18428130694123723, -6.746103111563083843, 0.000000000000000000 ) ) ;
#185 = PLANE ( 'NONE',  #1622 ) ;
#186 = EDGE_CURVE ( 'NONE', #376, #947, #2445, .T. ) ;
#187 = VERTEX_POINT ( 'NONE', #2481 ) ;
#188 = ORIENTED_EDGE ( 'NONE', *, *, #2463, .F. ) ;
#189 = ORIENTED_EDGE ( 'NONE', *, *, #1646, .T. ) ;
#190 = VERTEX_POINT ( 'NONE', #358 ) ;
#191 = CARTESIAN_POINT ( 'NONE',  ( 13.74999999999999645, 2.999999999999988898, 9.416666666666669627 ) ) ;
#192 = ADVANCED_FACE ( 'NONE', ( #1539 ), #562, .F. ) ;
#193 = FACE_OUTER_BOUND ( 'NONE', #1881, .T. ) ;
#194 = LINE ( 'NONE', #2293, #2402 ) ;
#195 = LINE ( 'NONE', #1705, #197 ) ;
#196 = ORIENTED_EDGE ( 'NONE', *, *, #1069, .T. ) ;
#197 = VECTOR ( 'NONE', #956, 1000.000000000000000 ) ;
#198 = LINE ( 'NONE', #2150, #943 ) ;
#199 = ORIENTED_EDGE ( 'NONE', *, *, #1227, .F. ) ;
#200 = ORIENTED_EDGE ( 'NONE', *, *, #2311, .T. ) ;
#201 = PLANE ( 'NONE',  #168 ) ;
#202 = MECHANICAL_DESIGN_GEOMETRIC_PRESENTATION_REPRESENTATION (  '', ( #1422 ), #722 ) ;
#203 = ORIENTED_EDGE ( 'NONE', *, *, #808, .T. ) ;
#204 = AXIS2_PLACEMENT_3D ( 'NONE', #599, #2292, #1148 ) ;
#205 = CARTESIAN_POINT ( 'NONE',  ( 25.00000000000001066, 2.999999999999989342, 25.00000000000000000 ) ) ;
#206 = EDGE_CURVE ( 'NONE', #811, #510, #660, .T. ) ;
#207 = EDGE_CURVE ( 'NONE', #2487, #4, #382, .T. ) ;
#208 = DIRECTION ( 'NONE',  ( 1.000000000000000000, 0.000000000000000000, -0.000000000000000000 ) ) ;
#209 = EDGE_LOOP ( 'NONE', ( #2002, #1020, #1139, #2081 ) ) ;
#210 = AXIS2_PLACEMENT_3D ( 'NONE', #1145, #572, #2476 ) ;
#211 = CARTESIAN_POINT ( 'NONE',  ( 22.00000000000000000, 0.9999999999999892308, 0.000000000000000000 ) ) ;
#212 = ORIENTED_EDGE ( 'NONE', *, *, #676, .F. ) ;
#213 = EDGE_CURVE ( 'NONE', #946, #2483, #462, .T. ) ;
#214 = ORIENTED_EDGE ( 'NONE', *, *, #1565, .F. ) ;
#215 = CARTESIAN_POINT ( 'NONE',  ( 13.90295857988164663, -23.59289940828402621, 25.00000000000000000 ) ) ;
#216 = DIRECTION ( 'NONE',  ( 0.000000000000000000, -1.000000000000000000, 0.000000000000000000 ) ) ;
#217 = FACE_OUTER_BOUND ( 'NONE', #2315, .T. ) ;
#218 = ORIENTED_EDGE ( 'NONE', *, *, #1493, .F. ) ;
#219 = VECTOR ( 'NONE', #1232, 1000.000000000000000 ) ;
#220 = LINE ( 'NONE', #167, #1217 ) ;
#221 = VECTOR ( 'NONE', #1212, 1000.000000000000114 ) ;
#222 = CARTESIAN_POINT ( 'NONE',  ( 81.74999999999998579, -20.00000000000000000, 9.416666666666669627 ) ) ;
#223 = EDGE_CURVE ( 'NONE', #2093, #2330, #1386, .T. ) ;
#224 = DIRECTION ( 'NONE',  ( -0.000000000000000000, 0.000000000000000000, 1.000000000000000000 ) ) ;
#225 = LINE ( 'NONE', #999, #620 ) ;
#226 = CARTESIAN_POINT ( 'NONE',  ( 75.00000000000001421, 2.999999999999995559, 25.00000000000000000 ) ) ;
#227 = VERTEX_POINT ( 'NONE', #796 ) ;
#228 = ORIENTED_EDGE ( 'NONE', *, *, #777, .F. ) ;
#229 = DIRECTION ( 'NONE',  ( 0.000000000000000000, 0.000000000000000000, -1.000000000000000000 ) ) ;
#230 = CARTESIAN_POINT ( 'NONE',  ( 6.249999999999996447, 0.000000000000000000, 6.666666666666668739 ) ) ;
#231 = CARTESIAN_POINT ( 'NONE',  ( 51.60517368280225980, -4.340248797769078237, 0.000000000000000000 ) ) ;
#232 = EDGE_CURVE ( 'NONE', #1429, #1187, #2155, .T. ) ;
#233 = VERTEX_POINT ( 'NONE', #1400 ) ;
#234 = FACE_BOUND ( 'NONE', #629, .T. ) ;
#235 = DIRECTION ( 'NONE',  ( -1.000000000000000000, 0.000000000000000000, 0.000000000000000000 ) ) ;
#236 = VERTEX_POINT ( 'NONE', #231 ) ;
#237 = DIRECTION ( 'NONE',  ( -1.000000000000000000, 0.000000000000000000, 0.000000000000000000 ) ) ;
#238 = ORIENTED_EDGE ( 'NONE', *, *, #1840, .T. ) ;
#239 = CARTESIAN_POINT ( 'NONE',  ( 81.74999999999998579, -20.00000000000000000, 21.08333333333332860 ) ) ;
#240 = CARTESIAN_POINT ( 'NONE',  ( 25.00000000000001066, 2.999999999999989342, 0.000000000000000000 ) ) ;
#241 = DIRECTION ( 'NONE',  ( 1.000000000000000000, -7.695651469342547797E-16, 0.000000000000000000 ) ) ;
#242 = ORIENTED_EDGE ( 'NONE', *, *, #1541, .T. ) ;
#243 = VECTOR ( 'NONE', #1866, 1000.000000000000000 ) ;
#244 = ORIENTED_EDGE ( 'NONE', *, *, #701, .F. ) ;
#245 = DIRECTION ( 'NONE',  ( -0.000000000000000000, 0.000000000000000000, -1.000000000000000000 ) ) ;
#246 = VECTOR ( 'NONE', #1564, 1000.000000000000000 ) ;
#247 = ORIENTED_EDGE ( 'NONE', *, *, #1480, .T. ) ;
#248 = CARTESIAN_POINT ( 'NONE',  ( 81.74999999999998579, -20.00000000000000000, 15.58333333333337833 ) ) ;
#249 = VERTEX_POINT ( 'NONE', #465 ) ;
#250 = ORIENTED_EDGE ( 'NONE', *, *, #110, .F. ) ;
#251 = LINE ( 'NONE', #68, #2364 ) ;
#252 = ORIENTED_EDGE ( 'NONE', *, *, #579, .F. ) ;
#253 = ADVANCED_FACE ( 'NONE', ( #217 ), #1191, .F. ) ;
#254 = VECTOR ( 'NONE', #2440, 1000.000000000000000 ) ;
#255 = CARTESIAN_POINT ( 'NONE',  ( 65.90909090909090651, -80.00000000000000000, 0.000000000000000000 ) ) ;
#256 = DIRECTION ( 'NONE',  ( 1.000000000000000000, 0.000000000000000000, 0.000000000000000000 ) ) ;
#257 = DIRECTION ( 'NONE',  ( 0.000000000000000000, 0.000000000000000000, -1.000000000000000000 ) ) ;
#258 = EDGE_LOOP ( 'NONE', ( #429, #623, #212, #2173 ) ) ;
#259 = DIRECTION ( 'NONE',  ( 0.000000000000000000, 0.000000000000000000, 1.000000000000000000 ) ) ;
#260 = EDGE_CURVE ( 'NONE', #932, #2152, #2381, .T. ) ;
#261 = ADVANCED_FACE ( 'NONE', ( #1219 ), #833, .T. ) ;
#262 = DIRECTION ( 'NONE',  ( 0.4081941657490909536, 0.9128951325581726728, 0.000000000000000000 ) ) ;
#263 = CARTESIAN_POINT ( 'NONE',  ( 6.249999999999996447, 0.000000000000000000, 6.666666666666668739 ) ) ;
#264 = VERTEX_POINT ( 'NONE', #1428 ) ;
#265 = FACE_BOUND ( 'NONE', #1732, .T. ) ;
#266 = DIRECTION ( 'NONE',  ( 0.4081941657490909536, 0.9128951325581726728, 0.000000000000000000 ) ) ;
#267 = DIRECTION ( 'NONE',  ( 0.6188724176997646431, -0.7854915216668146849, 0.000000000000000000 ) ) ;
#268 = CARTESIAN_POINT ( 'NONE',  ( 29.65487710568664781, -4.460459781991763073, 0.000000000000000000 ) ) ;
#269 = AXIS2_PLACEMENT_3D ( 'NONE', #1667, #1089, #133 ) ;
#270 = DIRECTION ( 'NONE',  ( -0.9606131536168944773, -0.2778891309465068571, 0.000000000000000000 ) ) ;
#271 = LINE ( 'NONE', #821, #2301 ) ;
#272 = ORIENTED_EDGE ( 'NONE', *, *, #274, .T. ) ;
#273 = PLANE ( 'NONE',  #650 ) ;
#274 = EDGE_CURVE ( 'NONE', #510, #1396, #271, .T. ) ;
#275 = VERTEX_POINT ( 'NONE', #2344 ) ;
#276 = CARTESIAN_POINT ( 'NONE',  ( 0.000000000000000000, 0.000000000000000000, 25.00000000000000000 ) ) ;
#277 = CARTESIAN_POINT ( 'NONE',  ( 13.74999999999999467, -19.99999999999999645, 18.33333333333335347 ) ) ;
#278 = DIRECTION ( 'NONE',  ( -1.000000000000000000, 0.000000000000000000, 0.000000000000000000 ) ) ;
#279 = ORIENTED_EDGE ( 'NONE', *, *, #523, .T. ) ;
#280 = ORIENTED_EDGE ( 'NONE', *, *, #1389, .F. ) ;
#281 = CIRCLE ( 'NONE', #1899, 2.749999999999974687 ) ;
#282 = AXIS2_PLACEMENT_3D ( 'NONE', #1695, #774, #589 ) ;
#283 = CARTESIAN_POINT ( 'NONE',  ( 31.80615439211659279, 1.301393347788436516, 25.00000000000000000 ) ) ;
#284 = CARTESIAN_POINT ( 'NONE',  ( 38.25414865922166996, -11.24938235155535260, 25.00000000000000000 ) ) ;
#285 = EDGE_CURVE ( 'NONE', #1499, #1759, #1013, .T. ) ;
#286 = ORIENTED_EDGE ( 'NONE', *, *, #1740, .F. ) ;
#287 = CARTESIAN_POINT ( 'NONE',  ( 38.58101226223749336, 1.401650860011613098, 0.000000000000000000 ) ) ;
#288 = DIRECTION ( 'NONE',  ( -0.000000000000000000, -0.000000000000000000, 1.000000000000000000 ) ) ;
#289 = EDGE_CURVE ( 'NONE', #1383, #2228, #1978, .T. ) ;
#290 = LINE ( 'NONE', #115, #1660 ) ;
#291 = ORIENTED_EDGE ( 'NONE', *, *, #918, .T. ) ;
#292 = EDGE_LOOP ( 'NONE', ( #1463, #1109, #1062, #2181 ) ) ;
#293 = DIRECTION ( 'NONE',  ( 0.000000000000000000, -0.000000000000000000, 1.000000000000000000 ) ) ;
#294 = DIRECTION ( 'NONE',  ( -1.000000000000000000, 5.782411586589352462E-17, -0.000000000000000000 ) ) ;
#295 = CIRCLE ( 'NONE', #1513, 74.99999999999998579 ) ;
#296 = CARTESIAN_POINT ( 'NONE',  ( 51.60517368280225980, -4.340248797769079125, 25.00000000000000000 ) ) ;
#297 = DIRECTION ( 'NONE',  ( 0.000000000000000000, -1.000000000000000000, 0.000000000000000000 ) ) ;
#298 = VECTOR ( 'NONE', #94, 1000.000000000000000 ) ;
#299 = VECTOR ( 'NONE', #2225, 1000.000000000000227 ) ;
#300 = ADVANCED_FACE ( 'NONE', ( #50 ), #622, .F. ) ;
#301 = DIRECTION ( 'NONE',  ( 0.000000000000000000, 0.000000000000000000, 1.000000000000000000 ) ) ;
#302 = FACE_OUTER_BOUND ( 'NONE', #25, .T. ) ;
#303 = ORIENTED_EDGE ( 'NONE', *, *, #2092, .T. ) ;
#304 = EDGE_LOOP ( 'NONE', ( #1367, #228, #1623, #286 ) ) ;
#305 = DIRECTION ( 'NONE',  ( -1.000000000000000000, 0.000000000000000000, 0.000000000000000000 ) ) ;
#306 = ADVANCED_FACE ( 'NONE', ( #1204 ), #60, .F. ) ;
#307 = DIRECTION ( 'NONE',  ( 0.000000000000000000, -0.000000000000000000, -1.000000000000000000 ) ) ;
#308 =( NAMED_UNIT ( * ) SI_UNIT ( $, .STERADIAN. ) SOLID_ANGLE_UNIT ( ) );
#309 = DIRECTION ( 'NONE',  ( -1.000000000000000000, 0.000000000000000000, 0.000000000000000000 ) ) ;
#310 = LINE ( 'NONE', #1276, #1805 ) ;
#311 = VECTOR ( 'NONE', #906, 1000.000000000000000 ) ;
#312 = ORIENTED_EDGE ( 'NONE', *, *, #1177, .F. ) ;
#313 = EDGE_CURVE ( 'NONE', #107, #1394, #762, .T. ) ;
#314 = CARTESIAN_POINT ( 'NONE',  ( 29.65487710568664781, -4.460459781991763073, 0.000000000000000000 ) ) ;
#315 = LINE ( 'NONE', #2206, #1087 ) ;
#316 = ORIENTED_EDGE ( 'NONE', *, *, #1581, .F. ) ;
#317 = ORIENTED_EDGE ( 'NONE', *, *, #2126, .T. ) ;
#318 = CARTESIAN_POINT ( 'NONE',  ( 53.93622503250622913, -0.02760074317061447791, 25.00000000000000000 ) ) ;
#319 = VECTOR ( 'NONE', #1479, 1000.000000000000227 ) ;
#320 = DIRECTION ( 'NONE',  ( -1.000000000000000000, 5.782411586589352462E-17, -0.000000000000000000 ) ) ;
#321 = CARTESIAN_POINT ( 'NONE',  ( 41.34637912696766193, -0.4461082050109688724, 25.00000000000000000 ) ) ;
#322 = DIRECTION ( 'NONE',  ( 0.9913839375960139533, -0.1309881226547753574, 0.000000000000000000 ) ) ;
#323 = VECTOR ( 'NONE', #241, 1000.000000000000000 ) ;
#324 = DIRECTION ( 'NONE',  ( 1.000000000000000000, -3.556183125752454544E-15, 0.000000000000000000 ) ) ;
#325 = AXIS2_PLACEMENT_3D ( 'NONE', #2109, #1136, #1162 ) ;
#326 = ORIENTED_EDGE ( 'NONE', *, *, #591, .F. ) ;
#327 = EDGE_CURVE ( 'NONE', #1063, #2152, #2168, .T. ) ;
#328 = DIRECTION ( 'NONE',  ( 4.770489558936220126E-17, 1.000000000000000000, -0.000000000000000000 ) ) ;
#329 = ORIENTED_EDGE ( 'NONE', *, *, #1369, .F. ) ;
#330 = EDGE_CURVE ( 'NONE', #664, #1383, #1018, .T. ) ;
#331 = VERTEX_POINT ( 'NONE', #662 ) ;
#332 = DIRECTION ( 'NONE',  ( 1.000000000000000000, 0.000000000000000000, 0.000000000000000000 ) ) ;
#333 = DIRECTION ( 'NONE',  ( -0.1309881226547762734, -0.9913839375960139533, 0.000000000000000000 ) ) ;
#334 = ADVANCED_FACE ( 'NONE', ( #302 ), #1442, .F. ) ;
#335 = CARTESIAN_POINT ( 'NONE',  ( 21.25842696629212369, -19.25842696629213791, 25.00000000000000000 ) ) ;
#336 = VECTOR ( 'NONE', #875, 1000.000000000000114 ) ;
#337 = VECTOR ( 'NONE', #1718, 1000.000000000000000 ) ;
#338 = CARTESIAN_POINT ( 'NONE',  ( 73.50000000000000000, -2.171572875253831469, 0.000000000000000000 ) ) ;
#339 = DIRECTION ( 'NONE',  ( 0.000000000000000000, -1.000000000000000000, 0.000000000000000000 ) ) ;
#340 = DIRECTION ( 'NONE',  ( 1.000000000000000000, 0.000000000000000000, 0.000000000000000000 ) ) ;
#341 = VECTOR ( 'NONE', #644, 1000.000000000000000 ) ;
#342 = CARTESIAN_POINT ( 'NONE',  ( 37.84755864466126951, -5.542930390604782431, 0.000000000000000000 ) ) ;
#343 = ORIENTED_EDGE ( 'NONE', *, *, #147, .F. ) ;
#344 = EDGE_LOOP ( 'NONE', ( #2161, #611, #2337, #894 ) ) ;
#345 = DIRECTION ( 'NONE',  ( -0.000000000000000000, -0.000000000000000000, 1.000000000000000000 ) ) ;
#346 = CARTESIAN_POINT ( 'NONE',  ( 27.83216783216785117, -15.38461538461537437, 25.00000000000000000 ) ) ;
#347 = AXIS2_PLACEMENT_3D ( 'NONE', #458, #2049, #540 ) ;
#348 = EDGE_CURVE ( 'NONE', #1768, #1221, #315, .T. ) ;
#349 = DIRECTION ( 'NONE',  ( 4.770489558936219510E-17, 1.000000000000000000, 0.000000000000000000 ) ) ;
#350 = CARTESIAN_POINT ( 'NONE',  ( 22.00000000000000000, 0.000000000000000000, 0.000000000000000000 ) ) ;
#351 = VERTEX_POINT ( 'NONE', #1450 ) ;
#352 = VERTEX_POINT ( 'NONE', #2217 ) ;
#353 = DIRECTION ( 'NONE',  ( 0.000000000000000000, 0.000000000000000000, 1.000000000000000000 ) ) ;
#354 = EDGE_LOOP ( 'NONE', ( #775, #2169, #1642, #1776 ) ) ;
#355 = ORIENTED_EDGE ( 'NONE', *, *, #2360, .T. ) ;
#356 = CARTESIAN_POINT ( 'NONE',  ( 62.25592504304832886, 18.00958569153960553, 0.000000000000000000 ) ) ;
#357 = LINE ( 'NONE', #1537, #914 ) ;
#358 = CARTESIAN_POINT ( 'NONE',  ( 26.81678321678323229, -13.66153846153845564, 0.000000000000000000 ) ) ;
#359 = CIRCLE ( 'NONE', #2141, 2.750000000000001776 ) ;
#360 = CARTESIAN_POINT ( 'NONE',  ( 25.00000000000001421, 77.99999999999998579, 0.000000000000000000 ) ) ;
#361 = CIRCLE ( 'NONE', #1460, 2.000000000000001776 ) ;
#362 = EDGE_CURVE ( 'NONE', #1247, #751, #2238, .T. ) ;
#363 = VERTEX_POINT ( 'NONE', #128 ) ;
#364 = VERTEX_POINT ( 'NONE', #1820 ) ;
#365 = CARTESIAN_POINT ( 'NONE',  ( 73.50000000000000000, -5.000000000000007994, 0.000000000000000000 ) ) ;
#366 = ORIENTED_EDGE ( 'NONE', *, *, #46, .F. ) ;
#367 = ORIENTED_EDGE ( 'NONE', *, *, #1654, .T. ) ;
#368 = DIRECTION ( 'NONE',  ( -0.000000000000000000, -0.000000000000000000, 1.000000000000000000 ) ) ;
#369 = EDGE_CURVE ( 'NONE', #1063, #117, #1214, .T. ) ;
#370 = DIRECTION ( 'NONE',  ( -1.000000000000000000, -1.154732722284107785E-16, 0.000000000000000000 ) ) ;
#371 = LINE ( 'NONE', #1729, #2077 ) ;
#372 = PLANE ( 'NONE',  #1209 ) ;
#373 = VERTEX_POINT ( 'NONE', #1674 ) ;
#374 = EDGE_CURVE ( 'NONE', #2462, #402, #1832, .T. ) ;
#375 = DIRECTION ( 'NONE',  ( 0.000000000000000000, -1.000000000000000000, 0.000000000000000000 ) ) ;
#376 = VERTEX_POINT ( 'NONE', #1246 ) ;
#377 = ORIENTED_EDGE ( 'NONE', *, *, #327, .F. ) ;
#378 = DIRECTION ( 'NONE',  ( 1.000000000000000000, -7.695651469342546811E-16, 0.000000000000000000 ) ) ;
#379 = VECTOR ( 'NONE', #1639, 1000.000000000000114 ) ;
#380 = VECTOR ( 'NONE', #506, 1000.000000000000000 ) ;
#381 = DIRECTION ( 'NONE',  ( 1.000000000000000000, 0.000000000000000000, 0.000000000000000000 ) ) ;
#382 = LINE ( 'NONE', #1149, #1753 ) ;
#383 = DIRECTION ( 'NONE',  ( 0.8615384615384616973, 0.5076923076923074429, 0.000000000000000000 ) ) ;
#384 = ORIENTED_EDGE ( 'NONE', *, *, #2085, .T. ) ;
#385 = ORIENTED_EDGE ( 'NONE', *, *, #1423, .T. ) ;
#386 = DIRECTION ( 'NONE',  ( -1.000000000000000000, 0.000000000000000000, 0.000000000000000000 ) ) ;
#387 = ORIENTED_EDGE ( 'NONE', *, *, #1932, .T. ) ;
#388 = ORIENTED_EDGE ( 'NONE', *, *, #1260, .F. ) ;
#389 = ADVANCED_FACE ( 'NONE', ( #2020 ), #2068, .F. ) ;
#390 = EDGE_CURVE ( 'NONE', #923, #2330, #848, .T. ) ;
#391 = CARTESIAN_POINT ( 'NONE',  ( 89.25000000000000000, 14.99999999999998934, 18.33333333333336057 ) ) ;
#392 = ORIENTED_EDGE ( 'NONE', *, *, #1871, .T. ) ;
#393 = LINE ( 'NONE', #731, #1743 ) ;
#394 = DIRECTION ( 'NONE',  ( 0.000000000000000000, 0.000000000000000000, -1.000000000000000000 ) ) ;
#395 = EDGE_CURVE ( 'NONE', #1736, #1499, #290, .T. ) ;
#396 = CIRCLE ( 'NONE', #1374, 15.00000000000000000 ) ;
#397 = EDGE_LOOP ( 'NONE', ( #805, #1801, #172, #43 ) ) ;
#398 = ORIENTED_EDGE ( 'NONE', *, *, #596, .T. ) ;
#399 = CIRCLE ( 'NONE', #1375, 77.00000000000000000 ) ;
#400 = EDGE_CURVE ( 'NONE', #2330, #2152, #1484, .T. ) ;
#401 = FACE_BOUND ( 'NONE', #209, .T. ) ;
#402 = VERTEX_POINT ( 'NONE', #521 ) ;
#403 = VERTEX_POINT ( 'NONE', #509 ) ;
#404 = CYLINDRICAL_SURFACE ( 'NONE', #1640, 2.000000000000001776 ) ;
#405 = VECTOR ( 'NONE', #1734, 1000.000000000000000 ) ;
#406 = FACE_OUTER_BOUND ( 'NONE', #292, .T. ) ;
#407 = CARTESIAN_POINT ( 'NONE',  ( 6.249999999999996447, -19.99999999999999645, 3.916666666666667407 ) ) ;
#408 = ORIENTED_EDGE ( 'NONE', *, *, #1939, .F. ) ;
#409 = DIRECTION ( 'NONE',  ( 0.000000000000000000, 0.000000000000000000, 1.000000000000000000 ) ) ;
#410 = EDGE_CURVE ( 'NONE', #2106, #849, #1641, .T. ) ;
#411 = DIRECTION ( 'NONE',  ( 0.000000000000000000, 0.000000000000000000, -1.000000000000000000 ) ) ;
#412 = VERTEX_POINT ( 'NONE', #2251 ) ;
#413 = LINE ( 'NONE', #1181, #1238 ) ;
#414 = ADVANCED_FACE ( 'NONE', ( #881 ), #1661, .F. ) ;
#415 = DIRECTION ( 'NONE',  ( 0.000000000000000000, -1.000000000000000000, 0.000000000000000000 ) ) ;
#416 = DIRECTION ( 'NONE',  ( -0.000000000000000000, -0.000000000000000000, 1.000000000000000000 ) ) ;
#417 = ORIENTED_EDGE ( 'NONE', *, *, #1123, .T. ) ;
#418 = EDGE_LOOP ( 'NONE', ( #755, #1122, #983, #1735 ) ) ;
#419 = LINE ( 'NONE', #2178, #424 ) ;
#420 = CIRCLE ( 'NONE', #173, 2.750000000000001776 ) ;
#421 = DIRECTION ( 'NONE',  ( 0.000000000000000000, -0.000000000000000000, -1.000000000000000000 ) ) ;
#422 = CARTESIAN_POINT ( 'NONE',  ( 75.50000000000000000, -3.000000000000019984, 25.00000000000000000 ) ) ;
#423 = ORIENTED_EDGE ( 'NONE', *, *, #749, .F. ) ;
#424 = VECTOR ( 'NONE', #433, 1000.000000000000000 ) ;
#425 = CARTESIAN_POINT ( 'NONE',  ( 6.249999999999996447, -19.99999999999999645, 18.33333333333335347 ) ) ;
#426 = AXIS2_PLACEMENT_3D ( 'NONE', #1744, #735, #2496 ) ;
#427 = MANIFOLD_SOLID_BREP ( 'Fillet4', #113 ) ;
#428 = CARTESIAN_POINT ( 'NONE',  ( 75.50000000000000000, 0.000000000000000000, 25.00000000000000000 ) ) ;
#429 = ORIENTED_EDGE ( 'NONE', *, *, #1581, .T. ) ;
#430 = DIRECTION ( 'NONE',  ( 0.000000000000000000, 0.000000000000000000, 1.000000000000000000 ) ) ;
#431 = DIRECTION ( 'NONE',  ( 0.000000000000000000, 0.000000000000000000, -1.000000000000000000 ) ) ;
#432 = ORIENTED_EDGE ( 'NONE', *, *, #2433, .T. ) ;
#433 = DIRECTION ( 'NONE',  ( -1.000000000000000000, 0.000000000000000000, 0.000000000000000000 ) ) ;
#434 = CARTESIAN_POINT ( 'NONE',  ( 67.38461538461538680, 15.92307692307691802, 25.00000000000000000 ) ) ;
#435 = CARTESIAN_POINT ( 'NONE',  ( -2.308695440802727361E-15, -2.999999999999952038, 25.00000000000000000 ) ) ;
#436 = ORIENTED_EDGE ( 'NONE', *, *, #2446, .T. ) ;
#437 = EDGE_LOOP ( 'NONE', ( #2241, #519, #1002, #1359 ) ) ;
#438 = DIRECTION ( 'NONE',  ( 1.000000000000000000, -8.944667923005403692E-16, 0.000000000000000000 ) ) ;
#439 = VECTOR ( 'NONE', #111, 1000.000000000000000 ) ;
#440 = DIRECTION ( 'NONE',  ( 4.770489558936219510E-17, 1.000000000000000000, 0.000000000000000000 ) ) ;
#441 = VERTEX_POINT ( 'NONE', #680 ) ;
#442 = ORIENTED_EDGE ( 'NONE', *, *, #1611, .T. ) ;
#443 = EDGE_CURVE ( 'NONE', #331, #1510, #2449, .T. ) ;
#444 = CARTESIAN_POINT ( 'NONE',  ( -0.3323943469808103290, -2.515727455786050726, 0.000000000000000000 ) ) ;
#445 = ORIENTED_EDGE ( 'NONE', *, *, #2453, .F. ) ;
#446 = EDGE_CURVE ( 'NONE', #1257, #142, #1358, .T. ) ;
#447 = FACE_OUTER_BOUND ( 'NONE', #1444, .T. ) ;
#448 = PLANE ( 'NONE',  #2359 ) ;
#449 = ADVANCED_FACE ( 'NONE', ( #1509 ), #753, .F. ) ;
#450 = DIRECTION ( 'NONE',  ( 0.2778891309465066350, -0.9606131536168944773, 0.000000000000000000 ) ) ;
#451 = VERTEX_POINT ( 'NONE', #727 ) ;
#452 = VECTOR ( 'NONE', #872, 1000.000000000000000 ) ;
#453 = DIRECTION ( 'NONE',  ( 4.770489558936220126E-17, 1.000000000000000000, -0.000000000000000000 ) ) ;
#454 = AXIS2_PLACEMENT_3D ( 'NONE', #825, #1021, #467 ) ;
#455 = EDGE_CURVE ( 'NONE', #1221, #2156, #959, .T. ) ;
#456 = CARTESIAN_POINT ( 'NONE',  ( 39.76631459984510286, -6.107178194718006381, 0.000000000000000000 ) ) ;
#457 = ORIENTED_EDGE ( 'NONE', *, *, #1874, .T. ) ;
#458 = CARTESIAN_POINT ( 'NONE',  ( 81.74999999999998579, -20.00000000000000000, 9.416666666666669627 ) ) ;
#459 = PLANE ( 'NONE',  #949 ) ;
#460 = VECTOR ( 'NONE', #1970, 1000.000000000000000 ) ;
#461 = CARTESIAN_POINT ( 'NONE',  ( 57.32172763465334953, -3.480347674647388256, 0.000000000000000000 ) ) ;
#462 = CIRCLE ( 'NONE', #1434, 75.00000000000000000 ) ;
#463 = EDGE_CURVE ( 'NONE', #1355, #2015, #1305, .T. ) ;
#464 = DIRECTION ( 'NONE',  ( 4.770489558936220126E-17, 1.000000000000000000, -0.000000000000000000 ) ) ;
#465 = CARTESIAN_POINT ( 'NONE',  ( 47.65705693051961589, 0.6708199569112026639, 25.00000000000000000 ) ) ;
#466 = VERTEX_POINT ( 'NONE', #2103 ) ;
#467 = DIRECTION ( 'NONE',  ( 0.7071067811865526798, 0.7071067811865423547, 0.000000000000000000 ) ) ;
#468 = CIRCLE ( 'NONE', #21, 12.99999999999999822 ) ;
#469 = CARTESIAN_POINT ( 'NONE',  ( 5.154500019298777325, -12.44406385384368718, 0.000000000000000000 ) ) ;
#470 = VECTOR ( 'NONE', #603, 1000.000000000000000 ) ;
#471 = ORIENTED_EDGE ( 'NONE', *, *, #1932, .F. ) ;
#472 = DIRECTION ( 'NONE',  ( 0.000000000000000000, 0.000000000000000000, 1.000000000000000000 ) ) ;
#473 = LINE ( 'NONE', #1198, #470 ) ;
#474 = DIRECTION ( 'NONE',  ( 1.000000000000000000, 0.000000000000000000, 0.000000000000000000 ) ) ;
#475 = CARTESIAN_POINT ( 'NONE',  ( 65.90909090909090651, -80.00000000000000000, 25.00000000000000000 ) ) ;
#476 = ORIENTED_EDGE ( 'NONE', *, *, #2311, .F. ) ;
#477 = VERTEX_POINT ( 'NONE', #365 ) ;
#478 = EDGE_CURVE ( 'NONE', #364, #1724, #2187, .T. ) ;
#479 = DIRECTION ( 'NONE',  ( -1.000000000000000000, 0.000000000000000000, 0.000000000000000000 ) ) ;
#480 = VERTEX_POINT ( 'NONE', #1699 ) ;
#481 = LINE ( 'NONE', #276, #908 ) ;
#482 = EDGE_CURVE ( 'NONE', #2427, #2276, #2080, .T. ) ;
#483 = LINE ( 'NONE', #2054, #1441 ) ;
#484 = DIRECTION ( 'NONE',  ( -0.000000000000000000, -0.000000000000000000, 1.000000000000000000 ) ) ;
#485 = ORIENTED_EDGE ( 'NONE', *, *, #732, .T. ) ;
#486 = EDGE_LOOP ( 'NONE', ( #1519, #2116, #312, #1048 ) ) ;
#487 = VECTOR ( 'NONE', #472, 1000.000000000000000 ) ;
#488 = VECTOR ( 'NONE', #2245, 1000.000000000000000 ) ;
#489 = CARTESIAN_POINT ( 'NONE',  ( 26.81678321678324295, -13.66153846153846096, 25.00000000000000000 ) ) ;
#490 = CARTESIAN_POINT ( 'NONE',  ( 65.90909090909090651, -80.00000000000000000, 25.00000000000000000 ) ) ;
#491 = EDGE_CURVE ( 'NONE', #480, #13, #7, .T. ) ;
#492 = EDGE_CURVE ( 'NONE', #947, #549, #1532, .T. ) ;
#493 = VERTEX_POINT ( 'NONE', #2298 ) ;
#494 = LINE ( 'NONE', #1648, #2045 ) ;
#495 = EDGE_CURVE ( 'NONE', #792, #2106, #530, .T. ) ;
#496 = CARTESIAN_POINT ( 'NONE',  ( 27.83216783216785117, -15.38461538461537437, 0.000000000000000000 ) ) ;
#497 = SURFACE_STYLE_USAGE ( .BOTH. , #1293 ) ;
#498 = ORIENTED_EDGE ( 'NONE', *, *, #2009, .F. ) ;
#499 = CIRCLE ( 'NONE', #1909, 2.000000000000001776 ) ;
#500 = ORIENTED_EDGE ( 'NONE', *, *, #865, .F. ) ;
#501 = DIRECTION ( 'NONE',  ( 4.770489558936219510E-17, 1.000000000000000000, -0.000000000000000000 ) ) ;
#502 = CYLINDRICAL_SURFACE ( 'NONE', #1685, 76.99999999999998579 ) ;
#503 = DIRECTION ( 'NONE',  ( 0.000000000000000000, 0.000000000000000000, -1.000000000000000000 ) ) ;
#504 = AXIS2_PLACEMENT_3D ( 'NONE', #1233, #59, #2397 ) ;
#505 = CARTESIAN_POINT ( 'NONE',  ( 89.25000000000000000, -20.00000000000000000, 3.916666666666667407 ) ) ;
#506 = DIRECTION ( 'NONE',  ( 0.000000000000000000, 0.000000000000000000, 1.000000000000000000 ) ) ;
#507 = CIRCLE ( 'NONE', #866, 77.00000000000000000 ) ;
#508 = DIRECTION ( 'NONE',  ( 0.000000000000000000, 0.000000000000000000, -1.000000000000000000 ) ) ;
#509 = CARTESIAN_POINT ( 'NONE',  ( 95.50000000000000000, 14.99999999999999289, 25.00000000000000000 ) ) ;
#510 = VERTEX_POINT ( 'NONE', #569 ) ;
#511 = EDGE_LOOP ( 'NONE', ( #2101, #366, #1295, #1452 ) ) ;
#512 = DIRECTION ( 'NONE',  ( 0.000000000000000000, 0.000000000000000000, 1.000000000000000000 ) ) ;
#513 = PLANE ( 'NONE',  #347 ) ;
#514 = DIRECTION ( 'NONE',  ( 1.000000000000000000, 0.000000000000000000, 0.000000000000000000 ) ) ;
#515 = CARTESIAN_POINT ( 'NONE',  ( 81.74999999999998579, -20.00000000000000000, 15.58333333333337833 ) ) ;
#516 = CARTESIAN_POINT ( 'NONE',  ( 0.000000000000000000, 0.000000000000000000, 25.00000000000000000 ) ) ;
#517 = AXIS2_PLACEMENT_3D ( 'NONE', #877, #1491, #309 ) ;
#518 = EDGE_CURVE ( 'NONE', #797, #2044, #933, .T. ) ;
#519 = ORIENTED_EDGE ( 'NONE', *, *, #482, .T. ) ;
#520 = CARTESIAN_POINT ( 'NONE',  ( 49.06755081530774021, -21.94018486469399321, 25.00000000000000000 ) ) ;
#521 = CARTESIAN_POINT ( 'NONE',  ( 89.25000000000000000, 14.99999999999998934, 3.916666666666667407 ) ) ;
#522 = VERTEX_POINT ( 'NONE', #2115 ) ;
#523 = EDGE_CURVE ( 'NONE', #975, #823, #1169, .T. ) ;
#524 = ORIENTED_EDGE ( 'NONE', *, *, #400, .T. ) ;
#525 = CARTESIAN_POINT ( 'NONE',  ( 10.40378698224852094, -17.65491124260355349, 0.000000000000000000 ) ) ;
#526 = ADVANCED_FACE ( 'NONE', ( #1933 ), #1570, .T. ) ;
#527 = AXIS2_PLACEMENT_3D ( 'NONE', #350, #1117, #2099 ) ;
#528 = DIRECTION ( 'NONE',  ( 1.000000000000000000, 0.000000000000000000, 0.000000000000000000 ) ) ;
#529 = DIRECTION ( 'NONE',  ( 1.000000000000000000, -7.695651469342547797E-16, 0.000000000000000000 ) ) ;
#530 = CIRCLE ( 'NONE', #2067, 2.749999999999974687 ) ;
#531 = CARTESIAN_POINT ( 'NONE',  ( 22.00000000000000000, 0.000000000000000000, 0.000000000000000000 ) ) ;
#532 = VERTEX_POINT ( 'NONE', #1183 ) ;
#533 = CARTESIAN_POINT ( 'NONE',  ( 89.25000000000000000, -20.00000000000000000, 9.416666666666666075 ) ) ;
#534 = DIRECTION ( 'NONE',  ( 1.000000000000000000, -4.770489558936219510E-17, 0.000000000000000000 ) ) ;
#535 = ORIENTED_EDGE ( 'NONE', *, *, #1357, .F. ) ;
#536 = ORIENTED_EDGE ( 'NONE', *, *, #1417, .T. ) ;
#537 = EDGE_CURVE ( 'NONE', #811, #412, #1963, .T. ) ;
#538 = CARTESIAN_POINT ( 'NONE',  ( 81.74999999999998579, 17.99999999999999289, 9.416666666666669627 ) ) ;
#539 = CARTESIAN_POINT ( 'NONE',  ( 1.431146867680861416E-16, 2.999999999999990674, 3.916666666666665630 ) ) ;
#540 = DIRECTION ( 'NONE',  ( 1.000000000000000000, 0.000000000000000000, -0.000000000000000000 ) ) ;
#541 = VECTOR ( 'NONE', #450, 1000.000000000000114 ) ;
#542 = CARTESIAN_POINT ( 'NONE',  ( 57.32172763465334953, -3.480347674647381151, 25.00000000000000000 ) ) ;
#543 = CIRCLE ( 'NONE', #1638, 1.999999999999998224 ) ;
#544 = PLANE ( 'NONE',  #527 ) ;
#545 = ORIENTED_EDGE ( 'NONE', *, *, #206, .T. ) ;
#546 = AXIS2_PLACEMENT_3D ( 'NONE', #1189, #1202, #1966 ) ;
#547 = VECTOR ( 'NONE', #1761, 1000.000000000000000 ) ;
#548 = CARTESIAN_POINT ( 'NONE',  ( 79.00000000000001421, -20.00000000000000000, 18.33333333333336057 ) ) ;
#549 = VERTEX_POINT ( 'NONE', #2336 ) ;
#550 = ORIENTED_EDGE ( 'NONE', *, *, #446, .T. ) ;
#551 = FACE_OUTER_BOUND ( 'NONE', #598, .T. ) ;
#552 = ADVANCED_FACE ( 'NONE', ( #985, #2136, #1775, #401, #592, #1000, #778, #605 ), #15, .F. ) ;
#553 = DIRECTION ( 'NONE',  ( 0.000000000000000000, 0.000000000000000000, 1.000000000000000000 ) ) ;
#554 = LINE ( 'NONE', #1886, #1728 ) ;
#555 = CARTESIAN_POINT ( 'NONE',  ( 31.80615439211656437, 1.301393347788433186, 0.000000000000000000 ) ) ;
#556 = ORIENTED_EDGE ( 'NONE', *, *, #1624, .T. ) ;
#557 = ORIENTED_EDGE ( 'NONE', *, *, #1427, .T. ) ;
#558 = ORIENTED_EDGE ( 'NONE', *, *, #410, .T. ) ;
#559 = ORIENTED_EDGE ( 'NONE', *, *, #2105, .T. ) ;
#560 = FACE_OUTER_BOUND ( 'NONE', #704, .T. ) ;
#561 = CARTESIAN_POINT ( 'NONE',  ( 39.34637912696766193, -0.4461082050109688724, 0.000000000000000000 ) ) ;
#562 = PLANE ( 'NONE',  #1549 ) ;
#563 = EDGE_CURVE ( 'NONE', #1724, #2487, #198, .T. ) ;
#564 = FACE_OUTER_BOUND ( 'NONE', #1912, .T. ) ;
#565 = ORIENTED_EDGE ( 'NONE', *, *, #2132, .T. ) ;
#566 = AXIS2_PLACEMENT_3D ( 'NONE', #95, #1061, #278 ) ;
#567 = ORIENTED_EDGE ( 'NONE', *, *, #1615, .T. ) ;
#568 = AXIS2_PLACEMENT_3D ( 'NONE', #954, #2282, #381 ) ;
#569 = CARTESIAN_POINT ( 'NONE',  ( 31.80615439211656437, 1.301393347788433186, 0.000000000000000000 ) ) ;
#570 = ORIENTED_EDGE ( 'NONE', *, *, #1349, .F. ) ;
#571 = ORIENTED_EDGE ( 'NONE', *, *, #232, .T. ) ;
#572 = DIRECTION ( 'NONE',  ( 4.770489558936220126E-17, 1.000000000000000000, -0.000000000000000000 ) ) ;
#573 = FACE_OUTER_BOUND ( 'NONE', #2214, .T. ) ;
#574 = CIRCLE ( 'NONE', #814, 2.750000000000001776 ) ;
#575 = CARTESIAN_POINT ( 'NONE',  ( 25.00000000000001421, 77.99999999999998579, 0.000000000000000000 ) ) ;
#576 = PRODUCT_RELATED_PRODUCT_CATEGORY ( 'part', '', ( #1264 ) ) ;
#577 = CIRCLE ( 'NONE', #1225, 77.00000000000000000 ) ;
#578 = CARTESIAN_POINT ( 'NONE',  ( 3.500000000000023093, 2.999999999999988898, 18.33333333333335347 ) ) ;
#579 = EDGE_CURVE ( 'NONE', #1724, #946, #973, .T. ) ;
#580 = VERTEX_POINT ( 'NONE', #211 ) ;
#581 = ORIENTED_EDGE ( 'NONE', *, *, #887, .F. ) ;
#582 = CARTESIAN_POINT ( 'NONE',  ( 95.50000000000000000, 0.000000000000000000, 0.000000000000000000 ) ) ;
#583 = ORIENTED_EDGE ( 'NONE', *, *, #518, .T. ) ;
#584 = EDGE_LOOP ( 'NONE', ( #1617, #1323, #164, #1210 ) ) ;
#585 = FACE_OUTER_BOUND ( 'NONE', #129, .T. ) ;
#586 = AXIS2_PLACEMENT_3D ( 'NONE', #1392, #1244, #39 ) ;
#587 = DIRECTION ( 'NONE',  ( -0.000000000000000000, -0.000000000000000000, 1.000000000000000000 ) ) ;
#588 = ADVANCED_FACE ( 'NONE', ( #29 ), #791, .F. ) ;
#589 = DIRECTION ( 'NONE',  ( 1.000000000000000000, 0.000000000000000000, 0.000000000000000000 ) ) ;
#590 = VERTEX_POINT ( 'NONE', #1569 ) ;
#591 = EDGE_CURVE ( 'NONE', #30, #2371, #2158, .T. ) ;
#592 = FACE_OUTER_BOUND ( 'NONE', #1354, .T. ) ;
#593 = ORIENTED_EDGE ( 'NONE', *, *, #1307, .F. ) ;
#594 = EDGE_LOOP ( 'NONE', ( #384, #640, #2383, #86 ) ) ;
#595 = CARTESIAN_POINT ( 'NONE',  ( 13.74999999999999467, -19.99999999999999645, 9.416666666666669627 ) ) ;
#596 = EDGE_CURVE ( 'NONE', #1596, #1429, #1380, .T. ) ;
#597 = DIRECTION ( 'NONE',  ( 1.000000000000000000, 0.000000000000000000, 0.000000000000000000 ) ) ;
#598 = EDGE_LOOP ( 'NONE', ( #1920, #1632, #912, #524 ) ) ;
#599 = CARTESIAN_POINT ( 'NONE',  ( 63.68876179494188960, 5.859409758589538164, 0.000000000000000000 ) ) ;
#600 = CARTESIAN_POINT ( 'NONE',  ( 6.249999999999996447, 2.999999999999988898, 6.666666666666668739 ) ) ;
#601 = VECTOR ( 'NONE', #262, 1000.000000000000000 ) ;
#602 = VECTOR ( 'NONE', #1814, 1000.000000000000000 ) ;
#603 = DIRECTION ( 'NONE',  ( 0.7071067811865445751, -0.7071067811865504593, 0.000000000000000000 ) ) ;
#604 = DIRECTION ( 'NONE',  ( 0.000000000000000000, -1.000000000000000000, 0.000000000000000000 ) ) ;
#605 = FACE_BOUND ( 'NONE', #2135, .T. ) ;
#606 = ORIENTED_EDGE ( 'NONE', *, *, #1646, .F. ) ;
#607 = ORIENTED_EDGE ( 'NONE', *, *, #1656, .F. ) ;
#608 = LINE ( 'NONE', #461, #219 ) ;
#609 = CARTESIAN_POINT ( 'NONE',  ( 46.78531298391226301, -20.91969945032127853, 0.000000000000000000 ) ) ;
#610 = DIRECTION ( 'NONE',  ( -0.9238795325112889589, -0.3826834323650845637, 0.000000000000000000 ) ) ;
#611 = ORIENTED_EDGE ( 'NONE', *, *, #1924, .F. ) ;
#612 = CARTESIAN_POINT ( 'NONE',  ( 55.76201529762257536, -0.8439890746687952472, 0.000000000000000000 ) ) ;
#613 = CARTESIAN_POINT ( 'NONE',  ( 46.78531298391226301, -20.91969945032127853, 25.00000000000000000 ) ) ;
#614 = DIRECTION ( 'NONE',  ( 4.770489558936219510E-17, 1.000000000000000000, -0.000000000000000000 ) ) ;
#615 = CARTESIAN_POINT ( 'NONE',  ( 65.90909090909087809, -3.000000000000002665, 0.000000000000000000 ) ) ;
#616 = CARTESIAN_POINT ( 'NONE',  ( 13.74999999999999467, -19.99999999999999645, 3.916666666666667407 ) ) ;
#617 = ORIENTED_EDGE ( 'NONE', *, *, #491, .T. ) ;
#618 = ORIENTED_EDGE ( 'NONE', *, *, #2374, .F. ) ;
#619 = DIRECTION ( 'NONE',  ( 4.770489558936220126E-17, 1.000000000000000000, -0.000000000000000000 ) ) ;
#620 = VECTOR ( 'NONE', #40, 1000.000000000000000 ) ;
#621 = LINE ( 'NONE', #847, #1050 ) ;
#622 = PLANE ( 'NONE',  #1538 ) ;
#623 = ORIENTED_EDGE ( 'NONE', *, *, #1123, .F. ) ;
#624 = VECTOR ( 'NONE', #1879, 1000.000000000000000 ) ;
#625 = DIRECTION ( 'NONE',  ( 1.000000000000000000, 0.000000000000000000, -0.000000000000000000 ) ) ;
#626 = VECTOR ( 'NONE', #1919, 1000.000000000000000 ) ;
#627 = EDGE_CURVE ( 'NONE', #493, #1700, #543, .T. ) ;
#628 = DIRECTION ( 'NONE',  ( 4.770489558936220126E-17, 1.000000000000000000, -0.000000000000000000 ) ) ;
#629 = EDGE_LOOP ( 'NONE', ( #2208, #1558, #1930, #900, #154 ) ) ;
#630 = CARTESIAN_POINT ( 'NONE',  ( 25.00000000000001421, 77.99999999999998579, 0.000000000000000000 ) ) ;
#631 = EDGE_CURVE ( 'NONE', #986, #187, #225, .T. ) ;
#632 = ORIENTED_EDGE ( 'NONE', *, *, #925, .F. ) ;
#633 = DIRECTION ( 'NONE',  ( 0.000000000000000000, 0.000000000000000000, -1.000000000000000000 ) ) ;
#634 = EDGE_CURVE ( 'NONE', #2015, #2182, #1199, .T. ) ;
#635 = DIRECTION ( 'NONE',  ( 0.000000000000000000, 0.000000000000000000, -1.000000000000000000 ) ) ;
#636 = CARTESIAN_POINT ( 'NONE',  ( 0.000000000000000000, 0.000000000000000000, 0.000000000000000000 ) ) ;
#637 = EDGE_LOOP ( 'NONE', ( #1571, #1936, #1154, #1867 ) ) ;
#638 = DIRECTION ( 'NONE',  ( 1.154732722284107785E-16, -1.000000000000000000, 0.000000000000000000 ) ) ;
#639 = DIRECTION ( 'NONE',  ( -1.000000000000000000, 0.000000000000000000, 0.000000000000000000 ) ) ;
#640 = ORIENTED_EDGE ( 'NONE', *, *, #634, .F. ) ;
#641 = EDGE_CURVE ( 'NONE', #2288, #451, #1410, .T. ) ;
#642 = CARTESIAN_POINT ( 'NONE',  ( 73.50000000000000000, -2.171572875253831469, 0.000000000000000000 ) ) ;
#643 = DIRECTION ( 'NONE',  ( 0.000000000000000000, 0.000000000000000000, 1.000000000000000000 ) ) ;
#644 = DIRECTION ( 'NONE',  ( -0.000000000000000000, -0.000000000000000000, 1.000000000000000000 ) ) ;
#645 = CARTESIAN_POINT ( 'NONE',  ( 20.00000000000000000, 0.000000000000000000, 0.000000000000000000 ) ) ;
#646 = EDGE_LOOP ( 'NONE', ( #388, #355, #1811, #54 ) ) ;
#647 = AXIS2_PLACEMENT_3D ( 'NONE', #1602, #1590, #810 ) ;
#648 = AXIS2_PLACEMENT_3D ( 'NONE', #2486, #2, #175 ) ;
#649 = DIRECTION ( 'NONE',  ( -1.000000000000000000, 4.770489558936219510E-17, 0.000000000000000000 ) ) ;
#650 = AXIS2_PLACEMENT_3D ( 'NONE', #851, #74, #649 ) ;
#651 = FACE_OUTER_BOUND ( 'NONE', #2078, .T. ) ;
#652 = FACE_OUTER_BOUND ( 'NONE', #1772, .T. ) ;
#653 = ORIENTED_EDGE ( 'NONE', *, *, #2348, .T. ) ;
#654 = DIRECTION ( 'NONE',  ( 3.209883240645403306E-32, 1.000000000000000000, 0.000000000000000000 ) ) ;
#655 = DIRECTION ( 'NONE',  ( 1.000000000000000000, 0.000000000000000000, 0.000000000000000000 ) ) ;
#656 = ADVANCED_FACE ( 'NONE', ( #990 ), #448, .F. ) ;
#657 = EDGE_CURVE ( 'NONE', #2313, #1143, #295, .T. ) ;
#658 = AXIS2_PLACEMENT_3D ( 'NONE', #1678, #1847, #293 ) ;
#659 = DIRECTION ( 'NONE',  ( -0.9238795325112892920, -0.3826834323650835090, 0.000000000000000000 ) ) ;
#660 = CIRCLE ( 'NONE', #901, 76.99999999999998579 ) ;
#661 = CARTESIAN_POINT ( 'NONE',  ( 25.00000000000001421, 77.99999999999998579, 25.00000000000000000 ) ) ;
#662 = CARTESIAN_POINT ( 'NONE',  ( 6.249999999999996447, 2.999999999999990230, 9.416666666666669627 ) ) ;
#663 = ORIENTED_EDGE ( 'NONE', *, *, #2126, .F. ) ;
#664 = VERTEX_POINT ( 'NONE', #1385 ) ;
#665 = CARTESIAN_POINT ( 'NONE',  ( 73.50000000000000000, -5.000000000000007994, 25.00000000000000000 ) ) ;
#666 = VECTOR ( 'NONE', #619, 1000.000000000000000 ) ;
#667 = EDGE_CURVE ( 'NONE', #403, #1596, #2179, .T. ) ;
#668 = ORIENTED_EDGE ( 'NONE', *, *, #2145, .F. ) ;
#669 = EDGE_CURVE ( 'NONE', #2367, #522, #2472, .T. ) ;
#670 = CARTESIAN_POINT ( 'NONE',  ( 65.60998810217566302, 6.415188020482548659, 0.000000000000000000 ) ) ;
#671 = CARTESIAN_POINT ( 'NONE',  ( 12.88757396449702952, -21.86982248520710925, 25.00000000000000000 ) ) ;
#672 = VECTOR ( 'NONE', #166, 1000.000000000000000 ) ;
#673 = CARTESIAN_POINT ( 'NONE',  ( 46.08607388718598230, -0.5669248784883201830, 0.000000000000000000 ) ) ;
#674 = ORIENTED_EDGE ( 'NONE', *, *, #2098, .F. ) ;
#675 = FACE_OUTER_BOUND ( 'NONE', #101, .T. ) ;
#676 = EDGE_CURVE ( 'NONE', #1058, #1768, #1575, .T. ) ;
#677 = ORIENTED_EDGE ( 'NONE', *, *, #1679, .T. ) ;
#678 = LINE ( 'NONE', #1059, #1033 ) ;
#679 = DIRECTION ( 'NONE',  ( 0.000000000000000000, -1.000000000000000000, 0.000000000000000000 ) ) ;
#680 = CARTESIAN_POINT ( 'NONE',  ( 47.84810658740728684, 4.467938792860713271, 25.00000000000000000 ) ) ;
#681 = ORIENTED_EDGE ( 'NONE', *, *, #1973, .T. ) ;
#682 = CARTESIAN_POINT ( 'NONE',  ( 22.00000000000000000, 0.000000000000000000, 25.00000000000000000 ) ) ;
#683 = AXIS2_PLACEMENT_3D ( 'NONE', #991, #1767, #610 ) ;
#684 = LINE ( 'NONE', #1285, #47 ) ;
#685 = FACE_OUTER_BOUND ( 'NONE', #2468, .T. ) ;
#686 = DIRECTION ( 'NONE',  ( 0.8615384615384616973, 0.5076923076923076650, 0.000000000000000000 ) ) ;
#687 = DIRECTION ( 'NONE',  ( 1.000000000000000000, -4.770489558936219510E-17, 0.000000000000000000 ) ) ;
#688 = PRESENTATION_STYLE_ASSIGNMENT (( #497 ) ) ;
#689 = VERTEX_POINT ( 'NONE', #2154 ) ;
#690 = AXIS2_PLACEMENT_3D ( 'NONE', #1009, #1592, #2358 ) ;
#691 = VERTEX_POINT ( 'NONE', #2007 ) ;
#692 = DIRECTION ( 'NONE',  ( 0.000000000000000000, -0.000000000000000000, -1.000000000000000000 ) ) ;
#693 = FACE_BOUND ( 'NONE', #1407, .T. ) ;
#694 = DIRECTION ( 'NONE',  ( 0.000000000000000000, 0.000000000000000000, 1.000000000000000000 ) ) ;
#695 = CARTESIAN_POINT ( 'NONE',  ( 89.25000000000000000, 17.99999999999999289, 18.33333333333336057 ) ) ;
#696 = DIRECTION ( 'NONE',  ( 0.9913839375960138423, -0.1309881226547762456, 0.000000000000000000 ) ) ;
#697 = AXIS2_PLACEMENT_3D ( 'NONE', #356, #1903, #769 ) ;
#698 = EDGE_CURVE ( 'NONE', #1797, #532, #420, .T. ) ;
#699 = VECTOR ( 'NONE', #1080, 1000.000000000000000 ) ;
#700 = ORIENTED_EDGE ( 'NONE', *, *, #1288, .F. ) ;
#701 = EDGE_CURVE ( 'NONE', #2106, #275, #2369, .T. ) ;
#702 = FACE_OUTER_BOUND ( 'NONE', #354, .T. ) ;
#703 = DIRECTION ( 'NONE',  ( 0.2821239020566121969, 0.9593779775919138997, 0.000000000000000000 ) ) ;
#704 = EDGE_LOOP ( 'NONE', ( #855, #457, #1508, #2377 ) ) ;
#705 = ORIENTED_EDGE ( 'NONE', *, *, #2249, .F. ) ;
#706 = ADVANCED_FACE ( 'NONE', ( #832 ), #1190, .F. ) ;
#707 = LINE ( 'NONE', #682, #1224 ) ;
#708 = FACE_BOUND ( 'NONE', #1567, .T. ) ;
#709 = LINE ( 'NONE', #505, #1855 ) ;
#710 = DIRECTION ( 'NONE',  ( 0.000000000000000000, 0.000000000000000000, -1.000000000000000000 ) ) ;
#711 = ORIENTED_EDGE ( 'NONE', *, *, #2261, .F. ) ;
#712 = EDGE_CURVE ( 'NONE', #797, #1247, #1004, .T. ) ;
#713 = PLANE ( 'NONE',  #1959 ) ;
#714 = ORIENTED_EDGE ( 'NONE', *, *, #147, .T. ) ;
#715 = ORIENTED_EDGE ( 'NONE', *, *, #1563, .F. ) ;
#716 = CARTESIAN_POINT ( 'NONE',  ( 65.90909090909090651, -80.00000000000000000, 0.000000000000000000 ) ) ;
#717 = VECTOR ( 'NONE', #1173, 1000.000000000000000 ) ;
#718 = AXIS2_PLACEMENT_3D ( 'NONE', #1849, #503, #1873 ) ;
#719 = CARTESIAN_POINT ( 'NONE',  ( 25.00000000000001421, 77.99999999999998579, 0.000000000000000000 ) ) ;
#720 = DIRECTION ( 'NONE',  ( -1.000000000000000000, 0.000000000000000000, 0.000000000000000000 ) ) ;
#721 = CARTESIAN_POINT ( 'NONE',  ( 25.00000000000002842, 0.9999999999999870104, 0.000000000000000000 ) ) ;
#722 =( GEOMETRIC_REPRESENTATION_CONTEXT ( 3 ) GLOBAL_UNCERTAINTY_ASSIGNED_CONTEXT ( ( #2048 ) ) GLOBAL_UNIT_ASSIGNED_CONTEXT ( ( #2043, #1279, #2473 ) ) REPRESENTATION_CONTEXT ( 'NONE', 'WORKASPACE' ) );
#723 = DIRECTION ( 'NONE',  ( 0.9128951325581730059, -0.4081941657490903430, 0.000000000000000000 ) ) ;
#724 = ORIENTED_EDGE ( 'NONE', *, *, #1112, .T. ) ;
#725 = EDGE_LOOP ( 'NONE', ( #1793, #387, #303, #1200 ) ) ;
#726 = ADVANCED_FACE ( 'NONE', ( #406 ), #1779, .F. ) ;
#727 = CARTESIAN_POINT ( 'NONE',  ( 67.38461538461541522, 15.92307692307693223, 0.000000000000000000 ) ) ;
#728 = ORIENTED_EDGE ( 'NONE', *, *, #2314, .T. ) ;
#729 = ORIENTED_EDGE ( 'NONE', *, *, #289, .F. ) ;
#730 = LINE ( 'NONE', #2489, #1804 ) ;
#731 = CARTESIAN_POINT ( 'NONE',  ( 66.31577654208837203, 12.97179689087349885, 0.000000000000000000 ) ) ;
#732 = EDGE_CURVE ( 'NONE', #590, #2288, #396, .T. ) ;
#733 = DIRECTION ( 'NONE',  ( 4.770489558936220126E-17, 1.000000000000000000, -0.000000000000000000 ) ) ;
#734 = AXIS2_PLACEMENT_3D ( 'NONE', #226, #804, #386 ) ;
#735 = DIRECTION ( 'NONE',  ( 0.000000000000000000, 0.000000000000000000, 1.000000000000000000 ) ) ;
#736 = EDGE_LOOP ( 'NONE', ( #1011, #2046, #1711, #536 ) ) ;
#737 = ORIENTED_EDGE ( 'NONE', *, *, #2232, .T. ) ;
#738 = VECTOR ( 'NONE', #1649, 1000.000000000000000 ) ;
#739 = VECTOR ( 'NONE', #1551, 1000.000000000000000 ) ;
#740 = DIRECTION ( 'NONE',  ( 1.000000000000000000, 0.000000000000000000, 0.000000000000000000 ) ) ;
#741 = ORIENTED_EDGE ( 'NONE', *, *, #313, .T. ) ;
#742 = ORIENTED_EDGE ( 'NONE', *, *, #213, .T. ) ;
#743 = DIRECTION ( 'NONE',  ( 4.770489558936220126E-17, 1.000000000000000000, -0.000000000000000000 ) ) ;
#744 = DIRECTION ( 'NONE',  ( 0.9913839375960138423, -0.1309881226547762456, 0.000000000000000000 ) ) ;
#745 = EDGE_CURVE ( 'NONE', #227, #1797, #1040, .T. ) ;
#746 = CARTESIAN_POINT ( 'NONE',  ( 38.25414865922166285, -11.24938235155535438, 0.000000000000000000 ) ) ;
#747 = DIRECTION ( 'NONE',  ( -0.000000000000000000, -0.000000000000000000, 1.000000000000000000 ) ) ;
#748 = CYLINDRICAL_SURFACE ( 'NONE', #426, 2.000000000000001776 ) ;
#749 = EDGE_CURVE ( 'NONE', #1396, #1084, #621, .T. ) ;
#750 = ORIENTED_EDGE ( 'NONE', *, *, #330, .T. ) ;
#751 = VERTEX_POINT ( 'NONE', #1028 ) ;
#752 = VERTEX_POINT ( 'NONE', #1791 ) ;
#753 = CYLINDRICAL_SURFACE ( 'NONE', #1501, 2.750000000000001776 ) ;
#754 = ORIENTED_EDGE ( 'NONE', *, *, #313, .F. ) ;
#755 = ORIENTED_EDGE ( 'NONE', *, *, #395, .T. ) ;
#756 = CARTESIAN_POINT ( 'NONE',  ( 12.88757396449702952, -21.86982248520710570, 0.000000000000000000 ) ) ;
#757 = DIRECTION ( 'NONE',  ( 1.000000000000000000, 0.000000000000000000, 0.000000000000000000 ) ) ;
#758 = EDGE_CURVE ( 'NONE', #402, #1856, #359, .T. ) ;
#759 = VECTOR ( 'NONE', #1527, 1000.000000000000000 ) ;
#760 = DIRECTION ( 'NONE',  ( -0.000000000000000000, -0.000000000000000000, -1.000000000000000000 ) ) ;
#761 = FACE_OUTER_BOUND ( 'NONE', #1280, .T. ) ;
#762 = CIRCLE ( 'NONE', #647, 77.00000000000000000 ) ;
#763 = VERTEX_POINT ( 'NONE', #1977 ) ;
#764 = ORIENTED_EDGE ( 'NONE', *, *, #362, .F. ) ;
#765 = AXIS2_PLACEMENT_3D ( 'NONE', #178, #2108, #156 ) ;
#766 = DIRECTION ( 'NONE',  ( 1.000000000000000000, 0.000000000000000000, 0.000000000000000000 ) ) ;
#767 = ORIENTED_EDGE ( 'NONE', *, *, #1, .F. ) ;
#768 = ORIENTED_EDGE ( 'NONE', *, *, #1369, .T. ) ;
#769 = DIRECTION ( 'NONE',  ( 0.2778891309465066906, -0.9606131536168944773, 0.000000000000000000 ) ) ;
#770 = EDGE_CURVE ( 'NONE', #1143, #1105, #2380, .T. ) ;
#771 = CARTESIAN_POINT ( 'NONE',  ( 75.50000000000000000, 0.000000000000000000, 0.000000000000000000 ) ) ;
#772 = EDGE_CURVE ( 'NONE', #4, #1383, #71, .T. ) ;
#773 = AXIS2_PLACEMENT_3D ( 'NONE', #2229, #501, #305 ) ;
#774 = DIRECTION ( 'NONE',  ( 0.000000000000000000, 0.000000000000000000, 1.000000000000000000 ) ) ;
#775 = ORIENTED_EDGE ( 'NONE', *, *, #2166, .F. ) ;
#776 = ORIENTED_EDGE ( 'NONE', *, *, #1069, .F. ) ;
#777 = EDGE_CURVE ( 'NONE', #4, #834, #1251, .T. ) ;
#778 = FACE_BOUND ( 'NONE', #1546, .T. ) ;
#779 = ORIENTED_EDGE ( 'NONE', *, *, #495, .F. ) ;
#780 = EDGE_LOOP ( 'NONE', ( #1120, #2295, #535, #801 ) ) ;
#781 = DIRECTION ( 'NONE',  ( -0.8615384615384615863, -0.5076923076923075540, 0.000000000000000000 ) ) ;
#782 = DIRECTION ( 'NONE',  ( -1.000000000000000000, 0.000000000000000000, 0.000000000000000000 ) ) ;
#783 = VERTEX_POINT ( 'NONE', #2111 ) ;
#784 = CARTESIAN_POINT ( 'NONE',  ( 65.90909090909090651, -80.00000000000000000, 0.000000000000000000 ) ) ;
#785 = CIRCLE ( 'NONE', #1091, 2.749999999999974687 ) ;
#786 = CARTESIAN_POINT ( 'NONE',  ( 6.249999999999996447, 2.999999999999988898, 3.916666666666667407 ) ) ;
#787 = VERTEX_POINT ( 'NONE', #1150 ) ;
#788 = CARTESIAN_POINT ( 'NONE',  ( 89.25000000000000000, -20.00000000000000000, 21.08333333333333570 ) ) ;
#789 = EDGE_CURVE ( 'NONE', #2371, #2367, #942, .T. ) ;
#790 = DIRECTION ( 'NONE',  ( -1.000000000000000000, 0.000000000000000000, 0.000000000000000000 ) ) ;
#791 = CYLINDRICAL_SURFACE ( 'NONE', #1839, 2.750000000000001776 ) ;
#792 = VERTEX_POINT ( 'NONE', #930 ) ;
#793 = ORIENTED_EDGE ( 'NONE', *, *, #2249, .T. ) ;
#794 = DIRECTION ( 'NONE',  ( -1.000000000000000000, 0.000000000000000000, 0.000000000000000000 ) ) ;
#795 = DIRECTION ( 'NONE',  ( -1.000000000000000000, 0.000000000000000000, 0.000000000000000000 ) ) ;
#796 = CARTESIAN_POINT ( 'NONE',  ( 13.74999999999999645, 0.000000000000000000, 9.416666666666669627 ) ) ;
#797 = VERTEX_POINT ( 'NONE', #184 ) ;
#798 = CARTESIAN_POINT ( 'NONE',  ( 39.34637912696766193, -0.4461082050109688724, 25.00000000000000000 ) ) ;
#799 = DIRECTION ( 'NONE',  ( 4.770489558936220126E-17, 1.000000000000000000, -0.000000000000000000 ) ) ;
#800 = AXIS2_PLACEMENT_3D ( 'NONE', #2317, #1161, #2193 ) ;
#801 = ORIENTED_EDGE ( 'NONE', *, *, #1197, .T. ) ;
#802 = CIRCLE ( 'NONE', #1416, 2.000000000000001776 ) ;
#803 = LINE ( 'NONE', #1597, #1478 ) ;
#804 = DIRECTION ( 'NONE',  ( 0.000000000000000000, 0.000000000000000000, -1.000000000000000000 ) ) ;
#805 = ORIENTED_EDGE ( 'NONE', *, *, #895, .T. ) ;
#806 = ORIENTED_EDGE ( 'NONE', *, *, #1303, .T. ) ;
#807 = DIRECTION ( 'NONE',  ( 4.770489558936220126E-17, 1.000000000000000000, -0.000000000000000000 ) ) ;
#808 = EDGE_CURVE ( 'NONE', #689, #792, #281, .T. ) ;
#809 = DIRECTION ( 'NONE',  ( -1.000000000000000000, 0.000000000000000000, -0.000000000000000000 ) ) ;
#810 = DIRECTION ( 'NONE',  ( 1.000000000000000000, 0.000000000000000000, 0.000000000000000000 ) ) ;
#811 = VERTEX_POINT ( 'NONE', #721 ) ;
#812 = DIRECTION ( 'NONE',  ( 0.6188724176997646431, -0.7854915216668146849, 0.000000000000000000 ) ) ;
#813 = FACE_OUTER_BOUND ( 'NONE', #637, .T. ) ;
#814 = AXIS2_PLACEMENT_3D ( 'NONE', #2316, #1125, #6 ) ;
#815 = EDGE_LOOP ( 'NONE', ( #108, #279, #79, #606 ) ) ;
#816 = ADVANCED_FACE ( 'NONE', ( #2457 ), #2495, .F. ) ;
#817 = CARTESIAN_POINT ( 'NONE',  ( 46.78531298391226301, -20.91969945032127853, 0.000000000000000000 ) ) ;
#818 = VERTEX_POINT ( 'NONE', #2320 ) ;
#819 = CARTESIAN_POINT ( 'NONE',  ( 63.07692307692308731, 13.38461538461537792, 25.00000000000000000 ) ) ;
#820 = DIRECTION ( 'NONE',  ( 0.2778891309465068571, -0.9606131536168944773, 0.000000000000000000 ) ) ;
#821 = CARTESIAN_POINT ( 'NONE',  ( 4.197791438386047069, -10.13436502256545069, 0.000000000000000000 ) ) ;
#822 = ORIENTED_EDGE ( 'NONE', *, *, #808, .F. ) ;
#823 = VERTEX_POINT ( 'NONE', #1799 ) ;
#824 = AXIS2_PLACEMENT_3D ( 'NONE', #1659, #1841, #1254 ) ;
#825 = CARTESIAN_POINT ( 'NONE',  ( 37.83578643762637483, -37.83578643762692906, 0.000000000000000000 ) ) ;
#826 = CIRCLE ( 'NONE', #586, 2.000000000000001776 ) ;
#827 = EDGE_CURVE ( 'NONE', #2283, #763, #1164, .T. ) ;
#828 = LINE ( 'NONE', #222, #844 ) ;
#829 = ORIENTED_EDGE ( 'NONE', *, *, #537, .T. ) ;
#830 = DIRECTION ( 'NONE',  ( 0.000000000000000000, 0.000000000000000000, 1.000000000000000000 ) ) ;
#831 = DIRECTION ( 'NONE',  ( -0.8615384615384615863, -0.5076923076923076650, 0.000000000000000000 ) ) ;
#832 = FACE_OUTER_BOUND ( 'NONE', #2299, .T. ) ;
#833 = CYLINDRICAL_SURFACE ( 'NONE', #1335, 77.00000000000000000 ) ;
#834 = VERTEX_POINT ( 'NONE', #2000 ) ;
#835 = ORIENTED_EDGE ( 'NONE', *, *, #2053, .T. ) ;
#836 = FACE_BOUND ( 'NONE', #1486, .T. ) ;
#837 = AXIS2_PLACEMENT_3D ( 'NONE', #1300, #1481, #1316 ) ;
#838 = EDGE_CURVE ( 'NONE', #142, #936, #64, .T. ) ;
#839 = DIRECTION ( 'NONE',  ( 0.9593779775919140107, -0.2821239020566122524, 0.000000000000000000 ) ) ;
#840 = CARTESIAN_POINT ( 'NONE',  ( 27.65487710568664781, -4.460459781991763073, 0.000000000000000000 ) ) ;
#841 = ORIENTED_EDGE ( 'NONE', *, *, #1973, .F. ) ;
#842 = DIRECTION ( 'NONE',  ( 1.000000000000000000, -8.673617379884027583E-16, 0.000000000000000000 ) ) ;
#843 = LINE ( 'NONE', #615, #1556 ) ;
#844 = VECTOR ( 'NONE', #628, 1000.000000000000000 ) ;
#845 = DIRECTION ( 'NONE',  ( 1.000000000000000000, 0.000000000000000000, 0.000000000000000000 ) ) ;
#846 = APPLICATION_CONTEXT ( 'automotive_design' ) ;
#847 = CARTESIAN_POINT ( 'NONE',  ( 22.00000000000000000, -2.760448796150664741, 0.000000000000000000 ) ) ;
#848 = LINE ( 'NONE', #1053, #886 ) ;
#849 = VERTEX_POINT ( 'NONE', #1390 ) ;
#850 = EDGE_LOOP ( 'NONE', ( #883, #1159, #1043, #417 ) ) ;
#851 = CARTESIAN_POINT ( 'NONE',  ( 1.431146867680861416E-16, 2.999999999999990674, 25.00000000000000000 ) ) ;
#852 = EDGE_CURVE ( 'NONE', #1187, #477, #1784, .T. ) ;
#853 = APPLICATION_PROTOCOL_DEFINITION ( 'draft international standard', 'automotive_design', 1998, #1103 ) ;
#854 = ADVANCED_FACE ( 'NONE', ( #651 ), #1432, .T. ) ;
#855 = ORIENTED_EDGE ( 'NONE', *, *, #758, .T. ) ;
#856 = DIRECTION ( 'NONE',  ( -3.209883240645403306E-32, -1.000000000000000000, 0.000000000000000000 ) ) ;
#857 = ADVANCED_FACE ( 'NONE', ( #2304 ), #1738, .F. ) ;
#858 = VECTOR ( 'NONE', #2429, 1000.000000000000114 ) ;
#859 = PLANE ( 'NONE',  #1716 ) ;
#860 = DIRECTION ( 'NONE',  ( 0.000000000000000000, 1.000000000000000000, -0.000000000000000000 ) ) ;
#861 = EDGE_LOOP ( 'NONE', ( #2474, #1530, #1908, #2131 ) ) ;
#862 = ORIENTED_EDGE ( 'NONE', *, *, #789, .F. ) ;
#863 = VECTOR ( 'NONE', #1381, 1000.000000000000000 ) ;
#864 = DIRECTION ( 'NONE',  ( 0.000000000000000000, 1.000000000000000000, -0.000000000000000000 ) ) ;
#865 = EDGE_CURVE ( 'NONE', #363, #957, #1941, .T. ) ;
#866 = AXIS2_PLACEMENT_3D ( 'NONE', #2165, #1778, #1765 ) ;
#867 = VECTOR ( 'NONE', #643, 1000.000000000000000 ) ;
#868 = LINE ( 'NONE', #1241, #1580 ) ;
#869 = ORIENTED_EDGE ( 'NONE', *, *, #1740, .T. ) ;
#870 = LINE ( 'NONE', #287, #380 ) ;
#871 = DIRECTION ( 'NONE',  ( -1.000000000000000000, 0.000000000000000000, 0.000000000000000000 ) ) ;
#872 = DIRECTION ( 'NONE',  ( 1.000000000000000000, 0.000000000000000000, 0.000000000000000000 ) ) ;
#873 = ORIENTED_EDGE ( 'NONE', *, *, #1339, .T. ) ;
#874 = ORIENTED_EDGE ( 'NONE', *, *, #1342, .T. ) ;
#875 = DIRECTION ( 'NONE',  ( -0.2821239020566123634, -0.9593779775919138997, 0.000000000000000000 ) ) ;
#876 = CARTESIAN_POINT ( 'NONE',  ( 65.90909090909089230, -5.000000000000008882, 25.00000000000000000 ) ) ;
#877 = CARTESIAN_POINT ( 'NONE',  ( 89.25000000000000000, 17.99999999999999289, 6.666666666666664298 ) ) ;
#878 = CARTESIAN_POINT ( 'NONE',  ( 20.00000000000000000, -18.00000000000000711, 25.00000000000000000 ) ) ;
#879 = LINE ( 'NONE', #2413, #2319 ) ;
#880 = LINE ( 'NONE', #671, #2405 ) ;
#881 = FACE_OUTER_BOUND ( 'NONE', #1022, .T. ) ;
#882 = ORIENTED_EDGE ( 'NONE', *, *, #1896, .F. ) ;
#883 = ORIENTED_EDGE ( 'NONE', *, *, #2418, .T. ) ;
#884 = EDGE_CURVE ( 'NONE', #249, #38, #1613, .T. ) ;
#885 = DIRECTION ( 'NONE',  ( 0.8615384615384618083, 0.5076923076923073319, 0.000000000000000000 ) ) ;
#886 = VECTOR ( 'NONE', #1843, 1000.000000000000000 ) ;
#887 = EDGE_CURVE ( 'NONE', #2015, #227, #45, .T. ) ;
#888 = PLANE ( 'NONE',  #269 ) ;
#889 = PLANE ( 'NONE',  #718 ) ;
#890 = AXIS2_PLACEMENT_3D ( 'NONE', #1402, #2023, #812 ) ;
#891 = ADVANCED_FACE ( 'NONE', ( #1502 ), #1488, .F. ) ;
#892 = FACE_OUTER_BOUND ( 'NONE', #437, .T. ) ;
#893 = DIRECTION ( 'NONE',  ( 1.000000000000000000, -7.695651469342547797E-16, 0.000000000000000000 ) ) ;
#894 = ORIENTED_EDGE ( 'NONE', *, *, #232, .F. ) ;
#895 = EDGE_CURVE ( 'NONE', #2227, #1340, #2268, .T. ) ;
#896 = CARTESIAN_POINT ( 'NONE',  ( 6.249999999999996447, -19.99999999999999645, 18.33333333333335347 ) ) ;
#897 = DIRECTION ( 'NONE',  ( 0.2778891309465068571, -0.9606131536168943663, 0.000000000000000000 ) ) ;
#898 = ORIENTED_EDGE ( 'NONE', *, *, #1871, .F. ) ;
#899 = AXIS2_PLACEMENT_3D ( 'NONE', #1665, #2302, #976 ) ;
#900 = ORIENTED_EDGE ( 'NONE', *, *, #443, .F. ) ;
#901 = AXIS2_PLACEMENT_3D ( 'NONE', #575, #1352, #2121 ) ;
#902 = FACE_BOUND ( 'NONE', #2253, .T. ) ;
#903 = CARTESIAN_POINT ( 'NONE',  ( 21.99999999999999645, -7.988156657183845155, 25.00000000000000000 ) ) ;
#904 = LINE ( 'NONE', #469, #2142 ) ;
#905 = EDGE_CURVE ( 'NONE', #2182, #2416, #939, .T. ) ;
#906 = DIRECTION ( 'NONE',  ( -0.000000000000000000, -0.000000000000000000, 1.000000000000000000 ) ) ;
#907 = FACE_OUTER_BOUND ( 'NONE', #2471, .T. ) ;
#908 = VECTOR ( 'NONE', #2447, 1000.000000000000000 ) ;
#909 = ORIENTED_EDGE ( 'NONE', *, *, #1389, .T. ) ;
#910 = DIRECTION ( 'NONE',  ( -0.000000000000000000, -0.000000000000000000, 1.000000000000000000 ) ) ;
#911 = DIRECTION ( 'NONE',  ( 0.2821239020566122524, 0.9593779775919138997, 0.000000000000000000 ) ) ;
#912 = ORIENTED_EDGE ( 'NONE', *, *, #223, .T. ) ;
#913 = VERTEX_POINT ( 'NONE', #1523 ) ;
#914 = VECTOR ( 'NONE', #1727, 1000.000000000000000 ) ;
#915 = CARTESIAN_POINT ( 'NONE',  ( 20.00000000000000000, 0.000000000000000000, 0.000000000000000000 ) ) ;
#916 = DIRECTION ( 'NONE',  ( -0.3826834323650835645, 0.9238795325112894030, 0.000000000000000000 ) ) ;
#917 = LINE ( 'NONE', #1850, #2376 ) ;
#918 = EDGE_CURVE ( 'NONE', #1418, #936, #1114, .T. ) ;
#919 = LINE ( 'NONE', #1106, #759 ) ;
#920 = ORIENTED_EDGE ( 'NONE', *, *, #2017, .T. ) ;
#921 = DIRECTION ( 'NONE',  ( 4.770489558936220126E-17, 1.000000000000000000, -0.000000000000000000 ) ) ;
#922 = ORIENTED_EDGE ( 'NONE', *, *, #2019, .F. ) ;
#923 = VERTEX_POINT ( 'NONE', #1489 ) ;
#924 = DIRECTION ( 'NONE',  ( -0.000000000000000000, 0.000000000000000000, 1.000000000000000000 ) ) ;
#925 = EDGE_CURVE ( 'NONE', #373, #689, #2073, .T. ) ;
#926 = VECTOR ( 'NONE', #2387, 1000.000000000000114 ) ;
#927 = VECTOR ( 'NONE', #2147, 1000.000000000000000 ) ;
#928 = DIRECTION ( 'NONE',  ( -0.000000000000000000, -0.000000000000000000, 1.000000000000000000 ) ) ;
#929 = CYLINDRICAL_SURFACE ( 'NONE', #1408, 2.749999999999974687 ) ;
#930 = CARTESIAN_POINT ( 'NONE',  ( 3.500000000000023093, 0.000000000000000000, 18.33333333333335347 ) ) ;
#931 = CARTESIAN_POINT ( 'NONE',  ( 0.000000000000000000, 14.99999999999999289, 15.58333333333337833 ) ) ;
#932 = VERTEX_POINT ( 'NONE', #2269 ) ;
#933 = LINE ( 'NONE', #1709, #970 ) ;
#934 = ORIENTED_EDGE ( 'NONE', *, *, #369, .F. ) ;
#935 = ADVANCED_FACE ( 'NONE', ( #1419 ), #513, .F. ) ;
#936 = VERTEX_POINT ( 'NONE', #1872 ) ;
#937 = DIRECTION ( 'NONE',  ( -0.000000000000000000, 0.000000000000000000, 1.000000000000000000 ) ) ;
#938 = CIRCLE ( 'NONE', #1433, 2.000000000000001776 ) ;
#939 = LINE ( 'NONE', #539, #2211 ) ;
#940 = DIRECTION ( 'NONE',  ( 1.000000000000000000, 0.000000000000000000, 0.000000000000000000 ) ) ;
#941 = DIRECTION ( 'NONE',  ( -0.000000000000000000, 0.000000000000000000, 1.000000000000000000 ) ) ;
#942 = LINE ( 'NONE', #10, #2458 ) ;
#943 = VECTOR ( 'NONE', #1946, 1000.000000000000114 ) ;
#944 = CARTESIAN_POINT ( 'NONE',  ( 79.00000000000001421, 17.99999999999999289, 18.33333333333336057 ) ) ;
#945 = VERTEX_POINT ( 'NONE', #903 ) ;
#946 = VERTEX_POINT ( 'NONE', #346 ) ;
#947 = VERTEX_POINT ( 'NONE', #2255 ) ;
#948 = AXIS2_PLACEMENT_3D ( 'NONE', #268, #1003, #794 ) ;
#949 = AXIS2_PLACEMENT_3D ( 'NONE', #1626, #2016, #984 ) ;
#950 = CARTESIAN_POINT ( 'NONE',  ( 0.000000000000000000, 0.000000000000000000, 3.916666666666665630 ) ) ;
#951 = EDGE_LOOP ( 'NONE', ( #559, #2327, #214, #1330 ) ) ;
#952 = ORIENTED_EDGE ( 'NONE', *, *, #104, .F. ) ;
#953 = CARTESIAN_POINT ( 'NONE',  ( 29.65487710568664781, -4.460459781991763073, 0.000000000000000000 ) ) ;
#954 = CARTESIAN_POINT ( 'NONE',  ( 29.65487710568664781, -4.460459781991763073, 0.000000000000000000 ) ) ;
#955 = LINE ( 'NONE', #2097, #136 ) ;
#956 = DIRECTION ( 'NONE',  ( -1.000000000000000000, 7.228014483236622600E-16, -0.000000000000000000 ) ) ;
#957 = VERTEX_POINT ( 'NONE', #2190 ) ;
#958 = ORIENTED_EDGE ( 'NONE', *, *, #1339, .F. ) ;
#959 = LINE ( 'NONE', #1343, #405 ) ;
#960 = ORIENTED_EDGE ( 'NONE', *, *, #223, .F. ) ;
#961 = ORIENTED_EDGE ( 'NONE', *, *, #213, .F. ) ;
#962 = DIRECTION ( 'NONE',  ( 4.770489558936220126E-17, 1.000000000000000000, -0.000000000000000000 ) ) ;
#963 = EDGE_CURVE ( 'NONE', #34, #1736, #1228, .T. ) ;
#964 = CARTESIAN_POINT ( 'NONE',  ( 68.40000000000003411, 14.20000000000000462, 0.000000000000000000 ) ) ;
#965 =( GEOMETRIC_REPRESENTATION_CONTEXT ( 3 ) GLOBAL_UNCERTAINTY_ASSIGNED_CONTEXT ( ( #1466 ) ) GLOBAL_UNIT_ASSIGNED_CONTEXT ( ( #1077, #2024, #308 ) ) REPRESENTATION_CONTEXT ( 'NONE', 'WORKASPACE' ) );
#966 = EDGE_CURVE ( 'NONE', #1281, #1788, #1703, .T. ) ;
#967 = DIRECTION ( 'NONE',  ( 4.770489558936220126E-17, 1.000000000000000000, -0.000000000000000000 ) ) ;
#968 = CARTESIAN_POINT ( 'NONE',  ( 6.249999999999996447, 2.999999999999990230, 21.08333333333332860 ) ) ;
#969 = ADVANCED_FACE ( 'NONE', ( #2003, #1313, #2454, #265, #708, #1272, #693, #1625 ), #2086, .T. ) ;
#970 = VECTOR ( 'NONE', #911, 1000.000000000000114 ) ;
#971 = ORIENTED_EDGE ( 'NONE', *, *, #966, .T. ) ;
#972 = AXIS2_PLACEMENT_3D ( 'NONE', #1032, #625, #245 ) ;
#973 = LINE ( 'NONE', #1557, #2275 ) ;
#974 = ORIENTED_EDGE ( 'NONE', *, *, #996, .F. ) ;
#975 = VERTEX_POINT ( 'NONE', #1284 ) ;
#976 = DIRECTION ( 'NONE',  ( 1.000000000000000000, 0.000000000000000000, 0.000000000000000000 ) ) ;
#977 = EDGE_LOOP ( 'NONE', ( #1997, #143, #909, #72 ) ) ;
#978 = LINE ( 'NONE', #1755, #1299 ) ;
#979 = CIRCLE ( 'NONE', #1952, 77.00000000000000000 ) ;
#980 = VECTOR ( 'NONE', #760, 1000.000000000000000 ) ;
#981 = ADVANCED_FACE ( 'NONE', ( #1298 ), #80, .F. ) ;
#982 = DIRECTION ( 'NONE',  ( 1.000000000000000000, -1.734723475976805517E-15, 0.000000000000000000 ) ) ;
#983 = ORIENTED_EDGE ( 'NONE', *, *, #2132, .F. ) ;
#984 = DIRECTION ( 'NONE',  ( 0.000000000000000000, -0.000000000000000000, -1.000000000000000000 ) ) ;
#985 = FACE_BOUND ( 'NONE', #1096, .T. ) ;
#986 = VERTEX_POINT ( 'NONE', #2442 ) ;
#987 = CIRCLE ( 'NONE', #824, 2.749999999999974687 ) ;
#988 = ORIENTED_EDGE ( 'NONE', *, *, #1393, .F. ) ;
#989 = DIRECTION ( 'NONE',  ( -1.000000000000000000, 0.000000000000000000, 0.000000000000000000 ) ) ;
#990 = FACE_OUTER_BOUND ( 'NONE', #850, .T. ) ;
#991 = CARTESIAN_POINT ( 'NONE',  ( 5.154500019298777325, -12.44406385384368718, 0.000000000000000000 ) ) ;
#992 = ORIENTED_EDGE ( 'NONE', *, *, #537, .F. ) ;
#993 = CARTESIAN_POINT ( 'NONE',  ( 68.40000000000003411, 14.20000000000000462, 0.000000000000000000 ) ) ;
#994 = VECTOR ( 'NONE', #928, 1000.000000000000000 ) ;
#995 = LINE ( 'NONE', #2186, #927 ) ;
#996 = EDGE_CURVE ( 'NONE', #751, #249, #1769, .T. ) ;
#997 = EDGE_CURVE ( 'NONE', #352, #1344, #1503, .T. ) ;
#998 = LINE ( 'NONE', #817, #1845 ) ;
#999 = CARTESIAN_POINT ( 'NONE',  ( 72.67157287525380127, -3.000000000000007994, 0.000000000000000000 ) ) ;
#1000 = FACE_BOUND ( 'NONE', #1707, .T. ) ;
#1001 = ORIENTED_EDGE ( 'NONE', *, *, #772, .F. ) ;
#1002 = ORIENTED_EDGE ( 'NONE', *, *, #1085, .T. ) ;
#1003 = DIRECTION ( 'NONE',  ( 0.000000000000000000, 0.000000000000000000, -1.000000000000000000 ) ) ;
#1004 = LINE ( 'NONE', #33, #1825 ) ;
#1005 = DIRECTION ( 'NONE',  ( 0.2778891309465066906, -0.9606131536168944773, 0.000000000000000000 ) ) ;
#1006 = VERTEX_POINT ( 'NONE', #2061 ) ;
#1007 = ADVANCED_BREP_SHAPE_REPRESENTATION ( '2020 Connector', ( #427, #2384 ), #965 ) ;
#1008 = ADVANCED_FACE ( 'NONE', ( #1102 ), #1884, .T. ) ;
#1009 = CARTESIAN_POINT ( 'NONE',  ( 39.34637912696766193, -0.4461082050109688724, 25.00000000000000000 ) ) ;
#1010 = CARTESIAN_POINT ( 'NONE',  ( 47.84810658740728684, 4.467938792860708830, 0.000000000000000000 ) ) ;
#1011 = ORIENTED_EDGE ( 'NONE', *, *, #2235, .F. ) ;
#1012 = DIRECTION ( 'NONE',  ( 4.770489558936219510E-17, 1.000000000000000000, -0.000000000000000000 ) ) ;
#1013 = CIRCLE ( 'NONE', #1421, 12.99999999999999822 ) ;
#1014 = EDGE_LOOP ( 'NONE', ( #1690, #2028, #1413, #2323, #126, #1902, #1810, #617 ) ) ;
#1015 = DIRECTION ( 'NONE',  ( 0.000000000000000000, 0.000000000000000000, 1.000000000000000000 ) ) ;
#1016 = ADVANCED_FACE ( 'NONE', ( #2201 ), #502, .T. ) ;
#1017 = DIRECTION ( 'NONE',  ( 0.000000000000000000, 0.000000000000000000, -1.000000000000000000 ) ) ;
#1018 = LINE ( 'NONE', #1792, #2185 ) ;
#1019 = ORIENTED_EDGE ( 'NONE', *, *, #1107, .T. ) ;
#1020 = ORIENTED_EDGE ( 'NONE', *, *, #2463, .T. ) ;
#1021 = DIRECTION ( 'NONE',  ( 0.7071067811865423547, -0.7071067811865526798, 0.000000000000000000 ) ) ;
#1022 = EDGE_LOOP ( 'NONE', ( #2439, #1931, #2296, #835 ) ) ;
#1023 = DIRECTION ( 'NONE',  ( 4.770489558936219510E-17, 1.000000000000000000, -0.000000000000000000 ) ) ;
#1024 = VECTOR ( 'NONE', #512, 1000.000000000000000 ) ;
#1025 = ORIENTED_EDGE ( 'NONE', *, *, #152, .F. ) ;
#1026 = CARTESIAN_POINT ( 'NONE',  ( 44.16731793200215606, -0.002677074375093757043, 25.00000000000000000 ) ) ;
#1027 = CARTESIAN_POINT ( 'NONE',  ( 6.249999999999996447, -19.99999999999999645, 21.08333333333332860 ) ) ;
#1028 = CARTESIAN_POINT ( 'NONE',  ( 44.16731793200216316, -0.002677074375090696123, 25.00000000000000000 ) ) ;
#1029 = CARTESIAN_POINT ( 'NONE',  ( 65.90909090909090651, -80.00000000000000000, 25.00000000000000000 ) ) ;
#1030 = ORIENTED_EDGE ( 'NONE', *, *, #596, .F. ) ;
#1031 = ADVANCED_FACE ( 'NONE', ( #121 ), #888, .F. ) ;
#1032 = CARTESIAN_POINT ( 'NONE',  ( 95.50000000000000000, 0.000000000000000000, 25.00000000000000000 ) ) ;
#1033 = VECTOR ( 'NONE', #696, 1000.000000000000227 ) ;
#1034 = LINE ( 'NONE', #456, #602 ) ;
#1035 = ORIENTED_EDGE ( 'NONE', *, *, #2285, .F. ) ;
#1036 = DIRECTION ( 'NONE',  ( -0.000000000000000000, -0.000000000000000000, 1.000000000000000000 ) ) ;
#1037 = CARTESIAN_POINT ( 'NONE',  ( 44.16731793200215606, -0.002677074375092430847, 0.000000000000000000 ) ) ;
#1038 = LINE ( 'NONE', #2396, #666 ) ;
#1039 = ADVANCED_FACE ( 'NONE', ( #1680 ), #9, .T. ) ;
#1040 = LINE ( 'NONE', #2355, #717 ) ;
#1041 = CARTESIAN_POINT ( 'NONE',  ( 62.25592504304832175, 18.00958569153960553, 25.00000000000000000 ) ) ;
#1042 = ORIENTED_EDGE ( 'NONE', *, *, #2011, .F. ) ;
#1043 = ORIENTED_EDGE ( 'NONE', *, *, #348, .F. ) ;
#1044 = DIRECTION ( 'NONE',  ( 0.000000000000000000, -0.000000000000000000, -1.000000000000000000 ) ) ;
#1045 = EDGE_CURVE ( 'NONE', #590, #376, #357, .T. ) ;
#1046 = CARTESIAN_POINT ( 'NONE',  ( 0.000000000000000000, 0.000000000000000000, 0.000000000000000000 ) ) ;
#1047 = ADVANCED_FACE ( 'NONE', ( #193 ), #1739, .F. ) ;
#1048 = ORIENTED_EDGE ( 'NONE', *, *, #770, .F. ) ;
#1049 = PLANE ( 'NONE',  #2280 ) ;
#1050 = VECTOR ( 'NONE', #1819, 1000.000000000000000 ) ;
#1051 = AXIS2_PLACEMENT_3D ( 'NONE', #428, #208, #23 ) ;
#1052 = DIRECTION ( 'NONE',  ( -1.000000000000000000, 0.000000000000000000, 0.000000000000000000 ) ) ;
#1053 = CARTESIAN_POINT ( 'NONE',  ( -2.308695440802726967E-15, -2.999999999999952038, 0.000000000000000000 ) ) ;
#1054 = ORIENTED_EDGE ( 'NONE', *, *, #1608, .F. ) ;
#1055 = ORIENTED_EDGE ( 'NONE', *, *, #2339, .F. ) ;
#1056 = DIRECTION ( 'NONE',  ( 1.000000000000000000, -5.782411586589352462E-17, 0.000000000000000000 ) ) ;
#1057 = PRODUCT_DEFINITION ( 'UNKNOWN', '', #2460, #1848 ) ;
#1058 = VERTEX_POINT ( 'NONE', #993 ) ;
#1059 = CARTESIAN_POINT ( 'NONE',  ( -0.3323943469808102735, -2.515727455786050726, 25.00000000000000000 ) ) ;
#1060 = LINE ( 'NONE', #2448, #2203 ) ;
#1061 = DIRECTION ( 'NONE',  ( 4.770489558936220126E-17, 1.000000000000000000, -0.000000000000000000 ) ) ;
#1062 = ORIENTED_EDGE ( 'NONE', *, *, #2467, .T. ) ;
#1063 = VERTEX_POINT ( 'NONE', #2480 ) ;
#1064 = AXIS2_PLACEMENT_3D ( 'NONE', #2335, #604, #431 ) ;
#1065 = CARTESIAN_POINT ( 'NONE',  ( 38.25414865922166285, -11.24938235155535438, 0.000000000000000000 ) ) ;
#1066 = CARTESIAN_POINT ( 'NONE',  ( 21.25842696629212725, -19.25842696629213791, 0.000000000000000000 ) ) ;
#1067 = DIRECTION ( 'NONE',  ( 4.770489558936220126E-17, 1.000000000000000000, -0.000000000000000000 ) ) ;
#1068 = DIRECTION ( 'NONE',  ( -1.000000000000000000, 0.000000000000000000, -0.000000000000000000 ) ) ;
#1069 = EDGE_CURVE ( 'NONE', #783, #1187, #1373, .T. ) ;
#1070 = CYLINDRICAL_SURFACE ( 'NONE', #2279, 2.749999999999973799 ) ;
#1071 = DIRECTION ( 'NONE',  ( -1.000000000000000000, 0.000000000000000000, 0.000000000000000000 ) ) ;
#1072 = ORIENTED_EDGE ( 'NONE', *, *, #181, .F. ) ;
#1073 = ORIENTED_EDGE ( 'NONE', *, *, #641, .F. ) ;
#1074 = CARTESIAN_POINT ( 'NONE',  ( 75.50000000000000000, -3.000000000000019984, 25.00000000000000000 ) ) ;
#1075 = VECTOR ( 'NONE', #1067, 1000.000000000000000 ) ;
#1076 = DIRECTION ( 'NONE',  ( 0.000000000000000000, 0.000000000000000000, -1.000000000000000000 ) ) ;
#1077 =( LENGTH_UNIT ( ) NAMED_UNIT ( * ) SI_UNIT ( .MILLI., .METRE. ) );
#1078 = EDGE_CURVE ( 'NONE', #1192, #1429, #1176, .T. ) ;
#1079 = DIRECTION ( 'NONE',  ( 0.9913839375960139533, -0.1309881226547753297, 0.000000000000000000 ) ) ;
#1080 = DIRECTION ( 'NONE',  ( 0.000000000000000000, 1.000000000000000000, -0.000000000000000000 ) ) ;
#1081 = FACE_OUTER_BOUND ( 'NONE', #397, .T. ) ;
#1082 = AXIS2_PLACEMENT_3D ( 'NONE', #1785, #799, #639 ) ;
#1083 = ORIENTED_EDGE ( 'NONE', *, *, #1790, .T. ) ;
#1084 = VERTEX_POINT ( 'NONE', #1926 ) ;
#1085 = EDGE_CURVE ( 'NONE', #2276, #2277, #785, .T. ) ;
#1086 = CARTESIAN_POINT ( 'NONE',  ( 13.74999999999999467, -19.99999999999999645, 6.666666666666668739 ) ) ;
#1087 = VECTOR ( 'NONE', #897, 1000.000000000000000 ) ;
#1088 = VECTOR ( 'NONE', #921, 1000.000000000000000 ) ;
#1089 = DIRECTION ( 'NONE',  ( 7.228014483236622600E-16, 1.000000000000000000, 0.000000000000000000 ) ) ;
#1090 = DIRECTION ( 'NONE',  ( 0.7071067811865526798, 0.7071067811865423547, 0.000000000000000000 ) ) ;
#1091 = AXIS2_PLACEMENT_3D ( 'NONE', #2466, #2305, #1715 ) ;
#1092 = DIRECTION ( 'NONE',  ( 4.770489558936220126E-17, 1.000000000000000000, -0.000000000000000000 ) ) ;
#1093 = DIRECTION ( 'NONE',  ( 0.4081941657490902875, 0.9128951325581730059, 0.000000000000000000 ) ) ;
#1094 = LINE ( 'NONE', #140, #624 ) ;
#1095 = DIRECTION ( 'NONE',  ( -1.000000000000000000, 0.000000000000000000, 0.000000000000000000 ) ) ;
#1096 = EDGE_LOOP ( 'NONE', ( #922, #2403, #1171, #1922 ) ) ;
#1097 = VECTOR ( 'NONE', #2346, 1000.000000000000000 ) ;
#1098 = ORIENTED_EDGE ( 'NONE', *, *, #410, .F. ) ;
#1099 = CARTESIAN_POINT ( 'NONE',  ( 9.629649721936179265E-32, 2.999999999999990674, 25.00000000000000000 ) ) ;
#1100 = EDGE_CURVE ( 'NONE', #1058, #1759, #2318, .T. ) ;
#1101 = ADVANCED_FACE ( 'NONE', ( #2096 ), #1363, .T. ) ;
#1102 = FACE_OUTER_BOUND ( 'NONE', #1979, .T. ) ;
#1103 = APPLICATION_CONTEXT ( 'automotive_design' ) ;
#1104 = AXIS2_PLACEMENT_3D ( 'NONE', #277, #2205, #871 ) ;
#1105 = VERTEX_POINT ( 'NONE', #1954 ) ;
#1106 = CARTESIAN_POINT ( 'NONE',  ( 75.50000000000000000, 14.99999999999999289, 25.00000000000000000 ) ) ;
#1107 = EDGE_CURVE ( 'NONE', #466, #2451, #220, .T. ) ;
#1108 = CARTESIAN_POINT ( 'NONE',  ( 6.249999999999996447, -19.99999999999999645, 6.666666666666668739 ) ) ;
#1109 = ORIENTED_EDGE ( 'NONE', *, *, #24, .T. ) ;
#1110 = ORIENTED_EDGE ( 'NONE', *, *, #1939, .T. ) ;
#1111 = VECTOR ( 'NONE', #320, 1000.000000000000000 ) ;
#1112 = EDGE_CURVE ( 'NONE', #2093, #975, #8, .T. ) ;
#1113 = CARTESIAN_POINT ( 'NONE',  ( 81.74999999999998579, -20.00000000000000000, 6.666666666666664298 ) ) ;
#1114 = LINE ( 'NONE', #1893, #994 ) ;
#1115 = CARTESIAN_POINT ( 'NONE',  ( 0.000000000000000000, 0.000000000000000000, 25.00000000000000000 ) ) ;
#1116 = CARTESIAN_POINT ( 'NONE',  ( 6.249999999999996447, -19.99999999999999645, 3.916666666666667407 ) ) ;
#1117 = DIRECTION ( 'NONE',  ( -1.000000000000000000, 0.000000000000000000, -0.000000000000000000 ) ) ;
#1118 = ADVANCED_FACE ( 'NONE', ( #573 ), #1334, .F. ) ;
#1119 = EDGE_LOOP ( 'NONE', ( #1794, #1898, #1401, #1473 ) ) ;
#1120 = ORIENTED_EDGE ( 'NONE', *, *, #1798, .T. ) ;
#1121 = DIRECTION ( 'NONE',  ( 0.000000000000000000, 0.000000000000000000, -1.000000000000000000 ) ) ;
#1122 = ORIENTED_EDGE ( 'NONE', *, *, #2281, .F. ) ;
#1123 = EDGE_CURVE ( 'NONE', #1768, #87, #393, .T. ) ;
#1124 = ORIENTED_EDGE ( 'NONE', *, *, #92, .T. ) ;
#1125 = DIRECTION ( 'NONE',  ( 4.770489558936219510E-17, 1.000000000000000000, -0.000000000000000000 ) ) ;
#1126 = VECTOR ( 'NONE', #267, 1000.000000000000227 ) ;
#1127 = DIRECTION ( 'NONE',  ( 0.000000000000000000, -1.000000000000000000, 0.000000000000000000 ) ) ;
#1128 = DIRECTION ( 'NONE',  ( -0.000000000000000000, 0.000000000000000000, 1.000000000000000000 ) ) ;
#1129 = LINE ( 'NONE', #1336, #337 ) ;
#1130 = DIRECTION ( 'NONE',  ( 1.000000000000000000, 0.000000000000000000, 0.000000000000000000 ) ) ;
#1131 = ORIENTED_EDGE ( 'NONE', *, *, #657, .T. ) ;
#1132 = VERTEX_POINT ( 'NONE', #1350 ) ;
#1133 = ORIENTED_EDGE ( 'NONE', *, *, #2261, .T. ) ;
#1134 = DIRECTION ( 'NONE',  ( 0.000000000000000000, -1.000000000000000000, 0.000000000000000000 ) ) ;
#1135 = VECTOR ( 'NONE', #1056, 1000.000000000000000 ) ;
#1136 = DIRECTION ( 'NONE',  ( -0.000000000000000000, -0.000000000000000000, 1.000000000000000000 ) ) ;
#1137 = DIRECTION ( 'NONE',  ( -0.5076923076923076650, 0.8615384615384615863, 0.000000000000000000 ) ) ;
#1138 = LINE ( 'NONE', #2321, #1826 ) ;
#1139 = ORIENTED_EDGE ( 'NONE', *, *, #132, .T. ) ;
#1140 = VECTOR ( 'NONE', #659, 1000.000000000000114 ) ;
#1141 = CIRCLE ( 'NONE', #1315, 76.99999999999998579 ) ;
#1142 = CARTESIAN_POINT ( 'NONE',  ( 1.431146867680861416E-16, 2.999999999999990674, 9.416666666666669627 ) ) ;
#1143 = VERTEX_POINT ( 'NONE', #205 ) ;
#1144 = EDGE_LOOP ( 'NONE', ( #1676, #97, #1507, #2174, #316, #1544 ) ) ;
#1145 = CARTESIAN_POINT ( 'NONE',  ( 89.25000000000000000, -20.00000000000000000, 18.33333333333336057 ) ) ;
#1146 = EDGE_CURVE ( 'NONE', #477, #364, #978, .T. ) ;
#1147 = EDGE_CURVE ( 'NONE', #932, #2093, #1915, .T. ) ;
#1148 = DIRECTION ( 'NONE',  ( 1.000000000000000000, 0.000000000000000000, 0.000000000000000000 ) ) ;
#1149 = CARTESIAN_POINT ( 'NONE',  ( 21.25842696629212369, -19.25842696629213791, 0.000000000000000000 ) ) ;
#1150 = CARTESIAN_POINT ( 'NONE',  ( 28.88951024095647213, -2.612700716969187820, 25.00000000000000000 ) ) ;
#1151 = CARTESIAN_POINT ( 'NONE',  ( 37.58558239935171486, -7.525698265796810560, 0.000000000000000000 ) ) ;
#1152 = EDGE_CURVE ( 'NONE', #2462, #1975, #182, .T. ) ;
#1153 = ORIENTED_EDGE ( 'NONE', *, *, #1563, .T. ) ;
#1154 = ORIENTED_EDGE ( 'NONE', *, *, #669, .T. ) ;
#1155 = DIRECTION ( 'NONE',  ( 1.000000000000000000, 0.000000000000000000, 0.000000000000000000 ) ) ;
#1156 = EDGE_LOOP ( 'NONE', ( #1964, #728, #1485, #2464 ) ) ;
#1157 = VERTEX_POINT ( 'NONE', #1514 ) ;
#1158 = DIRECTION ( 'NONE',  ( 1.000000000000000000, 0.000000000000000000, 0.000000000000000000 ) ) ;
#1159 = ORIENTED_EDGE ( 'NONE', *, *, #455, .F. ) ;
#1160 = EDGE_CURVE ( 'NONE', #1598, #2124, #1664, .T. ) ;
#1161 = DIRECTION ( 'NONE',  ( 0.000000000000000000, 0.000000000000000000, -1.000000000000000000 ) ) ;
#1162 = DIRECTION ( 'NONE',  ( 1.000000000000000000, 0.000000000000000000, 0.000000000000000000 ) ) ;
#1163 = AXIS2_PLACEMENT_3D ( 'NONE', #2160, #440, #1208 ) ;
#1164 = LINE ( 'NONE', #1956, #1697 ) ;
#1165 = DIRECTION ( 'NONE',  ( -1.000000000000000000, 0.000000000000000000, 0.000000000000000000 ) ) ;
#1166 = PRESENTATION_LAYER_ASSIGNMENT (  '', '', ( #1422 ) ) ;
#1167 = ORIENTED_EDGE ( 'NONE', *, *, #772, .T. ) ;
#1168 = ORIENTED_EDGE ( 'NONE', *, *, #48, .T. ) ;
#1169 = LINE ( 'NONE', #1747, #2389 ) ;
#1170 = ORIENTED_EDGE ( 'NONE', *, *, #1677, .T. ) ;
#1171 = ORIENTED_EDGE ( 'NONE', *, *, #1439, .T. ) ;
#1172 = CARTESIAN_POINT ( 'NONE',  ( 53.93622503250622913, -0.02760074317061447791, 0.000000000000000000 ) ) ;
#1173 = DIRECTION ( 'NONE',  ( -1.000000000000000000, 0.000000000000000000, 0.000000000000000000 ) ) ;
#1174 = DIRECTION ( 'NONE',  ( 0.000000000000000000, 0.000000000000000000, -1.000000000000000000 ) ) ;
#1175 = ORIENTED_EDGE ( 'NONE', *, *, #1303, .F. ) ;
#1176 = LINE ( 'NONE', #1905, #1888 ) ;
#1177 = EDGE_CURVE ( 'NONE', #1105, #2498, #1988, .T. ) ;
#1178 = VECTOR ( 'NONE', #864, 1000.000000000000000 ) ;
#1179 = CARTESIAN_POINT ( 'NONE',  ( 78.99999999999998579, 14.99999999999998934, 6.666666666666664298 ) ) ;
#1180 = VECTOR ( 'NONE', #415, 1000.000000000000000 ) ;
#1181 = CARTESIAN_POINT ( 'NONE',  ( 0.000000000000000000, 14.99999999999999289, 0.000000000000000000 ) ) ;
#1182 = DIRECTION ( 'NONE',  ( 4.770489558936220126E-17, 1.000000000000000000, -0.000000000000000000 ) ) ;
#1183 = CARTESIAN_POINT ( 'NONE',  ( 3.499999999999995115, 0.000000000000000000, 6.666666666666668739 ) ) ;
#1184 = ORIENTED_EDGE ( 'NONE', *, *, #1260, .T. ) ;
#1185 = VECTOR ( 'NONE', #378, 1000.000000000000000 ) ;
#1186 = ADVANCED_FACE ( 'NONE', ( #2157 ), #1998, .T. ) ;
#1187 = VERTEX_POINT ( 'NONE', #1770 ) ;
#1188 = AXIS2_PLACEMENT_3D ( 'NONE', #516, #1287, #856 ) ;
#1189 = CARTESIAN_POINT ( 'NONE',  ( 81.74999999999998579, 14.99999999999998934, 18.33333333333336057 ) ) ;
#1190 = PLANE ( 'NONE',  #1943 ) ;
#1191 = CYLINDRICAL_SURFACE ( 'NONE', #2322, 75.00000000000000000 ) ;
#1192 = VERTEX_POINT ( 'NONE', #665 ) ;
#1193 = FACE_OUTER_BOUND ( 'NONE', #2033, .T. ) ;
#1194 = DIRECTION ( 'NONE',  ( -0.000000000000000000, 0.000000000000000000, 1.000000000000000000 ) ) ;
#1195 = VERTEX_POINT ( 'NONE', #283 ) ;
#1196 = ADVANCED_FACE ( 'NONE', ( #836, #234, #1812 ), #273, .T. ) ;
#1197 = EDGE_CURVE ( 'NONE', #957, #2021, #52, .T. ) ;
#1198 = CARTESIAN_POINT ( 'NONE',  ( 1.000000000000080158, 1.000000000000071942, 25.00000000000000000 ) ) ;
#1199 = LINE ( 'NONE', #616, #1955 ) ;
#1200 = ORIENTED_EDGE ( 'NONE', *, *, #118, .T. ) ;
#1201 = AXIS2_PLACEMENT_3D ( 'NONE', #158, #1275, #1079 ) ;
#1202 = DIRECTION ( 'NONE',  ( 0.000000000000000000, -1.000000000000000000, 0.000000000000000000 ) ) ;
#1203 = DIRECTION ( 'NONE',  ( -0.000000000000000000, 0.000000000000000000, 1.000000000000000000 ) ) ;
#1204 = FACE_OUTER_BOUND ( 'NONE', #2372, .T. ) ;
#1205 = ORIENTED_EDGE ( 'NONE', *, *, #1107, .F. ) ;
#1206 = ORIENTED_EDGE ( 'NONE', *, *, #2285, .T. ) ;
#1207 = FACE_OUTER_BOUND ( 'NONE', #1733, .T. ) ;
#1208 = DIRECTION ( 'NONE',  ( -1.000000000000000000, 0.000000000000000000, 0.000000000000000000 ) ) ;
#1209 = AXIS2_PLACEMENT_3D ( 'NONE', #1719, #723, #1897 ) ;
#1210 = ORIENTED_EDGE ( 'NONE', *, *, #1896, .T. ) ;
#1211 = ORIENTED_EDGE ( 'NONE', *, *, #369, .T. ) ;
#1212 = DIRECTION ( 'NONE',  ( 0.9913839375960138423, -0.1309881226547762734, 0.000000000000000000 ) ) ;
#1213 = ADVANCED_FACE ( 'NONE', ( #1633 ), #1445, .T. ) ;
#1214 = CIRCLE ( 'NONE', #2107, 77.00000000000000000 ) ;
#1215 = EDGE_LOOP ( 'NONE', ( #203, #2499, #1689, #1833 ) ) ;
#1216 = CYLINDRICAL_SURFACE ( 'NONE', #1916, 77.00000000000000000 ) ;
#1217 = VECTOR ( 'NONE', #409, 1000.000000000000000 ) ;
#1218 = DIRECTION ( 'NONE',  ( -0.000000000000000000, -0.000000000000000000, 1.000000000000000000 ) ) ;
#1219 = FACE_OUTER_BOUND ( 'NONE', #2266, .T. ) ;
#1220 = ORIENTED_EDGE ( 'NONE', *, *, #1468, .F. ) ;
#1221 = VERTEX_POINT ( 'NONE', #36 ) ;
#1222 = DIRECTION ( 'NONE',  ( 1.000000000000000000, 0.000000000000000000, 0.000000000000000000 ) ) ;
#1223 = CARTESIAN_POINT ( 'NONE',  ( 73.50000000000000000, 15.91317157014494832, 0.000000000000000000 ) ) ;
#1224 = VECTOR ( 'NONE', #1857, 1000.000000000000000 ) ;
#1225 = AXIS2_PLACEMENT_3D ( 'NONE', #1906, #941, #169 ) ;
#1226 = ORIENTED_EDGE ( 'NONE', *, *, #627, .F. ) ;
#1227 = EDGE_CURVE ( 'NONE', #171, #2451, #1540, .T. ) ;
#1228 = LINE ( 'NONE', #642, #2324 ) ;
#1229 = FACE_OUTER_BOUND ( 'NONE', #1474, .T. ) ;
#1230 = ADVANCED_FACE ( 'NONE', ( #1207 ), #1619, .F. ) ;
#1231 = CARTESIAN_POINT ( 'NONE',  ( 29.73035619957684261, 23.42392872842721374, 25.00000000000000000 ) ) ;
#1232 = DIRECTION ( 'NONE',  ( -0.000000000000000000, -0.000000000000000000, 1.000000000000000000 ) ) ;
#1233 = CARTESIAN_POINT ( 'NONE',  ( 81.74999999999998579, 17.99999999999999289, 6.666666666666664298 ) ) ;
#1234 = DIRECTION ( 'NONE',  ( 1.000000000000000000, -1.850371707708594366E-15, 0.000000000000000000 ) ) ;
#1235 = ORIENTED_EDGE ( 'NONE', *, *, #2071, .F. ) ;
#1236 = LINE ( 'NONE', #1414, #1097 ) ;
#1237 = ADVANCED_FACE ( 'NONE', ( #63 ), #1578, .F. ) ;
#1238 = VECTOR ( 'NONE', #237, 1000.000000000000000 ) ;
#1239 = ADVANCED_FACE ( 'NONE', ( #1795 ), #1605, .T. ) ;
#1240 = VECTOR ( 'NONE', #257, 1000.000000000000000 ) ;
#1241 = CARTESIAN_POINT ( 'NONE',  ( 37.83578643762637483, -37.83578643762692906, 25.00000000000000000 ) ) ;
#1242 = AXIS2_PLACEMENT_3D ( 'NONE', #561, #553, #940 ) ;
#1243 = ORIENTED_EDGE ( 'NONE', *, *, #745, .F. ) ;
#1244 = DIRECTION ( 'NONE',  ( -0.000000000000000000, 0.000000000000000000, 1.000000000000000000 ) ) ;
#1245 = LINE ( 'NONE', #2031, #738 ) ;
#1246 = CARTESIAN_POINT ( 'NONE',  ( 95.50000000000000000, 17.99999999999999289, 25.00000000000000000 ) ) ;
#1247 = VERTEX_POINT ( 'NONE', #2198 ) ;
#1248 = CARTESIAN_POINT ( 'NONE',  ( 89.25000000000000000, 17.99999999999999289, 15.58333333333337833 ) ) ;
#1249 = EDGE_CURVE ( 'NONE', #787, #1764, #1236, .T. ) ;
#1250 = ORIENTED_EDGE ( 'NONE', *, *, #443, .T. ) ;
#1251 = LINE ( 'NONE', #878, #487 ) ;
#1252 = FACE_OUTER_BOUND ( 'NONE', #14, .T. ) ;
#1253 = AXIS2_PLACEMENT_3D ( 'NONE', #600, #1023, #1165 ) ;
#1254 = DIRECTION ( 'NONE',  ( 0.000000000000000000, 0.000000000000000000, -1.000000000000000000 ) ) ;
#1255 = CARTESIAN_POINT ( 'NONE',  ( 68.33364268347999371, -3.000000000000006217, 0.000000000000000000 ) ) ;
#1256 = VERTEX_POINT ( 'NONE', #2012 ) ;
#1257 = VERTEX_POINT ( 'NONE', #612 ) ;
#1258 = LINE ( 'NONE', #2452, #2353 ) ;
#1259 = LINE ( 'NONE', #284, #319 ) ;
#1260 = EDGE_CURVE ( 'NONE', #1700, #787, #1593, .T. ) ;
#1261 = EDGE_LOOP ( 'NONE', ( #2345, #793, #2008, #2488 ) ) ;
#1262 = DIRECTION ( 'NONE',  ( -1.000000000000000000, 0.000000000000000000, 0.000000000000000000 ) ) ;
#1263 = CIRCLE ( 'NONE', #773, 2.749999999999972911 ) ;
#1264 = PRODUCT ( '2020 Connector', '2020 Connector', '', ( #90 ) ) ;
#1265 = CYLINDRICAL_SURFACE ( 'NONE', #1395, 1.999999999999998224 ) ;
#1266 = ORIENTED_EDGE ( 'NONE', *, *, #997, .F. ) ;
#1267 = ORIENTED_EDGE ( 'NONE', *, *, #1802, .F. ) ;
#1268 = VECTOR ( 'NONE', #2195, 1000.000000000000000 ) ;
#1269 = ADVANCED_FACE ( 'NONE', ( #1193 ), #1823, .T. ) ;
#1270 = DIRECTION ( 'NONE',  ( -0.000000000000000000, -0.000000000000000000, -1.000000000000000000 ) ) ;
#1271 = AXIS2_PLACEMENT_3D ( 'NONE', #1449, #910, #1688 ) ;
#1272 = FACE_BOUND ( 'NONE', #1996, .T. ) ;
#1273 = VECTOR ( 'NONE', #138, 1000.000000000000000 ) ;
#1274 = CARTESIAN_POINT ( 'NONE',  ( 63.07692307692311573, 13.38461538461539035, 0.000000000000000000 ) ) ;
#1275 = DIRECTION ( 'NONE',  ( -0.1309881226547753574, -0.9913839375960140643, 0.000000000000000000 ) ) ;
#1276 = CARTESIAN_POINT ( 'NONE',  ( 29.73035619957683906, 23.42392872842721374, 0.000000000000000000 ) ) ;
#1277 = EDGE_CURVE ( 'NONE', #1157, #351, #1782, .T. ) ;
#1278 = CARTESIAN_POINT ( 'NONE',  ( 73.50000000000000000, 15.91317157014494832, 0.000000000000000000 ) ) ;
#1279 =( NAMED_UNIT ( * ) PLANE_ANGLE_UNIT ( ) SI_UNIT ( $, .RADIAN. ) );
#1280 = EDGE_LOOP ( 'NONE', ( #2094, #423, #2461, #1878 ) ) ;
#1281 = VERTEX_POINT ( 'NONE', #1248 ) ;
#1282 = CARTESIAN_POINT ( 'NONE',  ( 29.39290086037709671, -6.443227657183792090, 25.00000000000000000 ) ) ;
#1283 = VECTOR ( 'NONE', #2271, 1000.000000000000227 ) ;
#1284 = CARTESIAN_POINT ( 'NONE',  ( 61.86297152982553627, 6.675798090087718961, 0.000000000000000000 ) ) ;
#1285 = CARTESIAN_POINT ( 'NONE',  ( 0.000000000000000000, 14.99999999999999289, 21.08333333333332860 ) ) ;
#1286 = ORIENTED_EDGE ( 'NONE', *, *, #1146, .T. ) ;
#1287 = DIRECTION ( 'NONE',  ( -1.000000000000000000, 3.209883240645403306E-32, 0.000000000000000000 ) ) ;
#1288 = EDGE_CURVE ( 'NONE', #2451, #1157, #1634, .T. ) ;
#1289 = ORIENTED_EDGE ( 'NONE', *, *, #2159, .F. ) ;
#1290 = EDGE_CURVE ( 'NONE', #818, #1084, #707, .T. ) ;
#1291 = CARTESIAN_POINT ( 'NONE',  ( 81.74999999999998579, -20.00000000000000000, 21.08333333333332860 ) ) ;
#1292 = VECTOR ( 'NONE', #1731, 1000.000000000000000 ) ;
#1293 = SURFACE_SIDE_STYLE ('',( #2426 ) ) ;
#1294 = ORIENTED_EDGE ( 'NONE', *, *, #996, .T. ) ;
#1295 = ORIENTED_EDGE ( 'NONE', *, *, #463, .T. ) ;
#1296 = LINE ( 'NONE', #538, #1135 ) ;
#1297 = CARTESIAN_POINT ( 'NONE',  ( 13.74999999999999645, 0.000000000000000000, 6.666666666666668739 ) ) ;
#1298 = FACE_OUTER_BOUND ( 'NONE', #304, .T. ) ;
#1299 = VECTOR ( 'NONE', #370, 1000.000000000000000 ) ;
#1300 = CARTESIAN_POINT ( 'NONE',  ( 81.74999999999998579, 17.99999999999999289, 18.33333333333336057 ) ) ;
#1301 = DIRECTION ( 'NONE',  ( 4.770489558936219510E-17, 1.000000000000000000, -0.000000000000000000 ) ) ;
#1302 = VERTEX_POINT ( 'NONE', #1311 ) ;
#1303 = EDGE_CURVE ( 'NONE', #834, #664, #145, .T. ) ;
#1304 = DIRECTION ( 'NONE',  ( 4.770489558936220126E-17, 1.000000000000000000, -0.000000000000000000 ) ) ;
#1305 = LINE ( 'NONE', #950, #1865 ) ;
#1306 = ORIENTED_EDGE ( 'NONE', *, *, #1147, .F. ) ;
#1307 = EDGE_CURVE ( 'NONE', #522, #1447, #1296, .T. ) ;
#1308 = CIRCLE ( 'NONE', #134, 2.749999999999974687 ) ;
#1309 = ORIENTED_EDGE ( 'NONE', *, *, #2453, .T. ) ;
#1310 = VECTOR ( 'NONE', #747, 1000.000000000000000 ) ;
#1311 = CARTESIAN_POINT ( 'NONE',  ( 13.74999999999999645, 2.999999999999988898, 15.58333333333338189 ) ) ;
#1312 = ADVANCED_FACE ( 'NONE', ( #2419 ), #2059, .F. ) ;
#1313 = FACE_OUTER_BOUND ( 'NONE', #1405, .T. ) ;
#1314 = VECTOR ( 'NONE', #831, 1000.000000000000000 ) ;
#1315 = AXIS2_PLACEMENT_3D ( 'NONE', #630, #224, #2349 ) ;
#1316 = DIRECTION ( 'NONE',  ( -1.000000000000000000, 0.000000000000000000, 0.000000000000000000 ) ) ;
#1317 = DIRECTION ( 'NONE',  ( 4.770489558936220126E-17, 1.000000000000000000, -0.000000000000000000 ) ) ;
#1318 = DIRECTION ( 'NONE',  ( -0.000000000000000000, -0.000000000000000000, 1.000000000000000000 ) ) ;
#1319 = ORIENTED_EDGE ( 'NONE', *, *, #523, .F. ) ;
#1320 = ORIENTED_EDGE ( 'NONE', *, *, #144, .T. ) ;
#1321 = DIRECTION ( 'NONE',  ( 0.000000000000000000, -1.000000000000000000, 0.000000000000000000 ) ) ;
#1322 = ORIENTED_EDGE ( 'NONE', *, *, #48, .F. ) ;
#1323 = ORIENTED_EDGE ( 'NONE', *, *, #400, .F. ) ;
#1324 = AXIS2_PLACEMENT_3D ( 'NONE', #1477, #307, #842 ) ;
#1325 = LINE ( 'NONE', #1535, #1185 ) ;
#1326 = CARTESIAN_POINT ( 'NONE',  ( 25.00000000000001421, 77.99999999999998579, 0.000000000000000000 ) ) ;
#1327 = CARTESIAN_POINT ( 'NONE',  ( 95.50000000000000000, 17.99999999999999289, 25.00000000000000000 ) ) ;
#1328 = PLANE ( 'NONE',  #1516 ) ;
#1329 = ORIENTED_EDGE ( 'NONE', *, *, #1249, .T. ) ;
#1330 = ORIENTED_EDGE ( 'NONE', *, *, #455, .T. ) ;
#1331 = EDGE_LOOP ( 'NONE', ( #2297, #841, #1289, #1073 ) ) ;
#1332 = ORIENTED_EDGE ( 'NONE', *, *, #698, .F. ) ;
#1333 = DIRECTION ( 'NONE',  ( 1.000000000000000000, 0.000000000000000000, 0.000000000000000000 ) ) ;
#1334 = CYLINDRICAL_SURFACE ( 'NONE', #325, 12.99999999999999822 ) ;
#1335 = AXIS2_PLACEMENT_3D ( 'NONE', #1780, #1809, #597 ) ;
#1336 = CARTESIAN_POINT ( 'NONE',  ( 22.00000000000000000, 0.000000000000000000, 0.000000000000000000 ) ) ;
#1337 = VECTOR ( 'NONE', #2119, 1000.000000000000000 ) ;
#1338 = CARTESIAN_POINT ( 'NONE',  ( 13.90295857988164663, -23.59289940828402621, 25.00000000000000000 ) ) ;
#1339 = EDGE_CURVE ( 'NONE', #923, #264, #979, .T. ) ;
#1340 = VERTEX_POINT ( 'NONE', #1645 ) ;
#1341 = ORIENTED_EDGE ( 'NONE', *, *, #712, .T. ) ;
#1342 = EDGE_CURVE ( 'NONE', #2124, #493, #1487, .T. ) ;
#1343 = CARTESIAN_POINT ( 'NONE',  ( 70.93614712617579698, -3.000000000000009770, 0.000000000000000000 ) ) ;
#1344 = VERTEX_POINT ( 'NONE', #1099 ) ;
#1345 = EDGE_CURVE ( 'NONE', #2338, #763, #2047, .T. ) ;
#1346 = ORIENTED_EDGE ( 'NONE', *, *, #676, .T. ) ;
#1347 = LINE ( 'NONE', #1361, #57 ) ;
#1348 = AXIS2_PLACEMENT_3D ( 'NONE', #2209, #479, #259 ) ;
#1349 = EDGE_CURVE ( 'NONE', #1940, #2352, #1796, .T. ) ;
#1350 = CARTESIAN_POINT ( 'NONE',  ( 81.74999999999998579, 14.99999999999998934, 21.08333333333332860 ) ) ;
#1351 = PRODUCT_DEFINITION_SHAPE ( 'NONE', 'NONE',  #1057 ) ;
#1352 = DIRECTION ( 'NONE',  ( -0.000000000000000000, 0.000000000000000000, 1.000000000000000000 ) ) ;
#1353 = CARTESIAN_POINT ( 'NONE',  ( 3.500000000000022204, -19.99999999999999645, 18.33333333333335347 ) ) ;
#1354 = EDGE_LOOP ( 'NONE', ( #2428, #2056, #1167, #1901, #1746, #1083, #1986, #1723, #1663, #556, #91, #920, #196, #20, #1286, #51 ) ) ;
#1355 = VERTEX_POINT ( 'NONE', #98 ) ;
#1356 = AXIS2_PLACEMENT_3D ( 'NONE', #2234, #2247, #324 ) ;
#1357 = EDGE_CURVE ( 'NONE', #957, #190, #1835, .T. ) ;
#1358 = LINE ( 'NONE', #141, #2264 ) ;
#1359 = ORIENTED_EDGE ( 'NONE', *, *, #1824, .F. ) ;
#1360 = ORIENTED_EDGE ( 'NONE', *, *, #70, .F. ) ;
#1361 = CARTESIAN_POINT ( 'NONE',  ( 22.00000000000000000, 0.9999999999999892308, 0.000000000000000000 ) ) ;
#1362 = ORIENTED_EDGE ( 'NONE', *, *, #2009, .T. ) ;
#1363 = PLANE ( 'NONE',  #2189 ) ;
#1364 = CARTESIAN_POINT ( 'NONE',  ( 6.249999999999996447, 2.999999999999988898, 18.33333333333335347 ) ) ;
#1365 = ORIENTED_EDGE ( 'NONE', *, *, #2204, .F. ) ;
#1366 = DIRECTION ( 'NONE',  ( 0.000000000000000000, 0.000000000000000000, 1.000000000000000000 ) ) ;
#1367 = ORIENTED_EDGE ( 'NONE', *, *, #1944, .F. ) ;
#1368 = ORIENTED_EDGE ( 'NONE', *, *, #1910, .T. ) ;
#1369 = EDGE_CURVE ( 'NONE', #142, #2283, #938, .T. ) ;
#1370 = PLANE ( 'NONE',  #1751 ) ;
#1371 = DIRECTION ( 'NONE',  ( 1.000000000000000000, 0.000000000000000000, 0.000000000000000000 ) ) ;
#1372 = ORIENTED_EDGE ( 'NONE', *, *, #2446, .F. ) ;
#1373 = LINE ( 'NONE', #771, #2013 ) ;
#1374 = AXIS2_PLACEMENT_3D ( 'NONE', #1589, #1203, #256 ) ;
#1375 = AXIS2_PLACEMENT_3D ( 'NONE', #490, #1668, #514 ) ;
#1376 = DIRECTION ( 'NONE',  ( 0.2778891309465068571, -0.9606131536168944773, 0.000000000000000000 ) ) ;
#1377 = ADVANCED_FACE ( 'NONE', ( #2072, #902, #675 ), #1465, .T. ) ;
#1378 = ORIENTED_EDGE ( 'NONE', *, *, #884, .T. ) ;
#1379 = CARTESIAN_POINT ( 'NONE',  ( 81.74999999999998579, 14.99999999999998934, 15.58333333333337833 ) ) ;
#1380 = LINE ( 'NONE', #1585, #1180 ) ;
#1381 = DIRECTION ( 'NONE',  ( -0.000000000000000000, -0.000000000000000000, 1.000000000000000000 ) ) ;
#1382 = ORIENTED_EDGE ( 'NONE', *, *, #1349, .T. ) ;
#1383 = VERTEX_POINT ( 'NONE', #915 ) ;
#1384 = LINE ( 'NONE', #215, #179 ) ;
#1385 = CARTESIAN_POINT ( 'NONE',  ( 20.00000000000000000, 0.000000000000000000, 25.00000000000000000 ) ) ;
#1386 = LINE ( 'NONE', #2180, #541 ) ;
#1387 = ORIENTED_EDGE ( 'NONE', *, *, #1677, .F. ) ;
#1388 = CARTESIAN_POINT ( 'NONE',  ( 29.65487710568664781, -4.460459781991763073, 25.00000000000000000 ) ) ;
#1389 = EDGE_CURVE ( 'NONE', #1192, #2483, #1454, .T. ) ;
#1390 = CARTESIAN_POINT ( 'NONE',  ( 13.74999999999999645, 0.000000000000000000, 15.58333333333338189 ) ) ;
#1391 = LINE ( 'NONE', #840, #2026 ) ;
#1392 = CARTESIAN_POINT ( 'NONE',  ( 46.08607388718598230, -0.5669248784883201830, 0.000000000000000000 ) ) ;
#1393 = EDGE_CURVE ( 'NONE', #2498, #451, #1870, .T. ) ;
#1394 = VERTEX_POINT ( 'NONE', #489 ) ;
#1395 = AXIS2_PLACEMENT_3D ( 'NONE', #314, #2414, #2226 ) ;
#1396 = VERTEX_POINT ( 'NONE', #1691 ) ;
#1397 = CIRCLE ( 'NONE', #2478, 2.749999999999973799 ) ;
#1398 = LINE ( 'NONE', #1027, #1476 ) ;
#1399 = DIRECTION ( 'NONE',  ( 0.000000000000000000, 0.000000000000000000, -1.000000000000000000 ) ) ;
#1400 = CARTESIAN_POINT ( 'NONE',  ( 21.25842696629212725, -19.25842696629213791, 25.00000000000000000 ) ) ;
#1401 = ORIENTED_EDGE ( 'NONE', *, *, #104, .T. ) ;
#1402 = CARTESIAN_POINT ( 'NONE',  ( 29.73035619957683906, 23.42392872842721374, 0.000000000000000000 ) ) ;
#1403 = CARTESIAN_POINT ( 'NONE',  ( 68.33364268347999371, -3.000000000000004441, 0.000000000000000000 ) ) ;
#1404 = ORIENTED_EDGE ( 'NONE', *, *, #2360, .F. ) ;
#1405 = EDGE_LOOP ( 'NONE', ( #1175, #2417, #2265, #742, #280, #1543, #1030, #1528, #1322, #1604, #485, #668, #1131, #1644, #1266, #1862 ) ) ;
#1406 = FACE_BOUND ( 'NONE', #2199, .T. ) ;
#1407 = EDGE_LOOP ( 'NONE', ( #1025, #392, #1533, #768 ) ) ;
#1408 = AXIS2_PLACEMENT_3D ( 'NONE', #1682, #1669, #2421 ) ;
#1409 = DIRECTION ( 'NONE',  ( -0.7071067811865451302, 0.7071067811865500152, 0.000000000000000000 ) ) ;
#1410 = LINE ( 'NONE', #434, #100 ) ;
#1411 = DIRECTION ( 'NONE',  ( -0.000000000000000000, -0.000000000000000000, -1.000000000000000000 ) ) ;
#1412 = ORIENTED_EDGE ( 'NONE', *, *, #78, .T. ) ;
#1413 = ORIENTED_EDGE ( 'NONE', *, *, #2424, .T. ) ;
#1414 = CARTESIAN_POINT ( 'NONE',  ( 28.88951024095647568, -2.612700716969183379, 0.000000000000000000 ) ) ;
#1415 = CARTESIAN_POINT ( 'NONE',  ( 78.99999999999998579, 17.99999999999999289, 6.666666666666664298 ) ) ;
#1416 = AXIS2_PLACEMENT_3D ( 'NONE', #1985, #1194, #1971 ) ;
#1417 = EDGE_CURVE ( 'NONE', #1344, #1256, #1258, .T. ) ;
#1418 = VERTEX_POINT ( 'NONE', #1500 ) ;
#1419 = FACE_OUTER_BOUND ( 'NONE', #1156, .T. ) ;
#1420 = CARTESIAN_POINT ( 'NONE',  ( 73.50000000000000000, -5.000000000000007994, 25.00000000000000000 ) ) ;
#1421 = AXIS2_PLACEMENT_3D ( 'NONE', #2356, #2370, #19 ) ;
#1422 = STYLED_ITEM ( 'NONE', ( #688 ), #427 ) ;
#1423 = EDGE_CURVE ( 'NONE', #351, #13, #2035, .T. ) ;
#1424 = LINE ( 'NONE', #2194, #1758 ) ;
#1425 = VECTOR ( 'NONE', #587, 1000.000000000000000 ) ;
#1426 = DIRECTION ( 'NONE',  ( 0.000000000000000000, 1.000000000000000000, -0.000000000000000000 ) ) ;
#1427 = EDGE_CURVE ( 'NONE', #1340, #1302, #1263, .T. ) ;
#1428 = CARTESIAN_POINT ( 'NONE',  ( 57.32172763465334953, -3.480347674647388256, 0.000000000000000000 ) ) ;
#1429 = VERTEX_POINT ( 'NONE', #1074 ) ;
#1430 = EDGE_LOOP ( 'NONE', ( #1635, #2252, #291, #898 ) ) ;
#1431 = DIRECTION ( 'NONE',  ( 1.000000000000000000, 1.154732722284107785E-16, 0.000000000000000000 ) ) ;
#1432 = PLANE ( 'NONE',  #2341 ) ;
#1433 = AXIS2_PLACEMENT_3D ( 'NONE', #318, #692, #2220 ) ;
#1434 = AXIS2_PLACEMENT_3D ( 'NONE', #1029, #2196, #1234 ) ;
#1435 = EDGE_LOOP ( 'NONE', ( #1618, #1965, #329, #1631 ) ) ;
#1436 = CARTESIAN_POINT ( 'NONE',  ( 4.197791438386047069, -10.13436502256545069, 0.000000000000000000 ) ) ;
#1437 = LINE ( 'NONE', #1584, #547 ) ;
#1438 = LINE ( 'NONE', #2406, #2084 ) ;
#1439 = EDGE_CURVE ( 'NONE', #763, #1257, #1671, .T. ) ;
#1440 = CARTESIAN_POINT ( 'NONE',  ( 0.000000000000000000, 14.99999999999999289, 25.00000000000000000 ) ) ;
#1441 = VECTOR ( 'NONE', #687, 1000.000000000000000 ) ;
#1442 = CYLINDRICAL_SURFACE ( 'NONE', #2422, 2.000000000000001776 ) ;
#1443 = VERTEX_POINT ( 'NONE', #1712 ) ;
#1444 = EDGE_LOOP ( 'NONE', ( #1054, #1170, #1320, #754 ) ) ;
#1445 = PLANE ( 'NONE',  #972 ) ;
#1446 = AXIS2_PLACEMENT_3D ( 'NONE', #335, #1894, #1076 ) ;
#1447 = VERTEX_POINT ( 'NONE', #2278 ) ;
#1448 = PLANE ( 'NONE',  #1643 ) ;
#1449 = CARTESIAN_POINT ( 'NONE',  ( 25.00000000000001421, 77.99999999999998579, 25.00000000000000000 ) ) ;
#1450 = CARTESIAN_POINT ( 'NONE',  ( 41.26513508215148818, -1.010356009124191434, 0.000000000000000000 ) ) ;
#1451 = ORIENTED_EDGE ( 'NONE', *, *, #1910, .F. ) ;
#1452 = ORIENTED_EDGE ( 'NONE', *, *, #634, .T. ) ;
#1453 = ADVANCED_FACE ( 'NONE', ( #1702 ), #201, .F. ) ;
#1454 = LINE ( 'NONE', #2243, #254 ) ;
#1455 = DIRECTION ( 'NONE',  ( 1.000000000000000000, -4.770489558936219510E-17, 0.000000000000000000 ) ) ;
#1456 = ORIENTED_EDGE ( 'NONE', *, *, #1726, .T. ) ;
#1457 = CARTESIAN_POINT ( 'NONE',  ( -2.308695440802727361E-15, -2.999999999999952038, 25.00000000000000000 ) ) ;
#1458 = EDGE_CURVE ( 'NONE', #227, #1510, #1750, .T. ) ;
#1459 = AXIS2_PLACEMENT_3D ( 'NONE', #1297, #1127, #2441 ) ;
#1460 = AXIS2_PLACEMENT_3D ( 'NONE', #1583, #2388, #982 ) ;
#1461 = CARTESIAN_POINT ( 'NONE',  ( 66.31577654208837203, 12.97179689087349885, 0.000000000000000000 ) ) ;
#1462 = FILL_AREA_STYLE_COLOUR ( '', #146 ) ;
#1463 = ORIENTED_EDGE ( 'NONE', *, *, #374, .T. ) ;
#1464 = ORIENTED_EDGE ( 'NONE', *, *, #1608, .T. ) ;
#1465 = PLANE ( 'NONE',  #658 ) ;
#1466 = UNCERTAINTY_MEASURE_WITH_UNIT (LENGTH_MEASURE( 1.000000000000000082E-05 ), #1077, 'distance_accuracy_value', 'NONE');
#1467 = LINE ( 'NONE', #2231, #1698 ) ;
#1468 = EDGE_CURVE ( 'NONE', #351, #466, #499, .T. ) ;
#1469 = CARTESIAN_POINT ( 'NONE',  ( 39.76631459984510286, -6.107178194718006381, 0.000000000000000000 ) ) ;
#1470 = CARTESIAN_POINT ( 'NONE',  ( 70.93614712617579698, -3.000000000000009770, 25.00000000000000000 ) ) ;
#1471 = AXIS2_PLACEMENT_3D ( 'NONE', #1086, #1882, #1475 ) ;
#1472 = CARTESIAN_POINT ( 'NONE',  ( 81.74999999999998579, 14.99999999999998934, 6.666666666666664298 ) ) ;
#1473 = ORIENTED_EDGE ( 'NONE', *, *, #70, .T. ) ;
#1474 = EDGE_LOOP ( 'NONE', ( #1745, #1019, #199, #1987 ) ) ;
#1475 = DIRECTION ( 'NONE',  ( -1.000000000000000000, 0.000000000000000000, 0.000000000000000000 ) ) ;
#1476 = VECTOR ( 'NONE', #807, 1000.000000000000000 ) ;
#1477 = CARTESIAN_POINT ( 'NONE',  ( 46.08607388718598230, -0.5669248784883201830, 25.00000000000000000 ) ) ;
#1478 = VECTOR ( 'NONE', #2394, 1000.000000000000000 ) ;
#1479 = DIRECTION ( 'NONE',  ( -0.2821239020566123079, -0.9593779775919138997, 0.000000000000000000 ) ) ;
#1480 = EDGE_CURVE ( 'NONE', #2416, #913, #574, .T. ) ;
#1481 = DIRECTION ( 'NONE',  ( 4.770489558936219510E-17, 1.000000000000000000, 0.000000000000000000 ) ) ;
#1482 = CARTESIAN_POINT ( 'NONE',  ( 68.33364268347999371, -3.000000000000006217, 25.00000000000000000 ) ) ;
#1483 = FACE_OUTER_BOUND ( 'NONE', #2409, .T. ) ;
#1484 = LINE ( 'NONE', #1255, #123 ) ;
#1485 = ORIENTED_EDGE ( 'NONE', *, *, #1307, .T. ) ;
#1486 = EDGE_LOOP ( 'NONE', ( #2034, #1267, #1953, #1834, #1055 ) ) ;
#1487 = LINE ( 'NONE', #1282, #1024 ) ;
#1488 = PLANE ( 'NONE',  #2089 ) ;
#1489 = CARTESIAN_POINT ( 'NONE',  ( 65.90909090909087809, -3.000000000000002665, 0.000000000000000000 ) ) ;
#1490 = ADVANCED_FACE ( 'NONE', ( #585 ), #1370, .T. ) ;
#1491 = DIRECTION ( 'NONE',  ( 4.770489558936219510E-17, 1.000000000000000000, 0.000000000000000000 ) ) ;
#1492 = CARTESIAN_POINT ( 'NONE',  ( 13.74999999999999645, 2.999999999999988898, 6.666666666666668739 ) ) ;
#1493 = EDGE_CURVE ( 'NONE', #580, #818, #1347, .T. ) ;
#1494 = EDGE_LOOP ( 'NONE', ( #992, #545, #1133, #2022 ) ) ;
#1495 = CARTESIAN_POINT ( 'NONE',  ( 73.50000000000000000, 0.000000000000000000, 0.000000000000000000 ) ) ;
#1496 = VECTOR ( 'NONE', #294, 1000.000000000000000 ) ;
#1497 = EDGE_LOOP ( 'NONE', ( #242, #1362, #1124, #343 ) ) ;
#1498 = ADVANCED_FACE ( 'NONE', ( #2329 ), #2118, .F. ) ;
#1499 = VERTEX_POINT ( 'NONE', #165 ) ;
#1500 = CARTESIAN_POINT ( 'NONE',  ( 60.45318000251973700, 9.647443151635258118, 0.000000000000000000 ) ) ;
#1501 = AXIS2_PLACEMENT_3D ( 'NONE', #1108, #1911, #1095 ) ;
#1502 = FACE_OUTER_BOUND ( 'NONE', #1672, .T. ) ;
#1503 = LINE ( 'NONE', #2393, #1562 ) ;
#1504 = CARTESIAN_POINT ( 'NONE',  ( -0.6598646536177490418, -4.994187299776107203, 25.00000000000000000 ) ) ;
#1505 = DIRECTION ( 'NONE',  ( 0.000000000000000000, 0.000000000000000000, 1.000000000000000000 ) ) ;
#1506 = CARTESIAN_POINT ( 'NONE',  ( -2.308695440802726967E-15, -2.999999999999952038, 0.000000000000000000 ) ) ;
#1507 = ORIENTED_EDGE ( 'NONE', *, *, #2105, .F. ) ;
#1508 = ORIENTED_EDGE ( 'NONE', *, *, #1, .T. ) ;
#1509 = FACE_OUTER_BOUND ( 'NONE', #1261, .T. ) ;
#1510 = VERTEX_POINT ( 'NONE', #191 ) ;
#1511 = ORIENTED_EDGE ( 'NONE', *, *, #963, .F. ) ;
#1512 = DIRECTION ( 'NONE',  ( 0.7071067811865526798, 0.7071067811865423547, 0.000000000000000000 ) ) ;
#1513 = AXIS2_PLACEMENT_3D ( 'NONE', #661, #421, #2167 ) ;
#1514 = CARTESIAN_POINT ( 'NONE',  ( 41.26513508215148818, -1.010356009124196541, 25.00000000000000000 ) ) ;
#1515 = AXIS2_PLACEMENT_3D ( 'NONE', #953, #924, #2465 ) ;
#1516 = AXIS2_PLACEMENT_3D ( 'NONE', #1338, #2112, #383 ) ;
#1517 = DIRECTION ( 'NONE',  ( -7.695651469342547797E-16, -1.000000000000000000, 0.000000000000000000 ) ) ;
#1518 = FACE_OUTER_BOUND ( 'NONE', #815, .T. ) ;
#1519 = ORIENTED_EDGE ( 'NONE', *, *, #657, .F. ) ;
#1520 = ORIENTED_EDGE ( 'NONE', *, *, #2017, .F. ) ;
#1521 = ORIENTED_EDGE ( 'NONE', *, *, #669, .F. ) ;
#1522 = DIRECTION ( 'NONE',  ( 0.000000000000000000, 0.000000000000000000, -1.000000000000000000 ) ) ;
#1523 = CARTESIAN_POINT ( 'NONE',  ( 3.499999999999995115, 2.999999999999988898, 6.666666666666668739 ) ) ;
#1524 = ADVANCED_FACE ( 'NONE', ( #1937 ), #2095, .F. ) ;
#1525 = DIRECTION ( 'NONE',  ( -0.9593779775919140107, 0.2821239020566123634, 0.000000000000000000 ) ) ;
#1526 = CARTESIAN_POINT ( 'NONE',  ( 11.41917159763313983, -19.37798816568048110, 0.000000000000000000 ) ) ;
#1527 = DIRECTION ( 'NONE',  ( -0.000000000000000000, -0.000000000000000000, -1.000000000000000000 ) ) ;
#1528 = ORIENTED_EDGE ( 'NONE', *, *, #667, .F. ) ;
#1529 = ORIENTED_EDGE ( 'NONE', *, *, #1760, .F. ) ;
#1530 = ORIENTED_EDGE ( 'NONE', *, *, #1531, .T. ) ;
#1531 = EDGE_CURVE ( 'NONE', #412, #1195, #2114, .T. ) ;
#1532 = LINE ( 'NONE', #582, #1741 ) ;
#1533 = ORIENTED_EDGE ( 'NONE', *, *, #838, .F. ) ;
#1534 = ORIENTED_EDGE ( 'NONE', *, *, #966, .F. ) ;
#1535 = CARTESIAN_POINT ( 'NONE',  ( -2.308695440802726967E-15, -2.999999999999952038, 0.000000000000000000 ) ) ;
#1536 = AXIS2_PLACEMENT_3D ( 'NONE', #263, #1957, #2347 ) ;
#1537 = CARTESIAN_POINT ( 'NONE',  ( 0.000000000000000000, 17.99999999999999289, 25.00000000000000000 ) ) ;
#1538 = AXIS2_PLACEMENT_3D ( 'NONE', #407, #1174, #1951 ) ;
#1539 = FACE_OUTER_BOUND ( 'NONE', #258, .T. ) ;
#1540 = CIRCLE ( 'NONE', #2392, 2.000000000000001776 ) ;
#1541 = EDGE_CURVE ( 'NONE', #1443, #752, #1308, .T. ) ;
#1542 = LINE ( 'NONE', #555, #1292 ) ;
#1543 = ORIENTED_EDGE ( 'NONE', *, *, #1078, .T. ) ;
#1544 = ORIENTED_EDGE ( 'NONE', *, *, #285, .F. ) ;
#1545 = ORIENTED_EDGE ( 'NONE', *, *, #1760, .T. ) ;
#1546 = EDGE_LOOP ( 'NONE', ( #1387, #2188, #2328, #1821 ) ) ;
#1547 = LINE ( 'NONE', #1573, #1314 ) ;
#1548 = AXIS2_PLACEMENT_3D ( 'NONE', #2083, #119, #2254 ) ;
#1549 = AXIS2_PLACEMENT_3D ( 'NONE', #1526, #1137, #2307 ) ;
#1550 = DIRECTION ( 'NONE',  ( -0.000000000000000000, -0.000000000000000000, 1.000000000000000000 ) ) ;
#1551 = DIRECTION ( 'NONE',  ( -0.000000000000000000, -0.000000000000000000, -1.000000000000000000 ) ) ;
#1552 = AXIS2_PLACEMENT_3D ( 'NONE', #1992, #1409, #229 ) ;
#1553 = ADVANCED_FACE ( 'NONE', ( #560 ), #1914, .F. ) ;
#1554 = EDGE_CURVE ( 'NONE', #1764, #1598, #2273, .T. ) ;
#1555 = ORIENTED_EDGE ( 'NONE', *, *, #260, .T. ) ;
#1556 = VECTOR ( 'NONE', #26, 1000.000000000000000 ) ;
#1557 = CARTESIAN_POINT ( 'NONE',  ( 27.83216783216784762, -15.38461538461537792, 25.00000000000000000 ) ) ;
#1558 = ORIENTED_EDGE ( 'NONE', *, *, #905, .F. ) ;
#1559 = EDGE_LOOP ( 'NONE', ( #822, #632, #1969, #1098, #779 ) ) ;
#1560 = CARTESIAN_POINT ( 'NONE',  ( 10.40378698224852094, -17.65491124260355349, 25.00000000000000000 ) ) ;
#1561 = ORIENTED_EDGE ( 'NONE', *, *, #1754, .T. ) ;
#1562 = VECTOR ( 'NONE', #654, 1000.000000000000000 ) ;
#1563 = EDGE_CURVE ( 'NONE', #986, #34, #730, .T. ) ;
#1564 = DIRECTION ( 'NONE',  ( -0.000000000000000000, -0.000000000000000000, -1.000000000000000000 ) ) ;
#1565 = EDGE_CURVE ( 'NONE', #1221, #986, #1325, .T. ) ;
#1566 = CARTESIAN_POINT ( 'NONE',  ( 64.65745792709054740, 18.70430851890587931, 25.00000000000000000 ) ) ;
#1567 = EDGE_LOOP ( 'NONE', ( #663, #1748, #2197, #436, #1382, #674, #2104, #1184 ) ) ;
#1568 = DIRECTION ( 'NONE',  ( 1.000000000000000000, 0.000000000000000000, 0.000000000000000000 ) ) ;
#1569 = CARTESIAN_POINT ( 'NONE',  ( 75.00000000000001421, 17.99999999999999289, 25.00000000000000000 ) ) ;
#1570 = CYLINDRICAL_SURFACE ( 'NONE', #734, 15.00000000000000000 ) ;
#1571 = ORIENTED_EDGE ( 'NONE', *, *, #591, .T. ) ;
#1572 = ORIENTED_EDGE ( 'NONE', *, *, #1824, .T. ) ;
#1573 = CARTESIAN_POINT ( 'NONE',  ( 11.41917159763314160, -19.37798816568048466, 25.00000000000000000 ) ) ;
#1574 = ADVANCED_FACE ( 'NONE', ( #551 ), #1925, .T. ) ;
#1575 = LINE ( 'NONE', #1601, #1268 ) ;
#1576 = DIRECTION ( 'NONE',  ( 0.000000000000000000, 0.000000000000000000, 1.000000000000000000 ) ) ;
#1577 = EDGE_LOOP ( 'NONE', ( #1609, #2260, #1168, #1309 ) ) ;
#1578 = CYLINDRICAL_SURFACE ( 'NONE', #2076, 2.749999999999973799 ) ;
#1579 = AXIS2_PLACEMENT_3D ( 'NONE', #84, #1994, #809 ) ;
#1580 = VECTOR ( 'NONE', #1090, 1000.000000000000000 ) ;
#1581 = EDGE_CURVE ( 'NONE', #1759, #87, #1547, .T. ) ;
#1582 = DIRECTION ( 'NONE',  ( -0.000000000000000000, -0.000000000000000000, -1.000000000000000000 ) ) ;
#1583 = CARTESIAN_POINT ( 'NONE',  ( 63.68876179494188960, 5.859409758589538164, 25.00000000000000000 ) ) ;
#1584 = CARTESIAN_POINT ( 'NONE',  ( 47.65705693051960878, 0.6708199569112081040, 0.000000000000000000 ) ) ;
#1585 = CARTESIAN_POINT ( 'NONE',  ( 75.50000000000000000, 0.000000000000000000, 25.00000000000000000 ) ) ;
#1586 = ORIENTED_EDGE ( 'NONE', *, *, #1277, .T. ) ;
#1587 = ORIENTED_EDGE ( 'NONE', *, *, #1277, .F. ) ;
#1588 = CYLINDRICAL_SURFACE ( 'NONE', #948, 1.999999999999998224 ) ;
#1589 = CARTESIAN_POINT ( 'NONE',  ( 75.00000000000001421, 2.999999999999995559, 25.00000000000000000 ) ) ;
#1590 = DIRECTION ( 'NONE',  ( -0.000000000000000000, -0.000000000000000000, 1.000000000000000000 ) ) ;
#1591 = ORIENTED_EDGE ( 'NONE', *, *, #631, .T. ) ;
#1592 = DIRECTION ( 'NONE',  ( 0.000000000000000000, -0.000000000000000000, -1.000000000000000000 ) ) ;
#1593 = CIRCLE ( 'NONE', #2230, 1.999999999999998224 ) ;
#1594 = LINE ( 'NONE', #1223, #2223 ) ;
#1595 = VECTOR ( 'NONE', #464, 1000.000000000000000 ) ;
#1596 = VERTEX_POINT ( 'NONE', #2340 ) ;
#1597 = CARTESIAN_POINT ( 'NONE',  ( 75.00000000000001421, 17.99999999999999289, 25.00000000000000000 ) ) ;
#1598 = VERTEX_POINT ( 'NONE', #32 ) ;
#1599 = CIRCLE ( 'NONE', #2005, 2.750000000000000888 ) ;
#1600 = CARTESIAN_POINT ( 'NONE',  ( 27.65487710568664781, -4.460459781991763073, 25.00000000000000000 ) ) ;
#1601 = CARTESIAN_POINT ( 'NONE',  ( 11.41917159763313983, -19.37798816568048110, 0.000000000000000000 ) ) ;
#1602 = CARTESIAN_POINT ( 'NONE',  ( 65.90909090909090651, -80.00000000000000000, 25.00000000000000000 ) ) ;
#1603 = ORIENTED_EDGE ( 'NONE', *, *, #1798, .F. ) ;
#1604 = ORIENTED_EDGE ( 'NONE', *, *, #1045, .F. ) ;
#1605 = PLANE ( 'NONE',  #2036 ) ;
#1606 = EDGE_CURVE ( 'NONE', #1195, #1084, #44, .T. ) ;
#1607 = CARTESIAN_POINT ( 'NONE',  ( 89.25000000000000000, 17.99999999999999289, 21.08333333333333570 ) ) ;
#1608 = EDGE_CURVE ( 'NONE', #56, #107, #1818, .T. ) ;
#1609 = ORIENTED_EDGE ( 'NONE', *, *, #492, .F. ) ;
#1610 = LINE ( 'NONE', #2378, #1273 ) ;
#1611 = EDGE_CURVE ( 'NONE', #1797, #331, #1038, .T. ) ;
#1612 = CIRCLE ( 'NONE', #837, 2.749999999999974687 ) ;
#1613 = LINE ( 'NONE', #1231, #1126 ) ;
#1614 = CARTESIAN_POINT ( 'NONE',  ( 4.197791438386047069, -10.13436502256545069, 25.00000000000000000 ) ) ;
#1615 = EDGE_CURVE ( 'NONE', #2498, #2313, #2379, .T. ) ;
#1616 = DIRECTION ( 'NONE',  ( 0.9128951325581726728, -0.4081941657490909536, 0.000000000000000000 ) ) ;
#1617 = ORIENTED_EDGE ( 'NONE', *, *, #327, .T. ) ;
#1618 = ORIENTED_EDGE ( 'NONE', *, *, #1439, .F. ) ;
#1619 = PLANE ( 'NONE',  #454 ) ;
#1620 = DIRECTION ( 'NONE',  ( 0.2821239020566121969, 0.9593779775919138997, 0.000000000000000000 ) ) ;
#1621 = DIRECTION ( 'NONE',  ( -0.000000000000000000, -0.000000000000000000, 1.000000000000000000 ) ) ;
#1622 = AXIS2_PLACEMENT_3D ( 'NONE', #1506, #170, #2272 ) ;
#1623 = ORIENTED_EDGE ( 'NONE', *, *, #207, .F. ) ;
#1624 = EDGE_CURVE ( 'NONE', #2351, #947, #1424, .T. ) ;
#1625 = FACE_BOUND ( 'NONE', #2475, .T. ) ;
#1626 = CARTESIAN_POINT ( 'NONE',  ( 0.000000000000000000, 14.99999999999999289, 25.00000000000000000 ) ) ;
#1627 = AXIS2_PLACEMENT_3D ( 'NONE', #342, #1889, #766 ) ;
#1628 = CARTESIAN_POINT ( 'NONE',  ( 75.00000000000001421, 2.999999999999995559, 0.000000000000000000 ) ) ;
#1629 = CARTESIAN_POINT ( 'NONE',  ( 6.249999999999996447, -19.99999999999999645, 15.58333333333338189 ) ) ;
#1630 = DIRECTION ( 'NONE',  ( 0.000000000000000000, 0.000000000000000000, -1.000000000000000000 ) ) ;
#1631 = ORIENTED_EDGE ( 'NONE', *, *, #446, .F. ) ;
#1632 = ORIENTED_EDGE ( 'NONE', *, *, #1147, .T. ) ;
#1633 = FACE_OUTER_BOUND ( 'NONE', #1577, .T. ) ;
#1634 = CIRCLE ( 'NONE', #690, 2.000000000000001776 ) ;
#1635 = ORIENTED_EDGE ( 'NONE', *, *, #2053, .F. ) ;
#1636 = FACE_BOUND ( 'NONE', #1559, .T. ) ;
#1637 = ADVANCED_FACE ( 'NONE', ( #83 ), #2368, .F. ) ;
#1638 = AXIS2_PLACEMENT_3D ( 'NONE', #2350, #1774, #1962 ) ;
#1639 = DIRECTION ( 'NONE',  ( 0.4081941657490902875, 0.9128951325581728948, 0.000000000000000000 ) ) ;
#1640 = AXIS2_PLACEMENT_3D ( 'NONE', #1172, #633, #989 ) ;
#1641 = LINE ( 'NONE', #1853, #452 ) ;
#1642 = ORIENTED_EDGE ( 'NONE', *, *, #701, .T. ) ;
#1643 = AXIS2_PLACEMENT_3D ( 'NONE', #2215, #2065, #2029 ) ;
#1644 = ORIENTED_EDGE ( 'NONE', *, *, #2433, .F. ) ;
#1645 = CARTESIAN_POINT ( 'NONE',  ( 13.74999999999999645, 2.999999999999988898, 21.08333333333332860 ) ) ;
#1646 = EDGE_CURVE ( 'NONE', #264, #117, #608, .T. ) ;
#1647 = ORIENTED_EDGE ( 'NONE', *, *, #2497, .F. ) ;
#1648 = CARTESIAN_POINT ( 'NONE',  ( 65.90909090909089230, -5.000000000000008882, 0.000000000000000000 ) ) ;
#1649 = DIRECTION ( 'NONE',  ( -1.000000000000000000, 4.770489558936219510E-17, 0.000000000000000000 ) ) ;
#1650 = DIRECTION ( 'NONE',  ( -0.7854915216668155731, -0.6188724176997635329, 0.000000000000000000 ) ) ;
#1651 = ORIENTED_EDGE ( 'NONE', *, *, #579, .T. ) ;
#1652 = ADVANCED_FACE ( 'NONE', ( #2006 ), #1588, .F. ) ;
#1653 = CARTESIAN_POINT ( 'NONE',  ( 20.00000000000000000, 0.000000000000000000, 25.00000000000000000 ) ) ;
#1654 = EDGE_CURVE ( 'NONE', #946, #233, #1384, .T. ) ;
#1655 = CARTESIAN_POINT ( 'NONE',  ( 1.431146867680861416E-16, 2.999999999999990674, 25.00000000000000000 ) ) ;
#1656 = EDGE_CURVE ( 'NONE', #1763, #1058, #468, .T. ) ;
#1657 = CARTESIAN_POINT ( 'NONE',  ( 20.00000000000000000, -18.00000000000000711, 0.000000000000000000 ) ) ;
#1658 = LINE ( 'NONE', #2423, #2120 ) ;
#1659 = CARTESIAN_POINT ( 'NONE',  ( 13.74999999999999645, 0.000000000000000000, 18.33333333333335347 ) ) ;
#1660 = VECTOR ( 'NONE', #860, 1000.000000000000000 ) ;
#1661 = PLANE ( 'NONE',  #1864 ) ;
#1662 = ORIENTED_EDGE ( 'NONE', *, *, #2145, .T. ) ;
#1663 = ORIENTED_EDGE ( 'NONE', *, *, #2159, .T. ) ;
#1664 = CIRCLE ( 'NONE', #568, 1.999999999999998224 ) ;
#1665 = CARTESIAN_POINT ( 'NONE',  ( 53.93622503250622913, -0.02760074317061447791, 0.000000000000000000 ) ) ;
#1666 = ADVANCED_FACE ( 'NONE', ( #2140 ), #404, .F. ) ;
#1667 = CARTESIAN_POINT ( 'NONE',  ( 7.228014483236659085E-16, 1.000000000000005107, 0.000000000000000000 ) ) ;
#1668 = DIRECTION ( 'NONE',  ( -0.000000000000000000, -0.000000000000000000, 1.000000000000000000 ) ) ;
#1669 = DIRECTION ( 'NONE',  ( 4.770489558936220126E-17, 1.000000000000000000, -0.000000000000000000 ) ) ;
#1670 = LINE ( 'NONE', #2052, #299 ) ;
#1671 = CIRCLE ( 'NONE', #899, 2.000000000000001776 ) ;
#1672 = EDGE_LOOP ( 'NONE', ( #1722, #1935, #2117, #874 ) ) ;
#1673 = LINE ( 'NONE', #520, #379 ) ;
#1674 = CARTESIAN_POINT ( 'NONE',  ( 13.74999999999999645, 0.000000000000000000, 21.08333333333332860 ) ) ;
#1675 = ORIENTED_EDGE ( 'NONE', *, *, #2390, .F. ) ;
#1676 = ORIENTED_EDGE ( 'NONE', *, *, #395, .F. ) ;
#1677 = EDGE_CURVE ( 'NONE', #56, #190, #507, .T. ) ;
#1678 = CARTESIAN_POINT ( 'NONE',  ( 0.000000000000000000, 17.99999999999999289, 25.00000000000000000 ) ) ;
#1679 = EDGE_CURVE ( 'NONE', #664, #352, #419, .T. ) ;
#1680 = FACE_OUTER_BOUND ( 'NONE', #16, .T. ) ;
#1681 = VECTOR ( 'NONE', #830, 1000.000000000000000 ) ;
#1682 = CARTESIAN_POINT ( 'NONE',  ( 81.74999999999998579, -20.00000000000000000, 18.33333333333336057 ) ) ;
#1683 = FACE_OUTER_BOUND ( 'NONE', #736, .T. ) ;
#1684 = EDGE_CURVE ( 'NONE', #689, #2227, #1398, .T. ) ;
#1685 = AXIS2_PLACEMENT_3D ( 'NONE', #719, #1858, #157 ) ;
#1686 = ORIENTED_EDGE ( 'NONE', *, *, #2455, .T. ) ;
#1687 = EDGE_CURVE ( 'NONE', #1132, #2427, #1883, .T. ) ;
#1688 = DIRECTION ( 'NONE',  ( 1.000000000000000000, 0.000000000000000000, 0.000000000000000000 ) ) ;
#1689 = ORIENTED_EDGE ( 'NONE', *, *, #2339, .T. ) ;
#1690 = ORIENTED_EDGE ( 'NONE', *, *, #1423, .F. ) ;
#1691 = CARTESIAN_POINT ( 'NONE',  ( 22.00000000000000000, -2.760448796150664741, 0.000000000000000000 ) ) ;
#1692 = DIRECTION ( 'NONE',  ( -0.9238795325112892920, -0.3826834323650835090, 0.000000000000000000 ) ) ;
#1693 = PLANE ( 'NONE',  #2172 ) ;
#1694 = DIRECTION ( 'NONE',  ( 0.000000000000000000, 0.000000000000000000, -1.000000000000000000 ) ) ;
#1695 = CARTESIAN_POINT ( 'NONE',  ( 25.00000000000001421, 77.99999999999998579, 25.00000000000000000 ) ) ;
#1696 = ADVANCED_FACE ( 'NONE', ( #1789 ), #1976, .F. ) ;
#1697 = VECTOR ( 'NONE', #1582, 1000.000000000000000 ) ;
#1698 = VECTOR ( 'NONE', #2014, 1000.000000000000000 ) ;
#1699 = CARTESIAN_POINT ( 'NONE',  ( 37.58558239935171486, -7.525698265796810560, 0.000000000000000000 ) ) ;
#1700 = VERTEX_POINT ( 'NONE', #1600 ) ;
#1701 = ORIENTED_EDGE ( 'NONE', *, *, #2060, .F. ) ;
#1702 = FACE_OUTER_BOUND ( 'NONE', #780, .T. ) ;
#1703 = LINE ( 'NONE', #1816, #1111 ) ;
#1704 = CARTESIAN_POINT ( 'NONE',  ( 34.59958723499936184, -9.652896437152087117, 0.000000000000000000 ) ) ;
#1705 = CARTESIAN_POINT ( 'NONE',  ( 7.228014483236659085E-16, 1.000000000000005107, 25.00000000000000000 ) ) ;
#1706 = EDGE_LOOP ( 'NONE', ( #1675, #1710, #767, #593, #1521 ) ) ;
#1707 = EDGE_LOOP ( 'NONE', ( #958, #2138, #960, #724, #2163 ) ) ;
#1708 = ADVANCED_FACE ( 'NONE', ( #447 ), #1216, .T. ) ;
#1709 = CARTESIAN_POINT ( 'NONE',  ( 40.65259360320145277, -11.95469210669688209, 0.000000000000000000 ) ) ;
#1710 = ORIENTED_EDGE ( 'NONE', *, *, #2467, .F. ) ;
#1711 = ORIENTED_EDGE ( 'NONE', *, *, #997, .T. ) ;
#1712 = CARTESIAN_POINT ( 'NONE',  ( 89.25000000000000000, 14.99999999999998934, 15.58333333333337833 ) ) ;
#1713 = AXIS2_PLACEMENT_3D ( 'NONE', #41, #1762, #1155 ) ;
#1714 = CARTESIAN_POINT ( 'NONE',  ( 1.431146867680861416E-16, 2.999999999999990674, 21.08333333333332860 ) ) ;
#1715 = DIRECTION ( 'NONE',  ( -1.000000000000000000, 0.000000000000000000, 0.000000000000000000 ) ) ;
#1716 = AXIS2_PLACEMENT_3D ( 'NONE', #1863, #301, #127 ) ;
#1717 = AXIS2_PLACEMENT_3D ( 'NONE', #2366, #430, #655 ) ;
#1718 = DIRECTION ( 'NONE',  ( 0.000000000000000000, -1.000000000000000000, 0.000000000000000000 ) ) ;
#1719 = CARTESIAN_POINT ( 'NONE',  ( 49.06755081530774731, -21.94018486469399321, 0.000000000000000000 ) ) ;
#1720 = ADVANCED_FACE ( 'NONE', ( #702 ), #1070, .F. ) ;
#1721 = ORIENTED_EDGE ( 'NONE', *, *, #2444, .F. ) ;
#1722 = ORIENTED_EDGE ( 'NONE', *, *, #2098, .T. ) ;
#1723 = ORIENTED_EDGE ( 'NONE', *, *, #1393, .T. ) ;
#1724 = VERTEX_POINT ( 'NONE', #496 ) ;
#1725 = CARTESIAN_POINT ( 'NONE',  ( 25.00000000000001421, 77.99999999999998579, 25.00000000000000000 ) ) ;
#1726 = EDGE_CURVE ( 'NONE', #945, #2021, #1438, .T. ) ;
#1727 = DIRECTION ( 'NONE',  ( 1.000000000000000000, 0.000000000000000000, 0.000000000000000000 ) ) ;
#1728 = VECTOR ( 'NONE', #733, 1000.000000000000000 ) ;
#1729 = CARTESIAN_POINT ( 'NONE',  ( 31.69408500374395388, 24.97110977267660559, 25.00000000000000000 ) ) ;
#1730 = DIRECTION ( 'NONE',  ( 1.000000000000000000, 0.000000000000000000, -0.000000000000000000 ) ) ;
#1731 = DIRECTION ( 'NONE',  ( -0.000000000000000000, -0.000000000000000000, 1.000000000000000000 ) ) ;
#1732 = EDGE_LOOP ( 'NONE', ( #377, #1211, #238, #1206, #1555 ) ) ;
#1733 = EDGE_LOOP ( 'NONE', ( #1972, #1511, #715, #1591 ) ) ;
#1734 = DIRECTION ( 'NONE',  ( -0.000000000000000000, -0.000000000000000000, 1.000000000000000000 ) ) ;
#1735 = ORIENTED_EDGE ( 'NONE', *, *, #963, .T. ) ;
#1736 = VERTEX_POINT ( 'NONE', #2425 ) ;
#1737 = DIRECTION ( 'NONE',  ( -0.5076923076923076650, 0.8615384615384616973, 0.000000000000000000 ) ) ;
#1738 = CYLINDRICAL_SURFACE ( 'NONE', #800, 2.000000000000001776 ) ;
#1739 = CYLINDRICAL_SURFACE ( 'NONE', #1242, 2.000000000000001776 ) ;
#1740 = EDGE_CURVE ( 'NONE', #233, #2487, #1060, .T. ) ;
#1741 = VECTOR ( 'NONE', #375, 1000.000000000000000 ) ;
#1742 = LINE ( 'NONE', #183, #1310 ) ;
#1743 = VECTOR ( 'NONE', #2492, 1000.000000000000000 ) ;
#1744 = CARTESIAN_POINT ( 'NONE',  ( 37.84755864466126951, -5.542930390604782431, 0.000000000000000000 ) ) ;
#1745 = ORIENTED_EDGE ( 'NONE', *, *, #2424, .F. ) ;
#1746 = ORIENTED_EDGE ( 'NONE', *, *, #2235, .T. ) ;
#1747 = CARTESIAN_POINT ( 'NONE',  ( 61.86297152982553627, 6.675798090087719849, 25.00000000000000000 ) ) ;
#1748 = ORIENTED_EDGE ( 'NONE', *, *, #1227, .T. ) ;
#1749 = EDGE_LOOP ( 'NONE', ( #432, #3, #2125, #2074 ) ) ;
#1750 = LINE ( 'NONE', #595, #2431 ) ;
#1751 = AXIS2_PLACEMENT_3D ( 'NONE', #1560, #1737, #781 ) ;
#1752 = ORIENTED_EDGE ( 'NONE', *, *, #2390, .T. ) ;
#1753 = VECTOR ( 'NONE', #2143, 1000.000000000000000 ) ;
#1754 = EDGE_CURVE ( 'NONE', #849, #373, #987, .T. ) ;
#1755 = CARTESIAN_POINT ( 'NONE',  ( 5.773663611420557415E-16, -5.000000000000016875, 0.000000000000000000 ) ) ;
#1756 = ADVANCED_FACE ( 'NONE', ( #1483 ), #1830, .F. ) ;
#1757 = FACE_OUTER_BOUND ( 'NONE', #2164, .T. ) ;
#1758 = VECTOR ( 'NONE', #1949, 1000.000000000000000 ) ;
#1759 = VERTEX_POINT ( 'NONE', #114 ) ;
#1760 = EDGE_CURVE ( 'NONE', #2371, #2462, #2042, .T. ) ;
#1761 = DIRECTION ( 'NONE',  ( -0.000000000000000000, -0.000000000000000000, -1.000000000000000000 ) ) ;
#1762 = DIRECTION ( 'NONE',  ( -0.000000000000000000, 0.000000000000000000, 1.000000000000000000 ) ) ;
#1763 = VERTEX_POINT ( 'NONE', #1278 ) ;
#1764 = VERTEX_POINT ( 'NONE', #2236 ) ;
#1765 = DIRECTION ( 'NONE',  ( 1.000000000000000000, 0.000000000000000000, 0.000000000000000000 ) ) ;
#1766 = DIRECTION ( 'NONE',  ( 0.000000000000000000, -1.000000000000000000, 0.000000000000000000 ) ) ;
#1767 = DIRECTION ( 'NONE',  ( -0.3826834323650845637, 0.9238795325112889589, 0.000000000000000000 ) ) ;
#1768 = VERTEX_POINT ( 'NONE', #1461 ) ;
#1769 = CIRCLE ( 'NONE', #1324, 2.000000000000001776 ) ;
#1770 = CARTESIAN_POINT ( 'NONE',  ( 75.50000000000000000, -3.000000000000019984, 0.000000000000000000 ) ) ;
#1771 = PLANE ( 'NONE',  #1051 ) ;
#1772 = EDGE_LOOP ( 'NONE', ( #62, #244, #558, #1921 ) ) ;
#1773 = LINE ( 'NONE', #1026, #1681 ) ;
#1774 = DIRECTION ( 'NONE',  ( 0.000000000000000000, -0.000000000000000000, -1.000000000000000000 ) ) ;
#1775 = FACE_BOUND ( 'NONE', #73, .T. ) ;
#1776 = ORIENTED_EDGE ( 'NONE', *, *, #1993, .T. ) ;
#1777 = ORIENTED_EDGE ( 'NONE', *, *, #374, .F. ) ;
#1778 = DIRECTION ( 'NONE',  ( -0.000000000000000000, 0.000000000000000000, 1.000000000000000000 ) ) ;
#1779 = PLANE ( 'NONE',  #1579 ) ;
#1780 = CARTESIAN_POINT ( 'NONE',  ( 65.90909090909090651, -80.00000000000000000, 0.000000000000000000 ) ) ;
#1781 = ORIENTED_EDGE ( 'NONE', *, *, #1624, .F. ) ;
#1782 = LINE ( 'NONE', #2184, #460 ) ;
#1783 = VECTOR ( 'NONE', #1426, 1000.000000000000000 ) ;
#1784 = LINE ( 'NONE', #2361, #926 ) ;
#1785 = CARTESIAN_POINT ( 'NONE',  ( 81.74999999999998579, -20.00000000000000000, 6.666666666666664298 ) ) ;
#1786 = EDGE_LOOP ( 'NONE', ( #1404, #1226, #2102, #1815 ) ) ;
#1787 = DIRECTION ( 'NONE',  ( 0.000000000000000000, 0.000000000000000000, -1.000000000000000000 ) ) ;
#1788 = VERTEX_POINT ( 'NONE', #2436 ) ;
#1789 = FACE_OUTER_BOUND ( 'NONE', #1854, .T. ) ;
#1790 = EDGE_CURVE ( 'NONE', #1256, #1105, #483, .T. ) ;
#1791 = CARTESIAN_POINT ( 'NONE',  ( 89.25000000000000000, 14.99999999999999289, 21.08333333333332860 ) ) ;
#1792 = CARTESIAN_POINT ( 'NONE',  ( 20.00000000000000000, 0.000000000000000000, 25.00000000000000000 ) ) ;
#1793 = ORIENTED_EDGE ( 'NONE', *, *, #884, .F. ) ;
#1794 = ORIENTED_EDGE ( 'NONE', *, *, #482, .F. ) ;
#1795 = FACE_OUTER_BOUND ( 'NONE', #977, .T. ) ;
#1796 = CIRCLE ( 'NONE', #1548, 2.000000000000001776 ) ;
#1797 = VERTEX_POINT ( 'NONE', #105 ) ;
#1798 = EDGE_CURVE ( 'NONE', #2021, #1394, #880, .T. ) ;
#1799 = CARTESIAN_POINT ( 'NONE',  ( 61.86297152982553627, 6.675798090087726067, 25.00000000000000000 ) ) ;
#1800 = LINE ( 'NONE', #1655, #161 ) ;
#1801 = ORIENTED_EDGE ( 'NONE', *, *, #174, .F. ) ;
#1802 = EDGE_CURVE ( 'NONE', #1302, #275, #1245, .T. ) ;
#1803 = CARTESIAN_POINT ( 'NONE',  ( 6.249999999999996447, 2.999999999999988898, 18.33333333333335347 ) ) ;
#1804 = VECTOR ( 'NONE', #1512, 1000.000000000000114 ) ;
#1805 = VECTOR ( 'NONE', #124, 1000.000000000000000 ) ;
#1806 = DIRECTION ( 'NONE',  ( 0.000000000000000000, -1.000000000000000000, 0.000000000000000000 ) ) ;
#1807 = CARTESIAN_POINT ( 'NONE',  ( 34.59958723499936184, -9.652896437152087117, 0.000000000000000000 ) ) ;
#1808 = CARTESIAN_POINT ( 'NONE',  ( 89.25000000000000000, 14.99999999999998934, 6.666666666666664298 ) ) ;
#1809 = DIRECTION ( 'NONE',  ( -0.000000000000000000, -0.000000000000000000, 1.000000000000000000 ) ) ;
#1810 = ORIENTED_EDGE ( 'NONE', *, *, #2030, .T. ) ;
#1811 = ORIENTED_EDGE ( 'NONE', *, *, #1554, .F. ) ;
#1812 = FACE_OUTER_BOUND ( 'NONE', #1749, .T. ) ;
#1813 = ADVANCED_FACE ( 'NONE', ( #2018 ), #1265, .F. ) ;
#1814 = DIRECTION ( 'NONE',  ( 0.000000000000000000, 0.000000000000000000, 1.000000000000000000 ) ) ;
#1815 = ORIENTED_EDGE ( 'NONE', *, *, #1160, .F. ) ;
#1816 = CARTESIAN_POINT ( 'NONE',  ( 81.74999999999998579, 17.99999999999999289, 15.58333333333337833 ) ) ;
#1817 = CARTESIAN_POINT ( 'NONE',  ( 22.00000000000000000, -16.49999999999999645, 25.00000000000000000 ) ) ;
#1818 = LINE ( 'NONE', #1807, #2477 ) ;
#1819 = DIRECTION ( 'NONE',  ( -0.000000000000000000, -0.000000000000000000, 1.000000000000000000 ) ) ;
#1820 = CARTESIAN_POINT ( 'NONE',  ( 65.90909090909089230, -5.000000000000008882, 0.000000000000000000 ) ) ;
#1821 = ORIENTED_EDGE ( 'NONE', *, *, #1357, .T. ) ;
#1822 = ORIENTED_EDGE ( 'NONE', *, *, #2242, .T. ) ;
#1823 = PLANE ( 'NONE',  #1348 ) ;
#1824 = EDGE_CURVE ( 'NONE', #1132, #2277, #2041, .T. ) ;
#1825 = VECTOR ( 'NONE', #1218, 1000.000000000000000 ) ;
#1826 = VECTOR ( 'NONE', #2088, 1000.000000000000000 ) ;
#1827 = ORIENTED_EDGE ( 'NONE', *, *, #186, .T. ) ;
#1828 = CARTESIAN_POINT ( 'NONE',  ( 29.39290086037709671, -6.443227657183792978, 0.000000000000000000 ) ) ;
#1829 = VECTOR ( 'NONE', #534, 1000.000000000000000 ) ;
#1830 = CYLINDRICAL_SURFACE ( 'NONE', #1104, 2.749999999999974687 ) ;
#1831 = ADVANCED_FACE ( 'NONE', ( #1081 ), #859, .F. ) ;
#1832 = LINE ( 'NONE', #85, #243 ) ;
#1833 = ORIENTED_EDGE ( 'NONE', *, *, #1684, .F. ) ;
#1834 = ORIENTED_EDGE ( 'NONE', *, *, #895, .F. ) ;
#1835 = LINE ( 'NONE', #2410, #2401 ) ;
#1836 = SHAPE_DEFINITION_REPRESENTATION ( #1351, #1007 ) ;
#1837 = ORIENTED_EDGE ( 'NONE', *, *, #2219, .T. ) ;
#1838 = CARTESIAN_POINT ( 'NONE',  ( 73.50000000000000000, 0.000000000000000000, 0.000000000000000000 ) ) ;
#1839 = AXIS2_PLACEMENT_3D ( 'NONE', #28, #1182, #790 ) ;
#1840 = EDGE_CURVE ( 'NONE', #117, #823, #1673, .T. ) ;
#1841 = DIRECTION ( 'NONE',  ( 0.000000000000000000, -1.000000000000000000, 0.000000000000000000 ) ) ;
#1842 = AXIS2_PLACEMENT_3D ( 'NONE', #239, #1015, #58 ) ;
#1843 = DIRECTION ( 'NONE',  ( 1.000000000000000000, -7.695651469342546811E-16, 0.000000000000000000 ) ) ;
#1844 = EDGE_LOOP ( 'NONE', ( #705, #200, #2207, #247 ) ) ;
#1845 = VECTOR ( 'NONE', #266, 1000.000000000000000 ) ;
#1846 = ORIENTED_EDGE ( 'NONE', *, *, #1045, .T. ) ;
#1847 = DIRECTION ( 'NONE',  ( 0.000000000000000000, 1.000000000000000000, 0.000000000000000000 ) ) ;
#1848 = PRODUCT_DEFINITION_CONTEXT ( 'detailed design', #1103, 'design' ) ;
#1849 = CARTESIAN_POINT ( 'NONE',  ( 6.249999999999996447, -19.99999999999999645, 15.58333333333338189 ) ) ;
#1850 = CARTESIAN_POINT ( 'NONE',  ( -0.6598646536177492639, -4.994187299776107203, 0.000000000000000000 ) ) ;
#1851 = PLANE ( 'NONE',  #1188 ) ;
#1852 = DIRECTION ( 'NONE',  ( 0.8615384615384618083, 0.5076923076923073319, 0.000000000000000000 ) ) ;
#1853 = CARTESIAN_POINT ( 'NONE',  ( 0.000000000000000000, 0.000000000000000000, 15.58333333333338189 ) ) ;
#1854 = EDGE_LOOP ( 'NONE', ( #2365, #1572, #2218, #498 ) ) ;
#1855 = VECTOR ( 'NONE', #2051, 1000.000000000000000 ) ;
#1856 = VERTEX_POINT ( 'NONE', #2066 ) ;
#1857 = DIRECTION ( 'NONE',  ( 0.000000000000000000, -1.000000000000000000, 0.000000000000000000 ) ) ;
#1858 = DIRECTION ( 'NONE',  ( -0.000000000000000000, -0.000000000000000000, 1.000000000000000000 ) ) ;
#1859 = LINE ( 'NONE', #1116, #1075 ) ;
#1860 = DIRECTION ( 'NONE',  ( 0.000000000000000000, 0.000000000000000000, -1.000000000000000000 ) ) ;
#1861 = VECTOR ( 'NONE', #340, 1000.000000000000000 ) ;
#1862 = ORIENTED_EDGE ( 'NONE', *, *, #1679, .F. ) ;
#1863 = CARTESIAN_POINT ( 'NONE',  ( 6.249999999999996447, -19.99999999999999645, 21.08333333333332860 ) ) ;
#1864 = AXIS2_PLACEMENT_3D ( 'NONE', #2407, #1650, #2415 ) ;
#1865 = VECTOR ( 'NONE', #740, 1000.000000000000000 ) ;
#1866 = DIRECTION ( 'NONE',  ( 1.000000000000000000, 0.000000000000000000, 0.000000000000000000 ) ) ;
#1867 = ORIENTED_EDGE ( 'NONE', *, *, #2314, .F. ) ;
#1868 = EDGE_CURVE ( 'NONE', #2277, #2300, #1094, .T. ) ;
#1869 = ORIENTED_EDGE ( 'NONE', *, *, #92, .F. ) ;
#1870 = LINE ( 'NONE', #525, #1877 ) ;
#1871 = EDGE_CURVE ( 'NONE', #441, #936, #2363, .T. ) ;
#1872 = CARTESIAN_POINT ( 'NONE',  ( 60.45318000251972990, 9.647443151635251013, 25.00000000000000000 ) ) ;
#1873 = DIRECTION ( 'NONE',  ( -1.000000000000000000, 0.000000000000000000, -0.000000000000000000 ) ) ;
#1874 = EDGE_CURVE ( 'NONE', #1856, #1447, #2262, .T. ) ;
#1875 = LINE ( 'NONE', #1504, #1283 ) ;
#1876 = LINE ( 'NONE', #1353, #626 ) ;
#1877 = VECTOR ( 'NONE', #109, 999.9999999999998863 ) ;
#1878 = ORIENTED_EDGE ( 'NONE', *, *, #1493, .T. ) ;
#1879 = DIRECTION ( 'NONE',  ( 1.000000000000000000, -5.782411586589352462E-17, 0.000000000000000000 ) ) ;
#1880 = ORIENTED_EDGE ( 'NONE', *, *, #478, .F. ) ;
#1881 = EDGE_LOOP ( 'NONE', ( #1205, #1220, #1587, #700 ) ) ;
#1882 = DIRECTION ( 'NONE',  ( 4.770489558936220126E-17, 1.000000000000000000, -0.000000000000000000 ) ) ;
#1883 = CIRCLE ( 'NONE', #546, 2.749999999999974687 ) ;
#1884 = PLANE ( 'NONE',  #2443 ) ;
#1885 = ADVANCED_FACE ( 'NONE', ( #2079 ), #713, .F. ) ;
#1886 = CARTESIAN_POINT ( 'NONE',  ( 13.74999999999999467, -19.99999999999999645, 15.58333333333338189 ) ) ;
#1887 = CARTESIAN_POINT ( 'NONE',  ( 3.499999999999994227, -19.99999999999999645, 6.666666666666668739 ) ) ;
#1888 = VECTOR ( 'NONE', #2146, 1000.000000000000114 ) ;
#1889 = DIRECTION ( 'NONE',  ( -0.000000000000000000, 0.000000000000000000, 1.000000000000000000 ) ) ;
#1890 = ORIENTED_EDGE ( 'NONE', *, *, #1606, .F. ) ;
#1891 = VERTEX_POINT ( 'NONE', #1379 ) ;
#1892 = DIRECTION ( 'NONE',  ( -1.000000000000000000, 0.000000000000000000, 0.000000000000000000 ) ) ;
#1893 = CARTESIAN_POINT ( 'NONE',  ( 60.45318000251973700, 9.647443151635258118, 0.000000000000000000 ) ) ;
#1894 = DIRECTION ( 'NONE',  ( 0.7071067811865504593, 0.7071067811865445751, 0.000000000000000000 ) ) ;
#1895 = LINE ( 'NONE', #137, #311 ) ;
#1896 = EDGE_CURVE ( 'NONE', #923, #1063, #843, .T. ) ;
#1897 = DIRECTION ( 'NONE',  ( 0.4081941657490902875, 0.9128951325581728948, 0.000000000000000000 ) ) ;
#1898 = ORIENTED_EDGE ( 'NONE', *, *, #2071, .T. ) ;
#1899 = AXIS2_PLACEMENT_3D ( 'NONE', #2257, #339, #1694 ) ;
#1900 = AXIS2_PLACEMENT_3D ( 'NONE', #1364, #614, #235 ) ;
#1901 = ORIENTED_EDGE ( 'NONE', *, *, #289, .T. ) ;
#1902 = ORIENTED_EDGE ( 'NONE', *, *, #1160, .T. ) ;
#1903 = DIRECTION ( 'NONE',  ( -0.9606131536168944773, -0.2778891309465066906, 0.000000000000000000 ) ) ;
#1904 = ADVANCED_FACE ( 'NONE', ( #2191, #1406, #81 ), #459, .T. ) ;
#1905 = CARTESIAN_POINT ( 'NONE',  ( 39.24999999999974420, -39.25000000000001421, 25.00000000000000000 ) ) ;
#1906 = CARTESIAN_POINT ( 'NONE',  ( 65.90909090909090651, -80.00000000000000000, 0.000000000000000000 ) ) ;
#1907 = CARTESIAN_POINT ( 'NONE',  ( 0.000000000000000000, 0.000000000000000000, 0.000000000000000000 ) ) ;
#1908 = ORIENTED_EDGE ( 'NONE', *, *, #1606, .T. ) ;
#1909 = AXIS2_PLACEMENT_3D ( 'NONE', #18, #937, #1333 ) ;
#1910 = EDGE_CURVE ( 'NONE', #363, #945, #251, .T. ) ;
#1911 = DIRECTION ( 'NONE',  ( 4.770489558936220126E-17, 1.000000000000000000, -0.000000000000000000 ) ) ;
#1912 = EDGE_LOOP ( 'NONE', ( #367, #869, #130, #1651 ) ) ;
#1913 = EDGE_LOOP ( 'NONE', ( #1520, #445, #2485, #1822 ) ) ;
#1914 = CYLINDRICAL_SURFACE ( 'NONE', #765, 2.750000000000002665 ) ;
#1915 = LINE ( 'NONE', #22, #246 ) ;
#1916 = AXIS2_PLACEMENT_3D ( 'NONE', #255, #288, #474 ) ;
#1917 = AXIS2_PLACEMENT_3D ( 'NONE', #102, #297, #710 ) ;
#1918 = CARTESIAN_POINT ( 'NONE',  ( 55.76201529762257536, -0.8439890746687952472, 25.00000000000000000 ) ) ;
#1919 = DIRECTION ( 'NONE',  ( 4.770489558936220126E-17, 1.000000000000000000, -0.000000000000000000 ) ) ;
#1920 = ORIENTED_EDGE ( 'NONE', *, *, #260, .F. ) ;
#1921 = ORIENTED_EDGE ( 'NONE', *, *, #11, .T. ) ;
#1922 = ORIENTED_EDGE ( 'NONE', *, *, #2027, .T. ) ;
#1923 = ORIENTED_EDGE ( 'NONE', *, *, #918, .F. ) ;
#1924 = EDGE_CURVE ( 'NONE', #477, #1192, #1989, .T. ) ;
#1925 = PLANE ( 'NONE',  #697 ) ;
#1926 = CARTESIAN_POINT ( 'NONE',  ( 22.00000000000000000, -2.760448796150664741, 25.00000000000000000 ) ) ;
#1927 = CIRCLE ( 'NONE', #2490, 2.749999999999974687 ) ;
#1928 = CARTESIAN_POINT ( 'NONE',  ( 38.58101226223747915, 1.401650860011604438, 25.00000000000000000 ) ) ;
#1929 = FACE_OUTER_BOUND ( 'NONE', #486, .T. ) ;
#1930 = ORIENTED_EDGE ( 'NONE', *, *, #2085, .F. ) ;
#1931 = ORIENTED_EDGE ( 'NONE', *, *, #827, .T. ) ;
#1932 = EDGE_CURVE ( 'NONE', #249, #691, #1437, .T. ) ;
#1933 = FACE_OUTER_BOUND ( 'NONE', #1331, .T. ) ;
#1934 = VECTOR ( 'NONE', #1092, 1000.000000000000000 ) ;
#1935 = ORIENTED_EDGE ( 'NONE', *, *, #2204, .T. ) ;
#1936 = ORIENTED_EDGE ( 'NONE', *, *, #789, .T. ) ;
#1937 = FACE_OUTER_BOUND ( 'NONE', #2287, .T. ) ;
#1938 = AXIS2_PLACEMENT_3D ( 'NONE', #248, #411, #2332 ) ;
#1939 = EDGE_CURVE ( 'NONE', #691, #2044, #826, .T. ) ;
#1940 = VERTEX_POINT ( 'NONE', #1961 ) ;
#1941 = LINE ( 'NONE', #1991, #159 ) ;
#1942 = DIRECTION ( 'NONE',  ( 0.000000000000000000, -1.000000000000000000, 0.000000000000000000 ) ) ;
#1943 = AXIS2_PLACEMENT_3D ( 'NONE', #609, #1616, #1967 ) ;
#1944 = EDGE_CURVE ( 'NONE', #834, #233, #473, .T. ) ;
#1945 = CARTESIAN_POINT ( 'NONE',  ( 75.00000000000001421, 17.99999999999999289, 0.000000000000000000 ) ) ;
#1946 = DIRECTION ( 'NONE',  ( -0.8615384615384616973, -0.5076923076923074429, 0.000000000000000000 ) ) ;
#1947 = EDGE_LOOP ( 'NONE', ( #1837, #218, #188, #829 ) ) ;
#1948 = ORIENTED_EDGE ( 'NONE', *, *, #838, .T. ) ;
#1949 = DIRECTION ( 'NONE',  ( 1.000000000000000000, 0.000000000000000000, 0.000000000000000000 ) ) ;
#1950 = CARTESIAN_POINT ( 'NONE',  ( 64.65745792709054740, 18.70430851890587931, 0.000000000000000000 ) ) ;
#1951 = DIRECTION ( 'NONE',  ( -1.000000000000000000, 0.000000000000000000, -0.000000000000000000 ) ) ;
#1952 = AXIS2_PLACEMENT_3D ( 'NONE', #716, #2267, #332 ) ;
#1953 = ORIENTED_EDGE ( 'NONE', *, *, #1427, .F. ) ;
#1954 = CARTESIAN_POINT ( 'NONE',  ( 25.00000000000001066, 2.999999999999989342, 0.000000000000000000 ) ) ;
#1955 = VECTOR ( 'NONE', #2343, 1000.000000000000000 ) ;
#1956 = CARTESIAN_POINT ( 'NONE',  ( 52.36524198917259554, -1.265345578570142626, 0.000000000000000000 ) ) ;
#1957 = DIRECTION ( 'NONE',  ( 0.000000000000000000, -1.000000000000000000, 0.000000000000000000 ) ) ;
#1958 = AXIS2_PLACEMENT_3D ( 'NONE', #1472, #2250, #508 ) ;
#1959 = AXIS2_PLACEMENT_3D ( 'NONE', #1495, #1568, #1787 ) ;
#1960 = ORIENTED_EDGE ( 'NONE', *, *, #1868, .F. ) ;
#1961 = CARTESIAN_POINT ( 'NONE',  ( 39.76631459984510997, -6.107178194718009046, 25.00000000000000000 ) ) ;
#1962 = DIRECTION ( 'NONE',  ( 1.000000000000000000, 1.734723475976808672E-15, 0.000000000000000000 ) ) ;
#1963 = LINE ( 'NONE', #2326, #863 ) ;
#1964 = ORIENTED_EDGE ( 'NONE', *, *, #2374, .T. ) ;
#1965 = ORIENTED_EDGE ( 'NONE', *, *, #827, .F. ) ;
#1966 = DIRECTION ( 'NONE',  ( 0.000000000000000000, 0.000000000000000000, -1.000000000000000000 ) ) ;
#1967 = DIRECTION ( 'NONE',  ( 0.4081941657490909536, 0.9128951325581726728, 0.000000000000000000 ) ) ;
#1968 = CARTESIAN_POINT ( 'NONE',  ( 65.90909090909090651, -80.00000000000000000, 25.00000000000000000 ) ) ;
#1969 = ORIENTED_EDGE ( 'NONE', *, *, #1754, .F. ) ;
#1970 = DIRECTION ( 'NONE',  ( -0.000000000000000000, -0.000000000000000000, -1.000000000000000000 ) ) ;
#1971 = DIRECTION ( 'NONE',  ( 1.000000000000000000, 0.000000000000000000, 0.000000000000000000 ) ) ;
#1972 = ORIENTED_EDGE ( 'NONE', *, *, #2493, .T. ) ;
#1973 = EDGE_CURVE ( 'NONE', #2351, #590, #803, .T. ) ;
#1974 = CARTESIAN_POINT ( 'NONE',  ( 13.74999999999999645, 0.000000000000000000, 3.916666666666667407 ) ) ;
#1975 = VERTEX_POINT ( 'NONE', #2162 ) ;
#1976 = PLANE ( 'NONE',  #1842 ) ;
#1977 = CARTESIAN_POINT ( 'NONE',  ( 52.36524198917259554, -1.265345578570147733, 0.000000000000000000 ) ) ;
#1978 = LINE ( 'NONE', #636, #1984 ) ;
#1979 = EDGE_LOOP ( 'NONE', ( #711, #272, #2137, #1890 ) ) ;
#1980 = ORIENTED_EDGE ( 'NONE', *, *, #118, .F. ) ;
#1981 = DIRECTION ( 'NONE',  ( -0.000000000000000000, -0.000000000000000000, 1.000000000000000000 ) ) ;
#1982 = ADVANCED_FACE ( 'NONE', ( #1229 ), #2004, .F. ) ;
#1983 = ORIENTED_EDGE ( 'NONE', *, *, #1100, .F. ) ;
#1984 = VECTOR ( 'NONE', #782, 1000.000000000000000 ) ;
#1985 = CARTESIAN_POINT ( 'NONE',  ( 39.34637912696766193, -0.4461082050109688724, 0.000000000000000000 ) ) ;
#1986 = ORIENTED_EDGE ( 'NONE', *, *, #1177, .T. ) ;
#1987 = ORIENTED_EDGE ( 'NONE', *, *, #2063, .F. ) ;
#1988 = CIRCLE ( 'NONE', #125, 74.99999999999998579 ) ;
#1989 = LINE ( 'NONE', #1420, #867 ) ;
#1990 = ORIENTED_EDGE ( 'NONE', *, *, #712, .F. ) ;
#1991 = CARTESIAN_POINT ( 'NONE',  ( 22.00000000000000000, 0.000000000000000000, 0.000000000000000000 ) ) ;
#1992 = CARTESIAN_POINT ( 'NONE',  ( 75.50000000000000000, -3.000000000000019984, 25.00000000000000000 ) ) ;
#1993 = EDGE_CURVE ( 'NONE', #275, #2274, #1397, .T. ) ;
#1994 = DIRECTION ( 'NONE',  ( 0.000000000000000000, 0.000000000000000000, -1.000000000000000000 ) ) ;
#1995 = DIRECTION ( 'NONE',  ( -0.9238795325112892920, -0.3826834323650835090, 0.000000000000000000 ) ) ;
#1996 = EDGE_LOOP ( 'NONE', ( #2309, #741, #1603, #2090 ) ) ;
#1997 = ORIENTED_EDGE ( 'NONE', *, *, #1146, .F. ) ;
#1998 = PLANE ( 'NONE',  #890 ) ;
#1999 = AXIS2_PLACEMENT_3D ( 'NONE', #1113, #743, #1892 ) ;
#2000 = CARTESIAN_POINT ( 'NONE',  ( 20.00000000000000000, -18.00000000000000711, 25.00000000000000000 ) ) ;
#2001 = CYLINDRICAL_SURFACE ( 'NONE', #1082, 2.750000000000002665 ) ;
#2002 = ORIENTED_EDGE ( 'NONE', *, *, #206, .F. ) ;
#2003 = FACE_BOUND ( 'NONE', #1144, .T. ) ;
#2004 = CYLINDRICAL_SURFACE ( 'NONE', #1717, 2.000000000000001776 ) ;
#2005 = AXIS2_PLACEMENT_3D ( 'NONE', #1492, #1301, #1262 ) ;
#2006 = FACE_OUTER_BOUND ( 'NONE', #646, .T. ) ;
#2007 = CARTESIAN_POINT ( 'NONE',  ( 47.65705693051962299, 0.6708199569111992222, 0.000000000000000000 ) ) ;
#2008 = ORIENTED_EDGE ( 'NONE', *, *, #2386, .T. ) ;
#2009 = EDGE_CURVE ( 'NONE', #752, #2300, #55, .T. ) ;
#2010 = VECTOR ( 'NONE', #1005, 1000.000000000000000 ) ;
#2011 = EDGE_CURVE ( 'NONE', #2044, #751, #1773, .T. ) ;
#2012 = CARTESIAN_POINT ( 'NONE',  ( 9.629649721936179265E-32, 2.999999999999990674, 0.000000000000000000 ) ) ;
#2013 = VECTOR ( 'NONE', #1942, 1000.000000000000000 ) ;
#2014 = DIRECTION ( 'NONE',  ( -1.000000000000000000, 7.228014483236622600E-16, 0.000000000000000000 ) ) ;
#2015 = VERTEX_POINT ( 'NONE', #1974 ) ;
#2016 = DIRECTION ( 'NONE',  ( 0.000000000000000000, -1.000000000000000000, 0.000000000000000000 ) ) ;
#2017 = EDGE_CURVE ( 'NONE', #549, #783, #413, .T. ) ;
#2018 = FACE_OUTER_BOUND ( 'NONE', #1786, .T. ) ;
#2019 = EDGE_CURVE ( 'NONE', #2338, #1418, #1141, .T. ) ;
#2020 = FACE_OUTER_BOUND ( 'NONE', #1119, .T. ) ;
#2021 = VERTEX_POINT ( 'NONE', #1817 ) ;
#2022 = ORIENTED_EDGE ( 'NONE', *, *, #1531, .F. ) ;
#2023 = DIRECTION ( 'NONE',  ( -0.7854915216668146849, -0.6188724176997646431, 0.000000000000000000 ) ) ;
#2024 =( NAMED_UNIT ( * ) PLANE_ANGLE_UNIT ( ) SI_UNIT ( $, .RADIAN. ) );
#2025 = AXIS2_PLACEMENT_3D ( 'NONE', #2469, #1505, #1730 ) ;
#2026 = VECTOR ( 'NONE', #394, 1000.000000000000000 ) ;
#2027 = EDGE_CURVE ( 'NONE', #1257, #1418, #998, .T. ) ;
#2028 = ORIENTED_EDGE ( 'NONE', *, *, #1468, .T. ) ;
#2029 = DIRECTION ( 'NONE',  ( 0.000000000000000000, -0.000000000000000000, -1.000000000000000000 ) ) ;
#2030 = EDGE_CURVE ( 'NONE', #2124, #480, #2176, .T. ) ;
#2031 = CARTESIAN_POINT ( 'NONE',  ( 1.431146867680861416E-16, 2.999999999999990674, 15.58333333333338189 ) ) ;
#2032 = CARTESIAN_POINT ( 'NONE',  ( 40.65259360320145987, -11.95469210669688209, 25.00000000000000000 ) ) ;
#2033 = EDGE_LOOP ( 'NONE', ( #1001, #177, #806, #750 ) ) ;
#2034 = ORIENTED_EDGE ( 'NONE', *, *, #1993, .F. ) ;
#2035 = LINE ( 'NONE', #1065, #336 ) ;
#2036 = AXIS2_PLACEMENT_3D ( 'NONE', #2373, #638, #1431 ) ;
#2037 = LINE ( 'NONE', #2420, #488 ) ;
#2038 = ORIENTED_EDGE ( 'NONE', *, *, #285, .T. ) ;
#2039 = LINE ( 'NONE', #1457, #66 ) ;
#2040 = VECTOR ( 'NONE', #795, 1000.000000000000000 ) ;
#2041 = LINE ( 'NONE', #1291, #298 ) ;
#2042 = CIRCLE ( 'NONE', #1958, 2.750000000000001776 ) ;
#2043 =( LENGTH_UNIT ( ) NAMED_UNIT ( * ) SI_UNIT ( .MILLI., .METRE. ) );
#2044 = VERTEX_POINT ( 'NONE', #1037 ) ;
#2045 = VECTOR ( 'NONE', #1860, 1000.000000000000000 ) ;
#2046 = ORIENTED_EDGE ( 'NONE', *, *, #2100, .F. ) ;
#2047 = LINE ( 'NONE', #131, #858 ) ;
#2048 = UNCERTAINTY_MEASURE_WITH_UNIT (LENGTH_MEASURE( 1.000000000000000082E-05 ), #2043, 'distance_accuracy_value', 'NONE');
#2049 = DIRECTION ( 'NONE',  ( 0.000000000000000000, 0.000000000000000000, 1.000000000000000000 ) ) ;
#2050 = CARTESIAN_POINT ( 'NONE',  ( 81.74999999999998579, 17.99999999999999289, 3.916666666666667407 ) ) ;
#2051 = DIRECTION ( 'NONE',  ( 4.770489558936220126E-17, 1.000000000000000000, -0.000000000000000000 ) ) ;
#2052 = CARTESIAN_POINT ( 'NONE',  ( 5.154500019298777325, -12.44406385384368896, 25.00000000000000000 ) ) ;
#2053 = EDGE_CURVE ( 'NONE', #2338, #441, #1610, .T. ) ;
#2054 = CARTESIAN_POINT ( 'NONE',  ( 1.431146867680861416E-16, 2.999999999999990674, 0.000000000000000000 ) ) ;
#2055 = FILL_AREA_STYLE ('',( #1462 ) ) ;
#2056 = ORIENTED_EDGE ( 'NONE', *, *, #207, .T. ) ;
#2057 = EDGE_CURVE ( 'NONE', #264, #975, #879, .T. ) ;
#2058 = ORIENTED_EDGE ( 'NONE', *, *, #1656, .T. ) ;
#2059 = CYLINDRICAL_SURFACE ( 'NONE', #1471, 2.750000000000002665 ) ;
#2060 = EDGE_CURVE ( 'NONE', #2483, #364, #494, .T. ) ;
#2061 = CARTESIAN_POINT ( 'NONE',  ( 89.25000000000000000, 17.99999999999999289, 3.916666666666667407 ) ) ;
#2062 = CARTESIAN_POINT ( 'NONE',  ( 81.74999999999998579, 14.99999999999998934, 3.916666666666667407 ) ) ;
#2063 = EDGE_CURVE ( 'NONE', #2127, #171, #870, .T. ) ;
#2064 = CARTESIAN_POINT ( 'NONE',  ( 34.59958723499937605, -9.652896437152078235, 25.00000000000000000 ) ) ;
#2065 = DIRECTION ( 'NONE',  ( 0.000000000000000000, -1.000000000000000000, 0.000000000000000000 ) ) ;
#2066 = CARTESIAN_POINT ( 'NONE',  ( 89.25000000000000000, 14.99999999999999289, 9.416666666666669627 ) ) ;
#2067 = AXIS2_PLACEMENT_3D ( 'NONE', #153, #1321, #1121 ) ;
#2068 = CYLINDRICAL_SURFACE ( 'NONE', #566, 2.749999999999974687 ) ;
#2069 = ORIENTED_EDGE ( 'NONE', *, *, #1152, .T. ) ;
#2070 = ORIENTED_EDGE ( 'NONE', *, *, #491, .F. ) ;
#2071 = EDGE_CURVE ( 'NONE', #2427, #1891, #180, .T. ) ;
#2072 = FACE_BOUND ( 'NONE', #1706, .T. ) ;
#2073 = LINE ( 'NONE', #2244, #2411 ) ;
#2074 = ORIENTED_EDGE ( 'NONE', *, *, #1417, .F. ) ;
#2075 = CYLINDRICAL_SURFACE ( 'NONE', #103, 76.99999999999998579 ) ;
#2076 = AXIS2_PLACEMENT_3D ( 'NONE', #425, #453, #2385 ) ;
#2077 = VECTOR ( 'NONE', #2494, 1000.000000000000114 ) ;
#2078 = EDGE_LOOP ( 'NONE', ( #583, #162, #764, #1990 ) ) ;
#2079 = FACE_OUTER_BOUND ( 'NONE', #418, .T. ) ;
#2080 = LINE ( 'NONE', #548, #1088 ) ;
#2081 = ORIENTED_EDGE ( 'NONE', *, *, #274, .F. ) ;
#2082 = EDGE_LOOP ( 'NONE', ( #326, #618, #96, #1777, #1529 ) ) ;
#2083 = CARTESIAN_POINT ( 'NONE',  ( 37.84755864466126951, -5.542930390604782431, 25.00000000000000000 ) ) ;
#2084 = VECTOR ( 'NONE', #679, 1000.000000000000000 ) ;
#2085 = EDGE_CURVE ( 'NONE', #1510, #2182, #1599, .T. ) ;
#2086 = PLANE ( 'NONE',  #27 ) ;
#2087 = FACE_OUTER_BOUND ( 'NONE', #951, .T. ) ;
#2088 = DIRECTION ( 'NONE',  ( 3.209883240645403306E-32, 1.000000000000000000, 0.000000000000000000 ) ) ;
#2089 = AXIS2_PLACEMENT_3D ( 'NONE', #2291, #333, #744 ) ;
#2090 = ORIENTED_EDGE ( 'NONE', *, *, #1726, .F. ) ;
#2091 = ORIENTED_EDGE ( 'NONE', *, *, #518, .F. ) ;
#2092 = EDGE_CURVE ( 'NONE', #691, #236, #310, .T. ) ;
#2093 = VERTEX_POINT ( 'NONE', #670 ) ;
#2094 = ORIENTED_EDGE ( 'NONE', *, *, #1290, .T. ) ;
#2095 = CYLINDRICAL_SURFACE ( 'NONE', #1999, 2.750000000000002665 ) ;
#2096 = FACE_OUTER_BOUND ( 'NONE', #2151, .T. ) ;
#2097 = CARTESIAN_POINT ( 'NONE',  ( 89.25000000000000000, -20.00000000000000000, 15.58333333333337833 ) ) ;
#2098 = EDGE_CURVE ( 'NONE', #493, #2352, #678, .T. ) ;
#2099 = DIRECTION ( 'NONE',  ( -0.000000000000000000, 0.000000000000000000, 1.000000000000000000 ) ) ;
#2100 = EDGE_CURVE ( 'NONE', #352, #2228, #481, .T. ) ;
#2101 = ORIENTED_EDGE ( 'NONE', *, *, #905, .T. ) ;
#2102 = ORIENTED_EDGE ( 'NONE', *, *, #1342, .F. ) ;
#2103 = CARTESIAN_POINT ( 'NONE',  ( 41.34637912696766193, -0.4461082050109688724, 0.000000000000000000 ) ) ;
#2104 = ORIENTED_EDGE ( 'NONE', *, *, #627, .T. ) ;
#2105 = EDGE_CURVE ( 'NONE', #2156, #187, #2039, .T. ) ;
#2106 = VERTEX_POINT ( 'NONE', #2258 ) ;
#2107 = AXIS2_PLACEMENT_3D ( 'NONE', #475, #484, #2398 ) ;
#2108 = DIRECTION ( 'NONE',  ( 4.770489558936220126E-17, 1.000000000000000000, -0.000000000000000000 ) ) ;
#2109 = CARTESIAN_POINT ( 'NONE',  ( 75.00000000000001421, 2.999999999999995559, 0.000000000000000000 ) ) ;
#2110 = DIRECTION ( 'NONE',  ( 4.770489558936220126E-17, 1.000000000000000000, -0.000000000000000000 ) ) ;
#2111 = CARTESIAN_POINT ( 'NONE',  ( 75.50000000000000000, 14.99999999999999289, 0.000000000000000000 ) ) ;
#2112 = DIRECTION ( 'NONE',  ( 0.5076923076923074429, -0.8615384615384616973, 0.000000000000000000 ) ) ;
#2113 = ORIENTED_EDGE ( 'NONE', *, *, #11, .F. ) ;
#2114 = CIRCLE ( 'NONE', #2312, 76.99999999999998579 ) ;
#2115 = CARTESIAN_POINT ( 'NONE',  ( 81.74999999999998579, 17.99999999999999289, 9.416666666666669627 ) ) ;
#2116 = ORIENTED_EDGE ( 'NONE', *, *, #1615, .F. ) ;
#2117 = ORIENTED_EDGE ( 'NONE', *, *, #2030, .F. ) ;
#2118 = CYLINDRICAL_SURFACE ( 'NONE', #210, 2.749999999999974687 ) ;
#2119 = DIRECTION ( 'NONE',  ( 4.770489558936220126E-17, 1.000000000000000000, -0.000000000000000000 ) ) ;
#2120 = VECTOR ( 'NONE', #686, 999.9999999999998863 ) ;
#2121 = DIRECTION ( 'NONE',  ( 1.000000000000000000, 0.000000000000000000, 0.000000000000000000 ) ) ;
#2122 = ADVANCED_FACE ( 'NONE', ( #907 ), #1049, .F. ) ;
#2123 = FACE_OUTER_BOUND ( 'NONE', #116, .T. ) ;
#2124 = VERTEX_POINT ( 'NONE', #1828 ) ;
#2125 = ORIENTED_EDGE ( 'NONE', *, *, #1790, .F. ) ;
#2126 = EDGE_CURVE ( 'NONE', #171, #787, #1670, .T. ) ;
#2127 = VERTEX_POINT ( 'NONE', #93 ) ;
#2128 = ORIENTED_EDGE ( 'NONE', *, *, #2348, .F. ) ;
#2129 = DIRECTION ( 'NONE',  ( 0.8615384615384618083, 0.5076923076923073319, 0.000000000000000000 ) ) ;
#2130 = ADVANCED_FACE ( 'NONE', ( #1683 ), #1851, .T. ) ;
#2131 = ORIENTED_EDGE ( 'NONE', *, *, #1290, .F. ) ;
#2132 = EDGE_CURVE ( 'NONE', #34, #1763, #112, .T. ) ;
#2133 = DIRECTION ( 'NONE',  ( -0.2821239020566123634, -0.9593779775919140107, 0.000000000000000000 ) ) ;
#2134 = CARTESIAN_POINT ( 'NONE',  ( 63.07692307692311573, 13.38461538461539035, 25.00000000000000000 ) ) ;
#2135 = EDGE_LOOP ( 'NONE', ( #1072, #2144, #1110, #2091 ) ) ;
#2136 = FACE_BOUND ( 'NONE', #1014, .T. ) ;
#2137 = ORIENTED_EDGE ( 'NONE', *, *, #749, .T. ) ;
#2138 = ORIENTED_EDGE ( 'NONE', *, *, #390, .T. ) ;
#2139 = ADVANCED_FACE ( 'NONE', ( #1636, #2404, #1252 ), #1448, .T. ) ;
#2140 = FACE_OUTER_BOUND ( 'NONE', #1435, .T. ) ;
#2141 = AXIS2_PLACEMENT_3D ( 'NONE', #1808, #216, #1399 ) ;
#2142 = VECTOR ( 'NONE', #135, 1000.000000000000114 ) ;
#2143 = DIRECTION ( 'NONE',  ( -0.7071067811865445751, 0.7071067811865504593, -0.000000000000000000 ) ) ;
#2144 = ORIENTED_EDGE ( 'NONE', *, *, #2092, .F. ) ;
#2145 = EDGE_CURVE ( 'NONE', #2313, #2288, #1658, .T. ) ;
#2146 = DIRECTION ( 'NONE',  ( 0.7071067811865500152, 0.7071067811865451302, -0.000000000000000000 ) ) ;
#2147 = DIRECTION ( 'NONE',  ( -1.000000000000000000, 0.000000000000000000, 0.000000000000000000 ) ) ;
#2148 = ORIENTED_EDGE ( 'NONE', *, *, #641, .T. ) ;
#2149 = DIRECTION ( 'NONE',  ( 4.770489558936220126E-17, 1.000000000000000000, -0.000000000000000000 ) ) ;
#2150 = CARTESIAN_POINT ( 'NONE',  ( 13.90295857988164663, -23.59289940828402621, 0.000000000000000000 ) ) ;
#2151 = EDGE_LOOP ( 'NONE', ( #385, #653, #1372, #1586 ) ) ;
#2152 = VERTEX_POINT ( 'NONE', #1482 ) ;
#2153 = DIRECTION ( 'NONE',  ( -0.8615384615384616973, -0.5076923076923074429, 0.000000000000000000 ) ) ;
#2154 = CARTESIAN_POINT ( 'NONE',  ( 6.249999999999996447, 0.000000000000000000, 21.08333333333332860 ) ) ;
#2155 = LINE ( 'NONE', #422, #1240 ) ;
#2156 = VERTEX_POINT ( 'NONE', #1470 ) ;
#2157 = FACE_OUTER_BOUND ( 'NONE', #725, .T. ) ;
#2158 = CIRCLE ( 'NONE', #1064, 2.750000000000001776 ) ;
#2159 = EDGE_CURVE ( 'NONE', #451, #2351, #2438, .T. ) ;
#2160 = CARTESIAN_POINT ( 'NONE',  ( 81.74999999999998579, 17.99999999999999289, 6.666666666666664298 ) ) ;
#2161 = ORIENTED_EDGE ( 'NONE', *, *, #1078, .F. ) ;
#2162 = CARTESIAN_POINT ( 'NONE',  ( 81.74999999999998579, 17.99999999999999289, 3.916666666666667407 ) ) ;
#2163 = ORIENTED_EDGE ( 'NONE', *, *, #2057, .F. ) ;
#2164 = EDGE_LOOP ( 'NONE', ( #398, #571, #776, #2391 ) ) ;
#2165 = CARTESIAN_POINT ( 'NONE',  ( 65.90909090909090651, -80.00000000000000000, 0.000000000000000000 ) ) ;
#2166 = EDGE_CURVE ( 'NONE', #792, #2274, #1876, .T. ) ;
#2167 = DIRECTION ( 'NONE',  ( 1.000000000000000000, 9.251858538542973800E-16, 0.000000000000000000 ) ) ;
#2168 = LINE ( 'NONE', #435, #323 ) ;
#2169 = ORIENTED_EDGE ( 'NONE', *, *, #495, .T. ) ;
#2170 = CARTESIAN_POINT ( 'NONE',  ( 22.00000000000000000, -16.49999999999999645, 0.000000000000000000 ) ) ;
#2171 = CARTESIAN_POINT ( 'NONE',  ( 37.58558239935172196, -7.525698265796812336, 25.00000000000000000 ) ) ;
#2172 = AXIS2_PLACEMENT_3D ( 'NONE', #150, #1517, #529 ) ;
#2173 = ORIENTED_EDGE ( 'NONE', *, *, #1100, .T. ) ;
#2174 = ORIENTED_EDGE ( 'NONE', *, *, #2418, .F. ) ;
#2175 = ADVANCED_FACE ( 'NONE', ( #2482 ), #2075, .T. ) ;
#2176 = LINE ( 'NONE', #444, #221 ) ;
#2177 = ORIENTED_EDGE ( 'NONE', *, *, #2232, .F. ) ;
#2178 = CARTESIAN_POINT ( 'NONE',  ( 0.000000000000000000, 0.000000000000000000, 25.00000000000000000 ) ) ;
#2179 = LINE ( 'NONE', #1440, #2040 ) ;
#2180 = CARTESIAN_POINT ( 'NONE',  ( 62.25592504304832886, 18.00958569153960553, 0.000000000000000000 ) ) ;
#2181 = ORIENTED_EDGE ( 'NONE', *, *, #1152, .F. ) ;
#2182 = VERTEX_POINT ( 'NONE', #2308 ) ;
#2183 = VECTOR ( 'NONE', #151, 1000.000000000000000 ) ;
#2184 = CARTESIAN_POINT ( 'NONE',  ( 41.26513508215148818, -1.010356009124193211, 0.000000000000000000 ) ) ;
#2185 = VECTOR ( 'NONE', #1411, 1000.000000000000000 ) ;
#2186 = CARTESIAN_POINT ( 'NONE',  ( 0.000000000000000000, 14.99999999999999289, 9.416666666666669627 ) ) ;
#2187 = CIRCLE ( 'NONE', #648, 75.00000000000000000 ) ;
#2188 = ORIENTED_EDGE ( 'NONE', *, *, #78, .F. ) ;
#2189 = AXIS2_PLACEMENT_3D ( 'NONE', #746, #1525, #2133 ) ;
#2190 = CARTESIAN_POINT ( 'NONE',  ( 22.00000000000000000, -16.49999999999999645, 0.000000000000000000 ) ) ;
#2191 = FACE_BOUND ( 'NONE', #2082, .T. ) ;
#2192 = ADVANCED_FACE ( 'NONE', ( #2123 ), #748, .F. ) ;
#2193 = DIRECTION ( 'NONE',  ( -1.000000000000000000, 0.000000000000000000, 0.000000000000000000 ) ) ;
#2194 = CARTESIAN_POINT ( 'NONE',  ( -0.000000000000000000, 17.99999999999999289, 0.000000000000000000 ) ) ;
#2195 = DIRECTION ( 'NONE',  ( -0.8615384615384615863, -0.5076923076923076650, 0.000000000000000000 ) ) ;
#2196 = DIRECTION ( 'NONE',  ( 0.000000000000000000, -0.000000000000000000, -1.000000000000000000 ) ) ;
#2197 = ORIENTED_EDGE ( 'NONE', *, *, #1288, .T. ) ;
#2198 = CARTESIAN_POINT ( 'NONE',  ( 42.18428130694123723, -6.746103111563079402, 25.00000000000000000 ) ) ;
#2199 = EDGE_LOOP ( 'NONE', ( #2357, #1721, #2382, #2177, #1235 ) ) ;
#2200 = ADVANCED_FACE ( 'NONE', ( #564 ), #1328, .T. ) ;
#2201 = FACE_OUTER_BOUND ( 'NONE', #1494, .T. ) ;
#2202 = DIRECTION ( 'NONE',  ( -1.000000000000000000, 0.000000000000000000, 0.000000000000000000 ) ) ;
#2203 = VECTOR ( 'NONE', #2216, 1000.000000000000000 ) ;
#2204 = EDGE_CURVE ( 'NONE', #2352, #480, #160, .T. ) ;
#2205 = DIRECTION ( 'NONE',  ( 4.770489558936220126E-17, 1.000000000000000000, -0.000000000000000000 ) ) ;
#2206 = CARTESIAN_POINT ( 'NONE',  ( 64.65745792709054740, 18.70430851890587931, 0.000000000000000000 ) ) ;
#2207 = ORIENTED_EDGE ( 'NONE', *, *, #46, .T. ) ;
#2208 = ORIENTED_EDGE ( 'NONE', *, *, #1480, .F. ) ;
#2209 = CARTESIAN_POINT ( 'NONE',  ( 20.00000000000000000, 0.000000000000000000, 25.00000000000000000 ) ) ;
#2210 = ADVANCED_FACE ( 'NONE', ( #1929 ), #2470, .F. ) ;
#2211 = VECTOR ( 'NONE', #2479, 1000.000000000000000 ) ;
#2212 = DIRECTION ( 'NONE',  ( 1.000000000000000000, 0.000000000000000000, 0.000000000000000000 ) ) ;
#2213 = ADVANCED_FACE ( 'NONE', ( #1518 ), #372, .T. ) ;
#2214 = EDGE_LOOP ( 'NONE', ( #2038, #1983, #607, #155 ) ) ;
#2215 = CARTESIAN_POINT ( 'NONE',  ( 0.000000000000000000, 0.000000000000000000, 25.00000000000000000 ) ) ;
#2216 = DIRECTION ( 'NONE',  ( 0.000000000000000000, 0.000000000000000000, -1.000000000000000000 ) ) ;
#2217 = CARTESIAN_POINT ( 'NONE',  ( 0.000000000000000000, 0.000000000000000000, 25.00000000000000000 ) ) ;
#2218 = ORIENTED_EDGE ( 'NONE', *, *, #1868, .T. ) ;
#2219 = EDGE_CURVE ( 'NONE', #412, #818, #195, .T. ) ;
#2220 = DIRECTION ( 'NONE',  ( 1.000000000000000000, 0.000000000000000000, 0.000000000000000000 ) ) ;
#2221 = DIRECTION ( 'NONE',  ( -1.000000000000000000, 0.000000000000000000, 0.000000000000000000 ) ) ;
#2222 = VECTOR ( 'NONE', #1017, 1000.000000000000000 ) ;
#2223 = VECTOR ( 'NONE', #1621, 1000.000000000000000 ) ;
#2224 = ORIENTED_EDGE ( 'NONE', *, *, #348, .T. ) ;
#2225 = DIRECTION ( 'NONE',  ( -0.9238795325112888479, -0.3826834323650845637, 0.000000000000000000 ) ) ;
#2226 = DIRECTION ( 'NONE',  ( -1.000000000000000000, 0.000000000000000000, 0.000000000000000000 ) ) ;
#2227 = VERTEX_POINT ( 'NONE', #968 ) ;
#2228 = VERTEX_POINT ( 'NONE', #1907 ) ;
#2229 = CARTESIAN_POINT ( 'NONE',  ( 13.74999999999999645, 2.999999999999988898, 18.33333333333335347 ) ) ;
#2230 = AXIS2_PLACEMENT_3D ( 'NONE', #1388, #1044, #1222 ) ;
#2231 = CARTESIAN_POINT ( 'NONE',  ( 7.228014483236659085E-16, 1.000000000000005107, 0.000000000000000000 ) ) ;
#2232 = EDGE_CURVE ( 'NONE', #1891, #1443, #12, .T. ) ;
#2233 = LINE ( 'NONE', #2256, #439 ) ;
#2234 = CARTESIAN_POINT ( 'NONE',  ( 75.00000000000001421, 2.999999999999995559, 0.000000000000000000 ) ) ;
#2235 = EDGE_CURVE ( 'NONE', #2228, #1256, #1138, .T. ) ;
#2236 = CARTESIAN_POINT ( 'NONE',  ( 28.88951024095647568, -2.612700716969182935, 0.000000000000000000 ) ) ;
#2237 = VECTOR ( 'NONE', #1304, 1000.000000000000000 ) ;
#2238 = LINE ( 'NONE', #2032, #5 ) ;
#2239 = ORIENTED_EDGE ( 'NONE', *, *, #2063, .T. ) ;
#2240 = VECTOR ( 'NONE', #2149, 1000.000000000000000 ) ;
#2241 = ORIENTED_EDGE ( 'NONE', *, *, #1687, .T. ) ;
#2242 = EDGE_CURVE ( 'NONE', #1596, #783, #919, .T. ) ;
#2243 = CARTESIAN_POINT ( 'NONE',  ( 5.773663611420557415E-16, -5.000000000000016875, 25.00000000000000000 ) ) ;
#2244 = CARTESIAN_POINT ( 'NONE',  ( 0.000000000000000000, 0.000000000000000000, 21.08333333333332860 ) ) ;
#2245 = DIRECTION ( 'NONE',  ( -0.000000000000000000, -0.000000000000000000, -1.000000000000000000 ) ) ;
#2246 = LINE ( 'NONE', #515, #1934 ) ;
#2247 = DIRECTION ( 'NONE',  ( 0.000000000000000000, -0.000000000000000000, -1.000000000000000000 ) ) ;
#2248 = ORIENTED_EDGE ( 'NONE', *, *, #1112, .F. ) ;
#2249 = EDGE_CURVE ( 'NONE', #532, #913, #2284, .T. ) ;
#2250 = DIRECTION ( 'NONE',  ( 0.000000000000000000, -1.000000000000000000, 0.000000000000000000 ) ) ;
#2251 = CARTESIAN_POINT ( 'NONE',  ( 24.99999999999999289, 0.9999999999999870104, 25.00000000000000000 ) ) ;
#2252 = ORIENTED_EDGE ( 'NONE', *, *, #2019, .T. ) ;
#2253 = EDGE_LOOP ( 'NONE', ( #1360, #1534, #1869, #1960, #2450 ) ) ;
#2254 = DIRECTION ( 'NONE',  ( 1.000000000000000000, 0.000000000000000000, 0.000000000000000000 ) ) ;
#2255 = CARTESIAN_POINT ( 'NONE',  ( 95.50000000000000000, 17.99999999999999289, 0.000000000000000000 ) ) ;
#2256 = CARTESIAN_POINT ( 'NONE',  ( 95.50000000000000000, 0.000000000000000000, 25.00000000000000000 ) ) ;
#2257 = CARTESIAN_POINT ( 'NONE',  ( 6.249999999999996447, 0.000000000000000000, 18.33333333333335347 ) ) ;
#2258 = CARTESIAN_POINT ( 'NONE',  ( 6.249999999999996447, 0.000000000000000000, 15.58333333333338189 ) ) ;
#2259 = CIRCLE ( 'NONE', #1163, 2.750000000000002665 ) ;
#2260 = ORIENTED_EDGE ( 'NONE', *, *, #186, .F. ) ;
#2261 = EDGE_CURVE ( 'NONE', #510, #1195, #1542, .T. ) ;
#2262 = LINE ( 'NONE', #533, #2237 ) ;
#2263 = ADVANCED_FACE ( 'NONE', ( #2459 ), #185, .F. ) ;
#2264 = VECTOR ( 'NONE', #353, 1000.000000000000000 ) ;
#2265 = ORIENTED_EDGE ( 'NONE', *, *, #1654, .F. ) ;
#2266 = EDGE_LOOP ( 'NONE', ( #1980, #2286, #1341, #2333 ) ) ;
#2267 = DIRECTION ( 'NONE',  ( -0.000000000000000000, 0.000000000000000000, 1.000000000000000000 ) ) ;
#2268 = LINE ( 'NONE', #1714, #672 ) ;
#2269 = CARTESIAN_POINT ( 'NONE',  ( 65.60998810217566302, 6.415188020482548659, 25.00000000000000000 ) ) ;
#2270 = ADVANCED_FACE ( 'NONE', ( #761 ), #544, .F. ) ;
#2271 = DIRECTION ( 'NONE',  ( 0.9913839375960139533, -0.1309881226547753297, 0.000000000000000000 ) ) ;
#2272 = DIRECTION ( 'NONE',  ( 1.000000000000000000, -7.695651469342547797E-16, 0.000000000000000000 ) ) ;
#2273 = CIRCLE ( 'NONE', #1515, 1.999999999999998224 ) ;
#2274 = VERTEX_POINT ( 'NONE', #578 ) ;
#2275 = VECTOR ( 'NONE', #416, 1000.000000000000000 ) ;
#2276 = VERTEX_POINT ( 'NONE', #944 ) ;
#2277 = VERTEX_POINT ( 'NONE', #2294 ) ;
#2278 = CARTESIAN_POINT ( 'NONE',  ( 89.25000000000000000, 17.99999999999999289, 9.416666666666666075 ) ) ;
#2279 = AXIS2_PLACEMENT_3D ( 'NONE', #896, #328, #1052 ) ;
#2280 = AXIS2_PLACEMENT_3D ( 'NONE', #531, #1068, #2435 ) ;
#2281 = EDGE_CURVE ( 'NONE', #1763, #1499, #1594, .T. ) ;
#2282 = DIRECTION ( 'NONE',  ( -0.000000000000000000, 0.000000000000000000, 1.000000000000000000 ) ) ;
#2283 = VERTEX_POINT ( 'NONE', #2362 ) ;
#2284 = LINE ( 'NONE', #1887, #2183 ) ;
#2285 = EDGE_CURVE ( 'NONE', #823, #932, #361, .T. ) ;
#2286 = ORIENTED_EDGE ( 'NONE', *, *, #181, .T. ) ;
#2287 = EDGE_LOOP ( 'NONE', ( #862, #1545, #2069, #1752 ) ) ;
#2288 = VERTEX_POINT ( 'NONE', #65 ) ;
#2289 = DIRECTION ( 'NONE',  ( 0.5076923076923073319, -0.8615384615384618083, 0.000000000000000000 ) ) ;
#2290 = CIRCLE ( 'NONE', #517, 2.750000000000002665 ) ;
#2291 = CARTESIAN_POINT ( 'NONE',  ( -0.3323943469808103290, -2.515727455786050726, 0.000000000000000000 ) ) ;
#2292 = DIRECTION ( 'NONE',  ( -0.000000000000000000, 0.000000000000000000, 1.000000000000000000 ) ) ;
#2293 = CARTESIAN_POINT ( 'NONE',  ( 13.74999999999999467, -19.99999999999999645, 21.08333333333332860 ) ) ;
#2294 = CARTESIAN_POINT ( 'NONE',  ( 81.74999999999998579, 17.99999999999999289, 21.08333333333332860 ) ) ;
#2295 = ORIENTED_EDGE ( 'NONE', *, *, #144, .F. ) ;
#2296 = ORIENTED_EDGE ( 'NONE', *, *, #1345, .F. ) ;
#2297 = ORIENTED_EDGE ( 'NONE', *, *, #732, .F. ) ;
#2298 = CARTESIAN_POINT ( 'NONE',  ( 29.39290086037710381, -6.443227657183792978, 25.00000000000000000 ) ) ;
#2299 = EDGE_LOOP ( 'NONE', ( #31, #550, #1948, #1923 ) ) ;
#2300 = VERTEX_POINT ( 'NONE', #1607 ) ;
#2301 = VECTOR ( 'NONE', #1995, 1000.000000000000114 ) ;
#2302 = DIRECTION ( 'NONE',  ( -0.000000000000000000, 0.000000000000000000, 1.000000000000000000 ) ) ;
#2303 = VECTOR ( 'NONE', #1981, 1000.000000000000000 ) ;
#2304 = FACE_OUTER_BOUND ( 'NONE', #2412, .T. ) ;
#2305 = DIRECTION ( 'NONE',  ( 4.770489558936219510E-17, 1.000000000000000000, 0.000000000000000000 ) ) ;
#2306 = ADVANCED_FACE ( 'NONE', ( #2375 ), #77, .F. ) ;
#2307 = DIRECTION ( 'NONE',  ( -0.8615384615384615863, -0.5076923076923076650, 0.000000000000000000 ) ) ;
#2308 = CARTESIAN_POINT ( 'NONE',  ( 13.74999999999999645, 2.999999999999988898, 3.916666666666667407 ) ) ;
#2309 = ORIENTED_EDGE ( 'NONE', *, *, #110, .T. ) ;
#2310 = ORIENTED_EDGE ( 'NONE', *, *, #1565, .T. ) ;
#2311 = EDGE_CURVE ( 'NONE', #532, #1355, #120, .T. ) ;
#2312 = AXIS2_PLACEMENT_3D ( 'NONE', #1725, #368, #1158 ) ;
#2313 = VERTEX_POINT ( 'NONE', #2134 ) ;
#2314 = EDGE_CURVE ( 'NONE', #30, #522, #828, .T. ) ;
#2315 = EDGE_LOOP ( 'NONE', ( #961, #252, #1880, #1701 ) ) ;
#2316 = CARTESIAN_POINT ( 'NONE',  ( 6.249999999999996447, 2.999999999999988898, 6.666666666666668739 ) ) ;
#2317 = CARTESIAN_POINT ( 'NONE',  ( 63.68876179494188960, 5.859409758589538164, 0.000000000000000000 ) ) ;
#2318 = LINE ( 'NONE', #964, #1425 ) ;
#2319 = VECTOR ( 'NONE', #1093, 1000.000000000000000 ) ;
#2320 = CARTESIAN_POINT ( 'NONE',  ( 22.00000000000000000, 0.9999999999999892308, 25.00000000000000000 ) ) ;
#2321 = CARTESIAN_POINT ( 'NONE',  ( 0.000000000000000000, 0.000000000000000000, 0.000000000000000000 ) ) ;
#2322 = AXIS2_PLACEMENT_3D ( 'NONE', #1968, #1576, #1371 ) ;
#2323 = ORIENTED_EDGE ( 'NONE', *, *, #2497, .T. ) ;
#2324 = VECTOR ( 'NONE', #1036, 1000.000000000000000 ) ;
#2325 = ADVANCED_FACE ( 'NONE', ( #813 ), #2001, .F. ) ;
#2326 = CARTESIAN_POINT ( 'NONE',  ( 25.00000000000002842, 0.9999999999999870104, 0.000000000000000000 ) ) ;
#2327 = ORIENTED_EDGE ( 'NONE', *, *, #631, .F. ) ;
#2328 = ORIENTED_EDGE ( 'NONE', *, *, #865, .T. ) ;
#2329 = FACE_OUTER_BOUND ( 'NONE', #1497, .T. ) ;
#2330 = VERTEX_POINT ( 'NONE', #1403 ) ;
#2331 = CARTESIAN_POINT ( 'NONE',  ( 81.74999999999998579, -20.00000000000000000, 3.916666666666667407 ) ) ;
#2332 = DIRECTION ( 'NONE',  ( -1.000000000000000000, 0.000000000000000000, -0.000000000000000000 ) ) ;
#2333 = ORIENTED_EDGE ( 'NONE', *, *, #2455, .F. ) ;
#2334 = DIRECTION ( 'NONE',  ( -0.000000000000000000, -0.000000000000000000, 1.000000000000000000 ) ) ;
#2335 = CARTESIAN_POINT ( 'NONE',  ( 81.74999999999998579, 14.99999999999998934, 6.666666666666664298 ) ) ;
#2336 = CARTESIAN_POINT ( 'NONE',  ( 95.50000000000000000, 14.99999999999999289, 0.000000000000000000 ) ) ;
#2337 = ORIENTED_EDGE ( 'NONE', *, *, #852, .F. ) ;
#2338 = VERTEX_POINT ( 'NONE', #1010 ) ;
#2339 = EDGE_CURVE ( 'NONE', #2274, #2227, #2500, .T. ) ;
#2340 = CARTESIAN_POINT ( 'NONE',  ( 75.50000000000000000, 14.99999999999999289, 25.00000000000000000 ) ) ;
#2341 = AXIS2_PLACEMENT_3D ( 'NONE', #76, #839, #1620 ) ;
#2342 = CIRCLE ( 'NONE', #1253, 2.750000000000001776 ) ;
#2343 = DIRECTION ( 'NONE',  ( 4.770489558936220126E-17, 1.000000000000000000, -0.000000000000000000 ) ) ;
#2344 = CARTESIAN_POINT ( 'NONE',  ( 6.249999999999996447, 2.999999999999988898, 15.58333333333338189 ) ) ;
#2345 = ORIENTED_EDGE ( 'NONE', *, *, #698, .T. ) ;
#2346 = DIRECTION ( 'NONE',  ( -0.000000000000000000, 0.000000000000000000, -1.000000000000000000 ) ) ;
#2347 = DIRECTION ( 'NONE',  ( 0.000000000000000000, 0.000000000000000000, -1.000000000000000000 ) ) ;
#2348 = EDGE_CURVE ( 'NONE', #13, #1940, #1034, .T. ) ;
#2349 = DIRECTION ( 'NONE',  ( 1.000000000000000000, 0.000000000000000000, 0.000000000000000000 ) ) ;
#2350 = CARTESIAN_POINT ( 'NONE',  ( 29.65487710568664781, -4.460459781991763073, 25.00000000000000000 ) ) ;
#2351 = VERTEX_POINT ( 'NONE', #1945 ) ;
#2352 = VERTEX_POINT ( 'NONE', #2171 ) ;
#2353 = VECTOR ( 'NONE', #1270, 1000.000000000000000 ) ;
#2354 = DIRECTION ( 'NONE',  ( -0.000000000000000000, 0.000000000000000000, 1.000000000000000000 ) ) ;
#2355 = CARTESIAN_POINT ( 'NONE',  ( 0.000000000000000000, 0.000000000000000000, 9.416666666666669627 ) ) ;
#2356 = CARTESIAN_POINT ( 'NONE',  ( 75.00000000000001421, 2.999999999999995559, 25.00000000000000000 ) ) ;
#2357 = ORIENTED_EDGE ( 'NONE', *, *, #1687, .F. ) ;
#2358 = DIRECTION ( 'NONE',  ( 1.000000000000000000, 0.000000000000000000, 0.000000000000000000 ) ) ;
#2359 = AXIS2_PLACEMENT_3D ( 'NONE', #1950, #270, #820 ) ;
#2360 = EDGE_CURVE ( 'NONE', #1700, #1598, #1391, .T. ) ;
#2361 = CARTESIAN_POINT ( 'NONE',  ( 75.50000000000000000, -3.000000000000019984, 0.000000000000000000 ) ) ;
#2362 = CARTESIAN_POINT ( 'NONE',  ( 52.36524198917259554, -1.265345578570147733, 25.00000000000000000 ) ) ;
#2363 = CIRCLE ( 'NONE', #1271, 76.99999999999998579 ) ;
#2364 = VECTOR ( 'NONE', #2334, 1000.000000000000000 ) ;
#2365 = ORIENTED_EDGE ( 'NONE', *, *, #2444, .T. ) ;
#2366 = CARTESIAN_POINT ( 'NONE',  ( 39.34637912696766193, -0.4461082050109688724, 0.000000000000000000 ) ) ;
#2367 = VERTEX_POINT ( 'NONE', #1415 ) ;
#2368 = PLANE ( 'NONE',  #1552 ) ;
#2369 = LINE ( 'NONE', #1629, #1595 ) ;
#2370 = DIRECTION ( 'NONE',  ( -0.000000000000000000, -0.000000000000000000, 1.000000000000000000 ) ) ;
#2371 = VERTEX_POINT ( 'NONE', #1179 ) ;
#2372 = EDGE_LOOP ( 'NONE', ( #1647, #2239, #317, #1329 ) ) ;
#2373 = CARTESIAN_POINT ( 'NONE',  ( 5.773663611420557415E-16, -5.000000000000016875, 25.00000000000000000 ) ) ;
#2374 = EDGE_CURVE ( 'NONE', #1856, #30, #995, .T. ) ;
#2375 = FACE_OUTER_BOUND ( 'NONE', #42, .T. ) ;
#2376 = VECTOR ( 'NONE', #322, 1000.000000000000227 ) ;
#2377 = ORIENTED_EDGE ( 'NONE', *, *, #24, .F. ) ;
#2378 = CARTESIAN_POINT ( 'NONE',  ( 47.84810658740728684, 4.467938792860708830, 0.000000000000000000 ) ) ;
#2379 = LINE ( 'NONE', #819, #341 ) ;
#2380 = LINE ( 'NONE', #240, #2222 ) ;
#2381 = LINE ( 'NONE', #1041, #2010 ) ;
#2382 = ORIENTED_EDGE ( 'NONE', *, *, #1541, .F. ) ;
#2383 = ORIENTED_EDGE ( 'NONE', *, *, #887, .T. ) ;
#2384 = AXIS2_PLACEMENT_3D ( 'NONE', #1046, #694, #2212 ) ;
#2385 = DIRECTION ( 'NONE',  ( -1.000000000000000000, 0.000000000000000000, 0.000000000000000000 ) ) ;
#2386 = EDGE_CURVE ( 'NONE', #913, #331, #2342, .T. ) ;
#2387 = DIRECTION ( 'NONE',  ( -0.7071067811865500152, -0.7071067811865451302, -0.000000000000000000 ) ) ;
#2388 = DIRECTION ( 'NONE',  ( 0.000000000000000000, -0.000000000000000000, -1.000000000000000000 ) ) ;
#2389 = VECTOR ( 'NONE', #1366, 1000.000000000000000 ) ;
#2390 = EDGE_CURVE ( 'NONE', #1975, #2367, #2259, .T. ) ;
#2391 = ORIENTED_EDGE ( 'NONE', *, *, #2242, .F. ) ;
#2392 = AXIS2_PLACEMENT_3D ( 'NONE', #798, #2400, #438 ) ;
#2393 = CARTESIAN_POINT ( 'NONE',  ( 0.000000000000000000, 0.000000000000000000, 25.00000000000000000 ) ) ;
#2394 = DIRECTION ( 'NONE',  ( -0.000000000000000000, -0.000000000000000000, 1.000000000000000000 ) ) ;
#2395 = ADVANCED_FACE ( 'NONE', ( #1757 ), #1771, .T. ) ;
#2396 = CARTESIAN_POINT ( 'NONE',  ( 6.249999999999996447, -19.99999999999999645, 9.416666666666669627 ) ) ;
#2397 = DIRECTION ( 'NONE',  ( -1.000000000000000000, 0.000000000000000000, 0.000000000000000000 ) ) ;
#2398 = DIRECTION ( 'NONE',  ( 1.000000000000000000, 0.000000000000000000, 0.000000000000000000 ) ) ;
#2399 = ORIENTED_EDGE ( 'NONE', *, *, #1197, .F. ) ;
#2400 = DIRECTION ( 'NONE',  ( 0.000000000000000000, -0.000000000000000000, -1.000000000000000000 ) ) ;
#2401 = VECTOR ( 'NONE', #885, 1000.000000000000000 ) ;
#2402 = VECTOR ( 'NONE', #967, 1000.000000000000000 ) ;
#2403 = ORIENTED_EDGE ( 'NONE', *, *, #1345, .T. ) ;
#2404 = FACE_BOUND ( 'NONE', #2408, .T. ) ;
#2405 = VECTOR ( 'NONE', #1852, 1000.000000000000114 ) ;
#2406 = CARTESIAN_POINT ( 'NONE',  ( 22.00000000000000000, 0.000000000000000000, 25.00000000000000000 ) ) ;
#2407 = CARTESIAN_POINT ( 'NONE',  ( 31.69408500374395388, 24.97110977267660559, 0.000000000000000000 ) ) ;
#2408 = EDGE_LOOP ( 'NONE', ( #1332, #1243, #581, #163, #476 ) ) ;
#2409 = EDGE_LOOP ( 'NONE', ( #557, #2113, #1561, #139 ) ) ;
#2410 = CARTESIAN_POINT ( 'NONE',  ( 12.88757396449702952, -21.86982248520710570, 0.000000000000000000 ) ) ;
#2411 = VECTOR ( 'NONE', #2430, 1000.000000000000000 ) ;
#2412 = EDGE_LOOP ( 'NONE', ( #2248, #1306, #1035, #1319 ) ) ;
#2413 = CARTESIAN_POINT ( 'NONE',  ( 49.06755081530774731, -21.94018486469399321, 0.000000000000000000 ) ) ;
#2414 = DIRECTION ( 'NONE',  ( 0.000000000000000000, 0.000000000000000000, -1.000000000000000000 ) ) ;
#2415 = DIRECTION ( 'NONE',  ( 0.6188724176997635329, -0.7854915216668155731, 0.000000000000000000 ) ) ;
#2416 = VERTEX_POINT ( 'NONE', #786 ) ;
#2417 = ORIENTED_EDGE ( 'NONE', *, *, #1944, .T. ) ;
#2418 = EDGE_CURVE ( 'NONE', #87, #2156, #37, .T. ) ;
#2419 = FACE_OUTER_BOUND ( 'NONE', #594, .T. ) ;
#2420 = CARTESIAN_POINT ( 'NONE',  ( 95.50000000000000000, 14.99999999999999289, 25.00000000000000000 ) ) ;
#2421 = DIRECTION ( 'NONE',  ( -1.000000000000000000, 0.000000000000000000, 0.000000000000000000 ) ) ;
#2422 = AXIS2_PLACEMENT_3D ( 'NONE', #673, #1630, #1071 ) ;
#2423 = CARTESIAN_POINT ( 'NONE',  ( 10.40378698224852094, -17.65491124260355349, 25.00000000000000000 ) ) ;
#2424 = EDGE_CURVE ( 'NONE', #466, #2127, #802, .T. ) ;
#2425 = CARTESIAN_POINT ( 'NONE',  ( 73.50000000000000000, -2.171572875253831469, 25.00000000000000000 ) ) ;
#2426 = SURFACE_STYLE_FILL_AREA ( #2055 ) ;
#2427 = VERTEX_POINT ( 'NONE', #53 ) ;
#2428 = ORIENTED_EDGE ( 'NONE', *, *, #563, .T. ) ;
#2429 = DIRECTION ( 'NONE',  ( 0.6188724176997635329, -0.7854915216668155731, 0.000000000000000000 ) ) ;
#2430 = DIRECTION ( 'NONE',  ( -1.000000000000000000, 0.000000000000000000, 0.000000000000000000 ) ) ;
#2431 = VECTOR ( 'NONE', #962, 1000.000000000000000 ) ;
#2432 = APPLICATION_PROTOCOL_DEFINITION ( 'draft international standard', 'automotive_design', 1998, #846 ) ;
#2433 = EDGE_CURVE ( 'NONE', #1344, #1143, #1800, .T. ) ;
#2434 = CARTESIAN_POINT ( 'NONE',  ( 81.74999999999998579, 14.99999999999998934, 9.416666666666669627 ) ) ;
#2435 = DIRECTION ( 'NONE',  ( -0.000000000000000000, 0.000000000000000000, 1.000000000000000000 ) ) ;
#2436 = CARTESIAN_POINT ( 'NONE',  ( 81.74999999999998579, 17.99999999999999289, 15.58333333333337833 ) ) ;
#2437 = EDGE_LOOP ( 'NONE', ( #1250, #17, #176, #442 ) ) ;
#2438 = CIRCLE ( 'NONE', #1356, 15.00000000000000000 ) ;
#2439 = ORIENTED_EDGE ( 'NONE', *, *, #152, .T. ) ;
#2440 = DIRECTION ( 'NONE',  ( -1.000000000000000000, -1.154732722284107785E-16, 0.000000000000000000 ) ) ;
#2441 = DIRECTION ( 'NONE',  ( 0.000000000000000000, 0.000000000000000000, -1.000000000000000000 ) ) ;
#2442 = CARTESIAN_POINT ( 'NONE',  ( 72.67157287525380127, -3.000000000000007994, 0.000000000000000000 ) ) ;
#2443 = AXIS2_PLACEMENT_3D ( 'NONE', #1436, #916, #1692 ) ;
#2444 = EDGE_CURVE ( 'NONE', #752, #1132, #684, .T. ) ;
#2445 = LINE ( 'NONE', #1327, #980 ) ;
#2446 = EDGE_CURVE ( 'NONE', #1157, #1940, #1259, .T. ) ;
#2447 = DIRECTION ( 'NONE',  ( -0.000000000000000000, -0.000000000000000000, -1.000000000000000000 ) ) ;
#2448 = CARTESIAN_POINT ( 'NONE',  ( 21.25842696629212369, -19.25842696629213791, 25.00000000000000000 ) ) ;
#2449 = LINE ( 'NONE', #1142, #1829 ) ;
#2450 = ORIENTED_EDGE ( 'NONE', *, *, #1085, .F. ) ;
#2451 = VERTEX_POINT ( 'NONE', #321 ) ;
#2452 = CARTESIAN_POINT ( 'NONE',  ( 9.629649721936179265E-32, 2.999999999999990674, 25.00000000000000000 ) ) ;
#2453 = EDGE_CURVE ( 'NONE', #403, #549, #2037, .T. ) ;
#2454 = FACE_BOUND ( 'NONE', #861, .T. ) ;
#2455 = EDGE_CURVE ( 'NONE', #38, #1247, #399, .T. ) ;
#2456 = PLANE ( 'NONE',  #1201 ) ;
#2457 = FACE_OUTER_BOUND ( 'NONE', #2437, .T. ) ;
#2458 = VECTOR ( 'NONE', #1317, 1000.000000000000000 ) ;
#2459 = FACE_OUTER_BOUND ( 'NONE', #584, .T. ) ;
#2460 = PRODUCT_DEFINITION_FORMATION_WITH_SPECIFIED_SOURCE ( 'ANY', '', #1264, .NOT_KNOWN. ) ;
#2461 = ORIENTED_EDGE ( 'NONE', *, *, #132, .F. ) ;
#2462 = VERTEX_POINT ( 'NONE', #2062 ) ;
#2463 = EDGE_CURVE ( 'NONE', #811, #580, #1467, .T. ) ;
#2464 = ORIENTED_EDGE ( 'NONE', *, *, #1874, .F. ) ;
#2465 = DIRECTION ( 'NONE',  ( 1.000000000000000000, 0.000000000000000000, 0.000000000000000000 ) ) ;
#2466 = CARTESIAN_POINT ( 'NONE',  ( 81.74999999999998579, 17.99999999999999289, 18.33333333333336057 ) ) ;
#2467 = EDGE_CURVE ( 'NONE', #1006, #1975, #99, .T. ) ;
#2468 = EDGE_LOOP ( 'NONE', ( #1451, #1412, #1464, #250 ) ) ;
#2469 = CARTESIAN_POINT ( 'NONE',  ( 6.249999999999996447, -19.99999999999999645, 9.416666666666669627 ) ) ;
#2470 = CYLINDRICAL_SURFACE ( 'NONE', #282, 74.99999999999998579 ) ;
#2471 = EDGE_LOOP ( 'NONE', ( #1456, #2399, #500, #1368 ) ) ;
#2472 = CIRCLE ( 'NONE', #504, 2.750000000000002665 ) ;
#2473 =( NAMED_UNIT ( * ) SI_UNIT ( $, .STERADIAN. ) SOLID_ANGLE_UNIT ( ) );
#2474 = ORIENTED_EDGE ( 'NONE', *, *, #2219, .F. ) ;
#2475 = EDGE_LOOP ( 'NONE', ( #67, #1294, #1378, #1686 ) ) ;
#2476 = DIRECTION ( 'NONE',  ( -1.000000000000000000, 0.000000000000000000, 0.000000000000000000 ) ) ;
#2477 = VECTOR ( 'NONE', #69, 1000.000000000000000 ) ;
#2478 = AXIS2_PLACEMENT_3D ( 'NONE', #1803, #1012, #2202 ) ;
#2479 = DIRECTION ( 'NONE',  ( -1.000000000000000000, 4.770489558936219510E-17, 0.000000000000000000 ) ) ;
#2480 = CARTESIAN_POINT ( 'NONE',  ( 65.90909090909092072, -3.000000000000002665, 25.00000000000000000 ) ) ;
#2481 = CARTESIAN_POINT ( 'NONE',  ( 72.67157287525380127, -3.000000000000007994, 25.00000000000000000 ) ) ;
#2482 = FACE_OUTER_BOUND ( 'NONE', #1430, .T. ) ;
#2483 = VERTEX_POINT ( 'NONE', #876 ) ;
#2484 = ORIENTED_EDGE ( 'NONE', *, *, #330, .F. ) ;
#2485 = ORIENTED_EDGE ( 'NONE', *, *, #667, .T. ) ;
#2486 = CARTESIAN_POINT ( 'NONE',  ( 65.90909090909090651, -80.00000000000000000, 0.000000000000000000 ) ) ;
#2487 = VERTEX_POINT ( 'NONE', #1066 ) ;
#2488 = ORIENTED_EDGE ( 'NONE', *, *, #1611, .F. ) ;
#2489 = CARTESIAN_POINT ( 'NONE',  ( 37.83578643762637483, -37.83578643762692906, 0.000000000000000000 ) ) ;
#2490 = AXIS2_PLACEMENT_3D ( 'NONE', #695, #349, #720 ) ;
#2491 = ADVANCED_FACE ( 'NONE', ( #652 ), #889, .F. ) ;
#2492 = DIRECTION ( 'NONE',  ( -0.000000000000000000, -0.000000000000000000, 1.000000000000000000 ) ) ;
#2493 = EDGE_CURVE ( 'NONE', #187, #1736, #868, .T. ) ;
#2494 = DIRECTION ( 'NONE',  ( 0.6188724176997635329, -0.7854915216668155731, 0.000000000000000000 ) ) ;
#2495 = PLANE ( 'NONE',  #2025 ) ;
#2496 = DIRECTION ( 'NONE',  ( 1.000000000000000000, 0.000000000000000000, 0.000000000000000000 ) ) ;
#2497 = EDGE_CURVE ( 'NONE', #2127, #1764, #904, .T. ) ;
#2498 = VERTEX_POINT ( 'NONE', #1274 ) ;
#2499 = ORIENTED_EDGE ( 'NONE', *, *, #2166, .T. ) ;
#2500 = CIRCLE ( 'NONE', #1900, 2.749999999999973799 ) ;
ENDSEC;
END-ISO-10303-21;
