ISO-10303-21;
HEADER;
FILE_DESCRIPTION (( 'STEP AP214' ),
    '1' );
FILE_NAME ('BigNema23 Holder.STEP',
    '2026-04-10T05:45:05',
    ( '' ),
    ( '' ),
    'SwSTEP 2.0',
    'SolidWorks 2025',
    '' );
FILE_SCHEMA (( 'AUTOMOTIVE_DESIGN' ));
ENDSEC;

DATA;
#1 = EDGE_CURVE ( 'NONE', #1637, #1700, #2144, .T. ) ;
#2 = VECTOR ( 'NONE', #175, 1000.000000000000000 ) ;
#3 = LINE ( 'NONE', #1544, #2227 ) ;
#4 = ORIENTED_EDGE ( 'NONE', *, *, #2203, .T. ) ;
#5 = CARTESIAN_POINT ( 'NONE',  ( 28.00000000000000355, 9.242640687119285658, -67.00000000000000000 ) ) ;
#6 = DIRECTION ( 'NONE',  ( 0.000000000000000000, 1.000000000000000000, 0.000000000000000000 ) ) ;
#7 = CARTESIAN_POINT ( 'NONE',  ( 38.16000000000000369, 24.45000000000081997, -64.99999999999930367 ) ) ;
#8 = AXIS2_PLACEMENT_3D ( 'NONE', #528, #755, #1677 ) ;
#9 = VERTEX_POINT ( 'NONE', #304 ) ;
#10 = DIRECTION ( 'NONE',  ( -1.000000000000000000, -0.000000000000000000, -9.011550524554840736E-17 ) ) ;
#11 = AXIS2_PLACEMENT_3D ( 'NONE', #1030, #1084, #97 ) ;
#12 = ORIENTED_EDGE ( 'NONE', *, *, #2105, .F. ) ;
#13 = VECTOR ( 'NONE', #341, 1000.000000000000000 ) ;
#14 = VECTOR ( 'NONE', #1740, 1000.000000000000000 ) ;
#15 = EDGE_CURVE ( 'NONE', #622, #363, #1657, .T. ) ;
#16 = DIRECTION ( 'NONE',  ( -1.000000000000000000, 0.000000000000000000, -9.011550524554840736E-17 ) ) ;
#17 = VECTOR ( 'NONE', #179, 1000.000000000000000 ) ;
#18 = ORIENTED_EDGE ( 'NONE', *, *, #2113, .F. ) ;
#19 = PLANE ( 'NONE',  #1032 ) ;
#20 = LINE ( 'NONE', #981, #796 ) ;
#21 = DIRECTION ( 'NONE',  ( -1.000000000000000000, 0.000000000000000000, -9.011550524554840736E-17 ) ) ;
#22 = VECTOR ( 'NONE', #2291, 1000.000000000000000 ) ;
#23 = VERTEX_POINT ( 'NONE', #2421 ) ;
#24 = DIRECTION ( 'NONE',  ( 0.000000000000000000, 1.380853839931788818E-15, 1.000000000000000000 ) ) ;
#25 = ORIENTED_EDGE ( 'NONE', *, *, #1538, .F. ) ;
#26 = EDGE_CURVE ( 'NONE', #1052, #1992, #1145, .T. ) ;
#27 = VECTOR ( 'NONE', #1292, 1000.000000000000000 ) ;
#28 = VECTOR ( 'NONE', #1147, 1000.000000000000000 ) ;
#29 = CARTESIAN_POINT ( 'NONE',  ( 17.84000000000000341, 24.45000000000081997, -62.39999999999930225 ) ) ;
#30 = ORIENTED_EDGE ( 'NONE', *, *, #1014, .F. ) ;
#31 = DIRECTION ( 'NONE',  ( -1.244363414557086066E-31, 1.000000000000000000, 1.380853839931787043E-15 ) ) ;
#32 = DIRECTION ( 'NONE',  ( 0.5773502691896315042, 0.5773502691896256200, 0.5773502691896201799 ) ) ;
#33 = PLANE ( 'NONE',  #1037 ) ;
#34 = EDGE_CURVE ( 'NONE', #1217, #917, #139, .T. ) ;
#35 = VERTEX_POINT ( 'NONE', #657 ) ;
#36 = LINE ( 'NONE', #1021, #1388 ) ;
#37 = ORIENTED_EDGE ( 'NONE', *, *, #2383, .F. ) ;
#38 = DIRECTION ( 'NONE',  ( 9.011550524554840736E-17, 0.000000000000000000, -1.000000000000000000 ) ) ;
#39 = PRODUCT_DEFINITION_CONTEXT ( 'detailed design', #442, 'design' ) ;
#40 = EDGE_CURVE ( 'NONE', #923, #206, #2210, .T. ) ;
#41 = DIRECTION ( 'NONE',  ( 0.000000000000000000, 0.000000000000000000, -1.000000000000000000 ) ) ;
#42 = ORIENTED_EDGE ( 'NONE', *, *, #1463, .T. ) ;
#43 = LINE ( 'NONE', #1980, #454 ) ;
#44 = DIRECTION ( 'NONE',  ( 0.000000000000000000, -8.673617379884035472E-16, -1.000000000000000000 ) ) ;
#45 = LINE ( 'NONE', #2143, #2286 ) ;
#46 = EDGE_LOOP ( 'NONE', ( #483, #1937, #2360, #2479, #2304, #2410, #1055, #349, #1884, #902, #380 ) ) ;
#47 = ADVANCED_FACE ( 'NONE', ( #2012 ), #1291, .T. ) ;
#48 = CARTESIAN_POINT ( 'NONE',  ( 22.83999999999999986, 23.99999999999998224, -19.86000000000000298 ) ) ;
#49 = ORIENTED_EDGE ( 'NONE', *, *, #1014, .T. ) ;
#50 = PLANE ( 'NONE',  #2273 ) ;
#51 = ORIENTED_EDGE ( 'NONE', *, *, #1872, .T. ) ;
#52 = CARTESIAN_POINT ( 'NONE',  ( 17.84000000000000341, 28.05000000000081783, -62.39999999999930935 ) ) ;
#53 = EDGE_CURVE ( 'NONE', #1554, #54, #906, .T. ) ;
#54 = VERTEX_POINT ( 'NONE', #969 ) ;
#55 = DIRECTION ( 'NONE',  ( 0.000000000000000000, -1.380853839931787043E-15, 1.000000000000000000 ) ) ;
#56 = CARTESIAN_POINT ( 'NONE',  ( 17.83999999999999986, 28.05000000000081783, -10.65999999999867143 ) ) ;
#57 = EDGE_CURVE ( 'NONE', #1743, #405, #2442, .T. ) ;
#58 = PLANE ( 'NONE',  #273 ) ;
#59 = VECTOR ( 'NONE', #560, 1000.000000000000000 ) ;
#60 = ORIENTED_EDGE ( 'NONE', *, *, #2046, .T. ) ;
#61 = AXIS2_PLACEMENT_3D ( 'NONE', #762, #1351, #1709 ) ;
#62 = EDGE_CURVE ( 'NONE', #2330, #1761, #2255, .T. ) ;
#63 = CARTESIAN_POINT ( 'NONE',  ( 22.84000000000000696, 24.45000000000081997, -62.39999999999930225 ) ) ;
#64 = VERTEX_POINT ( 'NONE', #545 ) ;
#65 = LINE ( 'NONE', #810, #22 ) ;
#66 = ORIENTED_EDGE ( 'NONE', *, *, #926, .F. ) ;
#67 = AXIS2_PLACEMENT_3D ( 'NONE', #1626, #1033, #2022 ) ;
#68 = CARTESIAN_POINT ( 'NONE',  ( 33.16000000000000369, 15.00000000000005151, -19.86000000000000298 ) ) ;
#69 = EDGE_LOOP ( 'NONE', ( #37, #1257 ) ) ;
#70 = DIRECTION ( 'NONE',  ( 0.000000000000000000, 1.000000000000000000, 3.010366118831662638E-16 ) ) ;
#71 = CARTESIAN_POINT ( 'NONE',  ( 27.99999999999999645, 9.242640687119285658, 2.523234146875354913E-15 ) ) ;
#72 = CARTESIAN_POINT ( 'NONE',  ( 38.16000000000000369, 24.45000000000081997, -62.39999999999930225 ) ) ;
#73 = EDGE_CURVE ( 'NONE', #1247, #1097, #1915, .T. ) ;
#74 = VERTEX_POINT ( 'NONE', #1124 ) ;
#75 = CARTESIAN_POINT ( 'NONE',  ( 38.15999999999999659, 28.05000000000081783, -10.65999999999867143 ) ) ;
#76 = ORIENTED_EDGE ( 'NONE', *, *, #199, .T. ) ;
#77 = FACE_OUTER_BOUND ( 'NONE', #1739, .T. ) ;
#78 = ORIENTED_EDGE ( 'NONE', *, *, #2151, .T. ) ;
#79 = LINE ( 'NONE', #446, #1965 ) ;
#80 = ADVANCED_FACE ( 'NONE', ( #1135 ), #154, .F. ) ;
#81 = ORIENTED_EDGE ( 'NONE', *, *, #1997, .F. ) ;
#82 = CARTESIAN_POINT ( 'NONE',  ( 17.94666666666668320, 15.05333333333339496, -10.71333333333201843 ) ) ;
#83 = CARTESIAN_POINT ( 'NONE',  ( 33.16000000000001080, 10.15999999999997350, -52.95999999999860108 ) ) ;
#84 = CARTESIAN_POINT ( 'NONE',  ( 33.16000000000001080, 24.45000000000081997, -62.39999999999930225 ) ) ;
#85 = ORIENTED_EDGE ( 'NONE', *, *, #1855, .F. ) ;
#86 = VECTOR ( 'NONE', #1926, 1000.000000000000000 ) ;
#87 = DIRECTION ( 'NONE',  ( -6.372128484917887265E-17, -0.7071067811865510144, 0.7071067811865441310 ) ) ;
#88 = EDGE_CURVE ( 'NONE', #743, #752, #1551, .T. ) ;
#89 = VERTEX_POINT ( 'NONE', #2486 ) ;
#90 = CARTESIAN_POINT ( 'NONE',  ( 86.00000000000000000, 5.000000000000000000, -67.00000000000000000 ) ) ;
#91 = ORIENTED_EDGE ( 'NONE', *, *, #1651, .T. ) ;
#92 = VECTOR ( 'NONE', #328, 1000.000000000000000 ) ;
#93 = DIRECTION ( 'NONE',  ( -0.5773502691896197359, 0.5773502691896258421, -0.5773502691896316152 ) ) ;
#94 = ADVANCED_FACE ( 'NONE', ( #746 ), #1315, .F. ) ;
#95 = EDGE_CURVE ( 'NONE', #491, #1838, #577, .T. ) ;
#96 = VERTEX_POINT ( 'NONE', #166 ) ;
#97 = DIRECTION ( 'NONE',  ( 9.011550524554840736E-17, 0.000000000000000000, -1.000000000000000000 ) ) ;
#98 = DIRECTION ( 'NONE',  ( 0.000000000000000000, 0.000000000000000000, -1.000000000000000000 ) ) ;
#99 = DIRECTION ( 'NONE',  ( -9.011550524554840736E-17, 0.000000000000000000, 1.000000000000000000 ) ) ;
#100 = VECTOR ( 'NONE', #707, 1000.000000000000000 ) ;
#101 = EDGE_CURVE ( 'NONE', #1079, #1777, #2118, .T. ) ;
#102 = ORIENTED_EDGE ( 'NONE', *, *, #1938, .T. ) ;
#103 = AXIS2_PLACEMENT_3D ( 'NONE', #1364, #1588, #2356 ) ;
#104 = CARTESIAN_POINT ( 'NONE',  ( 22.83999999999999986, 22.02500000000081926, -17.68499999999937344 ) ) ;
#105 = ORIENTED_EDGE ( 'NONE', *, *, #1865, .F. ) ;
#106 = CYLINDRICAL_SURFACE ( 'NONE', #2316, 2.600000000000004974 ) ;
#107 = PRESENTATION_LAYER_ASSIGNMENT (  '', '', ( #1191 ) ) ;
#108 = VERTEX_POINT ( 'NONE', #959 ) ;
#109 = EDGE_CURVE ( 'NONE', #897, #2215, #785, .T. ) ;
#110 = PLANE ( 'NONE',  #1375 ) ;
#111 = ORIENTED_EDGE ( 'NONE', *, *, #1543, .F. ) ;
#112 = DIRECTION ( 'NONE',  ( -1.000000000000000000, 0.000000000000000000, -9.011550524554846899E-17 ) ) ;
#113 = CARTESIAN_POINT ( 'NONE',  ( 17.84000000000000341, 24.45000000000081997, -62.39999999999930225 ) ) ;
#114 = AXIS2_PLACEMENT_3D ( 'NONE', #2274, #1332, #740 ) ;
#115 = DIRECTION ( 'NONE',  ( 0.000000000000000000, 1.000000000000000000, 0.000000000000000000 ) ) ;
#116 = AXIS2_PLACEMENT_3D ( 'NONE', #768, #1774, #44 ) ;
#117 = DIRECTION ( 'NONE',  ( 9.011550524554840736E-17, 0.000000000000000000, -1.000000000000000000 ) ) ;
#118 = CARTESIAN_POINT ( 'NONE',  ( 86.00000000000000000, -73.40980860893181159, -8.497694209043071136E-31 ) ) ;
#119 = EDGE_LOOP ( 'NONE', ( #2371, #1788, #2458, #2126 ) ) ;
#120 = CARTESIAN_POINT ( 'NONE',  ( 38.16000000000000369, 28.05000000000081783, -66.99999999999998579 ) ) ;
#121 = ORIENTED_EDGE ( 'NONE', *, *, #1555, .T. ) ;
#122 = CARTESIAN_POINT ( 'NONE',  ( 38.15999999999999659, 26.00000000000000000, -17.34746257451476836 ) ) ;
#123 = ADVANCED_FACE ( 'NONE', ( #1527 ), #358, .F. ) ;
#124 = ORIENTED_EDGE ( 'NONE', *, *, #2374, .F. ) ;
#125 = CARTESIAN_POINT ( 'NONE',  ( 17.84000000000000341, 27.05000000000081783, -62.39999999999930935 ) ) ;
#126 = CARTESIAN_POINT ( 'NONE',  ( 0.000000000000000000, 5.000000000000000000, -67.00000000000000000 ) ) ;
#127 = VERTEX_POINT ( 'NONE', #343 ) ;
#128 = DIRECTION ( 'NONE',  ( 1.244363414557086066E-31, -1.000000000000000000, -1.380853839931787043E-15 ) ) ;
#129 = EDGE_LOOP ( 'NONE', ( #1483, #91, #2153, #1967 ) ) ;
#130 = CARTESIAN_POINT ( 'NONE',  ( 17.83999999999999986, 22.34314575050760965, -15.86000000000000298 ) ) ;
#131 = ORIENTED_EDGE ( 'NONE', *, *, #2383, .T. ) ;
#132 = LINE ( 'NONE', #1873, #317 ) ;
#133 = ORIENTED_EDGE ( 'NONE', *, *, #1041, .T. ) ;
#134 = DIRECTION ( 'NONE',  ( -6.372128484917916847E-17, -0.7071067811865474617, 0.7071067811865474617 ) ) ;
#135 = AXIS2_PLACEMENT_3D ( 'NONE', #930, #1495, #1724 ) ;
#136 = CARTESIAN_POINT ( 'NONE',  ( 33.16000000000000369, 25.17157287525379061, -18.68842712474620171 ) ) ;
#137 = CARTESIAN_POINT ( 'NONE',  ( 0.000000000000000000, 5.000000000000000000, -67.00000000000000000 ) ) ;
#138 = EDGE_CURVE ( 'NONE', #2129, #206, #932, .T. ) ;
#139 = LINE ( 'NONE', #520, #612 ) ;
#140 = CARTESIAN_POINT ( 'NONE',  ( 2.690848986632079965E-15, 5.000000000000000000, -29.86000000000005272 ) ) ;
#141 = AXIS2_PLACEMENT_3D ( 'NONE', #2050, #919, #1703 ) ;
#142 = EDGE_CURVE ( 'NONE', #691, #743, #2465, .T. ) ;
#143 = ORIENTED_EDGE ( 'NONE', *, *, #1910, .T. ) ;
#144 = CARTESIAN_POINT ( 'NONE',  ( 55.99999999999999289, 19.10000000000010090, -42.07999999999865537 ) ) ;
#145 = ORIENTED_EDGE ( 'NONE', *, *, #1555, .F. ) ;
#146 = AXIS2_PLACEMENT_3D ( 'NONE', #2108, #190, #1327 ) ;
#147 = DIRECTION ( 'NONE',  ( -1.000000000000000000, -0.000000000000000000, -9.011550524554840736E-17 ) ) ;
#148 = VECTOR ( 'NONE', #2457, 1000.000000000000000 ) ;
#149 = ORIENTED_EDGE ( 'NONE', *, *, #648, .T. ) ;
#150 = DIRECTION ( 'NONE',  ( 0.000000000000000000, 0.000000000000000000, 1.000000000000000000 ) ) ;
#151 = LINE ( 'NONE', #543, #1509 ) ;
#152 = LINE ( 'NONE', #1693, #1656 ) ;
#153 = VECTOR ( 'NONE', #2208, 1000.000000000000000 ) ;
#154 = PLANE ( 'NONE',  #1112 ) ;
#155 = CARTESIAN_POINT ( 'NONE',  ( 38.16000000000000369, 26.00000000000000000, -60.31253742548388175 ) ) ;
#156 = VECTOR ( 'NONE', #191, 1000.000000000000000 ) ;
#157 = EDGE_CURVE ( 'NONE', #54, #1427, #1158, .T. ) ;
#158 = EDGE_LOOP ( 'NONE', ( #1831, #2056, #2175, #133 ) ) ;
#159 = DIRECTION ( 'NONE',  ( 0.000000000000000000, 0.000000000000000000, 1.000000000000000000 ) ) ;
#160 = ORIENTED_EDGE ( 'NONE', *, *, #2349, .T. ) ;
#161 = LINE ( 'NONE', #351, #2481 ) ;
#162 = VERTEX_POINT ( 'NONE', #1337 ) ;
#163 = EDGE_CURVE ( 'NONE', #64, #1896, #2033, .T. ) ;
#164 = PLANE ( 'NONE',  #135 ) ;
#165 = FACE_OUTER_BOUND ( 'NONE', #1616, .T. ) ;
#166 = CARTESIAN_POINT ( 'NONE',  ( 38.16000000000000369, 26.00000000000000000, -59.79999999999865423 ) ) ;
#167 = LINE ( 'NONE', #140, #2010 ) ;
#168 = ORIENTED_EDGE ( 'NONE', *, *, #962, .T. ) ;
#169 = EDGE_CURVE ( 'NONE', #1083, #838, #2221, .T. ) ;
#170 = DIRECTION ( 'NONE',  ( -0.000000000000000000, 1.000000000000000000, -0.000000000000000000 ) ) ;
#171 = EDGE_LOOP ( 'NONE', ( #1520, #2382, #1874, #1127 ) ) ;
#172 = DIRECTION ( 'NONE',  ( -0.000000000000000000, -1.000000000000000000, -0.000000000000000000 ) ) ;
#173 = ORIENTED_EDGE ( 'NONE', *, *, #1615, .F. ) ;
#174 = EDGE_CURVE ( 'NONE', #272, #1686, #1487, .T. ) ;
#175 = DIRECTION ( 'NONE',  ( 1.000000000000000000, 0.000000000000000000, 0.000000000000000000 ) ) ;
#176 = DIRECTION ( 'NONE',  ( 0.000000000000000000, -1.000000000000000000, 0.000000000000000000 ) ) ;
#177 = EDGE_CURVE ( 'NONE', #1494, #467, #1498, .T. ) ;
#178 = VECTOR ( 'NONE', #201, 1000.000000000000000 ) ;
#179 = DIRECTION ( 'NONE',  ( 1.000000000000000000, -0.000000000000000000, 9.011550524554840736E-17 ) ) ;
#180 = CARTESIAN_POINT ( 'NONE',  ( 30.12132034355961707, 7.121320343559633947, -0.6599999999987208321 ) ) ;
#181 = VERTEX_POINT ( 'NONE', #1597 ) ;
#182 = DIRECTION ( 'NONE',  ( 9.011550524554840736E-17, 0.000000000000000000, -1.000000000000000000 ) ) ;
#183 = CARTESIAN_POINT ( 'NONE',  ( 25.87867965644034740, 7.121320343559651711, -67.00000000000000000 ) ) ;
#184 = AXIS2_PLACEMENT_3D ( 'NONE', #1575, #204, #780 ) ;
#185 = EDGE_CURVE ( 'NONE', #1541, #1448, #1785, .T. ) ;
#186 = VECTOR ( 'NONE', #1063, 1000.000000000000000 ) ;
#187 = DIRECTION ( 'NONE',  ( -0.000000000000000000, -1.000000000000000000, -0.000000000000000000 ) ) ;
#188 = FACE_OUTER_BOUND ( 'NONE', #820, .T. ) ;
#189 = VECTOR ( 'NONE', #2365, 1000.000000000000000 ) ;
#190 = DIRECTION ( 'NONE',  ( 1.000000000000000000, -0.000000000000000000, 9.011550524554840736E-17 ) ) ;
#191 = DIRECTION ( 'NONE',  ( -1.000000000000000000, -0.000000000000000000, -9.011550524554840736E-17 ) ) ;
#192 = DIRECTION ( 'NONE',  ( -1.000000000000000000, -0.000000000000000000, -0.000000000000000000 ) ) ;
#193 = VECTOR ( 'NONE', #1655, 1000.000000000000000 ) ;
#194 = ORIENTED_EDGE ( 'NONE', *, *, #169, .F. ) ;
#195 = CARTESIAN_POINT ( 'NONE',  ( 86.00000000000000000, -2.775557561562891351E-14, -8.497694209043071136E-31 ) ) ;
#196 = AXIS2_PLACEMENT_3D ( 'NONE', #2084, #2060, #1091 ) ;
#197 = ORIENTED_EDGE ( 'NONE', *, *, #366, .T. ) ;
#198 = CARTESIAN_POINT ( 'NONE',  ( 33.16000000000000369, 22.02500000000067004, -17.68499999999946937 ) ) ;
#199 = EDGE_CURVE ( 'NONE', #511, #406, #2140, .T. ) ;
#200 = ORIENTED_EDGE ( 'NONE', *, *, #1855, .T. ) ;
#201 = DIRECTION ( 'NONE',  ( 0.000000000000000000, 1.000000000000000000, 0.000000000000000000 ) ) ;
#202 = CARTESIAN_POINT ( 'NONE',  ( 25.87867965644034385, 7.121320343559651711, -49.92132034355829973 ) ) ;
#203 = CARTESIAN_POINT ( 'NONE',  ( 17.84000000000000341, 24.45000000000081997, -62.39999999999930225 ) ) ;
#204 = DIRECTION ( 'NONE',  ( 1.000000000000000000, 0.000000000000000000, 9.011550524554840736E-17 ) ) ;
#205 = ADVANCED_FACE ( 'NONE', ( #1017 ), #1359, .F. ) ;
#206 = VERTEX_POINT ( 'NONE', #589 ) ;
#207 = DIRECTION ( 'NONE',  ( 1.000000000000000000, 0.000000000000000000, 9.011550524554840736E-17 ) ) ;
#208 = ORIENTED_EDGE ( 'NONE', *, *, #848, .T. ) ;
#209 = PLANE ( 'NONE',  #2437 ) ;
#210 = CARTESIAN_POINT ( 'NONE',  ( 38.16000000000000369, 26.00000000000000000, -59.79999999999865423 ) ) ;
#211 = CARTESIAN_POINT ( 'NONE',  ( 17.83999999999999986, 24.45000000000081997, -15.25999999999934786 ) ) ;
#212 = CIRCLE ( 'NONE', #2266, 2.950000000000001066 ) ;
#213 = EDGE_CURVE ( 'NONE', #206, #1404, #2364, .T. ) ;
#214 = ORIENTED_EDGE ( 'NONE', *, *, #1035, .T. ) ;
#215 = DIRECTION ( 'NONE',  ( 0.000000000000000000, 1.000000000000000000, 0.000000000000000000 ) ) ;
#216 = AXIS2_PLACEMENT_3D ( 'NONE', #2205, #1839, #288 ) ;
#217 = ADVANCED_FACE ( 'NONE', ( #1969 ), #19, .F. ) ;
#218 = VERTEX_POINT ( 'NONE', #980 ) ;
#219 = ORIENTED_EDGE ( 'NONE', *, *, #2248, .F. ) ;
#220 = VECTOR ( 'NONE', #455, 1000.000000000000000 ) ;
#221 = AXIS2_PLACEMENT_3D ( 'NONE', #1957, #998, #1767 ) ;
#222 = FACE_OUTER_BOUND ( 'NONE', #1476, .T. ) ;
#223 = ORIENTED_EDGE ( 'NONE', *, *, #975, .T. ) ;
#224 = DIRECTION ( 'NONE',  ( -1.000000000000000000, -0.000000000000000000, -9.011550524554840736E-17 ) ) ;
#225 = CARTESIAN_POINT ( 'NONE',  ( 0.000000000000000000, 5.000000000000000000, 0.000000000000000000 ) ) ;
#226 = DIRECTION ( 'NONE',  ( 0.000000000000000000, 0.000000000000000000, -1.000000000000000000 ) ) ;
#227 = AXIS2_PLACEMENT_3D ( 'NONE', #1089, #1859, #1294 ) ;
#228 = VERTEX_POINT ( 'NONE', #2167 ) ;
#229 = DIRECTION ( 'NONE',  ( -9.011550524554840736E-17, 0.000000000000000000, 1.000000000000000000 ) ) ;
#230 = ADVANCED_FACE ( 'NONE', ( #803 ), #209, .T. ) ;
#231 = ORIENTED_EDGE ( 'NONE', *, *, #464, .F. ) ;
#232 = AXIS2_PLACEMENT_3D ( 'NONE', #1409, #2206, #98 ) ;
#233 = AXIS2_PLACEMENT_3D ( 'NONE', #1422, #503, #2193 ) ;
#234 = CARTESIAN_POINT ( 'NONE',  ( 38.16000000000000369, 27.05000000000081783, -62.39999999999930935 ) ) ;
#235 = ORIENTED_EDGE ( 'NONE', *, *, #1423, .T. ) ;
#236 = VECTOR ( 'NONE', #1639, 1000.000000000000000 ) ;
#237 = DIRECTION ( 'NONE',  ( 1.000000000000000000, 0.000000000000000000, 9.011550524554840736E-17 ) ) ;
#238 = EDGE_CURVE ( 'NONE', #1743, #1554, #2003, .T. ) ;
#239 = ORIENTED_EDGE ( 'NONE', *, *, #62, .T. ) ;
#240 = DIRECTION ( 'NONE',  ( 0.000000000000000000, -1.000000000000000000, 0.000000000000000000 ) ) ;
#241 = CARTESIAN_POINT ( 'NONE',  ( 38.16000000000000369, 24.45000000000081997, -59.79999999999930793 ) ) ;
#242 = DIRECTION ( 'NONE',  ( 0.000000000000000000, 0.000000000000000000, -1.000000000000000000 ) ) ;
#243 = EDGE_LOOP ( 'NONE', ( #1756, #347, #1673, #1131 ) ) ;
#244 = DIRECTION ( 'NONE',  ( 1.244363414557087598E-31, 1.000000000000000000, -1.380853839931788818E-15 ) ) ;
#245 = ORIENTED_EDGE ( 'NONE', *, *, #1889, .F. ) ;
#246 = CARTESIAN_POINT ( 'NONE',  ( 22.84000000000000696, 28.05000000000081783, -62.39999999999930935 ) ) ;
#247 = ORIENTED_EDGE ( 'NONE', *, *, #592, .T. ) ;
#248 = EDGE_CURVE ( 'NONE', #2272, #405, #1681, .T. ) ;
#249 = CARTESIAN_POINT ( 'NONE',  ( 38.16000000000000369, 24.45000000000081997, -62.39999999999930225 ) ) ;
#250 = ADVANCED_FACE ( 'NONE', ( #993 ), #601, .F. ) ;
#251 = ORIENTED_EDGE ( 'NONE', *, *, #1066, .F. ) ;
#252 = DIRECTION ( 'NONE',  ( -0.000000000000000000, 0.7071067811865513475, -0.7071067811865436870 ) ) ;
#253 = CARTESIAN_POINT ( 'NONE',  ( 33.16000000000001080, 22.34314575050761675, -61.79999999999864713 ) ) ;
#254 = FACE_OUTER_BOUND ( 'NONE', #129, .T. ) ;
#255 = ORIENTED_EDGE ( 'NONE', *, *, #2158, .F. ) ;
#256 = DIRECTION ( 'NONE',  ( -1.000000000000000000, 0.000000000000000000, -9.011550524554840736E-17 ) ) ;
#257 = VERTEX_POINT ( 'NONE', #643 ) ;
#258 = FACE_OUTER_BOUND ( 'NONE', #1972, .T. ) ;
#259 = EDGE_LOOP ( 'NONE', ( #439, #2438, #2177, #948, #2072, #2320, #500, #1402, #2040, #1848, #312, #974, #936 ) ) ;
#260 = FACE_OUTER_BOUND ( 'NONE', #600, .T. ) ;
#261 = EDGE_CURVE ( 'NONE', #1652, #1323, #2178, .T. ) ;
#262 = ORIENTED_EDGE ( 'NONE', *, *, #1232, .F. ) ;
#263 = CARTESIAN_POINT ( 'NONE',  ( 5.947623346194691766E-17, 5.000000000000000000, -0.6599999999987236077 ) ) ;
#264 = DIRECTION ( 'NONE',  ( 0.000000000000000000, 0.000000000000000000, 1.000000000000000000 ) ) ;
#265 = PLANE ( 'NONE',  #67 ) ;
#266 = AXIS2_PLACEMENT_3D ( 'NONE', #808, #229, #1010 ) ;
#267 = ORIENTED_EDGE ( 'NONE', *, *, #142, .T. ) ;
#268 = DIRECTION ( 'NONE',  ( 1.000000000000000000, -0.000000000000000000, 9.011550524554840736E-17 ) ) ;
#269 = AXIS2_PLACEMENT_3D ( 'NONE', #5, #1006, #1952 ) ;
#270 = ORIENTED_EDGE ( 'NONE', *, *, #694, .T. ) ;
#271 = LINE ( 'NONE', #1987, #665 ) ;
#272 = VERTEX_POINT ( 'NONE', #2336 ) ;
#273 = AXIS2_PLACEMENT_3D ( 'NONE', #489, #1787, #830 ) ;
#274 = FACE_BOUND ( 'NONE', #338, .T. ) ;
#275 = ORIENTED_EDGE ( 'NONE', *, *, #53, .F. ) ;
#276 = LINE ( 'NONE', #459, #1991 ) ;
#277 = CARTESIAN_POINT ( 'NONE',  ( 22.83999999999999986, 28.05000000000081783, -15.25999999999934253 ) ) ;
#278 = DIRECTION ( 'NONE',  ( -1.000000000000000000, 0.000000000000000000, -9.011550524554840736E-17 ) ) ;
#279 = ORIENTED_EDGE ( 'NONE', *, *, #797, .F. ) ;
#280 = DIRECTION ( 'NONE',  ( 1.085122655090383526E-31, 1.000000000000000000, -6.020732237663325277E-16 ) ) ;
#281 = PRODUCT_DEFINITION_FORMATION_WITH_SPECIFIED_SOURCE ( 'ANY', '', #394, .NOT_KNOWN. ) ;
#282 = EDGE_CURVE ( 'NONE', #887, #1652, #913, .T. ) ;
#283 = ORIENTED_EDGE ( 'NONE', *, *, #1963, .F. ) ;
#284 = CARTESIAN_POINT ( 'NONE',  ( 17.83999999999999986, 24.45000000000081997, -15.25999999999934786 ) ) ;
#285 = ORIENTED_EDGE ( 'NONE', *, *, #2298, .T. ) ;
#286 = LINE ( 'NONE', #2202, #492 ) ;
#287 = VERTEX_POINT ( 'NONE', #629 ) ;
#288 = DIRECTION ( 'NONE',  ( 0.000000000000000000, 0.000000000000000000, -1.000000000000000000 ) ) ;
#289 = LINE ( 'NONE', #670, #2047 ) ;
#290 = FACE_OUTER_BOUND ( 'NONE', #1419, .T. ) ;
#291 = ORIENTED_EDGE ( 'NONE', *, *, #169, .T. ) ;
#292 = VECTOR ( 'NONE', #599, 1000.000000000000000 ) ;
#293 = DIRECTION ( 'NONE',  ( 9.011550524554840736E-17, -1.232595164407830946E-32, -1.000000000000000000 ) ) ;
#294 = EDGE_CURVE ( 'NONE', #1104, #1933, #1744, .T. ) ;
#295 = ORIENTED_EDGE ( 'NONE', *, *, #1, .T. ) ;
#296 = DIRECTION ( 'NONE',  ( -1.000000000000000000, 6.162975822039153361E-33, -9.011550524554840736E-17 ) ) ;
#297 = ORIENTED_EDGE ( 'NONE', *, *, #2334, .F. ) ;
#298 = CARTESIAN_POINT ( 'NONE',  ( 46.00000000000000000, 0.000000000000000000, -44.95000000000000284 ) ) ;
#299 = EDGE_LOOP ( 'NONE', ( #1305, #784, #1245, #2204 ) ) ;
#300 = EDGE_CURVE ( 'NONE', #2145, #2166, #1384, .T. ) ;
#301 = CYLINDRICAL_SURFACE ( 'NONE', #1627, 2.999999999999999112 ) ;
#302 = CARTESIAN_POINT ( 'NONE',  ( 46.00000000000000711, 0.000000000000000000, -12.95000000000000639 ) ) ;
#303 = CARTESIAN_POINT ( 'NONE',  ( 33.16000000000000369, 28.05000000000081783, -10.65999999999867143 ) ) ;
#304 = CARTESIAN_POINT ( 'NONE',  ( 38.15999999999999659, 15.00000000000005507, -19.86000000000000298 ) ) ;
#305 = VECTOR ( 'NONE', #1213, 1000.000000000000000 ) ;
#306 = DIRECTION ( 'NONE',  ( 1.000000000000000000, 0.000000000000000000, 9.011550524554840736E-17 ) ) ;
#307 = VECTOR ( 'NONE', #296, 1000.000000000000000 ) ;
#308 = VERTEX_POINT ( 'NONE', #1773 ) ;
#309 = EDGE_CURVE ( 'NONE', #774, #2136, #43, .T. ) ;
#310 = DIRECTION ( 'NONE',  ( -1.802310104910968147E-16, 0.000000000000000000, 1.000000000000000000 ) ) ;
#311 = AXIS2_PLACEMENT_3D ( 'NONE', #1262, #1786, #630 ) ;
#312 = ORIENTED_EDGE ( 'NONE', *, *, #681, .T. ) ;
#313 = DIRECTION ( 'NONE',  ( 0.000000000000000000, 0.000000000000000000, -1.000000000000000000 ) ) ;
#314 = EDGE_LOOP ( 'NONE', ( #891, #714, #703, #2111 ) ) ;
#315 = CYLINDRICAL_SURFACE ( 'NONE', #216, 2.950000000000001066 ) ;
#316 = DIRECTION ( 'NONE',  ( -0.000000000000000000, 1.000000000000000000, -0.000000000000000000 ) ) ;
#317 = VECTOR ( 'NONE', #537, 1000.000000000000000 ) ;
#318 = CARTESIAN_POINT ( 'NONE',  ( 46.00000000000000000, 5.000000000000000000, -42.00000000000000000 ) ) ;
#319 = ADVANCED_FACE ( 'NONE', ( #1583 ), #2350, .F. ) ;
#320 = ORIENTED_EDGE ( 'NONE', *, *, #1667, .F. ) ;
#321 = CARTESIAN_POINT ( 'NONE',  ( 3.919999999999875140, 1.080000000000084448, -67.00000000000000000 ) ) ;
#322 = ORIENTED_EDGE ( 'NONE', *, *, #547, .F. ) ;
#323 = CARTESIAN_POINT ( 'NONE',  ( 17.83999999999999986, 27.05000000000081783, -15.25999999999934253 ) ) ;
#324 = ORIENTED_EDGE ( 'NONE', *, *, #1568, .F. ) ;
#325 = LINE ( 'NONE', #1296, #430 ) ;
#326 = ADVANCED_FACE ( 'NONE', ( #1056 ), #1420, .T. ) ;
#327 = ORIENTED_EDGE ( 'NONE', *, *, #1557, .T. ) ;
#328 = DIRECTION ( 'NONE',  ( -0.000000000000000000, -0.000000000000000000, 1.000000000000000000 ) ) ;
#329 = DIRECTION ( 'NONE',  ( 0.000000000000000000, 0.000000000000000000, 1.000000000000000000 ) ) ;
#330 = ADVANCED_FACE ( 'NONE', ( #892 ), #1811, .F. ) ;
#331 = DIRECTION ( 'NONE',  ( -0.7071067811865439090, 0.7071067811865511255, -6.372128484917884800E-17 ) ) ;
#332 = FACE_OUTER_BOUND ( 'NONE', #1090, .T. ) ;
#333 = ORIENTED_EDGE ( 'NONE', *, *, #1242, .T. ) ;
#334 = LINE ( 'NONE', #1685, #2121 ) ;
#335 = EDGE_LOOP ( 'NONE', ( #1429, #494, #2217, #1011 ) ) ;
#336 = DIRECTION ( 'NONE',  ( 0.000000000000000000, 0.000000000000000000, -1.000000000000000000 ) ) ;
#337 = CIRCLE ( 'NONE', #1741, 2.950000000000003730 ) ;
#338 = EDGE_LOOP ( 'NONE', ( #427, #1377, #76, #2024 ) ) ;
#339 = DIRECTION ( 'NONE',  ( 0.000000000000000000, -0.000000000000000000, 1.000000000000000000 ) ) ;
#340 = AXIS2_PLACEMENT_3D ( 'NONE', #2313, #436, #2062 ) ;
#341 = DIRECTION ( 'NONE',  ( -0.000000000000000000, -0.000000000000000000, 1.000000000000000000 ) ) ;
#342 = EDGE_CURVE ( 'NONE', #2215, #181, #1826, .T. ) ;
#343 = CARTESIAN_POINT ( 'NONE',  ( 33.16000000000001080, 25.17157287525380482, -58.97157287525246261 ) ) ;
#344 = CARTESIAN_POINT ( 'NONE',  ( 10.00000000000000355, 0.000000000000000000, -10.00000000000000178 ) ) ;
#345 = VECTOR ( 'NONE', #2107, 1000.000000000000000 ) ;
#346 = VECTOR ( 'NONE', #256, 1000.000000000000000 ) ;
#347 = ORIENTED_EDGE ( 'NONE', *, *, #1313, .T. ) ;
#348 = CARTESIAN_POINT ( 'NONE',  ( 38.16000000000000369, 26.00000000000000355, -57.79999999999865423 ) ) ;
#349 = ORIENTED_EDGE ( 'NONE', *, *, #581, .T. ) ;
#350 = EDGE_CURVE ( 'NONE', #897, #2145, #654, .T. ) ;
#351 = CARTESIAN_POINT ( 'NONE',  ( 86.00000000000000000, 5.000000000000000000, -56.17999999999859995 ) ) ;
#352 = VECTOR ( 'NONE', #1490, 1000.000000000000000 ) ;
#353 = EDGE_LOOP ( 'NONE', ( #2252, #1161 ) ) ;
#354 = CARTESIAN_POINT ( 'NONE',  ( 33.16000000000001080, 26.00000000000000000, -60.31253742548388175 ) ) ;
#355 = CARTESIAN_POINT ( 'NONE',  ( 33.16000000000001080, 22.34314575050761675, -57.79999999999865423 ) ) ;
#356 = ADVANCED_FACE ( 'NONE', ( #1665 ), #1044, .F. ) ;
#357 = VECTOR ( 'NONE', #1982, 1000.000000000000000 ) ;
#358 = PLANE ( 'NONE',  #1141 ) ;
#359 = DIRECTION ( 'NONE',  ( 0.000000000000000000, 0.000000000000000000, -1.000000000000000000 ) ) ;
#360 = AXIS2_PLACEMENT_3D ( 'NONE', #2308, #582, #1353 ) ;
#361 = ORIENTED_EDGE ( 'NONE', *, *, #40, .F. ) ;
#362 = PLANE ( 'NONE',  #786 ) ;
#363 = VERTEX_POINT ( 'NONE', #1274 ) ;
#364 = EDGE_CURVE ( 'NONE', #2042, #622, #669, .T. ) ;
#365 = FACE_OUTER_BOUND ( 'NONE', #372, .T. ) ;
#366 = EDGE_CURVE ( 'NONE', #2006, #1247, #276, .T. ) ;
#367 = ORIENTED_EDGE ( 'NONE', *, *, #157, .F. ) ;
#368 = DIRECTION ( 'NONE',  ( 0.000000000000000000, 1.000000000000000000, 0.000000000000000000 ) ) ;
#369 = CARTESIAN_POINT ( 'NONE',  ( 38.16000000000000369, 23.99999999999999645, -57.79999999999865423 ) ) ;
#370 = DIRECTION ( 'NONE',  ( -0.000000000000000000, -1.000000000000000000, -0.000000000000000000 ) ) ;
#371 = CARTESIAN_POINT ( 'NONE',  ( 0.000000000000000000, 5.000000000000000000, -67.00000000000000000 ) ) ;
#372 = EDGE_LOOP ( 'NONE', ( #1366, #613, #81, #910 ) ) ;
#373 = LINE ( 'NONE', #1503, #352 ) ;
#374 = EDGE_CURVE ( 'NONE', #770, #1446, #979, .T. ) ;
#375 = DIRECTION ( 'NONE',  ( 0.000000000000000000, 0.000000000000000000, -1.000000000000000000 ) ) ;
#376 = CARTESIAN_POINT ( 'NONE',  ( 10.00000000000000000, 5.000000000000000000, -39.05000000000000426 ) ) ;
#377 = DIRECTION ( 'NONE',  ( 1.000000000000000000, -0.000000000000000000, 9.011550524554840736E-17 ) ) ;
#378 = CARTESIAN_POINT ( 'NONE',  ( 22.84000000000000696, 24.45000000000081997, -62.39999999999930225 ) ) ;
#379 = DIRECTION ( 'NONE',  ( 0.000000000000000000, 1.000000000000000000, 0.000000000000000000 ) ) ;
#380 = ORIENTED_EDGE ( 'NONE', *, *, #1808, .T. ) ;
#381 = FACE_OUTER_BOUND ( 'NONE', #1757, .T. ) ;
#382 = EDGE_CURVE ( 'NONE', #774, #897, #475, .T. ) ;
#383 = VECTOR ( 'NONE', #1199, 1000.000000000000114 ) ;
#384 = VECTOR ( 'NONE', #1525, 1000.000000000000000 ) ;
#385 = DIRECTION ( 'NONE',  ( -1.000000000000000000, -0.000000000000000000, -9.011550524554840736E-17 ) ) ;
#386 = VERTEX_POINT ( 'NONE', #2007 ) ;
#387 = DIRECTION ( 'NONE',  ( 0.000000000000000000, 0.000000000000000000, 1.000000000000000000 ) ) ;
#388 = DIRECTION ( 'NONE',  ( 1.802310104910968394E-16, 0.000000000000000000, -1.000000000000000000 ) ) ;
#389 = DIRECTION ( 'NONE',  ( -9.011550524554840736E-17, 0.000000000000000000, 1.000000000000000000 ) ) ;
#390 = EDGE_CURVE ( 'NONE', #917, #287, #853, .T. ) ;
#391 = CIRCLE ( 'NONE', #876, 2.600000000000000089 ) ;
#392 = ORIENTED_EDGE ( 'NONE', *, *, #2478, .T. ) ;
#393 = DIRECTION ( 'NONE',  ( 0.000000000000000000, 0.000000000000000000, 1.000000000000000000 ) ) ;
#394 = PRODUCT ( 'BigNema23 Holder', 'BigNema23 Holder', '', ( #1096 ) ) ;
#395 = ORIENTED_EDGE ( 'NONE', *, *, #1500, .T. ) ;
#396 = LINE ( 'NONE', #1165, #1576 ) ;
#397 = ADVANCED_FACE ( 'NONE', ( #2427 ), #301, .F. ) ;
#398 = ORIENTED_EDGE ( 'NONE', *, *, #2059, .T. ) ;
#399 = DIRECTION ( 'NONE',  ( -1.000000000000000000, 0.000000000000000000, -9.011550524554840736E-17 ) ) ;
#400 = CARTESIAN_POINT ( 'NONE',  ( 38.05333333333341272, 15.05333333333334522, -19.80666666666670750 ) ) ;
#401 = CARTESIAN_POINT ( 'NONE',  ( 38.16000000000000369, 14.99999999999998224, -57.79999999999865423 ) ) ;
#402 = ADVANCED_FACE ( 'NONE', ( #1471 ), #315, .F. ) ;
#403 = ORIENTED_EDGE ( 'NONE', *, *, #1832, .T. ) ;
#404 = PLANE ( 'NONE',  #266 ) ;
#405 = VERTEX_POINT ( 'NONE', #1460 ) ;
#406 = VERTEX_POINT ( 'NONE', #1799 ) ;
#407 = VECTOR ( 'NONE', #966, 1000.000000000000114 ) ;
#408 = CARTESIAN_POINT ( 'NONE',  ( 17.84000000000000341, 24.45000000000081997, -59.79999999999930793 ) ) ;
#409 = VERTEX_POINT ( 'NONE', #880 ) ;
#410 = ADVANCED_FACE ( 'NONE', ( #2404 ), #2232, .F. ) ;
#411 = CARTESIAN_POINT ( 'NONE',  ( 55.99999999999999289, 22.35000000000004761, -38.82999999999857010 ) ) ;
#412 = DIRECTION ( 'NONE',  ( -6.372128484917951360E-17, -0.7071067811865435759, 0.7071067811865513475 ) ) ;
#413 = CARTESIAN_POINT ( 'NONE',  ( 46.00000000000000711, 0.000000000000000000, -10.00000000000000178 ) ) ;
#414 = VECTOR ( 'NONE', #134, 1000.000000000000114 ) ;
#415 = ORIENTED_EDGE ( 'NONE', *, *, #975, .F. ) ;
#416 = FACE_OUTER_BOUND ( 'NONE', #1534, .T. ) ;
#417 = ORIENTED_EDGE ( 'NONE', *, *, #915, .T. ) ;
#418 = LINE ( 'NONE', #1780, #2436 ) ;
#419 = ORIENTED_EDGE ( 'NONE', *, *, #484, .T. ) ;
#420 = AXIS2_PLACEMENT_3D ( 'NONE', #344, #379, #933 ) ;
#421 = FACE_OUTER_BOUND ( 'NONE', #836, .T. ) ;
#422 = ORIENTED_EDGE ( 'NONE', *, *, #573, .T. ) ;
#423 = DIRECTION ( 'NONE',  ( -0.5773502691896316152, -0.5773502691896256200, 0.5773502691896200689 ) ) ;
#424 = CIRCLE ( 'NONE', #1277, 2.599999999999998312 ) ;
#425 = CYLINDRICAL_SURFACE ( 'NONE', #2209, 2.599999999999998312 ) ;
#426 = CARTESIAN_POINT ( 'NONE',  ( 17.84000000000000341, 22.34314575050760965, -19.86000000000000298 ) ) ;
#427 = ORIENTED_EDGE ( 'NONE', *, *, #2114, .T. ) ;
#428 = DIRECTION ( 'NONE',  ( -1.000000000000000000, -0.000000000000000000, -0.000000000000000000 ) ) ;
#429 = ORIENTED_EDGE ( 'NONE', *, *, #2228, .T. ) ;
#430 = VECTOR ( 'NONE', #147, 1000.000000000000000 ) ;
#431 = CARTESIAN_POINT ( 'NONE',  ( 38.15999999999999659, 28.05000000000081783, -10.65999999999867143 ) ) ;
#432 = EDGE_LOOP ( 'NONE', ( #1879, #1732, #874, #1862, #1176, #2462, #1648, #1603, #1698, #1567, #1373, #524 ) ) ;
#433 = ADVANCED_FACE ( 'NONE', ( #1070 ), #2418, .F. ) ;
#434 = DIRECTION ( 'NONE',  ( -0.000000000000000000, -0.7071067811865513475, 0.7071067811865436870 ) ) ;
#435 = VERTEX_POINT ( 'NONE', #125 ) ;
#436 = DIRECTION ( 'NONE',  ( 0.000000000000000000, 0.000000000000000000, -1.000000000000000000 ) ) ;
#437 = CARTESIAN_POINT ( 'NONE',  ( 7.839999999999829328, 5.000000000000000000, -66.99999999999998579 ) ) ;
#438 = CARTESIAN_POINT ( 'NONE',  ( 22.83999999999999986, 24.45000000000081997, -17.85999999999934928 ) ) ;
#439 = ORIENTED_EDGE ( 'NONE', *, *, #2262, .T. ) ;
#440 = PLANE ( 'NONE',  #103 ) ;
#441 = ORIENTED_EDGE ( 'NONE', *, *, #1738, .F. ) ;
#442 = APPLICATION_CONTEXT ( 'automotive_design' ) ;
#443 = ADVANCED_FACE ( 'NONE', ( #839 ), #164, .T. ) ;
#444 = CARTESIAN_POINT ( 'NONE',  ( 22.84000000000000696, 24.45000000000081997, -62.39999999999930225 ) ) ;
#445 = ORIENTED_EDGE ( 'NONE', *, *, #350, .F. ) ;
#446 = CARTESIAN_POINT ( 'NONE',  ( 32.10666666666705282, 21.05333333333319601, -63.85333333333193195 ) ) ;
#447 = ORIENTED_EDGE ( 'NONE', *, *, #585, .F. ) ;
#448 = CARTESIAN_POINT ( 'NONE',  ( 22.84000000000000696, 28.05000000000081783, -62.39999999999930935 ) ) ;
#449 = CARTESIAN_POINT ( 'NONE',  ( 10.00000000000000355, 5.000000000000000000, -10.00000000000000178 ) ) ;
#450 = DIRECTION ( 'NONE',  ( -9.011550524554840736E-17, 0.000000000000000000, 1.000000000000000000 ) ) ;
#451 = ORIENTED_EDGE ( 'NONE', *, *, #1047, .F. ) ;
#452 = DIRECTION ( 'NONE',  ( 0.000000000000000000, -1.000000000000000000, 0.000000000000000000 ) ) ;
#453 = VERTEX_POINT ( 'NONE', #354 ) ;
#454 = VECTOR ( 'NONE', #815, 1000.000000000000000 ) ;
#455 = DIRECTION ( 'NONE',  ( -0.000000000000000000, 0.7071067811865513475, 0.7071067811865436870 ) ) ;
#456 = ORIENTED_EDGE ( 'NONE', *, *, #731, .T. ) ;
#457 = FACE_OUTER_BOUND ( 'NONE', #432, .T. ) ;
#458 = ORIENTED_EDGE ( 'NONE', *, *, #282, .T. ) ;
#459 = CARTESIAN_POINT ( 'NONE',  ( 33.16000000000001080, 22.34314575050761675, -57.79999999999865423 ) ) ;
#460 = CYLINDRICAL_SURFACE ( 'NONE', #1516, 2.999999999999999112 ) ;
#461 = LINE ( 'NONE', #841, #2094 ) ;
#462 = VECTOR ( 'NONE', #2293, 1000.000000000000114 ) ;
#463 = ORIENTED_EDGE ( 'NONE', *, *, #1701, .T. ) ;
#464 = EDGE_CURVE ( 'NONE', #527, #35, #1912, .T. ) ;
#465 = VECTOR ( 'NONE', #2398, 1000.000000000000000 ) ;
#466 = CARTESIAN_POINT ( 'NONE',  ( 17.84000000000000341, 28.05000000000081783, -67.00000000000000000 ) ) ;
#467 = VERTEX_POINT ( 'NONE', #1324 ) ;
#468 = EDGE_CURVE ( 'NONE', #1819, #761, #212, .T. ) ;
#469 = DIRECTION ( 'NONE',  ( 1.000000000000000000, 0.000000000000000000, 0.000000000000000000 ) ) ;
#470 = EDGE_LOOP ( 'NONE', ( #1215, #2026, #496, #247 ) ) ;
#471 = CIRCLE ( 'NONE', #1241, 2.600000000000000089 ) ;
#472 = DIRECTION ( 'NONE',  ( 0.000000000000000000, 0.000000000000000000, 1.000000000000000000 ) ) ;
#473 = CIRCLE ( 'NONE', #1122, 2.599999999999998312 ) ;
#474 = ORIENTED_EDGE ( 'NONE', *, *, #2248, .T. ) ;
#475 = LINE ( 'NONE', #517, #2306 ) ;
#476 = CARTESIAN_POINT ( 'NONE',  ( 38.16000000000000369, 24.45000000000081997, -62.39999999999930225 ) ) ;
#477 = ADVANCED_FACE ( 'NONE', ( #2439 ), #2098, .T. ) ;
#478 = CARTESIAN_POINT ( 'NONE',  ( 17.83999999999999986, 24.45000000000081997, -15.25999999999934786 ) ) ;
#479 = ORIENTED_EDGE ( 'NONE', *, *, #1962, .T. ) ;
#480 = DIRECTION ( 'NONE',  ( 0.000000000000000000, 1.380853839931787043E-15, -1.000000000000000000 ) ) ;
#481 = EDGE_LOOP ( 'NONE', ( #1676, #2415, #2173, #604 ) ) ;
#482 = CARTESIAN_POINT ( 'NONE',  ( 17.84000000000000341, 5.000000000000000000, -29.86000000000003851 ) ) ;
#483 = ORIENTED_EDGE ( 'NONE', *, *, #2212, .T. ) ;
#484 = EDGE_CURVE ( 'NONE', #1171, #491, #337, .T. ) ;
#485 = CARTESIAN_POINT ( 'NONE',  ( 27.12132034355960286, 5.878679656440365164, -48.67867965643892347 ) ) ;
#486 = ORIENTED_EDGE ( 'NONE', *, *, #1482, .T. ) ;
#487 = DIRECTION ( 'NONE',  ( 0.000000000000000000, 0.000000000000000000, 1.000000000000000000 ) ) ;
#488 = CYLINDRICAL_SURFACE ( 'NONE', #311, 2.599999999999998312 ) ;
#489 = CARTESIAN_POINT ( 'NONE',  ( 17.83999999999999986, 28.05000000000081783, -10.65999999999867143 ) ) ;
#490 = EDGE_CURVE ( 'NONE', #2389, #761, #2253, .T. ) ;
#491 = VERTEX_POINT ( 'NONE', #1132 ) ;
#492 = VECTOR ( 'NONE', #692, 1000.000000000000114 ) ;
#493 = CARTESIAN_POINT ( 'NONE',  ( 33.16000000000001080, 24.45000000000081997, -64.99999999999930367 ) ) ;
#494 = ORIENTED_EDGE ( 'NONE', *, *, #667, .F. ) ;
#495 = DIRECTION ( 'NONE',  ( 0.000000000000000000, 0.000000000000000000, -1.000000000000000000 ) ) ;
#496 = ORIENTED_EDGE ( 'NONE', *, *, #1166, .F. ) ;
#497 = VECTOR ( 'NONE', #1694, 1000.000000000000000 ) ;
#498 = CARTESIAN_POINT ( 'NONE',  ( 38.15999999999999659, 27.05000000000081783, -15.25999999999934076 ) ) ;
#499 = ADVANCED_FACE ( 'NONE', ( #1121 ), #1902, .T. ) ;
#500 = ORIENTED_EDGE ( 'NONE', *, *, #962, .F. ) ;
#501 = CARTESIAN_POINT ( 'NONE',  ( 38.15999999999999659, 28.05000000000081783, -10.65999999999867143 ) ) ;
#502 = DIRECTION ( 'NONE',  ( 9.011550524554839504E-17, 1.487873981414445010E-32, -1.000000000000000000 ) ) ;
#503 = DIRECTION ( 'NONE',  ( -9.011550524554840736E-17, 0.000000000000000000, 1.000000000000000000 ) ) ;
#504 = VERTEX_POINT ( 'NONE', #1523 ) ;
#505 = VECTOR ( 'NONE', #293, 1000.000000000000000 ) ;
#506 = PLANE ( 'NONE',  #1187 ) ;
#507 = VECTOR ( 'NONE', #1335, 1000.000000000000000 ) ;
#508 = VERTEX_POINT ( 'NONE', #1875 ) ;
#509 = CARTESIAN_POINT ( 'NONE',  ( 86.00000000000000000, -73.40980860893181159, -67.00000000000000000 ) ) ;
#510 = VECTOR ( 'NONE', #1045, 1000.000000000000000 ) ;
#511 = VERTEX_POINT ( 'NONE', #2277 ) ;
#512 = ADVANCED_FACE ( 'NONE', ( #744 ), #942, .F. ) ;
#513 = DIRECTION ( 'NONE',  ( 0.000000000000000000, 0.000000000000000000, -1.000000000000000000 ) ) ;
#514 = EDGE_CURVE ( 'NONE', #651, #453, #1178, .T. ) ;
#515 = VECTOR ( 'NONE', #1931, 1000.000000000000000 ) ;
#516 = ORIENTED_EDGE ( 'NONE', *, *, #525, .T. ) ;
#517 = CARTESIAN_POINT ( 'NONE',  ( 17.84000000000000341, 22.34314575050761675, -57.79999999999865423 ) ) ;
#518 = LINE ( 'NONE', #745, #1546 ) ;
#519 =( NAMED_UNIT ( * ) SI_UNIT ( $, .STERADIAN. ) SOLID_ANGLE_UNIT ( ) );
#520 = CARTESIAN_POINT ( 'NONE',  ( 17.83999999999999986, 28.05000000000081783, -10.65999999999867143 ) ) ;
#521 = CARTESIAN_POINT ( 'NONE',  ( 17.84000000000000341, 28.05000000000081783, -67.00000000000000000 ) ) ;
#522 = ORIENTED_EDGE ( 'NONE', *, *, #1842, .T. ) ;
#523 = CARTESIAN_POINT ( 'NONE',  ( 38.16000000000000369, 26.00000000000000000, -60.31253742548388175 ) ) ;
#524 = ORIENTED_EDGE ( 'NONE', *, *, #1851, .T. ) ;
#525 = EDGE_CURVE ( 'NONE', #1652, #2434, #954, .T. ) ;
#526 = DIRECTION ( 'NONE',  ( -1.000000000000000000, -0.000000000000000000, -9.011550524554840736E-17 ) ) ;
#527 = VERTEX_POINT ( 'NONE', #765 ) ;
#528 = CARTESIAN_POINT ( 'NONE',  ( 17.83999999999999986, 28.05000000000081783, -15.25999999999934253 ) ) ;
#529 = SURFACE_STYLE_FILL_AREA ( #1892 ) ;
#530 = DIRECTION ( 'NONE',  ( -0.000000000000000000, -1.380853839931787241E-15, 1.000000000000000000 ) ) ;
#531 = CARTESIAN_POINT ( 'NONE',  ( 33.16000000000000369, 28.05000000000081783, -15.25999999999934076 ) ) ;
#532 = CARTESIAN_POINT ( 'NONE',  ( 17.84000000000000341, 26.00000000000000000, -60.31253742548388175 ) ) ;
#533 = EDGE_CURVE ( 'NONE', #467, #608, #1143, .T. ) ;
#534 = VERTEX_POINT ( 'NONE', #2483 ) ;
#535 = FACE_OUTER_BOUND ( 'NONE', #2345, .T. ) ;
#536 = ORIENTED_EDGE ( 'NONE', *, *, #757, .T. ) ;
#537 = DIRECTION ( 'NONE',  ( -9.011550524554840736E-17, 0.000000000000000000, 1.000000000000000000 ) ) ;
#538 = VECTOR ( 'NONE', #2264, 1000.000000000000000 ) ;
#539 = ADVANCED_FACE ( 'NONE', ( #1713 ), #1532, .T. ) ;
#540 = ORIENTED_EDGE ( 'NONE', *, *, #885, .F. ) ;
#541 = CARTESIAN_POINT ( 'NONE',  ( 46.00000000000000711, 5.000000000000000000, -10.00000000000000178 ) ) ;
#542 = AXIS2_PLACEMENT_3D ( 'NONE', #1763, #224, #776 ) ;
#543 = CARTESIAN_POINT ( 'NONE',  ( 10.00000000000000355, 5.000000000000000000, -7.050000000000003375 ) ) ;
#544 = FACE_OUTER_BOUND ( 'NONE', #1507, .T. ) ;
#545 = CARTESIAN_POINT ( 'NONE',  ( 22.84000000000000696, 27.05000000000081783, -62.39999999999930935 ) ) ;
#546 = LINE ( 'NONE', #180, #1914 ) ;
#547 = EDGE_CURVE ( 'NONE', #2413, #2139, #1310, .T. ) ;
#548 = VECTOR ( 'NONE', #2474, 1000.000000000000114 ) ;
#549 = VECTOR ( 'NONE', #24, 1000.000000000000000 ) ;
#550 = ORIENTED_EDGE ( 'NONE', *, *, #73, .T. ) ;
#551 = DIRECTION ( 'NONE',  ( 1.000000000000000000, 0.000000000000000000, 9.011550524554840736E-17 ) ) ;
#552 = DIRECTION ( 'NONE',  ( 1.000000000000000000, 0.000000000000000000, -0.000000000000000000 ) ) ;
#553 = EDGE_LOOP ( 'NONE', ( #1180, #1101, #1999, #540 ) ) ;
#554 = CARTESIAN_POINT ( 'NONE',  ( 86.00000000000000000, 5.000000000000000000, -67.00000000000000000 ) ) ;
#555 = FACE_OUTER_BOUND ( 'NONE', #1928, .T. ) ;
#556 = EDGE_CURVE ( 'NONE', #504, #2330, #574, .T. ) ;
#557 = AXIS2_PLACEMENT_3D ( 'NONE', #1140, #1308, #1321 ) ;
#558 = VECTOR ( 'NONE', #1707, 1000.000000000000000 ) ;
#559 = DIRECTION ( 'NONE',  ( 1.000000000000000000, 0.000000000000000000, 9.011550524554840736E-17 ) ) ;
#560 = DIRECTION ( 'NONE',  ( 0.000000000000000000, -1.000000000000000000, -3.010366118831662638E-16 ) ) ;
#561 = VECTOR ( 'NONE', #412, 1000.000000000000114 ) ;
#562 = ORIENTED_EDGE ( 'NONE', *, *, #57, .T. ) ;
#563 = DIRECTION ( 'NONE',  ( 0.000000000000000000, 1.000000000000000000, 0.000000000000000000 ) ) ;
#564 = ORIENTED_EDGE ( 'NONE', *, *, #1126, .T. ) ;
#565 = CARTESIAN_POINT ( 'NONE',  ( 33.16000000000000369, 24.45000000000081997, -15.25999999999934786 ) ) ;
#566 = DIRECTION ( 'NONE',  ( 0.7071067811865513475, 0.7071067811865435759, -0.000000000000000000 ) ) ;
#567 = DIRECTION ( 'NONE',  ( 1.000000000000000000, 0.000000000000000000, 9.011550524554840736E-17 ) ) ;
#568 = DIRECTION ( 'NONE',  ( -0.000000000000000000, -1.000000000000000000, -0.000000000000000000 ) ) ;
#569 = DIRECTION ( 'NONE',  ( -0.000000000000000000, -1.000000000000000000, -0.000000000000000000 ) ) ;
#570 = EDGE_CURVE ( 'NONE', #2385, #2467, #1094, .T. ) ;
#571 = ORIENTED_EDGE ( 'NONE', *, *, #1451, .T. ) ;
#572 = PLANE ( 'NONE',  #1679 ) ;
#573 = EDGE_CURVE ( 'NONE', #2434, #2312, #903, .T. ) ;
#574 = LINE ( 'NONE', #2452, #92 ) ;
#575 = EDGE_LOOP ( 'NONE', ( #219, #2324, #2231, #1043 ) ) ;
#576 = VECTOR ( 'NONE', #2390, 1000.000000000000114 ) ;
#577 = LINE ( 'NONE', #2077, #1231 ) ;
#578 = PLANE ( 'NONE',  #2125 ) ;
#579 = ORIENTED_EDGE ( 'NONE', *, *, #1253, .T. ) ;
#580 = DIRECTION ( 'NONE',  ( -1.000000000000000000, -0.000000000000000000, -9.011550524554840736E-17 ) ) ;
#581 = EDGE_CURVE ( 'NONE', #978, #1539, #2386, .T. ) ;
#582 = DIRECTION ( 'NONE',  ( -1.244363414557087598E-31, -1.000000000000000000, 1.380853839931788818E-15 ) ) ;
#583 = EDGE_LOOP ( 'NONE', ( #1784, #398, #42, #441 ) ) ;
#584 = AXIS2_PLACEMENT_3D ( 'NONE', #2424, #1282, #2249 ) ;
#585 = EDGE_CURVE ( 'NONE', #608, #35, #977, .T. ) ;
#586 = LINE ( 'NONE', #610, #1820 ) ;
#587 = AXIS2_PLACEMENT_3D ( 'NONE', #827, #1993, #1370 ) ;
#588 = ORIENTED_EDGE ( 'NONE', *, *, #915, .F. ) ;
#589 = CARTESIAN_POINT ( 'NONE',  ( 22.84000000000000696, 28.05000000000081783, -67.00000000000000000 ) ) ;
#590 = CARTESIAN_POINT ( 'NONE',  ( 33.16000000000001080, 14.99999999999998579, -57.79999999999865423 ) ) ;
#591 = CARTESIAN_POINT ( 'NONE',  ( 17.84000000000000341, 25.17157287525380838, -58.97157287525246261 ) ) ;
#592 = EDGE_CURVE ( 'NONE', #2489, #504, #1581, .T. ) ;
#593 = VECTOR ( 'NONE', #192, 1000.000000000000000 ) ;
#594 = EDGE_LOOP ( 'NONE', ( #145, #972 ) ) ;
#595 = DIRECTION ( 'NONE',  ( 0.000000000000000000, 0.000000000000000000, 1.000000000000000000 ) ) ;
#596 = ORIENTED_EDGE ( 'NONE', *, *, #1405, .F. ) ;
#597 = ORIENTED_EDGE ( 'NONE', *, *, #1531, .F. ) ;
#598 = ADVANCED_FACE ( 'NONE', ( #421 ), #2164, .F. ) ;
#599 = DIRECTION ( 'NONE',  ( -0.000000000000000000, -1.000000000000000000, 0.000000000000000000 ) ) ;
#600 = EDGE_LOOP ( 'NONE', ( #1108, #1267, #749, #429, #1002, #403, #1198, #4, #1355, #417, #1560, #333, #1417 ) ) ;
#601 = CYLINDRICAL_SURFACE ( 'NONE', #587, 2.599999999999998312 ) ;
#602 = LINE ( 'NONE', #1338, #156 ) ;
#603 = CARTESIAN_POINT ( 'NONE',  ( 10.00000000000000000, 5.000000000000000000, -44.95000000000000284 ) ) ;
#604 = ORIENTED_EDGE ( 'NONE', *, *, #88, .F. ) ;
#605 = DIRECTION ( 'NONE',  ( -1.000000000000000000, -0.000000000000000000, -0.000000000000000000 ) ) ;
#606 = ORIENTED_EDGE ( 'NONE', *, *, #1872, .F. ) ;
#607 = DIRECTION ( 'NONE',  ( -1.000000000000000000, 0.000000000000000000, -9.011550524554840736E-17 ) ) ;
#608 = VERTEX_POINT ( 'NONE', #800 ) ;
#609 = AXIS2_PLACEMENT_3D ( 'NONE', #1230, #652, #1608 ) ;
#610 = CARTESIAN_POINT ( 'NONE',  ( 33.16000000000000369, 26.00000000000000000, -17.85999999999999943 ) ) ;
#611 = EDGE_CURVE ( 'NONE', #1890, #822, #850, .T. ) ;
#612 = VECTOR ( 'NONE', #1628, 1000.000000000000000 ) ;
#613 = ORIENTED_EDGE ( 'NONE', *, *, #1932, .T. ) ;
#614 = CARTESIAN_POINT ( 'NONE',  ( 17.83999999999999986, 24.45000000000081997, -15.25999999999934786 ) ) ;
#615 = CARTESIAN_POINT ( 'NONE',  ( 17.83999999999999986, 5.000000000000000000, -10.65999999999867853 ) ) ;
#616 = DIRECTION ( 'NONE',  ( 0.000000000000000000, 0.000000000000000000, 1.000000000000000000 ) ) ;
#617 = VECTOR ( 'NONE', #1705, 1000.000000000000000 ) ;
#618 = ORIENTED_EDGE ( 'NONE', *, *, #813, .F. ) ;
#619 = ADVANCED_FACE ( 'NONE', ( #222 ), #1978, .F. ) ;
#620 = CARTESIAN_POINT ( 'NONE',  ( 17.83999999999999986, 26.00000000000000000, -17.85999999999999943 ) ) ;
#621 = EDGE_CURVE ( 'NONE', #435, #64, #2322, .T. ) ;
#622 = VERTEX_POINT ( 'NONE', #1015 ) ;
#623 = LINE ( 'NONE', #1578, #345 ) ;
#624 = ORIENTED_EDGE ( 'NONE', *, *, #1667, .T. ) ;
#625 = AXIS2_PLACEMENT_3D ( 'NONE', #1895, #1695, #2477 ) ;
#626 = CARTESIAN_POINT ( 'NONE',  ( 86.00000000000000000, 19.10000000000010090, -35.57999999999865537 ) ) ;
#627 = VECTOR ( 'NONE', #469, 1000.000000000000000 ) ;
#628 = ORIENTED_EDGE ( 'NONE', *, *, #1301, .F. ) ;
#629 = CARTESIAN_POINT ( 'NONE',  ( 22.83999999999999986, 15.00000000000005151, -10.65999999999867498 ) ) ;
#630 = DIRECTION ( 'NONE',  ( 0.000000000000000000, 0.000000000000000000, 1.000000000000000000 ) ) ;
#631 = CARTESIAN_POINT ( 'NONE',  ( 38.16000000000000369, 26.00000000000000355, -57.79999999999865423 ) ) ;
#632 = EDGE_CURVE ( 'NONE', #2368, #435, #1964, .T. ) ;
#633 = ORIENTED_EDGE ( 'NONE', *, *, #185, .T. ) ;
#634 = CARTESIAN_POINT ( 'NONE',  ( 0.000000000000000000, 5.000000000000000000, -67.00000000000000000 ) ) ;
#635 = VECTOR ( 'NONE', #1361, 1000.000000000000000 ) ;
#636 = ORIENTED_EDGE ( 'NONE', *, *, #1138, .T. ) ;
#637 = AXIS2_PLACEMENT_3D ( 'NONE', #729, #718, #336 ) ;
#638 = LINE ( 'NONE', #1203, #2045 ) ;
#639 = ORIENTED_EDGE ( 'NONE', *, *, #688, .F. ) ;
#640 = CARTESIAN_POINT ( 'NONE',  ( 17.84000000000000341, 26.00000000000000000, -60.31253742548388175 ) ) ;
#641 = ADVANCED_FACE ( 'NONE', ( #1394 ), #1733, .F. ) ;
#642 = VERTEX_POINT ( 'NONE', #1936 ) ;
#643 = CARTESIAN_POINT ( 'NONE',  ( 38.16000000000000369, 28.05000000000081783, -62.39999999999930935 ) ) ;
#644 = LINE ( 'NONE', #2179, #828 ) ;
#645 = FACE_OUTER_BOUND ( 'NONE', #1260, .T. ) ;
#646 = ORIENTED_EDGE ( 'NONE', *, *, #62, .F. ) ;
#647 = CARTESIAN_POINT ( 'NONE',  ( 17.84000000000000341, 26.00000000000000000, -60.31253742548388175 ) ) ;
#648 = EDGE_CURVE ( 'NONE', #2097, #181, #2347, .T. ) ;
#649 = ORIENTED_EDGE ( 'NONE', *, *, #533, .T. ) ;
#650 = DIRECTION ( 'NONE',  ( 1.000000000000000000, -0.000000000000000000, 9.011550524554840736E-17 ) ) ;
#651 = VERTEX_POINT ( 'NONE', #2115 ) ;
#652 = DIRECTION ( 'NONE',  ( 0.000000000000000000, -1.000000000000000000, 0.000000000000000000 ) ) ;
#653 = ORIENTED_EDGE ( 'NONE', *, *, #1080, .T. ) ;
#654 = LINE ( 'NONE', #1287, #2188 ) ;
#655 = DIRECTION ( 'NONE',  ( -0.000000000000000000, -0.000000000000000000, 1.000000000000000000 ) ) ;
#656 = DIRECTION ( 'NONE',  ( 0.000000000000000000, -1.000000000000000000, 0.000000000000000000 ) ) ;
#657 = CARTESIAN_POINT ( 'NONE',  ( 86.00000000000000000, 5.000000000000000000, -21.47999999999870724 ) ) ;
#658 = VECTOR ( 'NONE', #1782, 1000.000000000000000 ) ;
#659 = CARTESIAN_POINT ( 'NONE',  ( 2.690848986632079965E-15, 5.000000000000000000, -29.86000000000005272 ) ) ;
#660 = ORIENTED_EDGE ( 'NONE', *, *, #163, .T. ) ;
#661 = AXIS2_PLACEMENT_3D ( 'NONE', #2020, #1624, #695 ) ;
#662 = DIRECTION ( 'NONE',  ( -0.000000000000000000, -1.380853839931787241E-15, 1.000000000000000000 ) ) ;
#663 = VERTEX_POINT ( 'NONE', #1155 ) ;
#664 = EDGE_CURVE ( 'NONE', #1768, #663, #1192, .T. ) ;
#665 = VECTOR ( 'NONE', #1023, 1000.000000000000000 ) ;
#666 = VECTOR ( 'NONE', #699, 1000.000000000000000 ) ;
#667 = EDGE_CURVE ( 'NONE', #1478, #2145, #3, .T. ) ;
#668 = EDGE_LOOP ( 'NONE', ( #2363, #2067 ) ) ;
#669 = LINE ( 'NONE', #82, #1102 ) ;
#670 = CARTESIAN_POINT ( 'NONE',  ( 0.000000000000000000, 5.000000000000000000, 0.000000000000000000 ) ) ;
#671 = LINE ( 'NONE', #2037, #153 ) ;
#672 = ORIENTED_EDGE ( 'NONE', *, *, #1218, .T. ) ;
#673 = AXIS2_PLACEMENT_3D ( 'NONE', #1330, #1883, #1530 ) ;
#674 = FACE_BOUND ( 'NONE', #988, .T. ) ;
#675 = ORIENTED_EDGE ( 'NONE', *, *, #611, .T. ) ;
#676 = LINE ( 'NONE', #715, #307 ) ;
#677 = ORIENTED_EDGE ( 'NONE', *, *, #2408, .F. ) ;
#678 = VECTOR ( 'NONE', #697, 1000.000000000000000 ) ;
#679 = FACE_BOUND ( 'NONE', #1803, .T. ) ;
#680 = VECTOR ( 'NONE', #994, 1000.000000000000000 ) ;
#681 = EDGE_CURVE ( 'NONE', #386, #1307, #586, .T. ) ;
#682 = ORIENTED_EDGE ( 'NONE', *, *, #1206, .F. ) ;
#683 = DIRECTION ( 'NONE',  ( 9.011550524554840736E-17, 0.000000000000000000, -1.000000000000000000 ) ) ;
#684 = CARTESIAN_POINT ( 'NONE',  ( 38.16000000000000369, 24.45000000000081997, -62.39999999999930225 ) ) ;
#685 = CARTESIAN_POINT ( 'NONE',  ( 17.84000000000000341, 24.45000000000081997, -64.99999999999930367 ) ) ;
#686 = ORIENTED_EDGE ( 'NONE', *, *, #163, .F. ) ;
#687 = DIRECTION ( 'NONE',  ( -0.000000000000000000, 1.000000000000000000, -0.000000000000000000 ) ) ;
#688 = EDGE_CURVE ( 'NONE', #1896, #2048, #1497, .T. ) ;
#689 = ORIENTED_EDGE ( 'NONE', *, *, #238, .F. ) ;
#690 = FACE_OUTER_BOUND ( 'NONE', #992, .T. ) ;
#691 = VERTEX_POINT ( 'NONE', #2128 ) ;
#692 = DIRECTION ( 'NONE',  ( -6.372128484917916847E-17, -0.7071067811865474617, 0.7071067811865474617 ) ) ;
#693 = EDGE_LOOP ( 'NONE', ( #1607, #2237, #1345, #646 ) ) ;
#694 = EDGE_CURVE ( 'NONE', #181, #2385, #396, .T. ) ;
#695 = DIRECTION ( 'NONE',  ( 0.000000000000000000, 0.000000000000000000, 1.000000000000000000 ) ) ;
#696 = CARTESIAN_POINT ( 'NONE',  ( 25.87867965644034740, 7.121320343559651711, -67.00000000000000000 ) ) ;
#697 = DIRECTION ( 'NONE',  ( 1.000000000000000000, -0.000000000000000000, 9.011550524554840736E-17 ) ) ;
#698 = ORIENTED_EDGE ( 'NONE', *, *, #282, .F. ) ;
#699 = DIRECTION ( 'NONE',  ( 0.000000000000000000, 1.000000000000000000, 0.000000000000000000 ) ) ;
#700 = EDGE_CURVE ( 'NONE', #1579, #1817, #1558, .T. ) ;
#701 = VERTEX_POINT ( 'NONE', #408 ) ;
#702 = CARTESIAN_POINT ( 'NONE',  ( 0.000000000000000000, 5.000000000000000000, 0.000000000000000000 ) ) ;
#703 = ORIENTED_EDGE ( 'NONE', *, *, #632, .T. ) ;
#704 = LINE ( 'NONE', #901, #1081 ) ;
#705 = ORIENTED_EDGE ( 'NONE', *, *, #1368, .F. ) ;
#706 = DIRECTION ( 'NONE',  ( 1.000000000000000000, -0.000000000000000000, 9.011550524554840736E-17 ) ) ;
#707 = DIRECTION ( 'NONE',  ( 1.000000000000000000, -6.162975822039154730E-33, 9.011550524554840736E-17 ) ) ;
#708 = PLANE ( 'NONE',  #1480 ) ;
#709 = ORIENTED_EDGE ( 'NONE', *, *, #720, .F. ) ;
#710 = AXIS2_PLACEMENT_3D ( 'NONE', #946, #1111, #2294 ) ;
#711 = LINE ( 'NONE', #1303, #996 ) ;
#712 = EDGE_CURVE ( 'NONE', #1768, #1908, #1179, .T. ) ;
#713 = CIRCLE ( 'NONE', #990, 2.599999999999998312 ) ;
#714 = ORIENTED_EDGE ( 'NONE', *, *, #1041, .F. ) ;
#715 = CARTESIAN_POINT ( 'NONE',  ( 33.16000000000000369, 25.17157287525379061, -18.68842712474620171 ) ) ;
#716 = ORIENTED_EDGE ( 'NONE', *, *, #782, .T. ) ;
#717 = AXIS2_PLACEMENT_3D ( 'NONE', #1562, #1396, #2325 ) ;
#718 = DIRECTION ( 'NONE',  ( -1.000000000000000000, 0.000000000000000000, -9.011550524554840736E-17 ) ) ;
#719 = ORIENTED_EDGE ( 'NONE', *, *, #109, .T. ) ;
#720 = EDGE_CURVE ( 'NONE', #9, #162, #1246, .T. ) ;
#721 = DIRECTION ( 'NONE',  ( 0.000000000000000000, 0.000000000000000000, 1.000000000000000000 ) ) ;
#722 = CARTESIAN_POINT ( 'NONE',  ( 38.15999999999999659, 26.00000000000000355, -19.86000000000000298 ) ) ;
#723 = DIRECTION ( 'NONE',  ( 0.000000000000000000, 0.7071067811865436870, 0.7071067811865513475 ) ) ;
#724 = DIRECTION ( 'NONE',  ( -1.000000000000000000, 0.000000000000000000, -9.011550524554840736E-17 ) ) ;
#725 = CARTESIAN_POINT ( 'NONE',  ( 17.84000000000000341, 22.34314575050761675, -61.79999999999864713 ) ) ;
#726 = ORIENTED_EDGE ( 'NONE', *, *, #1281, .T. ) ;
#727 = DIRECTION ( 'NONE',  ( 0.000000000000000000, 0.000000000000000000, 1.000000000000000000 ) ) ;
#728 = EDGE_LOOP ( 'NONE', ( #799, #1684, #1386, #705 ) ) ;
#729 = CARTESIAN_POINT ( 'NONE',  ( 22.83999999999999986, 24.45000000000081997, -15.25999999999934786 ) ) ;
#730 = ORIENTED_EDGE ( 'NONE', *, *, #893, .F. ) ;
#731 = EDGE_CURVE ( 'NONE', #1817, #997, #1026, .T. ) ;
#732 = CARTESIAN_POINT ( 'NONE',  ( 33.16000000000001080, 28.05000000000081783, -66.99999999999998579 ) ) ;
#733 = PLANE ( 'NONE',  #1106 ) ;
#734 = CARTESIAN_POINT ( 'NONE',  ( 17.84000000000000341, 28.05000000000081783, -67.00000000000000000 ) ) ;
#735 = CARTESIAN_POINT ( 'NONE',  ( 38.15999999999999659, 27.05000000000081783, -15.25999999999934076 ) ) ;
#736 = VECTOR ( 'NONE', #1270, 1000.000000000000000 ) ;
#737 = ORIENTED_EDGE ( 'NONE', *, *, #2295, .F. ) ;
#738 = DIRECTION ( 'NONE',  ( 0.7071067811865439090, -0.7071067811865512365, -0.000000000000000000 ) ) ;
#739 = ORIENTED_EDGE ( 'NONE', *, *, #1479, .T. ) ;
#740 = DIRECTION ( 'NONE',  ( 0.000000000000000000, 0.000000000000000000, 1.000000000000000000 ) ) ;
#741 = AXIS2_PLACEMENT_3D ( 'NONE', #541, #187, #2290 ) ;
#742 = EDGE_CURVE ( 'NONE', #96, #642, #286, .T. ) ;
#743 = VERTEX_POINT ( 'NONE', #1990 ) ;
#744 = FACE_OUTER_BOUND ( 'NONE', #1474, .T. ) ;
#745 = CARTESIAN_POINT ( 'NONE',  ( 17.83999999999999986, 28.05000000000081783, -10.65999999999867143 ) ) ;
#746 = FACE_OUTER_BOUND ( 'NONE', #1959, .T. ) ;
#747 = CARTESIAN_POINT ( 'NONE',  ( 25.87867965644033319, 7.121320343559657040, -2.781320343558359109 ) ) ;
#748 = VECTOR ( 'NONE', #1454, 1000.000000000000000 ) ;
#749 = ORIENTED_EDGE ( 'NONE', *, *, #1092, .T. ) ;
#750 = ADVANCED_FACE ( 'NONE', ( #260 ), #110, .F. ) ;
#751 = CARTESIAN_POINT ( 'NONE',  ( 10.00000000000000355, 0.000000000000000000, -12.94999999999999929 ) ) ;
#752 = VERTEX_POINT ( 'NONE', #298 ) ;
#753 = AXIS2_PLACEMENT_3D ( 'NONE', #449, #2405, #840 ) ;
#754 = DIRECTION ( 'NONE',  ( -1.000000000000000000, -0.000000000000000000, -9.011550524554840736E-17 ) ) ;
#755 = DIRECTION ( 'NONE',  ( 9.011550524554840736E-17, 0.000000000000000000, -1.000000000000000000 ) ) ;
#756 = DIRECTION ( 'NONE',  ( -0.000000000000000000, -1.000000000000000000, -0.000000000000000000 ) ) ;
#757 = EDGE_CURVE ( 'NONE', #435, #228, #2261, .T. ) ;
#758 = AXIS2_PLACEMENT_3D ( 'NONE', #1065, #849, #1431 ) ;
#759 = DIRECTION ( 'NONE',  ( 0.000000000000000000, 0.000000000000000000, 1.000000000000000000 ) ) ;
#760 = LINE ( 'NONE', #2110, #2321 ) ;
#761 = VERTEX_POINT ( 'NONE', #2187 ) ;
#762 = CARTESIAN_POINT ( 'NONE',  ( 17.84000000000000341, 22.34314575050760965, -15.86000000000000298 ) ) ;
#763 = ADVANCED_FACE ( 'NONE', ( #274, #2004, #2402, #1796, #679, #457 ), #837, .F. ) ;
#764 = AXIS2_PLACEMENT_3D ( 'NONE', #1289, #2279, #2064 ) ;
#765 = CARTESIAN_POINT ( 'NONE',  ( 86.00000000000000000, 5.000000000000000000, -8.497694209043071136E-31 ) ) ;
#766 = DIRECTION ( 'NONE',  ( 9.011550524554840736E-17, 0.000000000000000000, -1.000000000000000000 ) ) ;
#767 = DIRECTION ( 'NONE',  ( -1.000000000000000000, 0.000000000000000000, -9.011550524554840736E-17 ) ) ;
#768 = CARTESIAN_POINT ( 'NONE',  ( 33.16000000000000369, 22.34314575050760965, -15.86000000000000298 ) ) ;
#769 = DIRECTION ( 'NONE',  ( 0.000000000000000000, 1.000000000000000000, 0.000000000000000000 ) ) ;
#770 = VERTEX_POINT ( 'NONE', #1082 ) ;
#771 = CARTESIAN_POINT ( 'NONE',  ( 38.15999999999999659, 28.05000000000081783, -15.25999999999934076 ) ) ;
#772 = EDGE_CURVE ( 'NONE', #1686, #2348, #1823, .T. ) ;
#773 = CARTESIAN_POINT ( 'NONE',  ( 17.84000000000000341, 24.45000000000081997, -62.39999999999930225 ) ) ;
#774 = VERTEX_POINT ( 'NONE', #2044 ) ;
#775 = AXIS2_PLACEMENT_3D ( 'NONE', #2243, #2035, #487 ) ;
#776 = DIRECTION ( 'NONE',  ( 0.000000000000000000, 0.000000000000000000, 1.000000000000000000 ) ) ;
#777 = CARTESIAN_POINT ( 'NONE',  ( 22.83999999999999986, 26.00000000000000000, -17.34746257451476836 ) ) ;
#778 = CARTESIAN_POINT ( 'NONE',  ( 17.84000000000000341, 26.00000000000000355, -57.79999999999865423 ) ) ;
#779 = ORIENTED_EDGE ( 'NONE', *, *, #1865, .T. ) ;
#780 = DIRECTION ( 'NONE',  ( 0.000000000000000000, -1.734723475976805517E-15, 1.000000000000000000 ) ) ;
#781 =( GEOMETRIC_REPRESENTATION_CONTEXT ( 3 ) GLOBAL_UNCERTAINTY_ASSIGNED_CONTEXT ( ( #2071 ) ) GLOBAL_UNIT_ASSIGNED_CONTEXT ( ( #2440, #1854, #1692 ) ) REPRESENTATION_CONTEXT ( 'NONE', 'WORKASPACE' ) );
#782 = EDGE_CURVE ( 'NONE', #987, #108, #79, .T. ) ;
#783 = EDGE_LOOP ( 'NONE', ( #239, #1251, #25, #214 ) ) ;
#784 = ORIENTED_EDGE ( 'NONE', *, *, #1066, .T. ) ;
#785 = CIRCLE ( 'NONE', #2198, 4.000000000000003553 ) ;
#786 = AXIS2_PLACEMENT_3D ( 'NONE', #144, #2283, #1151 ) ;
#787 = DIRECTION ( 'NONE',  ( -1.000000000000000000, -0.000000000000000000, -9.011550524554840736E-17 ) ) ;
#788 = ADVANCED_FACE ( 'NONE', ( #2216 ), #862, .F. ) ;
#789 = ORIENTED_EDGE ( 'NONE', *, *, #1821, .F. ) ;
#790 = CARTESIAN_POINT ( 'NONE',  ( 17.83999999999999986, 26.00000000000000000, -17.34746257451476836 ) ) ;
#791 = FACE_OUTER_BOUND ( 'NONE', #2149, .T. ) ;
#792 = FACE_OUTER_BOUND ( 'NONE', #1858, .T. ) ;
#793 = AXIS2_PLACEMENT_3D ( 'NONE', #725, #1008, #242 ) ;
#794 = ORIENTED_EDGE ( 'NONE', *, *, #533, .F. ) ;
#795 = CARTESIAN_POINT ( 'NONE',  ( 38.16000000000000369, 28.05000000000081783, -66.99999999999998579 ) ) ;
#796 = VECTOR ( 'NONE', #1548, 1000.000000000000000 ) ;
#797 = EDGE_CURVE ( 'NONE', #2467, #774, #2285, .T. ) ;
#798 = ORIENTED_EDGE ( 'NONE', *, *, #366, .F. ) ;
#799 = ORIENTED_EDGE ( 'NONE', *, *, #782, .F. ) ;
#800 = CARTESIAN_POINT ( 'NONE',  ( 86.00000000000000000, 19.09999999999999787, -35.57999999999865537 ) ) ;
#801 = EDGE_CURVE ( 'NONE', #1323, #1079, #1211, .T. ) ;
#802 = ORIENTED_EDGE ( 'NONE', *, *, #1061, .T. ) ;
#803 = FACE_OUTER_BOUND ( 'NONE', #1177, .T. ) ;
#804 = CARTESIAN_POINT ( 'NONE',  ( 17.84000000000000341, 28.05000000000081783, -62.39999999999930935 ) ) ;
#805 = DIRECTION ( 'NONE',  ( -1.000000000000000000, 0.000000000000000000, -9.011550524554840736E-17 ) ) ;
#806 = EDGE_CURVE ( 'NONE', #2185, #2300, #1258, .T. ) ;
#807 = ORIENTED_EDGE ( 'NONE', *, *, #688, .T. ) ;
#808 = CARTESIAN_POINT ( 'NONE',  ( 17.84000000000000341, 28.05000000000081783, -62.39999999999930935 ) ) ;
#809 = ORIENTED_EDGE ( 'NONE', *, *, #1983, .T. ) ;
#810 = CARTESIAN_POINT ( 'NONE',  ( 86.00000000000000000, 0.000000000000000000, -67.00000000000000000 ) ) ;
#811 = AXIS2_PLACEMENT_3D ( 'NONE', #1569, #385, #41 ) ;
#812 = CARTESIAN_POINT ( 'NONE',  ( 17.84000000000000341, 27.05000000000081783, -62.39999999999930935 ) ) ;
#813 = EDGE_CURVE ( 'NONE', #1838, #1153, #1522, .T. ) ;
#814 = ORIENTED_EDGE ( 'NONE', *, *, #1886, .T. ) ;
#815 = DIRECTION ( 'NONE',  ( -0.000000000000000000, -1.000000000000000000, 0.000000000000000000 ) ) ;
#816 = FACE_OUTER_BOUND ( 'NONE', #470, .T. ) ;
#817 = VECTOR ( 'NONE', #252, 1000.000000000000000 ) ;
#818 = EDGE_LOOP ( 'NONE', ( #698, #2341, #2332, #1034 ) ) ;
#819 = FACE_OUTER_BOUND ( 'NONE', #1921, .T. ) ;
#820 = EDGE_LOOP ( 'NONE', ( #536, #1465, #686, #1016 ) ) ;
#821 = LINE ( 'NONE', #1960, #507 ) ;
#822 = VERTEX_POINT ( 'NONE', #498 ) ;
#823 = AXIS2_PLACEMENT_3D ( 'NONE', #1136, #1728, #2090 ) ;
#824 = DIRECTION ( 'NONE',  ( -0.000000000000000000, -1.000000000000000000, -0.000000000000000000 ) ) ;
#825 = ORIENTED_EDGE ( 'NONE', *, *, #592, .F. ) ;
#826 = ADVANCED_FACE ( 'NONE', ( #890 ), #1219, .F. ) ;
#827 = CARTESIAN_POINT ( 'NONE',  ( 38.15999999999999659, 24.45000000000081997, -15.25999999999934786 ) ) ;
#828 = VECTOR ( 'NONE', #1223, 1000.000000000000000 ) ;
#829 = LINE ( 'NONE', #1598, #189 ) ;
#830 = DIRECTION ( 'NONE',  ( 0.000000000000000000, -1.000000000000000000, -3.010366118831662638E-16 ) ) ;
#831 = ORIENTED_EDGE ( 'NONE', *, *, #1242, .F. ) ;
#832 = LINE ( 'NONE', #1566, #346 ) ;
#833 = AXIS2_PLACEMENT_3D ( 'NONE', #478, #278, #2051 ) ;
#834 = ORIENTED_EDGE ( 'NONE', *, *, #1771, .F. ) ;
#835 = CARTESIAN_POINT ( 'NONE',  ( 17.84000000000000341, 15.00000000000007105, -66.99999999999998579 ) ) ;
#836 = EDGE_LOOP ( 'NONE', ( #2091, #2181, #445, #719, #1779, #1898, #1613, #1664, #1720, #1729, #2373 ) ) ;
#837 = PLANE ( 'NONE',  #609 ) ;
#838 = VERTEX_POINT ( 'NONE', #1722 ) ;
#839 = FACE_OUTER_BOUND ( 'NONE', #2015, .T. ) ;
#840 = DIRECTION ( 'NONE',  ( 0.000000000000000000, 0.000000000000000000, 1.000000000000000000 ) ) ;
#841 = CARTESIAN_POINT ( 'NONE',  ( 33.16000000000001080, 28.05000000000081783, -62.39999999999930935 ) ) ;
#842 = EDGE_LOOP ( 'NONE', ( #1791, #1668, #18, #865 ) ) ;
#843 = FACE_OUTER_BOUND ( 'NONE', #1577, .T. ) ;
#844 = ADVANCED_FACE ( 'NONE', ( #1505 ), #2070, .F. ) ;
#845 = VERTEX_POINT ( 'NONE', #2448 ) ;
#846 = DIRECTION ( 'NONE',  ( 0.000000000000000000, 0.000000000000000000, -1.000000000000000000 ) ) ;
#847 = ORIENTED_EDGE ( 'NONE', *, *, #1615, .T. ) ;
#848 = EDGE_CURVE ( 'NONE', #2300, #1038, #1197, .T. ) ;
#849 = DIRECTION ( 'NONE',  ( -0.000000000000000000, -1.000000000000000000, -0.000000000000000000 ) ) ;
#850 = CIRCLE ( 'NONE', #811, 2.599999999999998312 ) ;
#851 = ORIENTED_EDGE ( 'NONE', *, *, #1557, .F. ) ;
#852 = ADVANCED_FACE ( 'NONE', ( #1888 ), #2470, .F. ) ;
#853 = LINE ( 'NONE', #866, #2388 ) ;
#854 = CYLINDRICAL_SURFACE ( 'NONE', #232, 2.950000000000004619 ) ;
#855 = FACE_OUTER_BOUND ( 'NONE', #2403, .T. ) ;
#856 = ORIENTED_EDGE ( 'NONE', *, *, #885, .T. ) ;
#857 = LINE ( 'NONE', #2396, #1314 ) ;
#858 = ORIENTED_EDGE ( 'NONE', *, *, #2419, .F. ) ;
#859 = EDGE_CURVE ( 'NONE', #1829, #2312, #325, .T. ) ;
#860 = DIRECTION ( 'NONE',  ( 1.000000000000000000, -0.000000000000000000, 9.011550524554840736E-17 ) ) ;
#861 = ORIENTED_EDGE ( 'NONE', *, *, #2419, .T. ) ;
#862 = CYLINDRICAL_SURFACE ( 'NONE', #758, 2.950000000000001066 ) ;
#863 = VECTOR ( 'NONE', #502, 1000.000000000000000 ) ;
#864 = VECTOR ( 'NONE', #896, 1000.000000000000000 ) ;
#865 = ORIENTED_EDGE ( 'NONE', *, *, #2349, .F. ) ;
#866 = CARTESIAN_POINT ( 'NONE',  ( 22.83999999999999986, 28.05000000000081783, -10.65999999999867143 ) ) ;
#867 = DIRECTION ( 'NONE',  ( -1.000000000000000000, 0.000000000000000000, -9.011550524554840736E-17 ) ) ;
#868 = LINE ( 'NONE', #685, #678 ) ;
#869 = COLOUR_RGB ( '',0.7921568627450980005, 0.8196078431372548767, 0.9333333333333333481 ) ;
#870 = VERTEX_POINT ( 'NONE', #2460 ) ;
#871 = LINE ( 'NONE', #2381, #986 ) ;
#872 = EDGE_LOOP ( 'NONE', ( #1443, #653 ) ) ;
#873 = LINE ( 'NONE', #120, #465 ) ;
#874 = ORIENTED_EDGE ( 'NONE', *, *, #1776, .T. ) ;
#875 = VECTOR ( 'NONE', #2031, 1000.000000000000000 ) ;
#876 = AXIS2_PLACEMENT_3D ( 'NONE', #2169, #1348, #226 ) ;
#877 = DIRECTION ( 'NONE',  ( 1.000000000000000000, -0.000000000000000000, 9.011550524554840736E-17 ) ) ;
#878 = VECTOR ( 'NONE', #1360, 1000.000000000000000 ) ;
#879 = ORIENTED_EDGE ( 'NONE', *, *, #712, .F. ) ;
#880 = CARTESIAN_POINT ( 'NONE',  ( 38.15999999999999659, 28.05000000000081783, -10.65999999999867143 ) ) ;
#881 = DIRECTION ( 'NONE',  ( 1.000000000000000000, -0.000000000000000000, 9.011550524554840736E-17 ) ) ;
#882 = CARTESIAN_POINT ( 'NONE',  ( 22.84000000000000696, 28.05000000000081783, -62.39999999999930935 ) ) ;
#883 = ADVANCED_FACE ( 'NONE', ( #365 ), #1285, .T. ) ;
#884 = ORIENTED_EDGE ( 'NONE', *, *, #2344, .F. ) ;
#885 = EDGE_CURVE ( 'NONE', #2434, #1193, #1861, .T. ) ;
#886 = LINE ( 'NONE', #466, #2275 ) ;
#887 = VERTEX_POINT ( 'NONE', #183 ) ;
#888 = DIRECTION ( 'NONE',  ( 0.000000000000000000, 0.000000000000000000, 1.000000000000000000 ) ) ;
#889 = ORIENTED_EDGE ( 'NONE', *, *, #95, .T. ) ;
#890 = FACE_OUTER_BOUND ( 'NONE', #2444, .T. ) ;
#891 = ORIENTED_EDGE ( 'NONE', *, *, #2370, .F. ) ;
#892 = FACE_OUTER_BOUND ( 'NONE', #575, .T. ) ;
#893 = EDGE_CURVE ( 'NONE', #218, #1298, #161, .T. ) ;
#894 =( LENGTH_UNIT ( ) NAMED_UNIT ( * ) SI_UNIT ( .MILLI., .METRE. ) );
#895 = ORIENTED_EDGE ( 'NONE', *, *, #1659, .F. ) ;
#896 = DIRECTION ( 'NONE',  ( 0.000000000000000000, 0.000000000000000000, 1.000000000000000000 ) ) ;
#897 = VERTEX_POINT ( 'NONE', #1481 ) ;
#898 = DIRECTION ( 'NONE',  ( -1.000000000000000000, 0.000000000000000000, -9.011550524554840736E-17 ) ) ;
#899 = ORIENTED_EDGE ( 'NONE', *, *, #772, .T. ) ;
#900 = AXIS2_PLACEMENT_3D ( 'NONE', #501, #2049, #70 ) ;
#901 = CARTESIAN_POINT ( 'NONE',  ( 38.15999999999999659, 26.52500000000072689, -17.33499999999927610 ) ) ;
#902 = ORIENTED_EDGE ( 'NONE', *, *, #742, .T. ) ;
#903 = LINE ( 'NONE', #732, #658 ) ;
#904 = LINE ( 'NONE', #2453, #2194 ) ;
#905 = PRODUCT_RELATED_PRODUCT_CATEGORY ( 'part', '', ( #394 ) ) ;
#906 = LINE ( 'NONE', #2280, #937 ) ;
#907 = FACE_OUTER_BOUND ( 'NONE', #481, .T. ) ;
#908 = AXIS2_PLACEMENT_3D ( 'NONE', #1905, #1346, #759 ) ;
#909 = VECTOR ( 'NONE', #2271, 1000.000000000000000 ) ;
#910 = ORIENTED_EDGE ( 'NONE', *, *, #15, .F. ) ;
#911 = CARTESIAN_POINT ( 'NONE',  ( 10.00000000000000000, 0.000000000000000000, -42.00000000000000000 ) ) ;
#912 = ORIENTED_EDGE ( 'NONE', *, *, #2158, .T. ) ;
#913 = CIRCLE ( 'NONE', #269, 2.999999999999999112 ) ;
#914 = DIRECTION ( 'NONE',  ( -6.372128484917894661E-17, 0.7071067811865500152, 0.7071067811865451302 ) ) ;
#915 = EDGE_CURVE ( 'NONE', #405, #1164, #958, .T. ) ;
#916 = VECTOR ( 'NONE', #1371, 1000.000000000000000 ) ;
#917 = VERTEX_POINT ( 'NONE', #1103 ) ;
#918 = CARTESIAN_POINT ( 'NONE',  ( 13.99999999999983658, -8.999999999999991118, -67.00000000000000000 ) ) ;
#919 = DIRECTION ( 'NONE',  ( -6.372128484917882335E-17, 0.7071067811865513475, 0.7071067811865436870 ) ) ;
#920 = CARTESIAN_POINT ( 'NONE',  ( 27.12132034355959576, 5.878679656440363388, -1.538679656438983079 ) ) ;
#921 = DIRECTION ( 'NONE',  ( 6.372128484917918080E-17, -0.7071067811865475727, -0.7071067811865475727 ) ) ;
#922 = CARTESIAN_POINT ( 'NONE',  ( 22.84000000000000696, 15.00000000000008349, -57.79999999999865423 ) ) ;
#923 = VERTEX_POINT ( 'NONE', #2260 ) ;
#924 = DIRECTION ( 'NONE',  ( -1.000000000000000000, -0.000000000000000000, -9.011550524554840736E-17 ) ) ;
#925 = EDGE_LOOP ( 'NONE', ( #479, #2257, #1129, #2469 ) ) ;
#926 = EDGE_CURVE ( 'NONE', #1022, #1768, #132, .T. ) ;
#927 = DIRECTION ( 'NONE',  ( 0.000000000000000000, -0.000000000000000000, -1.000000000000000000 ) ) ;
#928 = EDGE_CURVE ( 'NONE', #1700, #845, #704, .T. ) ;
#929 = ORIENTED_EDGE ( 'NONE', *, *, #1053, .T. ) ;
#930 = CARTESIAN_POINT ( 'NONE',  ( 0.000000000000000000, 19.09999999999999787, 0.000000000000000000 ) ) ;
#931 = CARTESIAN_POINT ( 'NONE',  ( 18.66666666666658259, -4.333333333333297510, -38.46666666666517642 ) ) ;
#932 = LINE ( 'NONE', #734, #617 ) ;
#933 = DIRECTION ( 'NONE',  ( 0.000000000000000000, 0.000000000000000000, 1.000000000000000000 ) ) ;
#934 = AXIS2_PLACEMENT_3D ( 'NONE', #2333, #1745, #2362 ) ;
#935 = DIRECTION ( 'NONE',  ( -1.000000000000000000, 0.000000000000000000, -9.011550524554840736E-17 ) ) ;
#936 = ORIENTED_EDGE ( 'NONE', *, *, #1918, .F. ) ;
#937 = VECTOR ( 'NONE', #1513, 1000.000000000000000 ) ;
#938 = ADVANCED_FACE ( 'NONE', ( #2096 ), #1674, .T. ) ;
#939 = FACE_OUTER_BOUND ( 'NONE', #259, .T. ) ;
#940 = VECTOR ( 'NONE', #2454, 1000.000000000000000 ) ;
#941 = ORIENTED_EDGE ( 'NONE', *, *, #859, .F. ) ;
#942 = CYLINDRICAL_SURFACE ( 'NONE', #741, 2.950000000000004619 ) ;
#943 = LINE ( 'NONE', #696, #863 ) ;
#944 = APPLICATION_PROTOCOL_DEFINITION ( 'draft international standard', 'automotive_design', 1998, #1236 ) ;
#945 = DIRECTION ( 'NONE',  ( -6.372128484917940267E-17, -0.7071067811865451302, 0.7071067811865500152 ) ) ;
#946 = CARTESIAN_POINT ( 'NONE',  ( 46.00000000000000000, 5.000000000000000000, -42.00000000000000000 ) ) ;
#947 = VECTOR ( 'NONE', #595, 1000.000000000000000 ) ;
#948 = ORIENTED_EDGE ( 'NONE', *, *, #1910, .F. ) ;
#949 = DIRECTION ( 'NONE',  ( -1.000000000000000000, -0.000000000000000000, -9.011550524554840736E-17 ) ) ;
#950 = AXIS2_PLACEMENT_3D ( 'NONE', #2225, #1833, #888 ) ;
#951 = AXIS2_PLACEMENT_3D ( 'NONE', #253, #1018, #264 ) ;
#952 = DIRECTION ( 'NONE',  ( 0.000000000000000000, 1.000000000000000000, 0.000000000000000000 ) ) ;
#953 = ADVANCED_FACE ( 'NONE', ( #2251 ), #1130, .F. ) ;
#954 = LINE ( 'NONE', #918, #1944 ) ;
#955 = DIRECTION ( 'NONE',  ( 0.000000000000000000, 0.000000000000000000, -1.000000000000000000 ) ) ;
#956 = ADVANCED_FACE ( 'NONE', ( #939 ), #1711, .F. ) ;
#957 = AXIS2_PLACEMENT_3D ( 'NONE', #413, #769, #1971 ) ;
#958 = CIRCLE ( 'NONE', #637, 2.600000000000000089 ) ;
#959 = CARTESIAN_POINT ( 'NONE',  ( 38.16000000000000369, 14.99999999999998579, -57.79999999999865423 ) ) ;
#960 = DIRECTION ( 'NONE',  ( 0.000000000000000000, 0.000000000000000000, 1.000000000000000000 ) ) ;
#961 = LINE ( 'NONE', #1682, #1357 ) ;
#962 = EDGE_CURVE ( 'NONE', #1470, #272, #1561, .T. ) ;
#963 = ORIENTED_EDGE ( 'NONE', *, *, #2105, .T. ) ;
#964 = CARTESIAN_POINT ( 'NONE',  ( 33.16000000000000369, 10.15999999999998415, -5.819999999998652918 ) ) ;
#965 = ORIENTED_EDGE ( 'NONE', *, *, #185, .F. ) ;
#966 = DIRECTION ( 'NONE',  ( 6.372128484917951360E-17, 0.7071067811865435759, -0.7071067811865513475 ) ) ;
#967 = EDGE_LOOP ( 'NONE', ( #983, #834, #320, #1380 ) ) ;
#968 = ADVANCED_FACE ( 'NONE', ( #1731 ), #2491, .F. ) ;
#969 = CARTESIAN_POINT ( 'NONE',  ( 17.83999999999999986, 28.05000000000081783, -15.25999999999934253 ) ) ;
#970 = CARTESIAN_POINT ( 'NONE',  ( 10.00000000000000355, 0.000000000000000000, -10.00000000000000178 ) ) ;
#971 = DIRECTION ( 'NONE',  ( 1.000000000000000000, -0.000000000000000000, 0.000000000000000000 ) ) ;
#972 = ORIENTED_EDGE ( 'NONE', *, *, #2059, .F. ) ;
#973 = FACE_OUTER_BOUND ( 'NONE', #2117, .T. ) ;
#974 = ORIENTED_EDGE ( 'NONE', *, *, #1047, .T. ) ;
#975 = EDGE_CURVE ( 'NONE', #1933, #651, #473, .T. ) ;
#976 = AXIS2_PLACEMENT_3D ( 'NONE', #29, #207, #1595 ) ;
#977 = LINE ( 'NONE', #626, #2076 ) ;
#978 = VERTEX_POINT ( 'NONE', #241 ) ;
#979 = CIRCLE ( 'NONE', #1542, 4.000000000000000000 ) ;
#980 = CARTESIAN_POINT ( 'NONE',  ( 55.99999999999999289, 5.000000000000000000, -56.17999999999859995 ) ) ;
#981 = CARTESIAN_POINT ( 'NONE',  ( 22.83999999999999986, 22.02500000000066649, -12.83499999999922103 ) ) ;
#982 = DIRECTION ( 'NONE',  ( 9.011550524554840736E-17, 0.000000000000000000, -1.000000000000000000 ) ) ;
#983 = ORIENTED_EDGE ( 'NONE', *, *, #174, .T. ) ;
#984 = CARTESIAN_POINT ( 'NONE',  ( 33.16000000000001080, 26.00000000000000000, -60.31253742548388175 ) ) ;
#985 = VECTOR ( 'NONE', #316, 1000.000000000000000 ) ;
#986 = VECTOR ( 'NONE', #687, 1000.000000000000000 ) ;
#987 = VERTEX_POINT ( 'NONE', #1736 ) ;
#988 = EDGE_LOOP ( 'NONE', ( #814, #1671 ) ) ;
#989 = EDGE_CURVE ( 'NONE', #406, #1529, #2155, .T. ) ;
#990 = AXIS2_PLACEMENT_3D ( 'NONE', #2445, #924, #1318 ) ;
#991 = DIRECTION ( 'NONE',  ( 1.000000000000000000, -0.000000000000000000, 9.011550524554840736E-17 ) ) ;
#992 = EDGE_LOOP ( 'NONE', ( #283, #235, #291, #1942, #1860, #2450, #1772, #231 ) ) ;
#993 = FACE_OUTER_BOUND ( 'NONE', #171, .T. ) ;
#994 = DIRECTION ( 'NONE',  ( -0.000000000000000000, -1.000000000000000000, -0.000000000000000000 ) ) ;
#995 = CARTESIAN_POINT ( 'NONE',  ( 38.16000000000000369, 28.05000000000081783, -62.39999999999930935 ) ) ;
#996 = VECTOR ( 'NONE', #2455, 1000.000000000000000 ) ;
#997 = VERTEX_POINT ( 'NONE', #2337 ) ;
#998 = DIRECTION ( 'NONE',  ( -0.000000000000000000, -1.000000000000000000, -0.000000000000000000 ) ) ;
#999 = VERTEX_POINT ( 'NONE', #2119 ) ;
#1000 = EDGE_CURVE ( 'NONE', #1579, #1448, #2314, .T. ) ;
#1001 = CARTESIAN_POINT ( 'NONE',  ( 86.00000000000000000, 19.10000000000010090, -42.07999999999865537 ) ) ;
#1002 = ORIENTED_EDGE ( 'NONE', *, *, #374, .T. ) ;
#1003 = UNCERTAINTY_MEASURE_WITH_UNIT (LENGTH_MEASURE( 1.000000000000000082E-05 ), #894, 'distance_accuracy_value', 'NONE');
#1004 = CARTESIAN_POINT ( 'NONE',  ( 18.66666666666658614, -4.333333333333283299, 8.673333333334774409 ) ) ;
#1005 = EDGE_LOOP ( 'NONE', ( #419, #889, #1411, #12 ) ) ;
#1006 = DIRECTION ( 'NONE',  ( 0.000000000000000000, 0.000000000000000000, 1.000000000000000000 ) ) ;
#1007 = DIRECTION ( 'NONE',  ( -1.802310104910968394E-16, -1.380853839931787241E-15, 1.000000000000000000 ) ) ;
#1008 = DIRECTION ( 'NONE',  ( 1.000000000000000000, 0.000000000000000000, 9.011550524554840736E-17 ) ) ;
#1009 = ORIENTED_EDGE ( 'NONE', *, *, #1218, .F. ) ;
#1010 = DIRECTION ( 'NONE',  ( 1.000000000000000000, 0.000000000000000000, 9.011550524554840736E-17 ) ) ;
#1011 = ORIENTED_EDGE ( 'NONE', *, *, #1175, .F. ) ;
#1012 = CARTESIAN_POINT ( 'NONE',  ( 22.83999999999999986, 26.00000000000000000, -17.34746257451476836 ) ) ;
#1013 = ORIENTED_EDGE ( 'NONE', *, *, #813, .T. ) ;
#1014 = EDGE_CURVE ( 'NONE', #1264, #511, #2351, .T. ) ;
#1015 = CARTESIAN_POINT ( 'NONE',  ( 22.83999999999999986, 10.16000000000002501, -5.819999999998697326 ) ) ;
#1016 = ORIENTED_EDGE ( 'NONE', *, *, #621, .F. ) ;
#1017 = FACE_OUTER_BOUND ( 'NONE', #967, .T. ) ;
#1018 = DIRECTION ( 'NONE',  ( -1.000000000000000000, -0.000000000000000000, -9.011550524554840736E-17 ) ) ;
#1019 = CARTESIAN_POINT ( 'NONE',  ( 0.000000000000000000, 5.000000000000000000, 0.000000000000000000 ) ) ;
#1020 = ORIENTED_EDGE ( 'NONE', *, *, #611, .F. ) ;
#1021 = CARTESIAN_POINT ( 'NONE',  ( 38.15999999999999659, 15.00000000000005151, -19.86000000000000298 ) ) ;
#1022 = VERTEX_POINT ( 'NONE', #2302 ) ;
#1023 = DIRECTION ( 'NONE',  ( -0.000000000000000000, -0.000000000000000000, -1.000000000000000000 ) ) ;
#1024 = ORIENTED_EDGE ( 'NONE', *, *, #374, .F. ) ;
#1025 = CIRCLE ( 'NONE', #1271, 2.599999999999998312 ) ;
#1026 = LINE ( 'NONE', #1042, #1259 ) ;
#1027 = EDGE_CURVE ( 'NONE', #999, #96, #1584, .T. ) ;
#1028 = CIRCLE ( 'NONE', #950, 2.950000000000001066 ) ;
#1029 = ORIENTED_EDGE ( 'NONE', *, *, #1352, .T. ) ;
#1030 = CARTESIAN_POINT ( 'NONE',  ( 22.84000000000000696, 10.16000000000002679, -62.39999999999930225 ) ) ;
#1031 = CARTESIAN_POINT ( 'NONE',  ( 22.84000000000000696, 26.00000000000000000, -60.31253742548388175 ) ) ;
#1032 = AXIS2_PLACEMENT_3D ( 'NONE', #1222, #240, #1194 ) ;
#1033 = DIRECTION ( 'NONE',  ( -0.7071067811865440200, 0.7071067811865511255, -6.372128484917886032E-17 ) ) ;
#1034 = ORIENTED_EDGE ( 'NONE', *, *, #261, .F. ) ;
#1035 = EDGE_CURVE ( 'NONE', #870, #2330, #2487, .T. ) ;
#1036 = CARTESIAN_POINT ( 'NONE',  ( 0.000000000000000000, 0.000000000000000000, 0.000000000000000000 ) ) ;
#1037 = AXIS2_PLACEMENT_3D ( 'NONE', #778, #389, #2327 ) ;
#1038 = VERTEX_POINT ( 'NONE', #1930 ) ;
#1039 = CARTESIAN_POINT ( 'NONE',  ( 17.83999999999999986, 15.00000000000005151, -10.65999999999867498 ) ) ;
#1040 = ORIENTED_EDGE ( 'NONE', *, *, #1842, .F. ) ;
#1041 = EDGE_CURVE ( 'NONE', #2368, #1404, #1764, .T. ) ;
#1042 = CARTESIAN_POINT ( 'NONE',  ( 17.83999999999999986, 26.52500000000072689, -17.33499999999927610 ) ) ;
#1043 = ORIENTED_EDGE ( 'NONE', *, *, #294, .T. ) ;
#1044 = PLANE ( 'NONE',  #11 ) ;
#1045 = DIRECTION ( 'NONE',  ( -1.802310104910968147E-16, 0.000000000000000000, 1.000000000000000000 ) ) ;
#1046 = FACE_OUTER_BOUND ( 'NONE', #728, .T. ) ;
#1047 = EDGE_CURVE ( 'NONE', #1307, #2423, #1646, .T. ) ;
#1048 = ORIENTED_EDGE ( 'NONE', *, *, #2113, .T. ) ;
#1049 = PLANE ( 'NONE',  #2157 ) ;
#1050 = ORIENTED_EDGE ( 'NONE', *, *, #2323, .F. ) ;
#1051 = DIRECTION ( 'NONE',  ( -0.000000000000000000, -0.000000000000000000, -1.000000000000000000 ) ) ;
#1052 = VERTEX_POINT ( 'NONE', #1563 ) ;
#1053 = EDGE_CURVE ( 'NONE', #1992, #1022, #2131, .T. ) ;
#1054 = AXIS2_PLACEMENT_3D ( 'NONE', #773, #991, #1770 ) ;
#1055 = ORIENTED_EDGE ( 'NONE', *, *, #2344, .T. ) ;
#1056 = FACE_OUTER_BOUND ( 'NONE', #1190, .T. ) ;
#1057 = CARTESIAN_POINT ( 'NONE',  ( 17.84000000000000341, 24.45000000000081997, -59.79999999999930793 ) ) ;
#1058 = CARTESIAN_POINT ( 'NONE',  ( 17.83999999999999986, 24.45000000000081997, -15.25999999999934786 ) ) ;
#1059 = ORIENTED_EDGE ( 'NONE', *, *, #2212, .F. ) ;
#1060 = CARTESIAN_POINT ( 'NONE',  ( 17.83999999999999986, 26.00000000000000000, -17.34746257451476836 ) ) ;
#1061 = EDGE_CURVE ( 'NONE', #978, #651, #602, .T. ) ;
#1062 = ORIENTED_EDGE ( 'NONE', *, *, #300, .T. ) ;
#1063 = DIRECTION ( 'NONE',  ( -0.000000000000000000, -1.000000000000000000, -0.000000000000000000 ) ) ;
#1064 = ORIENTED_EDGE ( 'NONE', *, *, #2374, .T. ) ;
#1065 = CARTESIAN_POINT ( 'NONE',  ( 46.00000000000000000, 5.000000000000000000, -42.00000000000000000 ) ) ;
#1066 = EDGE_CURVE ( 'NONE', #2328, #1556, #2109, .T. ) ;
#1067 = CIRCLE ( 'NONE', #710, 2.950000000000001066 ) ;
#1068 = ADVANCED_FACE ( 'NONE', ( #791 ), #425, .F. ) ;
#1069 = ORIENTED_EDGE ( 'NONE', *, *, #2013, .F. ) ;
#1070 = FACE_OUTER_BOUND ( 'NONE', #1834, .T. ) ;
#1071 = DIRECTION ( 'NONE',  ( 9.011550524554839504E-17, 6.162975822039253259E-33, -1.000000000000000000 ) ) ;
#1072 = DIRECTION ( 'NONE',  ( -1.000000000000000000, 0.000000000000000000, -9.011550524554840736E-17 ) ) ;
#1073 = CIRCLE ( 'NONE', #1233, 2.599999999999998312 ) ;
#1074 = AXIS2_PLACEMENT_3D ( 'NONE', #113, #1654, #1450 ) ;
#1075 = ORIENTED_EDGE ( 'NONE', *, *, #1114, .F. ) ;
#1076 = LINE ( 'NONE', #118, #666 ) ;
#1077 = ORIENTED_EDGE ( 'NONE', *, *, #1479, .F. ) ;
#1078 = CYLINDRICAL_SURFACE ( 'NONE', #1113, 2.599999999999998312 ) ;
#1079 = VERTEX_POINT ( 'NONE', #202 ) ;
#1080 = EDGE_CURVE ( 'NONE', #1984, #1752, #2409, .T. ) ;
#1081 = VECTOR ( 'NONE', #914, 1000.000000000000114 ) ;
#1082 = CARTESIAN_POINT ( 'NONE',  ( 22.84000000000000696, 22.34314575050760965, -19.86000000000000298 ) ) ;
#1083 = VERTEX_POINT ( 'NONE', #1970 ) ;
#1084 = DIRECTION ( 'NONE',  ( -0.7071067811865514585, -0.7071067811865435759, -6.372128484917952592E-17 ) ) ;
#1085 = PLANE ( 'NONE',  #141 ) ;
#1086 = ORIENTED_EDGE ( 'NONE', *, *, #2146, .F. ) ;
#1087 = LINE ( 'NONE', #2014, #864 ) ;
#1088 = ORIENTED_EDGE ( 'NONE', *, *, #1080, .F. ) ;
#1089 = CARTESIAN_POINT ( 'NONE',  ( 10.00000000000000355, 5.000000000000000000, -10.00000000000000178 ) ) ;
#1090 = EDGE_LOOP ( 'NONE', ( #1935, #716, #2245, #1009, #579, #1204, #2234, #255, #1882, #1062 ) ) ;
#1091 = DIRECTION ( 'NONE',  ( -9.011550524554840736E-17, 0.000000000000000000, 1.000000000000000000 ) ) ;
#1092 = EDGE_CURVE ( 'NONE', #363, #2328, #20, .T. ) ;
#1093 = ORIENTED_EDGE ( 'NONE', *, *, #2032, .F. ) ;
#1094 = LINE ( 'NONE', #1863, #414 ) ;
#1095 = SURFACE_STYLE_USAGE ( .BOTH. , #1472 ) ;
#1096 = PRODUCT_CONTEXT ( 'NONE', #1236, 'mechanical' ) ;
#1097 = VERTEX_POINT ( 'NONE', #590 ) ;
#1098 = CYLINDRICAL_SURFACE ( 'NONE', #793, 4.000000000000003553 ) ;
#1099 = ORIENTED_EDGE ( 'NONE', *, *, #1415, .F. ) ;
#1100 = CYLINDRICAL_SURFACE ( 'NONE', #61, 4.000000000000000000 ) ;
#1101 = ORIENTED_EDGE ( 'NONE', *, *, #261, .T. ) ;
#1102 = VECTOR ( 'NONE', #1653, 1000.000000000000000 ) ;
#1103 = CARTESIAN_POINT ( 'NONE',  ( 22.83999999999999986, 28.05000000000081783, -10.65999999999867143 ) ) ;
#1104 = VERTEX_POINT ( 'NONE', #1940 ) ;
#1105 = DIRECTION ( 'NONE',  ( 0.000000000000000000, 0.000000000000000000, 1.000000000000000000 ) ) ;
#1106 = AXIS2_PLACEMENT_3D ( 'NONE', #126, #329, #1666 ) ;
#1107 = CARTESIAN_POINT ( 'NONE',  ( 86.00000000000000000, 5.000000000000000000, -56.17999999999859995 ) ) ;
#1108 = ORIENTED_EDGE ( 'NONE', *, *, #1975, .T. ) ;
#1109 = ADVANCED_FACE ( 'NONE', ( #1749 ), #854, .F. ) ;
#1110 = CARTESIAN_POINT ( 'NONE',  ( 17.83999999999999986, 24.45000000000081997, -12.65999999999934822 ) ) ;
#1111 = DIRECTION ( 'NONE',  ( 0.000000000000000000, 1.000000000000000000, 0.000000000000000000 ) ) ;
#1112 = AXIS2_PLACEMENT_3D ( 'NONE', #2099, #921, #559 ) ;
#1113 = AXIS2_PLACEMENT_3D ( 'NONE', #1806, #2027, #1477 ) ;
#1114 = EDGE_CURVE ( 'NONE', #127, #642, #1625, .T. ) ;
#1115 = VERTEX_POINT ( 'NONE', #1397 ) ;
#1116 = CARTESIAN_POINT ( 'NONE',  ( 55.99999999999999289, 5.000000000000000000, -21.47999999999870724 ) ) ;
#1117 = ORIENTED_EDGE ( 'NONE', *, *, #40, .T. ) ;
#1118 = DIRECTION ( 'NONE',  ( 0.000000000000000000, -1.000000000000000000, 0.000000000000000000 ) ) ;
#1119 = VECTOR ( 'NONE', #1170, 1000.000000000000000 ) ;
#1120 = ORIENTED_EDGE ( 'NONE', *, *, #1754, .F. ) ;
#1121 = FACE_OUTER_BOUND ( 'NONE', #158, .T. ) ;
#1122 = AXIS2_PLACEMENT_3D ( 'NONE', #2124, #2141, #1916 ) ;
#1123 = DIRECTION ( 'NONE',  ( -1.000000000000000000, 0.000000000000000000, 0.000000000000000000 ) ) ;
#1124 = CARTESIAN_POINT ( 'NONE',  ( 10.00000000000000355, 5.000000000000000000, -7.050000000000003375 ) ) ;
#1125 = LINE ( 'NONE', #1917, #1687 ) ;
#1126 = EDGE_CURVE ( 'NONE', #74, #1582, #1920, .T. ) ;
#1127 = ORIENTED_EDGE ( 'NONE', *, *, #1365, .F. ) ;
#1128 = LINE ( 'NONE', #2103, #1755 ) ;
#1129 = ORIENTED_EDGE ( 'NONE', *, *, #1451, .F. ) ;
#1130 = CYLINDRICAL_SURFACE ( 'NONE', #1968, 2.949999999999997957 ) ;
#1131 = ORIENTED_EDGE ( 'NONE', *, *, #700, .F. ) ;
#1132 = CARTESIAN_POINT ( 'NONE',  ( 46.00000000000000711, 5.000000000000000000, -7.049999999999998046 ) ) ;
#1133 = PRESENTATION_STYLE_ASSIGNMENT (( #1095 ) ) ;
#1134 = DIRECTION ( 'NONE',  ( 6.372128484917918080E-17, -0.7071067811865475727, -0.7071067811865475727 ) ) ;
#1135 = FACE_OUTER_BOUND ( 'NONE', #119, .T. ) ;
#1136 = CARTESIAN_POINT ( 'NONE',  ( 4.307521150737084829E-15, 5.000000000000000000, -47.79999999999857607 ) ) ;
#1137 = ORIENTED_EDGE ( 'NONE', *, *, #53, .T. ) ;
#1138 = EDGE_CURVE ( 'NONE', #701, #2048, #1436, .T. ) ;
#1139 = CARTESIAN_POINT ( 'NONE',  ( 38.15999999999999659, 25.17157287525379061, -18.68842712474620171 ) ) ;
#1140 = CARTESIAN_POINT ( 'NONE',  ( 55.99999999999999289, 19.09999999999999787, -42.07999999999865537 ) ) ;
#1141 = AXIS2_PLACEMENT_3D ( 'NONE', #1146, #945, #1716 ) ;
#1142 = ADVANCED_FACE ( 'NONE', ( #1827 ), #2036, .F. ) ;
#1143 = LINE ( 'NONE', #2087, #2 ) ;
#1144 = CARTESIAN_POINT ( 'NONE',  ( 55.99999999999999289, 19.10000000000004761, -42.07999999999870511 ) ) ;
#1145 =( BOUNDED_CURVE ( )  B_SPLINE_CURVE ( 3, ( #2053, #1856, #2195, #2430 ),
 .UNSPECIFIED., .F., .T. ) 
 B_SPLINE_CURVE_WITH_KNOTS ( ( 4, 4 ),
 ( 5.497787143782132624, 7.068583470577034511 ),
 .UNSPECIFIED. ) 
 CURVE ( )  GEOMETRIC_REPRESENTATION_ITEM ( )  RATIONAL_B_SPLINE_CURVE ( ( 1.000000000000000000, 0.8047378541243637162, 0.8047378541243637162, 1.000000000000000000 ) ) 
 REPRESENTATION_ITEM ( '' )  );
#1146 = CARTESIAN_POINT ( 'NONE',  ( 17.84000000000000341, 23.99999999999998224, -19.86000000000000298 ) ) ;
#1147 = DIRECTION ( 'NONE',  ( -1.000000000000000000, 0.000000000000000000, -9.011550524554840736E-17 ) ) ;
#1148 = DIRECTION ( 'NONE',  ( -0.000000000000000000, -1.000000000000000000, -0.000000000000000000 ) ) ;
#1149 = CIRCLE ( 'NONE', #1790, 2.950000000000003730 ) ;
#1150 = ORIENTED_EDGE ( 'NONE', *, *, #570, .T. ) ;
#1151 = DIRECTION ( 'NONE',  ( 1.000000000000000000, 0.000000000000000000, -0.000000000000000000 ) ) ;
#1152 = AXIS2_PLACEMENT_3D ( 'NONE', #284, #2068, #2057 ) ;
#1153 = VERTEX_POINT ( 'NONE', #302 ) ;
#1154 = ADVANCED_FACE ( 'NONE', ( #2391 ), #460, .F. ) ;
#1155 = CARTESIAN_POINT ( 'NONE',  ( 33.16000000000000369, 14.99999999999995737, -10.65999999999867320 ) ) ;
#1156 = AXIS2_PLACEMENT_3D ( 'NONE', #1224, #2366, #450 ) ;
#1157 = ORIENTED_EDGE ( 'NONE', *, *, #2223, .T. ) ;
#1158 = LINE ( 'NONE', #2301, #497 ) ;
#1159 = CARTESIAN_POINT ( 'NONE',  ( 17.84000000000000341, 14.99999999999995381, -19.86000000000000298 ) ) ;
#1160 = DIRECTION ( 'NONE',  ( 6.372128484917887265E-17, -0.7071067811865510144, -0.7071067811865441310 ) ) ;
#1161 = ORIENTED_EDGE ( 'NONE', *, *, #1738, .T. ) ;
#1162 = EDGE_CURVE ( 'NONE', #1407, #2239, #424, .T. ) ;
#1163 = LINE ( 'NONE', #984, #549 ) ;
#1164 = VERTEX_POINT ( 'NONE', #1840 ) ;
#1165 = CARTESIAN_POINT ( 'NONE',  ( 17.84000000000000341, 26.00000000000000000, -59.79999999999865423 ) ) ;
#1166 = EDGE_CURVE ( 'NONE', #2489, #870, #289, .T. ) ;
#1167 = EDGE_LOOP ( 'NONE', ( #451, #851, #1207, #1871 ) ) ;
#1168 = DIRECTION ( 'NONE',  ( -9.011550524554840736E-17, 0.000000000000000000, 1.000000000000000000 ) ) ;
#1169 = DIRECTION ( 'NONE',  ( 1.000000000000000000, -0.000000000000000000, 9.011550524554840736E-17 ) ) ;
#1170 = DIRECTION ( 'NONE',  ( 1.000000000000000000, 0.000000000000000000, 9.011550524554840736E-17 ) ) ;
#1171 = VERTEX_POINT ( 'NONE', #2168 ) ;
#1172 = EDGE_CURVE ( 'NONE', #701, #2097, #2161, .T. ) ;
#1173 = LINE ( 'NONE', #1943, #305 ) ;
#1174 = VECTOR ( 'NONE', #1758, 1000.000000000000000 ) ;
#1175 = EDGE_CURVE ( 'NONE', #2166, #89, #2021, .T. ) ;
#1176 = ORIENTED_EDGE ( 'NONE', *, *, #1538, .T. ) ;
#1177 = EDGE_LOOP ( 'NONE', ( #1810, #2183, #102, #633 ) ) ;
#1178 = CIRCLE ( 'NONE', #1622, 2.599999999999998312 ) ;
#1179 = LINE ( 'NONE', #1004, #736 ) ;
#1180 = ORIENTED_EDGE ( 'NONE', *, *, #525, .F. ) ;
#1181 = DIRECTION ( 'NONE',  ( -9.011550524554839504E-17, -1.487873981414445010E-32, 1.000000000000000000 ) ) ;
#1182 = LINE ( 'NONE', #1585, #1559 ) ;
#1183 = ADVANCED_FACE ( 'NONE', ( #2378 ), #488, .F. ) ;
#1184 = EDGE_LOOP ( 'NONE', ( #789, #1099, #1137, #2034 ) ) ;
#1185 = CYLINDRICAL_SURFACE ( 'NONE', #221, 2.950000000000001066 ) ;
#1186 = AXIS2_PLACEMENT_3D ( 'NONE', #1792, #38, #607 ) ;
#1187 = AXIS2_PLACEMENT_3D ( 'NONE', #1036, #452, #1226 ) ;
#1188 = ORIENTED_EDGE ( 'NONE', *, *, #1808, .F. ) ;
#1189 = CARTESIAN_POINT ( 'NONE',  ( 10.00000000000000000, 5.000000000000000000, -44.95000000000000284 ) ) ;
#1190 = EDGE_LOOP ( 'NONE', ( #1188, #1075, #682, #798 ) ) ;
#1191 = STYLED_ITEM ( 'NONE', ( #1133 ), #1254 ) ;
#1192 = LINE ( 'NONE', #198, #407 ) ;
#1193 = VERTEX_POINT ( 'NONE', #83 ) ;
#1194 = DIRECTION ( 'NONE',  ( 0.000000000000000000, -0.000000000000000000, -1.000000000000000000 ) ) ;
#1195 = CARTESIAN_POINT ( 'NONE',  ( 38.16000000000000369, 24.45000000000081997, -62.39999999999930225 ) ) ;
#1196 = CARTESIAN_POINT ( 'NONE',  ( 38.16000000000000369, 24.45000000000081997, -64.99999999999930367 ) ) ;
#1197 = CIRCLE ( 'NONE', #1845, 2.599999999999998312 ) ;
#1198 = ORIENTED_EDGE ( 'NONE', *, *, #1000, .T. ) ;
#1199 = DIRECTION ( 'NONE',  ( -6.372128484917894661E-17, 0.7071067811865500152, 0.7071067811865451302 ) ) ;
#1200 = VECTOR ( 'NONE', #1169, 1000.000000000000000 ) ;
#1201 = EDGE_CURVE ( 'NONE', #2097, #1350, #1421, .T. ) ;
#1202 = EDGE_LOOP ( 'NONE', ( #831, #367, #2122, #2263 ) ) ;
#1203 = CARTESIAN_POINT ( 'NONE',  ( 17.83999999999999986, 27.05000000000081783, -15.25999999999934253 ) ) ;
#1204 = ORIENTED_EDGE ( 'NONE', *, *, #801, .T. ) ;
#1205 = DIRECTION ( 'NONE',  ( 0.000000000000000000, 0.000000000000000000, 1.000000000000000000 ) ) ;
#1206 = EDGE_CURVE ( 'NONE', #1247, #127, #1837, .T. ) ;
#1207 = ORIENTED_EDGE ( 'NONE', *, *, #1, .F. ) ;
#1208 = DIRECTION ( 'NONE',  ( 1.000000000000000000, -0.000000000000000000, 9.011550524554840736E-17 ) ) ;
#1209 = DIRECTION ( 'NONE',  ( 1.000000000000000000, -0.000000000000000000, 9.011550524554840736E-17 ) ) ;
#1210 = CARTESIAN_POINT ( 'NONE',  ( 46.00000000000000000, 5.000000000000000000, -44.95000000000000284 ) ) ;
#1211 =( BOUNDED_CURVE ( )  B_SPLINE_CURVE ( 3, ( #2229, #1447, #485, #1663 ),
 .UNSPECIFIED., .F., .T. ) 
 B_SPLINE_CURVE_WITH_KNOTS ( ( 4, 4 ),
 ( 2.356194490192353719, 3.926990816987252497 ),
 .UNSPECIFIED. ) 
 CURVE ( )  GEOMETRIC_REPRESENTATION_ITEM ( )  RATIONAL_B_SPLINE_CURVE ( ( 1.000000000000000000, 0.8047378541243644934, 0.8047378541243644934, 1.000000000000000000 ) ) 
 REPRESENTATION_ITEM ( '' )  );
#1212 = ORIENTED_EDGE ( 'NONE', *, *, #2370, .T. ) ;
#1213 = DIRECTION ( 'NONE',  ( -9.011550524554840736E-17, 0.000000000000000000, 1.000000000000000000 ) ) ;
#1214 = PRODUCT_DEFINITION ( 'UNKNOWN', '', #281, #39 ) ;
#1215 = ORIENTED_EDGE ( 'NONE', *, *, #556, .T. ) ;
#1216 = CYLINDRICAL_SURFACE ( 'NONE', #1919, 2.600000000000004974 ) ;
#1217 = VERTEX_POINT ( 'NONE', #56 ) ;
#1218 = EDGE_CURVE ( 'NONE', #1193, #1097, #829, .T. ) ;
#1219 = PLANE ( 'NONE',  #2055 ) ;
#1220 = EDGE_CURVE ( 'NONE', #2226, #770, #644, .T. ) ;
#1221 = EDGE_LOOP ( 'NONE', ( #1996, #2335, #1243, #1979 ) ) ;
#1222 = CARTESIAN_POINT ( 'NONE',  ( 38.16000000000000369, 28.05000000000081783, -62.39999999999930935 ) ) ;
#1223 = DIRECTION ( 'NONE',  ( 1.000000000000000000, -6.162975822039154730E-33, 9.011550524554840736E-17 ) ) ;
#1224 = CARTESIAN_POINT ( 'NONE',  ( 38.16000000000000369, 15.00000000000017586, -62.39999999999930225 ) ) ;
#1225 = EDGE_LOOP ( 'NONE', ( #1157, #636, #639, #677 ) ) ;
#1226 = DIRECTION ( 'NONE',  ( 0.000000000000000000, -0.000000000000000000, -1.000000000000000000 ) ) ;
#1227 = EDGE_LOOP ( 'NONE', ( #1077, #251, #1945, #2276, #1662, #929, #2456, #709, #85, #1797 ) ) ;
#1228 = CARTESIAN_POINT ( 'NONE',  ( 17.84000000000000341, 24.45000000000081997, -62.39999999999930225 ) ) ;
#1229 = ORIENTED_EDGE ( 'NONE', *, *, #806, .F. ) ;
#1230 = CARTESIAN_POINT ( 'NONE',  ( 0.000000000000000000, 5.000000000000000000, 0.000000000000000000 ) ) ;
#1231 = VECTOR ( 'NONE', #370, 1000.000000000000000 ) ;
#1232 = EDGE_CURVE ( 'NONE', #1350, #2385, #1994, .T. ) ;
#1233 = AXIS2_PLACEMENT_3D ( 'NONE', #2112, #580, #2490 ) ;
#1234 = ORIENTED_EDGE ( 'NONE', *, *, #1126, .F. ) ;
#1235 = CARTESIAN_POINT ( 'NONE',  ( 22.83999999999999986, 22.34314575050760965, -15.86000000000000298 ) ) ;
#1236 = APPLICATION_CONTEXT ( 'automotive_design' ) ;
#1237 = DIRECTION ( 'NONE',  ( -1.802310104910968147E-16, 1.380853839931788818E-15, 1.000000000000000000 ) ) ;
#1238 = LINE ( 'NONE', #1275, #1284 ) ;
#1239 = ORIENTED_EDGE ( 'NONE', *, *, #1701, .F. ) ;
#1240 = CARTESIAN_POINT ( 'NONE',  ( 17.84000000000000341, 25.17157287525380838, -58.97157287525246261 ) ) ;
#1241 = AXIS2_PLACEMENT_3D ( 'NONE', #1058, #1072, #1841 ) ;
#1242 = EDGE_CURVE ( 'NONE', #1427, #917, #2008, .T. ) ;
#1243 = ORIENTED_EDGE ( 'NONE', *, *, #2478, .F. ) ;
#1244 = CARTESIAN_POINT ( 'NONE',  ( 17.84000000000000341, 14.99999999999995737, -19.86000000000000298 ) ) ;
#1245 = ORIENTED_EDGE ( 'NONE', *, *, #1438, .T. ) ;
#1246 = LINE ( 'NONE', #68, #2142 ) ;
#1247 = VERTEX_POINT ( 'NONE', #355 ) ;
#1248 = CARTESIAN_POINT ( 'NONE',  ( 17.84000000000000341, 26.00000000000000000, -59.79999999999865423 ) ) ;
#1249 = DIRECTION ( 'NONE',  ( -1.000000000000000000, 0.000000000000000000, -9.011550524554846899E-17 ) ) ;
#1250 = CARTESIAN_POINT ( 'NONE',  ( 33.16000000000001080, 28.05000000000081783, -62.39999999999930935 ) ) ;
#1251 = ORIENTED_EDGE ( 'NONE', *, *, #1963, .T. ) ;
#1252 = CARTESIAN_POINT ( 'NONE',  ( 25.87867965644033674, 7.121320343559657928, -29.86000000000004917 ) ) ;
#1253 = EDGE_CURVE ( 'NONE', #1193, #1323, #1903, .T. ) ;
#1254 = MANIFOLD_SOLID_BREP ( 'Fillet2', #1822 ) ;
#1255 = ORIENTED_EDGE ( 'NONE', *, *, #742, .F. ) ;
#1256 = CARTESIAN_POINT ( 'NONE',  ( 17.84000000000000341, 24.45000000000081997, -62.39999999999930225 ) ) ;
#1257 = ORIENTED_EDGE ( 'NONE', *, *, #2023, .F. ) ;
#1258 = LINE ( 'NONE', #122, #875 ) ;
#1259 = VECTOR ( 'NONE', #2018, 1000.000000000000114 ) ;
#1260 = EDGE_LOOP ( 'NONE', ( #2200, #2376, #2224, #2380 ) ) ;
#1261 = DIRECTION ( 'NONE',  ( 0.000000000000000000, 0.000000000000000000, 1.000000000000000000 ) ) ;
#1262 = CARTESIAN_POINT ( 'NONE',  ( 38.16000000000000369, 24.45000000000081997, -62.39999999999930225 ) ) ;
#1263 = DIRECTION ( 'NONE',  ( 9.011550524554840736E-17, 0.000000000000000000, -1.000000000000000000 ) ) ;
#1264 = VERTEX_POINT ( 'NONE', #1325 ) ;
#1265 = AXIS2_PLACEMENT_3D ( 'NONE', #2130, #1168, #1571 ) ;
#1266 = PLANE ( 'NONE',  #2116 ) ;
#1267 = ORIENTED_EDGE ( 'NONE', *, *, #15, .T. ) ;
#1268 = CARTESIAN_POINT ( 'NONE',  ( 22.83999999999999986, 26.00000000000000000, -17.85999999999999943 ) ) ;
#1269 = ORIENTED_EDGE ( 'NONE', *, *, #928, .F. ) ;
#1270 = DIRECTION ( 'NONE',  ( -0.5773502691896276184, -0.5773502691896217343, 0.5773502691896279515 ) ) ;
#1271 = AXIS2_PLACEMENT_3D ( 'NONE', #63, #1604, #2123 ) ;
#1272 = ORIENTED_EDGE ( 'NONE', *, *, #109, .F. ) ;
#1273 = ADVANCED_FACE ( 'NONE', ( #165 ), #1085, .T. ) ;
#1274 = CARTESIAN_POINT ( 'NONE',  ( 22.83999999999999986, 10.16000000000002679, -24.69999999999997087 ) ) ;
#1275 = CARTESIAN_POINT ( 'NONE',  ( 22.84000000000000696, 10.16000000000002679, -62.39999999999930225 ) ) ;
#1276 = VECTOR ( 'NONE', #2199, 1000.000000000000000 ) ;
#1277 = AXIS2_PLACEMENT_3D ( 'NONE', #684, #1812, #1611 ) ;
#1278 = DIRECTION ( 'NONE',  ( 1.000000000000000000, 0.000000000000000000, 9.011550524554840736E-17 ) ) ;
#1279 = DIRECTION ( 'NONE',  ( -6.372128484917888498E-17, -0.7071067811865509034, 0.7071067811865442421 ) ) ;
#1280 = ORIENTED_EDGE ( 'NONE', *, *, #2287, .T. ) ;
#1281 = EDGE_CURVE ( 'NONE', #511, #23, #904, .T. ) ;
#1282 = DIRECTION ( 'NONE',  ( -1.000000000000000000, -0.000000000000000000, -9.011550524554840736E-17 ) ) ;
#1283 = ORIENTED_EDGE ( 'NONE', *, *, #2127, .F. ) ;
#1284 = VECTOR ( 'NONE', #1263, 1000.000000000000000 ) ;
#1285 = PLANE ( 'NONE',  #196 ) ;
#1286 = ORIENTED_EDGE ( 'NONE', *, *, #1027, .T. ) ;
#1287 = CARTESIAN_POINT ( 'NONE',  ( 17.84000000000000341, 26.00000000000000355, -57.79999999999865423 ) ) ;
#1288 = LINE ( 'NONE', #1300, #1631 ) ;
#1289 = CARTESIAN_POINT ( 'NONE',  ( 0.000000000000000000, 0.000000000000000000, 0.000000000000000000 ) ) ;
#1290 = EDGE_CURVE ( 'NONE', #2354, #1104, #1678, .T. ) ;
#1291 = PLANE ( 'NONE',  #2340 ) ;
#1292 = DIRECTION ( 'NONE',  ( -1.000000000000000000, -0.000000000000000000, -9.011550524554840736E-17 ) ) ;
#1293 = ORIENTED_EDGE ( 'NONE', *, *, #2367, .T. ) ;
#1294 = DIRECTION ( 'NONE',  ( 0.000000000000000000, 0.000000000000000000, 1.000000000000000000 ) ) ;
#1295 = ORIENTED_EDGE ( 'NONE', *, *, #806, .T. ) ;
#1296 = CARTESIAN_POINT ( 'NONE',  ( 38.16000000000000369, 28.05000000000081783, -66.99999999999998579 ) ) ;
#1297 = EDGE_CURVE ( 'NONE', #2423, #1637, #2265, .T. ) ;
#1298 = VERTEX_POINT ( 'NONE', #1107 ) ;
#1299 = DIRECTION ( 'NONE',  ( 0.000000000000000000, 1.000000000000000000, 0.000000000000000000 ) ) ;
#1300 = CARTESIAN_POINT ( 'NONE',  ( 17.84000000000000341, 25.17157287525379061, -18.68842712474620171 ) ) ;
#1301 = EDGE_CURVE ( 'NONE', #1217, #1115, #518, .T. ) ;
#1302 = DIRECTION ( 'NONE',  ( 0.000000000000000000, -1.000000000000000000, 0.000000000000000000 ) ) ;
#1303 = CARTESIAN_POINT ( 'NONE',  ( 38.16000000000000369, 28.05000000000081783, -62.39999999999930935 ) ) ;
#1304 = AXIS2_PLACEMENT_3D ( 'NONE', #249, #787, #1205 ) ;
#1305 = ORIENTED_EDGE ( 'NONE', *, *, #2228, .F. ) ;
#1306 = LINE ( 'NONE', #1697, #909 ) ;
#1307 = VERTEX_POINT ( 'NONE', #136 ) ;
#1308 = DIRECTION ( 'NONE',  ( 1.000000000000000000, 0.000000000000000000, 0.000000000000000000 ) ) ;
#1309 = ORIENTED_EDGE ( 'NONE', *, *, #309, .T. ) ;
#1310 = LINE ( 'NONE', #1691, #1418 ) ;
#1311 = VECTOR ( 'NONE', #1591, 1000.000000000000000 ) ;
#1312 = DIRECTION ( 'NONE',  ( -0.000000000000000000, -1.000000000000000000, -0.000000000000000000 ) ) ;
#1313 = EDGE_CURVE ( 'NONE', #1446, #997, #1288, .T. ) ;
#1314 = VECTOR ( 'NONE', #2196, 1000.000000000000000 ) ;
#1315 = CYLINDRICAL_SURFACE ( 'NONE', #146, 2.600000000000000089 ) ;
#1316 = CARTESIAN_POINT ( 'NONE',  ( 17.83999999999999986, 24.45000000000081997, -17.85999999999934928 ) ) ;
#1317 = ORIENTED_EDGE ( 'NONE', *, *, #547, .T. ) ;
#1318 = DIRECTION ( 'NONE',  ( 0.000000000000000000, 0.000000000000000000, -1.000000000000000000 ) ) ;
#1319 = ORIENTED_EDGE ( 'NONE', *, *, #294, .F. ) ;
#1320 = ADVANCED_FACE ( 'NONE', ( #555 ), #733, .F. ) ;
#1321 = DIRECTION ( 'NONE',  ( 0.000000000000000000, 0.000000000000000000, -1.000000000000000000 ) ) ;
#1322 = CIRCLE ( 'NONE', #1442, 2.599999999999998312 ) ;
#1323 = VERTEX_POINT ( 'NONE', #1864 ) ;
#1324 = CARTESIAN_POINT ( 'NONE',  ( 55.99999999999999289, 19.09999999999999787, -35.57999999999865537 ) ) ;
#1325 = CARTESIAN_POINT ( 'NONE',  ( 38.15999999999999659, 14.99999999999995737, -10.65999999999867320 ) ) ;
#1326 = PLANE ( 'NONE',  #1469 ) ;
#1327 = DIRECTION ( 'NONE',  ( 0.000000000000000000, 0.000000000000000000, -1.000000000000000000 ) ) ;
#1328 = CARTESIAN_POINT ( 'NONE',  ( 38.15999999999999659, 28.05000000000081783, -15.25999999999934076 ) ) ;
#1329 = ORIENTED_EDGE ( 'NONE', *, *, #1463, .F. ) ;
#1330 = CARTESIAN_POINT ( 'NONE',  ( 38.15999999999999659, 26.00000000000000000, -17.85999999999999943 ) ) ;
#1331 = EDGE_CURVE ( 'NONE', #1079, #887, #943, .T. ) ;
#1332 = DIRECTION ( 'NONE',  ( -1.000000000000000000, -0.000000000000000000, -9.011550524554840736E-17 ) ) ;
#1333 = EDGE_CURVE ( 'NONE', #9, #1637, #1496, .T. ) ;
#1334 = DIRECTION ( 'NONE',  ( -1.000000000000000000, -0.000000000000000000, -9.011550524554840736E-17 ) ) ;
#1335 = DIRECTION ( 'NONE',  ( 0.000000000000000000, 1.000000000000000000, 0.000000000000000000 ) ) ;
#1336 = CARTESIAN_POINT ( 'NONE',  ( 55.99999999999999289, 19.10000000000010090, -35.57999999999865537 ) ) ;
#1337 = CARTESIAN_POINT ( 'NONE',  ( 33.16000000000000369, 15.00000000000005507, -19.86000000000000298 ) ) ;
#1338 = CARTESIAN_POINT ( 'NONE',  ( 38.16000000000000369, 24.45000000000081997, -59.79999999999930793 ) ) ;
#1339 = CARTESIAN_POINT ( 'NONE',  ( 55.99999999999999289, 19.09999999999999787, -42.07999999999865537 ) ) ;
#1340 = ORIENTED_EDGE ( 'NONE', *, *, #573, .F. ) ;
#1341 = CARTESIAN_POINT ( 'NONE',  ( 33.16000000000000369, 28.05000000000081783, -15.25999999999934076 ) ) ;
#1342 = EDGE_CURVE ( 'NONE', #1829, #257, #1485, .T. ) ;
#1343 = PRODUCT_DEFINITION_SHAPE ( 'NONE', 'NONE',  #1214 ) ;
#1344 = CARTESIAN_POINT ( 'NONE',  ( 33.16000000000001080, 24.45000000000081997, -62.39999999999930225 ) ) ;
#1345 = ORIENTED_EDGE ( 'NONE', *, *, #1423, .F. ) ;
#1346 = DIRECTION ( 'NONE',  ( 0.000000000000000000, 1.000000000000000000, 0.000000000000000000 ) ) ;
#1347 = DIRECTION ( 'NONE',  ( -1.000000000000000000, -0.000000000000000000, -9.011550524554840736E-17 ) ) ;
#1348 = DIRECTION ( 'NONE',  ( -1.000000000000000000, 0.000000000000000000, -9.011550524554840736E-17 ) ) ;
#1349 = AXIS2_PLACEMENT_3D ( 'NONE', #647, #244, #2171 ) ;
#1350 = VERTEX_POINT ( 'NONE', #1876 ) ;
#1351 = DIRECTION ( 'NONE',  ( -1.000000000000000000, 6.162975822039154730E-33, -9.011550524554840736E-17 ) ) ;
#1352 = EDGE_CURVE ( 'NONE', #74, #1984, #151, .T. ) ;
#1353 = DIRECTION ( 'NONE',  ( 0.000000000000000000, -1.380853839931788818E-15, -1.000000000000000000 ) ) ;
#1354 = VECTOR ( 'NONE', #1181, 1000.000000000000000 ) ;
#1355 = ORIENTED_EDGE ( 'NONE', *, *, #248, .T. ) ;
#1356 = DIRECTION ( 'NONE',  ( 6.372128484917894661E-17, -0.7071067811865500152, -0.7071067811865451302 ) ) ;
#1357 = VECTOR ( 'NONE', #2466, 1000.000000000000000 ) ;
#1358 = EDGE_LOOP ( 'NONE', ( #279, #1518, #1272, #2250 ) ) ;
#1359 = PLANE ( 'NONE',  #1265 ) ;
#1360 = DIRECTION ( 'NONE',  ( 1.000000000000000000, 0.000000000000000000, 9.011550524554840736E-17 ) ) ;
#1361 = DIRECTION ( 'NONE',  ( -1.000000000000000000, -0.000000000000000000, -9.011550524554840736E-17 ) ) ;
#1362 = EDGE_CURVE ( 'NONE', #406, #1115, #2372, .T. ) ;
#1363 = ORIENTED_EDGE ( 'NONE', *, *, #928, .T. ) ;
#1364 = CARTESIAN_POINT ( 'NONE',  ( 38.15999999999999659, 24.45000000000081997, -15.25999999999934786 ) ) ;
#1365 = EDGE_CURVE ( 'NONE', #1890, #1470, #623, .T. ) ;
#1366 = ORIENTED_EDGE ( 'NONE', *, *, #364, .F. ) ;
#1367 = CARTESIAN_POINT ( 'NONE',  ( 22.84000000000000696, 24.45000000000081997, -62.39999999999930225 ) ) ;
#1368 = EDGE_CURVE ( 'NONE', #108, #534, #1725, .T. ) ;
#1369 = ORIENTED_EDGE ( 'NONE', *, *, #989, .F. ) ;
#1370 = DIRECTION ( 'NONE',  ( 0.000000000000000000, 0.000000000000000000, 1.000000000000000000 ) ) ;
#1371 = DIRECTION ( 'NONE',  ( -0.000000000000000000, -1.000000000000000000, -0.000000000000000000 ) ) ;
#1372 = ADVANCED_FACE ( 'NONE', ( #258 ), #50, .T. ) ;
#1373 = ORIENTED_EDGE ( 'NONE', *, *, #2146, .T. ) ;
#1374 = CARTESIAN_POINT ( 'NONE',  ( 22.84000000000000696, 24.45000000000081997, -64.99999999999930367 ) ) ;
#1375 = AXIS2_PLACEMENT_3D ( 'NONE', #1619, #1406, #2416 ) ;
#1376 = EDGE_CURVE ( 'NONE', #608, #2413, #271, .T. ) ;
#1377 = ORIENTED_EDGE ( 'NONE', *, *, #1281, .F. ) ;
#1378 = CARTESIAN_POINT ( 'NONE',  ( 22.83999999999999986, 28.05000000000081783, -15.25999999999934253 ) ) ;
#1379 = VECTOR ( 'NONE', #117, 1000.000000000000000 ) ;
#1380 = ORIENTED_EDGE ( 'NONE', *, *, #2127, .T. ) ;
#1381 = DIRECTION ( 'NONE',  ( 0.000000000000000000, 0.000000000000000000, 1.000000000000000000 ) ) ;
#1382 = ORIENTED_EDGE ( 'NONE', *, *, #1201, .F. ) ;
#1383 = EDGE_CURVE ( 'NONE', #127, #999, #1714, .T. ) ;
#1384 = LINE ( 'NONE', #1547, #1948 ) ;
#1385 = LINE ( 'NONE', #1953, #2361 ) ;
#1386 = ORIENTED_EDGE ( 'NONE', *, *, #1690, .F. ) ;
#1387 = LINE ( 'NONE', #1778, #14 ) ;
#1388 = VECTOR ( 'NONE', #1985, 1000.000000000000000 ) ;
#1389 = ORIENTED_EDGE ( 'NONE', *, *, #1975, .F. ) ;
#1390 = LINE ( 'NONE', #2184, #384 ) ;
#1391 = EDGE_CURVE ( 'NONE', #1298, #2413, #1606, .T. ) ;
#1392 = VECTOR ( 'NONE', #949, 1000.000000000000000 ) ;
#1393 = AXIS2_PLACEMENT_3D ( 'NONE', #476, #867, #1981 ) ;
#1394 = FACE_OUTER_BOUND ( 'NONE', #1225, .T. ) ;
#1395 = ORIENTED_EDGE ( 'NONE', *, *, #238, .T. ) ;
#1396 = DIRECTION ( 'NONE',  ( -1.000000000000000000, 0.000000000000000000, -9.011550524554840736E-17 ) ) ;
#1397 = CARTESIAN_POINT ( 'NONE',  ( 17.83999999999999986, 15.00000000000005151, -10.65999999999867498 ) ) ;
#1398 = CARTESIAN_POINT ( 'NONE',  ( 38.15999999999999659, 24.45000000000081997, -17.85999999999934573 ) ) ;
#1399 = ORIENTED_EDGE ( 'NONE', *, *, #859, .T. ) ;
#1400 = LINE ( 'NONE', #2147, #1954 ) ;
#1401 = ADVANCED_FACE ( 'NONE', ( #2331 ), #2359, .T. ) ;
#1402 = ORIENTED_EDGE ( 'NONE', *, *, #1587, .F. ) ;
#1403 = CARTESIAN_POINT ( 'NONE',  ( 33.16000000000000369, 24.45000000000081997, -12.65999999999934644 ) ) ;
#1404 = VERTEX_POINT ( 'NONE', #246 ) ;
#1405 = EDGE_CURVE ( 'NONE', #2139, #218, #1913, .T. ) ;
#1406 = DIRECTION ( 'NONE',  ( -1.000000000000000000, 0.000000000000000000, -9.011550524554840736E-17 ) ) ;
#1407 = VERTEX_POINT ( 'NONE', #234 ) ;
#1408 = DIRECTION ( 'NONE',  ( 0.000000000000000000, 0.000000000000000000, -1.000000000000000000 ) ) ;
#1409 = CARTESIAN_POINT ( 'NONE',  ( 46.00000000000000711, 5.000000000000000000, -10.00000000000000178 ) ) ;
#1410 = FACE_OUTER_BOUND ( 'NONE', #1689, .T. ) ;
#1411 = ORIENTED_EDGE ( 'NONE', *, *, #2298, .F. ) ;
#1412 = CARTESIAN_POINT ( 'NONE',  ( 38.16000000000000369, 22.34314575050761675, -57.79999999999865423 ) ) ;
#1413 = ORIENTED_EDGE ( 'NONE', *, *, #514, .T. ) ;
#1414 = AXIS2_PLACEMENT_3D ( 'NONE', #1891, #1508, #2299 ) ;
#1415 = EDGE_CURVE ( 'NONE', #1554, #1164, #638, .T. ) ;
#1416 = LINE ( 'NONE', #1189, #2355 ) ;
#1417 = ORIENTED_EDGE ( 'NONE', *, *, #390, .T. ) ;
#1418 = VECTOR ( 'NONE', #2463, 1000.000000000000000 ) ;
#1419 = EDGE_LOOP ( 'NONE', ( #1618, #1455, #447, #794 ) ) ;
#1420 = CYLINDRICAL_SURFACE ( 'NONE', #661, 4.000000000000003553 ) ;
#1421 = LINE ( 'NONE', #2192, #1719 ) ;
#1422 = CARTESIAN_POINT ( 'NONE',  ( 38.15999999999999659, 26.00000000000000355, -19.86000000000000298 ) ) ;
#1423 = EDGE_CURVE ( 'NONE', #1761, #1083, #65, .T. ) ;
#1424 = AXIS2_PLACEMENT_3D ( 'NONE', #2377, #1638, #683 ) ;
#1425 = DIRECTION ( 'NONE',  ( 0.000000000000000000, 0.000000000000000000, -1.000000000000000000 ) ) ;
#1426 = LINE ( 'NONE', #1240, #748 ) ;
#1427 = VERTEX_POINT ( 'NONE', #1378 ) ;
#1428 = LINE ( 'NONE', #702, #627 ) ;
#1429 = ORIENTED_EDGE ( 'NONE', *, *, #300, .F. ) ;
#1430 = VECTOR ( 'NONE', #10, 1000.000000000000000 ) ;
#1431 = DIRECTION ( 'NONE',  ( 0.000000000000000000, 0.000000000000000000, -1.000000000000000000 ) ) ;
#1432 = VECTOR ( 'NONE', #1302, 1000.000000000000000 ) ;
#1433 = CIRCLE ( 'NONE', #227, 2.949999999999998845 ) ;
#1434 = ORIENTED_EDGE ( 'NONE', *, *, #1061, .F. ) ;
#1435 = DIRECTION ( 'NONE',  ( 9.011550524554840736E-17, -1.487873981414444463E-32, -1.000000000000000000 ) ) ;
#1436 = LINE ( 'NONE', #1057, #2475 ) ;
#1437 = CARTESIAN_POINT ( 'NONE',  ( 33.16000000000000369, 22.34314575050760965, -19.86000000000000298 ) ) ;
#1438 = EDGE_CURVE ( 'NONE', #1556, #2226, #821, .T. ) ;
#1439 = CARTESIAN_POINT ( 'NONE',  ( 22.84000000000000696, 28.05000000000081783, -67.00000000000000000 ) ) ;
#1440 = ADVANCED_FACE ( 'NONE', ( #188 ), #1216, .F. ) ;
#1441 = DIRECTION ( 'NONE',  ( 0.000000000000000000, -1.000000000000000000, -3.010366118831662638E-16 ) ) ;
#1442 = AXIS2_PLACEMENT_3D ( 'NONE', #203, #21, #616 ) ;
#1443 = ORIENTED_EDGE ( 'NONE', *, *, #2032, .T. ) ;
#1444 = AXIS2_PLACEMENT_3D ( 'NONE', #1521, #2289, #2240 ) ;
#1445 = LINE ( 'NONE', #1039, #1276 ) ;
#1446 = VERTEX_POINT ( 'NONE', #2150 ) ;
#1447 = CARTESIAN_POINT ( 'NONE',  ( 28.87867965644032608, 5.878679656440348289, -48.67867965643892347 ) ) ;
#1448 = VERTEX_POINT ( 'NONE', #1012 ) ;
#1449 = DIRECTION ( 'NONE',  ( -1.000000000000000000, -0.000000000000000000, -9.011550524554840736E-17 ) ) ;
#1450 = DIRECTION ( 'NONE',  ( 0.000000000000000000, 0.000000000000000000, 1.000000000000000000 ) ) ;
#1451 = EDGE_CURVE ( 'NONE', #2139, #467, #418, .T. ) ;
#1452 = PLANE ( 'NONE',  #233 ) ;
#1453 = ORIENTED_EDGE ( 'NONE', *, *, #581, .F. ) ;
#1454 = DIRECTION ( 'NONE',  ( 1.000000000000000000, -0.000000000000000000, 9.011550524554840736E-17 ) ) ;
#1455 = ORIENTED_EDGE ( 'NONE', *, *, #1726, .F. ) ;
#1456 = PLANE ( 'NONE',  #2241 ) ;
#1457 = ORIENTED_EDGE ( 'NONE', *, *, #34, .F. ) ;
#1458 = DIRECTION ( 'NONE',  ( 0.000000000000000000, 0.000000000000000000, 1.000000000000000000 ) ) ;
#1459 = ORIENTED_EDGE ( 'NONE', *, *, #1771, .T. ) ;
#1460 = CARTESIAN_POINT ( 'NONE',  ( 22.83999999999999986, 24.45000000000081997, -12.65999999999934822 ) ) ;
#1461 = DIRECTION ( 'NONE',  ( 5.425613275451917632E-32, -1.000000000000000000, -3.010366118831662638E-16 ) ) ;
#1462 = LINE ( 'NONE', #882, #193 ) ;
#1463 = EDGE_CURVE ( 'NONE', #2270, #1819, #1416, .T. ) ;
#1464 = DIRECTION ( 'NONE',  ( -1.802310104910968394E-16, -1.380853839931787241E-15, 1.000000000000000000 ) ) ;
#1465 = ORIENTED_EDGE ( 'NONE', *, *, #2408, .T. ) ;
#1466 = CARTESIAN_POINT ( 'NONE',  ( 17.83999999999999986, 28.05000000000081783, -15.25999999999934253 ) ) ;
#1467 = ORIENTED_EDGE ( 'NONE', *, *, #1232, .T. ) ;
#1468 = DIRECTION ( 'NONE',  ( 0.000000000000000000, 0.000000000000000000, -1.000000000000000000 ) ) ;
#1469 = AXIS2_PLACEMENT_3D ( 'NONE', #369, #1134, #1904 ) ;
#1470 = VERTEX_POINT ( 'NONE', #1403 ) ;
#1471 = FACE_OUTER_BOUND ( 'NONE', #583, .T. ) ;
#1472 = SURFACE_SIDE_STYLE ('',( #529 ) ) ;
#1473 = CIRCLE ( 'NONE', #2002, 4.000000000000000000 ) ;
#1474 = EDGE_LOOP ( 'NONE', ( #1592, #1545, #963, #618 ) ) ;
#1475 = PLANE ( 'NONE',  #823 ) ;
#1476 = EDGE_LOOP ( 'NONE', ( #1924, #1029, #1093, #324 ) ) ;
#1477 = DIRECTION ( 'NONE',  ( 0.000000000000000000, 0.000000000000000000, 1.000000000000000000 ) ) ;
#1478 = VERTEX_POINT ( 'NONE', #835 ) ;
#1479 = EDGE_CURVE ( 'NONE', #1556, #1529, #1390, .T. ) ;
#1480 = AXIS2_PLACEMENT_3D ( 'NONE', #1336, #723, #1123 ) ;
#1481 = CARTESIAN_POINT ( 'NONE',  ( 17.84000000000000341, 22.34314575050761675, -57.79999999999865423 ) ) ;
#1482 = EDGE_CURVE ( 'NONE', #409, #2348, #2163, .T. ) ;
#1483 = ORIENTED_EDGE ( 'NONE', *, *, #350, .T. ) ;
#1484 = CARTESIAN_POINT ( 'NONE',  ( 46.00000000000000711, 5.000000000000000000, -10.00000000000000178 ) ) ;
#1485 = LINE ( 'NONE', #2074, #13 ) ;
#1486 =( NAMED_UNIT ( * ) PLANE_ANGLE_UNIT ( ) SI_UNIT ( $, .RADIAN. ) );
#1487 = LINE ( 'NONE', #531, #940 ) ;
#1488 = CARTESIAN_POINT ( 'NONE',  ( 38.15999999999999659, 26.00000000000000000, -17.34746257451476836 ) ) ;
#1489 = EDGE_LOOP ( 'NONE', ( #1269, #327, #1609, #105 ) ) ;
#1490 = DIRECTION ( 'NONE',  ( 1.000000000000000000, -0.000000000000000000, 9.011550524554840736E-17 ) ) ;
#1491 = EDGE_LOOP ( 'NONE', ( #1781, #779, #395, #1229 ) ) ;
#1492 = ADVANCED_FACE ( 'NONE', ( #1617 ), #1647, .F. ) ;
#1493 = CARTESIAN_POINT ( 'NONE',  ( 33.16000000000000369, 24.45000000000081997, -15.25999999999934786 ) ) ;
#1494 = VERTEX_POINT ( 'NONE', #2414 ) ;
#1495 = DIRECTION ( 'NONE',  ( 0.000000000000000000, 1.000000000000000000, 0.000000000000000000 ) ) ;
#1496 = LINE ( 'NONE', #722, #985 ) ;
#1497 = CIRCLE ( 'NONE', #2029, 2.599999999999998312 ) ;
#1498 = LINE ( 'NONE', #411, #817 ) ;
#1499 = DIRECTION ( 'NONE',  ( 1.000000000000000000, 0.000000000000000000, 9.011550524554840736E-17 ) ) ;
#1500 = EDGE_CURVE ( 'NONE', #386, #2300, #2433, .T. ) ;
#1501 = AXIS2_PLACEMENT_3D ( 'NONE', #1702, #1299, #339 ) ;
#1502 = ORIENTED_EDGE ( 'NONE', *, *, #1383, .T. ) ;
#1503 = CARTESIAN_POINT ( 'NONE',  ( 17.83999999999999986, 24.45000000000081997, -17.85999999999934928 ) ) ;
#1504 = VERTEX_POINT ( 'NONE', #2016 ) ;
#1505 = FACE_OUTER_BOUND ( 'NONE', #925, .T. ) ;
#1506 = EDGE_CURVE ( 'NONE', #1298, #838, #2214, .T. ) ;
#1507 = EDGE_LOOP ( 'NONE', ( #1550, #1712, #1255, #2425 ) ) ;
#1508 = DIRECTION ( 'NONE',  ( 1.000000000000000000, -6.162975822039154730E-33, 9.011550524554840736E-17 ) ) ;
#1509 = VECTOR ( 'NONE', #1312, 1000.000000000000000 ) ;
#1510 = CARTESIAN_POINT ( 'NONE',  ( 33.16000000000001080, 28.05000000000081783, -62.39999999999930935 ) ) ;
#1511 = CARTESIAN_POINT ( 'NONE',  ( 22.84000000000000696, 25.17157287525380838, -58.97157287525246261 ) ) ;
#1512 = AXIS2_PLACEMENT_3D ( 'NONE', #1857, #268, #2431 ) ;
#1513 = DIRECTION ( 'NONE',  ( 0.000000000000000000, 1.000000000000000000, 0.000000000000000000 ) ) ;
#1514 = CARTESIAN_POINT ( 'NONE',  ( 22.84000000000000696, 24.45000000000081997, -59.79999999999930793 ) ) ;
#1515 = ADVANCED_FACE ( 'NONE', ( #2384 ), #106, .F. ) ;
#1516 = AXIS2_PLACEMENT_3D ( 'NONE', #71, #1071, #1249 ) ;
#1517 = EDGE_CURVE ( 'NONE', #54, #1217, #1632, .T. ) ;
#1518 = ORIENTED_EDGE ( 'NONE', *, *, #1925, .F. ) ;
#1519 = LINE ( 'NONE', #1909, #1392 ) ;
#1520 = ORIENTED_EDGE ( 'NONE', *, *, #1635, .F. ) ;
#1521 = CARTESIAN_POINT ( 'NONE',  ( 33.16000000000000369, 24.45000000000081997, -15.25999999999934786 ) ) ;
#1522 = CIRCLE ( 'NONE', #1643, 2.950000000000003730 ) ;
#1523 = CARTESIAN_POINT ( 'NONE',  ( 0.000000000000000000, 0.000000000000000000, -67.00000000000000000 ) ) ;
#1524 = VECTOR ( 'NONE', #32, 1000.000000000000114 ) ;
#1525 = DIRECTION ( 'NONE',  ( 6.372128484917947662E-17, -0.7071067811865441310, -0.7071067811865507924 ) ) ;
#1526 = ADVANCED_FACE ( 'NONE', ( #77 ), #1078, .F. ) ;
#1527 = FACE_OUTER_BOUND ( 'NONE', #243, .T. ) ;
#1528 = CARTESIAN_POINT ( 'NONE',  ( 17.84000000000000341, 15.00000000000008349, -57.79999999999865423 ) ) ;
#1529 = VERTEX_POINT ( 'NONE', #482 ) ;
#1530 = DIRECTION ( 'NONE',  ( -1.000000000000000000, 0.000000000000000000, -9.011550524554840736E-17 ) ) ;
#1531 = EDGE_CURVE ( 'NONE', #1115, #287, #1445, .T. ) ;
#1532 = CYLINDRICAL_SURFACE ( 'NONE', #1414, 4.000000000000000000 ) ;
#1533 = DIRECTION ( 'NONE',  ( -9.011550524554840736E-17, 0.000000000000000000, 1.000000000000000000 ) ) ;
#1534 = EDGE_LOOP ( 'NONE', ( #121, #2417, #1869, #1329 ) ) ;
#1535 = DIRECTION ( 'NONE',  ( 0.000000000000000000, 0.000000000000000000, -1.000000000000000000 ) ) ;
#1536 = CARTESIAN_POINT ( 'NONE',  ( 38.15999999999999659, 5.000000000000000000, -0.6599999999986095878 ) ) ;
#1537 = CARTESIAN_POINT ( 'NONE',  ( 22.84000000000000696, 14.99999999999995737, -19.86000000000000298 ) ) ;
#1538 = EDGE_CURVE ( 'NONE', #870, #527, #1428, .T. ) ;
#1539 = VERTEX_POINT ( 'NONE', #523 ) ;
#1540 = PLANE ( 'NONE',  #673 ) ;
#1541 = VERTEX_POINT ( 'NONE', #1847 ) ;
#1542 = AXIS2_PLACEMENT_3D ( 'NONE', #1235, #706, #1261 ) ;
#1543 = EDGE_CURVE ( 'NONE', #534, #1829, #873, .T. ) ;
#1544 = CARTESIAN_POINT ( 'NONE',  ( 17.84000000000000341, 15.00000000000007105, -47.79999999999866844 ) ) ;
#1545 = ORIENTED_EDGE ( 'NONE', *, *, #1760, .T. ) ;
#1546 = VECTOR ( 'NONE', #1461, 1000.000000000000000 ) ;
#1547 = CARTESIAN_POINT ( 'NONE',  ( 17.84000000000000696, 15.00000000000007816, -57.79999999999865423 ) ) ;
#1548 = DIRECTION ( 'NONE',  ( -6.372128484917947662E-17, 0.7071067811865441310, 0.7071067811865507924 ) ) ;
#1549 = LINE ( 'NONE', #401, #1119 ) ;
#1550 = ORIENTED_EDGE ( 'NONE', *, *, #1383, .F. ) ;
#1551 = CIRCLE ( 'NONE', #908, 2.950000000000001066 ) ;
#1552 = LINE ( 'NONE', #2319, #947 ) ;
#1553 = CIRCLE ( 'NONE', #2472, 2.950000000000001066 ) ;
#1554 = VERTEX_POINT ( 'NONE', #323 ) ;
#1555 = EDGE_CURVE ( 'NONE', #2270, #2389, #1028, .T. ) ;
#1556 = VERTEX_POINT ( 'NONE', #1244 ) ;
#1557 = EDGE_CURVE ( 'NONE', #1700, #1307, #676, .T. ) ;
#1558 = LINE ( 'NONE', #2138, #2338 ) ;
#1559 = VECTOR ( 'NONE', #2352, 1000.000000000000000 ) ;
#1560 = ORIENTED_EDGE ( 'NONE', *, *, #1821, .T. ) ;
#1561 = CIRCLE ( 'NONE', #2095, 2.599999999999998312 ) ;
#1562 = CARTESIAN_POINT ( 'NONE',  ( 22.83999999999999986, 24.45000000000081997, -15.25999999999934786 ) ) ;
#1563 = CARTESIAN_POINT ( 'NONE',  ( 25.87867965644033319, 7.121320343559657928, -27.73867965644037525 ) ) ;
#1564 = PLANE ( 'NONE',  #1599 ) ;
#1565 = ORIENTED_EDGE ( 'NONE', *, *, #1531, .T. ) ;
#1566 = CARTESIAN_POINT ( 'NONE',  ( 38.15999999999999659, 26.00000000000000000, -17.85999999999999943 ) ) ;
#1567 = ORIENTED_EDGE ( 'NONE', *, *, #1506, .T. ) ;
#1568 = EDGE_CURVE ( 'NONE', #1582, #1752, #1672, .T. ) ;
#1569 = CARTESIAN_POINT ( 'NONE',  ( 38.15999999999999659, 24.45000000000081997, -15.25999999999934786 ) ) ;
#1570 = ORIENTED_EDGE ( 'NONE', *, *, #1301, .T. ) ;
#1571 = DIRECTION ( 'NONE',  ( 1.000000000000000000, 0.000000000000000000, 9.011550524554840736E-17 ) ) ;
#1572 = LINE ( 'NONE', #1398, #357 ) ;
#1573 = ORIENTED_EDGE ( 'NONE', *, *, #2203, .F. ) ;
#1574 = ADVANCED_FACE ( 'NONE', ( #690 ), #1456, .T. ) ;
#1575 = CARTESIAN_POINT ( 'NONE',  ( 38.16000000000000369, 22.34314575050761675, -61.79999999999864713 ) ) ;
#1576 = VECTOR ( 'NONE', #237, 1000.000000000000000 ) ;
#1577 = EDGE_LOOP ( 'NONE', ( #1293, #562, #2137, #895 ) ) ;
#1578 = CARTESIAN_POINT ( 'NONE',  ( 38.15999999999999659, 24.45000000000081997, -12.65999999999934822 ) ) ;
#1579 = VERTEX_POINT ( 'NONE', #1268 ) ;
#1580 = VECTOR ( 'NONE', #1208, 1000.000000000000000 ) ;
#1581 = LINE ( 'NONE', #1949, #1824 ) ;
#1582 = VERTEX_POINT ( 'NONE', #2041 ) ;
#1583 = FACE_OUTER_BOUND ( 'NONE', #783, .T. ) ;
#1584 = LINE ( 'NONE', #210, #878 ) ;
#1585 = CARTESIAN_POINT ( 'NONE',  ( 4.307521150737094295E-15, 5.000000000000000000, -47.79999999999866844 ) ) ;
#1586 = EDGE_LOOP ( 'NONE', ( #285, #1013 ) ) ;
#1587 = EDGE_CURVE ( 'NONE', #1038, #1470, #1593, .T. ) ;
#1588 = DIRECTION ( 'NONE',  ( 1.000000000000000000, 0.000000000000000000, 9.011550524554840736E-17 ) ) ;
#1589 = VECTOR ( 'NONE', #605, 1000.000000000000000 ) ;
#1590 = EDGE_LOOP ( 'NONE', ( #173, #2190, #1024, #2242 ) ) ;
#1591 = DIRECTION ( 'NONE',  ( -0.000000000000000000, -0.7071067811865513475, -0.7071067811865436870 ) ) ;
#1592 = ORIENTED_EDGE ( 'NONE', *, *, #95, .F. ) ;
#1593 = CIRCLE ( 'NONE', #584, 2.599999999999998312 ) ;
#1594 = VECTOR ( 'NONE', #1237, 1000.000000000000000 ) ;
#1595 = DIRECTION ( 'NONE',  ( -9.011550524554840736E-17, 0.000000000000000000, 1.000000000000000000 ) ) ;
#1596 = ORIENTED_EDGE ( 'NONE', *, *, #1886, .F. ) ;
#1597 = CARTESIAN_POINT ( 'NONE',  ( 17.84000000000000341, 26.00000000000000000, -59.79999999999865423 ) ) ;
#1598 = CARTESIAN_POINT ( 'NONE',  ( 33.16000000000001080, 5.000000000000000000, -47.79999999999857607 ) ) ;
#1599 = AXIS2_PLACEMENT_3D ( 'NONE', #995, #1765, #805 ) ;
#1600 = PLANE ( 'NONE',  #1156 ) ;
#1601 = EDGE_CURVE ( 'NONE', #1582, #74, #1433, .T. ) ;
#1602 = AXIS2_PLACEMENT_3D ( 'NONE', #2387, #877, #313 ) ;
#1603 = ORIENTED_EDGE ( 'NONE', *, *, #1962, .F. ) ;
#1604 = DIRECTION ( 'NONE',  ( -1.000000000000000000, 0.000000000000000000, -9.011550524554840736E-17 ) ) ;
#1605 = ORIENTED_EDGE ( 'NONE', *, *, #1690, .T. ) ;
#1606 = LINE ( 'NONE', #1001, #220 ) ;
#1607 = ORIENTED_EDGE ( 'NONE', *, *, #556, .F. ) ;
#1608 = DIRECTION ( 'NONE',  ( 0.000000000000000000, -0.000000000000000000, -1.000000000000000000 ) ) ;
#1609 = ORIENTED_EDGE ( 'NONE', *, *, #681, .F. ) ;
#1610 = DIRECTION ( 'NONE',  ( -1.000000000000000000, -0.000000000000000000, -9.011550524554840736E-17 ) ) ;
#1611 = DIRECTION ( 'NONE',  ( 0.000000000000000000, 0.000000000000000000, 1.000000000000000000 ) ) ;
#1612 = CARTESIAN_POINT ( 'NONE',  ( 10.00000000000000000, 5.000000000000000000, -39.05000000000000426 ) ) ;
#1613 = ORIENTED_EDGE ( 'NONE', *, *, #1172, .F. ) ;
#1614 = FACE_BOUND ( 'NONE', #1586, .T. ) ;
#1615 = EDGE_CURVE ( 'NONE', #997, #2226, #1473, .T. ) ;
#1616 = EDGE_LOOP ( 'NONE', ( #30, #124, #1807, #1710, #392, #2197, #1389, #597, #2309, #2028 ) ) ;
#1617 = FACE_OUTER_BOUND ( 'NONE', #1630, .T. ) ;
#1618 = ORIENTED_EDGE ( 'NONE', *, *, #177, .F. ) ;
#1619 = CARTESIAN_POINT ( 'NONE',  ( 22.83999999999999986, 24.45000000000081997, -15.25999999999934786 ) ) ;
#1620 = ADVANCED_FACE ( 'NONE', ( #2305 ), #1100, .T. ) ;
#1621 = ADVANCED_FACE ( 'NONE', ( #2258 ), #1540, .F. ) ;
#1622 = AXIS2_PLACEMENT_3D ( 'NONE', #1344, #1334, #150 ) ;
#1623 = ORIENTED_EDGE ( 'NONE', *, *, #1568, .T. ) ;
#1624 = DIRECTION ( 'NONE',  ( -1.000000000000000000, 0.000000000000000000, -9.011550524554840736E-17 ) ) ;
#1625 = LINE ( 'NONE', #1800, #236 ) ;
#1626 = CARTESIAN_POINT ( 'NONE',  ( 27.99999999999996092, 5.000000000000000000, 2.523234146875352152E-15 ) ) ;
#1627 = AXIS2_PLACEMENT_3D ( 'NONE', #2218, #1435, #112 ) ;
#1628 = DIRECTION ( 'NONE',  ( 1.000000000000000000, -0.000000000000000000, 9.011550524554840736E-17 ) ) ;
#1629 = CARTESIAN_POINT ( 'NONE',  ( 10.00000000000000355, 0.000000000000000000, -7.050000000000003375 ) ) ;
#1630 = EDGE_LOOP ( 'NONE', ( #2080, #1395, #1961, #588 ) ) ;
#1631 = VECTOR ( 'NONE', #2063, 1000.000000000000000 ) ;
#1632 = LINE ( 'NONE', #1466, #1794 ) ;
#1633 = ORIENTED_EDGE ( 'NONE', *, *, #2134, .F. ) ;
#1634 = VECTOR ( 'NONE', #1441, 1000.000000000000000 ) ;
#1635 = EDGE_CURVE ( 'NONE', #1504, #1890, #713, .T. ) ;
#1636 = DIRECTION ( 'NONE',  ( -1.000000000000000000, 0.000000000000000000, -9.011550524554840736E-17 ) ) ;
#1637 = VERTEX_POINT ( 'NONE', #2297 ) ;
#1638 = DIRECTION ( 'NONE',  ( 0.7071067811865436870, -0.7071067811865513475, 6.372128484917882335E-17 ) ) ;
#1639 = DIRECTION ( 'NONE',  ( 1.000000000000000000, -0.000000000000000000, 9.011550524554840736E-17 ) ) ;
#1640 = DIRECTION ( 'NONE',  ( -1.000000000000000000, -0.000000000000000000, -9.011550524554840736E-17 ) ) ;
#1641 = EDGE_LOOP ( 'NONE', ( #1340, #856, #672, #2426, #1746, #1502, #245, #2282, #415, #1319, #2397, #297 ) ) ;
#1642 = CYLINDRICAL_SURFACE ( 'NONE', #1512, 2.600000000000000089 ) ;
#1643 = AXIS2_PLACEMENT_3D ( 'NONE', #1836, #1650, #1458 ) ;
#1644 = AXIS2_PLACEMENT_3D ( 'NONE', #2078, #1148, #359 ) ;
#1645 = ORIENTED_EDGE ( 'NONE', *, *, #2367, .F. ) ;
#1646 = CIRCLE ( 'NONE', #116, 4.000000000000000000 ) ;
#1647 = CYLINDRICAL_SURFACE ( 'NONE', #1152, 2.600000000000000089 ) ;
#1648 = ORIENTED_EDGE ( 'NONE', *, *, #1726, .T. ) ;
#1649 =( BOUNDED_CURVE ( )  B_SPLINE_CURVE ( 3, ( #1877, #1893, #920, #2292 ),
 .UNSPECIFIED., .F., .T. ) 
 B_SPLINE_CURVE_WITH_KNOTS ( ( 4, 4 ),
 ( 2.356194490192350166, 3.926990816987253829 ),
 .UNSPECIFIED. ) 
 CURVE ( )  GEOMETRIC_REPRESENTATION_ITEM ( )  RATIONAL_B_SPLINE_CURVE ( ( 1.000000000000000000, 0.8047378541243632721, 0.8047378541243632721, 1.000000000000000000 ) ) 
 REPRESENTATION_ITEM ( '' )  );
#1650 = DIRECTION ( 'NONE',  ( 0.000000000000000000, 1.000000000000000000, 0.000000000000000000 ) ) ;
#1651 = EDGE_CURVE ( 'NONE', #2145, #2136, #334, .T. ) ;
#1652 = VERTEX_POINT ( 'NONE', #1870 ) ;
#1653 = DIRECTION ( 'NONE',  ( -0.5773502691896235106, 0.5773502691896296168, -0.5773502691896240657 ) ) ;
#1654 = DIRECTION ( 'NONE',  ( -1.000000000000000000, 0.000000000000000000, -9.011550524554840736E-17 ) ) ;
#1655 = DIRECTION ( 'NONE',  ( -0.000000000000000000, -1.000000000000000000, 0.000000000000000000 ) ) ;
#1656 = VECTOR ( 'NONE', #530, 1000.000000000000000 ) ;
#1657 = LINE ( 'NONE', #1680, #1379 ) ;
#1658 = FACE_OUTER_BOUND ( 'NONE', #1491, .T. ) ;
#1659 = EDGE_CURVE ( 'NONE', #2061, #2272, #373, .T. ) ;
#1660 = EDGE_LOOP ( 'NONE', ( #456, #847, #2432, #739, #1369, #1852, #628, #1793, #275, #689, #1645, #858, #1843 ) ) ;
#1661 = DIRECTION ( 'NONE',  ( 1.000000000000000000, 0.000000000000000000, 0.000000000000000000 ) ) ;
#1662 = ORIENTED_EDGE ( 'NONE', *, *, #26, .T. ) ;
#1663 = CARTESIAN_POINT ( 'NONE',  ( 25.87867965644034385, 7.121320343559651711, -49.92132034355829973 ) ) ;
#1664 = ORIENTED_EDGE ( 'NONE', *, *, #2223, .F. ) ;
#1665 = FACE_OUTER_BOUND ( 'NONE', #842, .T. ) ;
#1666 = DIRECTION ( 'NONE',  ( 1.000000000000000000, 0.000000000000000000, -0.000000000000000000 ) ) ;
#1667 = EDGE_CURVE ( 'NONE', #822, #2093, #1128, .T. ) ;
#1668 = ORIENTED_EDGE ( 'NONE', *, *, #1331, .T. ) ;
#1669 = CARTESIAN_POINT ( 'NONE',  ( 30.12132034355961707, 7.121320343559633947, -27.73867965644034328 ) ) ;
#1670 = ADVANCED_FACE ( 'NONE', ( #535 ), #572, .F. ) ;
#1671 = ORIENTED_EDGE ( 'NONE', *, *, #88, .T. ) ;
#1672 = LINE ( 'NONE', #2238, #186 ) ;
#1673 = ORIENTED_EDGE ( 'NONE', *, *, #731, .F. ) ;
#1674 = PLANE ( 'NONE',  #1723 ) ;
#1675 = CIRCLE ( 'NONE', #2353, 2.950000000000001066 ) ;
#1676 = ORIENTED_EDGE ( 'NONE', *, *, #142, .F. ) ;
#1677 = DIRECTION ( 'NONE',  ( -1.000000000000000000, 0.000000000000000000, -9.011550524554840736E-17 ) ) ;
#1678 = LINE ( 'NONE', #1510, #2394 ) ;
#1679 = AXIS2_PLACEMENT_3D ( 'NONE', #348, #182, #935 ) ;
#1680 = CARTESIAN_POINT ( 'NONE',  ( 22.83999999999999986, 10.16000000000002679, -29.86000000000004917 ) ) ;
#1681 = CIRCLE ( 'NONE', #717, 2.600000000000000089 ) ;
#1682 = CARTESIAN_POINT ( 'NONE',  ( 22.84000000000000696, 15.00000000000007994, -57.79999999999865423 ) ) ;
#1683 = EDGE_CURVE ( 'NONE', #2129, #2368, #1306, .T. ) ;
#1684 = ORIENTED_EDGE ( 'NONE', *, *, #1851, .F. ) ;
#1685 = CARTESIAN_POINT ( 'NONE',  ( 17.84000000000000341, 15.00000000000007994, -57.79999999999865423 ) ) ;
#1686 = VERTEX_POINT ( 'NONE', #1341 ) ;
#1687 = VECTOR ( 'NONE', #2281, 1000.000000000000000 ) ;
#1688 = DIRECTION ( 'NONE',  ( 0.000000000000000000, -0.000000000000000000, 1.000000000000000000 ) ) ;
#1689 = EDGE_LOOP ( 'NONE', ( #1570, #1565, #2284, #1457 ) ) ;
#1690 = EDGE_CURVE ( 'NONE', #534, #508, #2081, .T. ) ;
#1691 = CARTESIAN_POINT ( 'NONE',  ( 55.99999999999999289, 19.09999999999999787, -42.07999999999865537 ) ) ;
#1692 =( NAMED_UNIT ( * ) SI_UNIT ( $, .STERADIAN. ) SOLID_ANGLE_UNIT ( ) );
#1693 = CARTESIAN_POINT ( 'NONE',  ( 38.15999999999999659, 26.00000000000000000, -17.34746257451476836 ) ) ;
#1694 = DIRECTION ( 'NONE',  ( 1.000000000000000000, -0.000000000000000000, 9.011550524554840736E-17 ) ) ;
#1695 = DIRECTION ( 'NONE',  ( 0.000000000000000000, 1.000000000000000000, 0.000000000000000000 ) ) ;
#1696 = ORIENTED_EDGE ( 'NONE', *, *, #138, .T. ) ;
#1697 = CARTESIAN_POINT ( 'NONE',  ( 17.84000000000000341, 28.05000000000081783, -62.39999999999930935 ) ) ;
#1698 = ORIENTED_EDGE ( 'NONE', *, *, #893, .T. ) ;
#1699 = DIRECTION ( 'NONE',  ( -9.011550524554840736E-17, 0.000000000000000000, 1.000000000000000000 ) ) ;
#1700 = VERTEX_POINT ( 'NONE', #1139 ) ;
#1701 = EDGE_CURVE ( 'NONE', #2185, #1504, #1073, .T. ) ;
#1702 = CARTESIAN_POINT ( 'NONE',  ( 17.84000000000000341, 28.05000000000081783, -62.39999999999930935 ) ) ;
#1703 = DIRECTION ( 'NONE',  ( 1.000000000000000000, 0.000000000000000000, 9.011550524554840736E-17 ) ) ;
#1704 = VECTOR ( 'NONE', #472, 1000.000000000000000 ) ;
#1705 = DIRECTION ( 'NONE',  ( 1.000000000000000000, -0.000000000000000000, 9.011550524554840736E-17 ) ) ;
#1706 = AXIS2_PLACEMENT_3D ( 'NONE', #2038, #1278, #1425 ) ;
#1707 = DIRECTION ( 'NONE',  ( -1.000000000000000000, -0.000000000000000000, -9.011550524554840736E-17 ) ) ;
#1708 = ORIENTED_EDGE ( 'NONE', *, *, #1776, .F. ) ;
#1709 = DIRECTION ( 'NONE',  ( 0.000000000000000000, 0.000000000000000000, 1.000000000000000000 ) ) ;
#1710 = ORIENTED_EDGE ( 'NONE', *, *, #712, .T. ) ;
#1711 = PLANE ( 'NONE',  #1444 ) ;
#1712 = ORIENTED_EDGE ( 'NONE', *, *, #1114, .T. ) ;
#1713 = FACE_OUTER_BOUND ( 'NONE', #1167, .T. ) ;
#1714 = LINE ( 'NONE', #2000, #548 ) ;
#1715 = VECTOR ( 'NONE', #2222, 1000.000000000000000 ) ;
#1716 = DIRECTION ( 'NONE',  ( 1.000000000000000000, 0.000000000000000000, 9.011550524554840736E-17 ) ) ;
#1717 = CYLINDRICAL_SURFACE ( 'NONE', #1644, 2.950000000000001066 ) ;
#1718 = VECTOR ( 'NONE', #662, 1000.000000000000000 ) ;
#1719 = VECTOR ( 'NONE', #1209, 1000.000000000000000 ) ;
#1720 = ORIENTED_EDGE ( 'NONE', *, *, #757, .F. ) ;
#1721 = DIRECTION ( 'NONE',  ( 0.000000000000000000, 1.000000000000000000, 0.000000000000000000 ) ) ;
#1722 = CARTESIAN_POINT ( 'NONE',  ( 86.00000000000000000, 5.000000000000000000, -67.00000000000000000 ) ) ;
#1723 = AXIS2_PLACEMENT_3D ( 'NONE', #2435, #952, #1688 ) ;
#1724 = DIRECTION ( 'NONE',  ( 0.000000000000000000, -0.000000000000000000, 1.000000000000000000 ) ) ;
#1725 = LINE ( 'NONE', #2484, #1747 ) ;
#1726 = EDGE_CURVE ( 'NONE', #35, #1494, #2092, .T. ) ;
#1727 = CARTESIAN_POINT ( 'NONE',  ( 17.84000000000000341, 22.34314575050761675, -61.79999999999864713 ) ) ;
#1728 = DIRECTION ( 'NONE',  ( -6.372128484917886032E-17, 0.7071067811865510144, 0.7071067811865440200 ) ) ;
#1729 = ORIENTED_EDGE ( 'NONE', *, *, #632, .F. ) ;
#1730 = LINE ( 'NONE', #771, #1430 ) ;
#1731 = FACE_OUTER_BOUND ( 'NONE', #1734, .T. ) ;
#1732 = ORIENTED_EDGE ( 'NONE', *, *, #1175, .T. ) ;
#1733 = CYLINDRICAL_SURFACE ( 'NONE', #1054, 2.600000000000004974 ) ;
#1734 = EDGE_LOOP ( 'NONE', ( #1974, #1286, #1633, #1846 ) ) ;
#1735 = CARTESIAN_POINT ( 'NONE',  ( 30.12132034355963128, 7.121320343559629507, -47.79999999999866844 ) ) ;
#1736 = CARTESIAN_POINT ( 'NONE',  ( 48.16000000000007475, 5.000000000000000000, -47.79999999999857607 ) ) ;
#1737 = LINE ( 'NONE', #1196, #635 ) ;
#1738 = EDGE_CURVE ( 'NONE', #761, #1819, #1553, .T. ) ;
#1739 = EDGE_LOOP ( 'NONE', ( #1050, #1239, #1295, #208 ) ) ;
#1740 = DIRECTION ( 'NONE',  ( 0.000000000000000000, 1.000000000000000000, 0.000000000000000000 ) ) ;
#1741 = AXIS2_PLACEMENT_3D ( 'NONE', #1484, #368, #1105 ) ;
#1742 = ADVANCED_FACE ( 'NONE', ( #381 ), #362, .T. ) ;
#1743 = VERTEX_POINT ( 'NONE', #1897 ) ;
#1744 = CIRCLE ( 'NONE', #542, 2.599999999999998312 ) ;
#1745 = DIRECTION ( 'NONE',  ( -0.000000000000000000, -1.000000000000000000, -0.000000000000000000 ) ) ;
#1746 = ORIENTED_EDGE ( 'NONE', *, *, #1206, .T. ) ;
#1747 = VECTOR ( 'NONE', #766, 1000.000000000000000 ) ;
#1748 = DIRECTION ( 'NONE',  ( -1.000000000000000000, 0.000000000000000000, -9.011550524554840736E-17 ) ) ;
#1749 = FACE_OUTER_BOUND ( 'NONE', #1005, .T. ) ;
#1750 = CARTESIAN_POINT ( 'NONE',  ( 33.16000000000000369, 26.00000000000000000, -17.34746257451476836 ) ) ;
#1751 = VECTOR ( 'NONE', #1464, 1000.000000000000000 ) ;
#1752 = VERTEX_POINT ( 'NONE', #751 ) ;
#1753 = CARTESIAN_POINT ( 'NONE',  ( 46.00000000000000711, 0.000000000000000000, -7.049999999999998046 ) ) ;
#1754 = EDGE_CURVE ( 'NONE', #1407, #1104, #1519, .T. ) ;
#1755 = VECTOR ( 'NONE', #170, 1000.000000000000000 ) ;
#1756 = ORIENTED_EDGE ( 'NONE', *, *, #1832, .F. ) ;
#1757 = EDGE_LOOP ( 'NONE', ( #2170, #730, #596, #322 ) ) ;
#1758 = DIRECTION ( 'NONE',  ( -1.802310104910968147E-16, 1.380853839931788818E-15, 1.000000000000000000 ) ) ;
#1759 = CIRCLE ( 'NONE', #2207, 2.950000000000001066 ) ;
#1760 = EDGE_CURVE ( 'NONE', #491, #1171, #1149, .T. ) ;
#1761 = VERTEX_POINT ( 'NONE', #195 ) ;
#1762 = VECTOR ( 'NONE', #388, 1000.000000000000000 ) ;
#1763 = CARTESIAN_POINT ( 'NONE',  ( 33.16000000000001080, 24.45000000000081997, -62.39999999999930225 ) ) ;
#1764 = LINE ( 'NONE', #804, #1200 ) ;
#1765 = DIRECTION ( 'NONE',  ( 9.011550524554840736E-17, 0.000000000000000000, -1.000000000000000000 ) ) ;
#1766 = ORIENTED_EDGE ( 'NONE', *, *, #2013, .T. ) ;
#1767 = DIRECTION ( 'NONE',  ( 0.000000000000000000, 0.000000000000000000, -1.000000000000000000 ) ) ;
#1768 = VERTEX_POINT ( 'NONE', #964 ) ;
#1769 = DIRECTION ( 'NONE',  ( 6.372128484917887265E-17, 0.7071067811865510144, -0.7071067811865441310 ) ) ;
#1770 = DIRECTION ( 'NONE',  ( 0.000000000000000000, 0.000000000000000000, -1.000000000000000000 ) ) ;
#1771 = EDGE_CURVE ( 'NONE', #2093, #1686, #1730, .T. ) ;
#1772 = ORIENTED_EDGE ( 'NONE', *, *, #585, .T. ) ;
#1773 = CARTESIAN_POINT ( 'NONE',  ( 46.00000000000000000, 5.000000000000000000, -44.95000000000000284 ) ) ;
#1774 = DIRECTION ( 'NONE',  ( -1.000000000000000000, -0.000000000000000000, -9.011550524554840736E-17 ) ) ;
#1775 = PLANE ( 'NONE',  #1966 ) ;
#1776 = EDGE_CURVE ( 'NONE', #89, #2489, #2160, .T. ) ;
#1777 = VERTEX_POINT ( 'NONE', #1973 ) ;
#1778 = CARTESIAN_POINT ( 'NONE',  ( 22.83999999999999986, 28.05000000000081783, -15.25999999999934253 ) ) ;
#1779 = ORIENTED_EDGE ( 'NONE', *, *, #342, .T. ) ;
#1780 = CARTESIAN_POINT ( 'NONE',  ( 55.99999999999999289, 19.09999999999999787, -42.07999999999865537 ) ) ;
#1781 = ORIENTED_EDGE ( 'NONE', *, *, #2485, .F. ) ;
#1782 = DIRECTION ( 'NONE',  ( -0.000000000000000000, 1.000000000000000000, -6.020732237663325277E-16 ) ) ;
#1783 = EDGE_CURVE ( 'NONE', #1083, #504, #1400, .T. ) ;
#1784 = ORIENTED_EDGE ( 'NONE', *, *, #490, .F. ) ;
#1785 = LINE ( 'NONE', #2154, #1580 ) ;
#1786 = DIRECTION ( 'NONE',  ( -1.000000000000000000, -0.000000000000000000, -9.011550524554840736E-17 ) ) ;
#1787 = DIRECTION ( 'NONE',  ( -9.011550524554840736E-17, -3.010366118831662638E-16, 1.000000000000000000 ) ) ;
#1788 = ORIENTED_EDGE ( 'NONE', *, *, #1925, .T. ) ;
#1789 = CARTESIAN_POINT ( 'NONE',  ( 10.00000000000000000, 0.000000000000000000, -44.95000000000000284 ) ) ;
#1790 = AXIS2_PLACEMENT_3D ( 'NONE', #1922, #1721, #2480 ) ;
#1791 = ORIENTED_EDGE ( 'NONE', *, *, #101, .F. ) ;
#1792 = CARTESIAN_POINT ( 'NONE',  ( 17.84000000000000341, 26.00000000000000355, -19.86000000000000298 ) ) ;
#1793 = ORIENTED_EDGE ( 'NONE', *, *, #1517, .F. ) ;
#1794 = VECTOR ( 'NONE', #310, 1000.000000000000000 ) ;
#1795 = AXIS2_PLACEMENT_3D ( 'NONE', #614, #1748, #1408 ) ;
#1796 = FACE_BOUND ( 'NONE', #668, .T. ) ;
#1797 = ORIENTED_EDGE ( 'NONE', *, *, #2114, .F. ) ;
#1798 = ADVANCED_FACE ( 'NONE', ( #973 ), #1934, .T. ) ;
#1799 = CARTESIAN_POINT ( 'NONE',  ( 17.83999999999999631, 5.000000000000000000, -0.6599999999987258281 ) ) ;
#1800 = CARTESIAN_POINT ( 'NONE',  ( 38.16000000000000369, 25.17157287525380482, -58.97157287525246261 ) ) ;
#1801 = AXIS2_PLACEMENT_3D ( 'NONE', #72, #1640, #2392 ) ;
#1802 = DIRECTION ( 'NONE',  ( -0.000000000000000000, -0.000000000000000000, 1.000000000000000000 ) ) ;
#1803 = EDGE_LOOP ( 'NONE', ( #1986, #1234 ) ) ;
#1804 = LINE ( 'NONE', #75, #59 ) ;
#1805 = ORIENTED_EDGE ( 'NONE', *, *, #797, .T. ) ;
#1806 = CARTESIAN_POINT ( 'NONE',  ( 38.15999999999999659, 24.45000000000081997, -15.25999999999934786 ) ) ;
#1807 = ORIENTED_EDGE ( 'NONE', *, *, #664, .F. ) ;
#1808 = EDGE_CURVE ( 'NONE', #642, #2006, #2043, .T. ) ;
#1809 = CARTESIAN_POINT ( 'NONE',  ( 33.16000000000000369, 28.05000000000081783, -15.25999999999934076 ) ) ;
#1810 = ORIENTED_EDGE ( 'NONE', *, *, #1000, .F. ) ;
#1811 = CYLINDRICAL_SURFACE ( 'NONE', #775, 2.599999999999998312 ) ;
#1812 = DIRECTION ( 'NONE',  ( -1.000000000000000000, -0.000000000000000000, -9.011550524554840736E-17 ) ) ;
#1813 = DIRECTION ( 'NONE',  ( 0.000000000000000000, 0.000000000000000000, 1.000000000000000000 ) ) ;
#1814 = EDGE_LOOP ( 'NONE', ( #1950, #2082, #2133, #1399 ) ) ;
#1815 = LINE ( 'NONE', #1060, #1751 ) ;
#1816 = ADVANCED_FACE ( 'NONE', ( #2135 ), #404, .T. ) ;
#1817 = VERTEX_POINT ( 'NONE', #620 ) ;
#1818 = CARTESIAN_POINT ( 'NONE',  ( 33.16000000000000369, 26.00000000000000000, -17.34746257451476836 ) ) ;
#1819 = VERTEX_POINT ( 'NONE', #1789 ) ;
#1820 = VECTOR ( 'NONE', #1356, 1000.000000000000114 ) ;
#1821 = EDGE_CURVE ( 'NONE', #1164, #1427, #1387, .T. ) ;
#1822 = CLOSED_SHELL ( 'NONE', ( #1989, #94, #641, #1440, #1183, #1068, #250, #852, #619, #1109, #1899, #788, #763, #2009, #2236, #319, #1320, #2101, #402, #512, #953, #2411, #1947, #1526, #205, #826, #433, #1849, #956, #2307, #330, #968, #1670, #217, #1142, #2393, #1621, #2482, #326, #539, #1816, #499, #2278, #1798, #1515, #598, #1372, #1401, #2429, #938, #477, #1492, #230, #2189, #750, #123, #80, #2186, #1620, #1574, #844, #443, #2459, #1742, #1273, #2079, #1955, #356, #410, #883, #2449, #47, #2447, #1154, #397 ) ) ;
#1823 = LINE ( 'NONE', #1809, #1704 ) ;
#1824 = VECTOR ( 'NONE', #824, 1000.000000000000000 ) ;
#1825 = ORIENTED_EDGE ( 'NONE', *, *, #1365, .T. ) ;
#1826 = LINE ( 'NONE', #1248, #576 ) ;
#1827 = FACE_OUTER_BOUND ( 'NONE', #46, .T. ) ;
#1828 = CARTESIAN_POINT ( 'NONE',  ( 22.84000000000000696, 26.00000000000000000, -59.79999999999865423 ) ) ;
#1829 = VERTEX_POINT ( 'NONE', #795 ) ;
#1830 = LINE ( 'NONE', #321, #1715 ) ;
#1831 = ORIENTED_EDGE ( 'NONE', *, *, #213, .F. ) ;
#1832 = EDGE_CURVE ( 'NONE', #1446, #1579, #2342, .T. ) ;
#1833 = DIRECTION ( 'NONE',  ( 0.000000000000000000, 1.000000000000000000, 0.000000000000000000 ) ) ;
#1834 = EDGE_LOOP ( 'NONE', ( #143, #1064, #1069, #486 ) ) ;
#1835 = CIRCLE ( 'NONE', #625, 2.950000000000001066 ) ;
#1836 = CARTESIAN_POINT ( 'NONE',  ( 46.00000000000000711, 0.000000000000000000, -10.00000000000000178 ) ) ;
#1837 = CIRCLE ( 'NONE', #951, 4.000000000000003553 ) ;
#1838 = VERTEX_POINT ( 'NONE', #1753 ) ;
#1839 = DIRECTION ( 'NONE',  ( -0.000000000000000000, -1.000000000000000000, -0.000000000000000000 ) ) ;
#1840 = CARTESIAN_POINT ( 'NONE',  ( 22.83999999999999986, 27.05000000000081783, -15.25999999999934253 ) ) ;
#1841 = DIRECTION ( 'NONE',  ( 0.000000000000000000, 0.000000000000000000, -1.000000000000000000 ) ) ;
#1842 = EDGE_CURVE ( 'NONE', #2093, #409, #1552, .T. ) ;
#1843 = ORIENTED_EDGE ( 'NONE', *, *, #1938, .F. ) ;
#1844 = CARTESIAN_POINT ( 'NONE',  ( 33.16000000000000369, 28.05000000000081783, -10.65999999999867143 ) ) ;
#1845 = AXIS2_PLACEMENT_3D ( 'NONE', #1493, #754, #375 ) ;
#1846 = ORIENTED_EDGE ( 'NONE', *, *, #2172, .T. ) ;
#1847 = CARTESIAN_POINT ( 'NONE',  ( 17.83999999999999986, 26.00000000000000000, -17.34746257451476836 ) ) ;
#1848 = ORIENTED_EDGE ( 'NONE', *, *, #1500, .F. ) ;
#1849 = ADVANCED_FACE ( 'NONE', ( #819 ), #440, .T. ) ;
#1850 = DIRECTION ( 'NONE',  ( 0.000000000000000000, 0.000000000000000000, 1.000000000000000000 ) ) ;
#1851 = EDGE_CURVE ( 'NONE', #508, #987, #1173, .T. ) ;
#1852 = ORIENTED_EDGE ( 'NONE', *, *, #1362, .T. ) ;
#1853 = DIRECTION ( 'NONE',  ( 5.425613275451917632E-32, -1.000000000000000000, -3.010366118831662638E-16 ) ) ;
#1854 =( NAMED_UNIT ( * ) PLANE_ANGLE_UNIT ( ) SI_UNIT ( $, .RADIAN. ) );
#1855 = EDGE_CURVE ( 'NONE', #23, #9, #36, .T. ) ;
#1856 = CARTESIAN_POINT ( 'NONE',  ( 27.12132034355961707, 5.878679656440359835, -28.98132034355968045 ) ) ;
#1857 = CARTESIAN_POINT ( 'NONE',  ( 17.83999999999999986, 24.45000000000081997, -15.25999999999934786 ) ) ;
#1858 = EDGE_LOOP ( 'NONE', ( #2358, #1120, #2318, #78 ) ) ;
#1859 = DIRECTION ( 'NONE',  ( 0.000000000000000000, 1.000000000000000000, 0.000000000000000000 ) ) ;
#1860 = ORIENTED_EDGE ( 'NONE', *, *, #1391, .T. ) ;
#1861 = LINE ( 'NONE', #1911, #2165 ) ;
#1862 = ORIENTED_EDGE ( 'NONE', *, *, #1166, .T. ) ;
#1863 = CARTESIAN_POINT ( 'NONE',  ( 22.84000000000000696, 26.52500000000073399, -60.32499999999938467 ) ) ;
#1864 = CARTESIAN_POINT ( 'NONE',  ( 30.12132034355962773, 7.121320343559623289, -49.92132034355821446 ) ) ;
#1865 = EDGE_CURVE ( 'NONE', #845, #386, #832, .T. ) ;
#1866 = SHAPE_DEFINITION_REPRESENTATION ( #1343, #2005 ) ;
#1867 = DIRECTION ( 'NONE',  ( -9.011550524554840736E-17, 0.000000000000000000, 1.000000000000000000 ) ) ;
#1868 = LINE ( 'NONE', #371, #593 ) ;
#1869 = ORIENTED_EDGE ( 'NONE', *, *, #468, .F. ) ;
#1870 = CARTESIAN_POINT ( 'NONE',  ( 30.12132034355963839, 7.121320343559632171, -67.00000000000000000 ) ) ;
#1871 = ORIENTED_EDGE ( 'NONE', *, *, #1297, .F. ) ;
#1872 = EDGE_CURVE ( 'NONE', #2048, #1350, #1025, .T. ) ;
#1873 = CARTESIAN_POINT ( 'NONE',  ( 33.16000000000000369, 10.15999999999998415, -0.6599999999986100319 ) ) ;
#1874 = ORIENTED_EDGE ( 'NONE', *, *, #1587, .T. ) ;
#1875 = CARTESIAN_POINT ( 'NONE',  ( 48.16000000000007475, 5.000000000000000000, -67.00000000000000000 ) ) ;
#1876 = CARTESIAN_POINT ( 'NONE',  ( 22.84000000000000696, 26.00000000000000000, -60.31253742548388175 ) ) ;
#1877 = CARTESIAN_POINT ( 'NONE',  ( 30.12132034355961707, 7.121320343559634836, -2.781320343558267183 ) ) ;
#1878 = VECTOR ( 'NONE', #1051, 1000.000000000000000 ) ;
#1879 = ORIENTED_EDGE ( 'NONE', *, *, #2267, .T. ) ;
#1880 = CARTESIAN_POINT ( 'NONE',  ( 33.16000000000001080, 26.00000000000000355, -57.79999999999865423 ) ) ;
#1881 = DIRECTION ( 'NONE',  ( -9.011550524554840736E-17, 1.487873981414444463E-32, 1.000000000000000000 ) ) ;
#1882 = ORIENTED_EDGE ( 'NONE', *, *, #1651, .F. ) ;
#1883 = DIRECTION ( 'NONE',  ( -6.372128484917940267E-17, -0.7071067811865451302, 0.7071067811865500152 ) ) ;
#1884 = ORIENTED_EDGE ( 'NONE', *, *, #2134, .T. ) ;
#1885 = VECTOR ( 'NONE', #1906, 1000.000000000000000 ) ;
#1886 = EDGE_CURVE ( 'NONE', #752, #743, #1675, .T. ) ;
#1887 = AXIS2_PLACEMENT_3D ( 'NONE', #970, #6, #2326 ) ;
#1888 = FACE_OUTER_BOUND ( 'NONE', #2399, .T. ) ;
#1889 = EDGE_CURVE ( 'NONE', #453, #999, #1163, .T. ) ;
#1890 = VERTEX_POINT ( 'NONE', #2329 ) ;
#1891 = CARTESIAN_POINT ( 'NONE',  ( 38.15999999999999659, 22.34314575050760965, -15.86000000000000298 ) ) ;
#1892 = FILL_AREA_STYLE ('',( #2254 ) ) ;
#1893 = CARTESIAN_POINT ( 'NONE',  ( 28.87867965644032253, 5.878679656440348289, -1.538679656438967536 ) ) ;
#1894 = DIRECTION ( 'NONE',  ( 1.000000000000000000, 0.000000000000000000, 0.000000000000000000 ) ) ;
#1895 = CARTESIAN_POINT ( 'NONE',  ( 10.00000000000000000, 5.000000000000000000, -42.00000000000000000 ) ) ;
#1896 = VERTEX_POINT ( 'NONE', #1374 ) ;
#1897 = CARTESIAN_POINT ( 'NONE',  ( 17.83999999999999986, 24.45000000000081997, -12.65999999999934822 ) ) ;
#1898 = ORIENTED_EDGE ( 'NONE', *, *, #648, .F. ) ;
#1899 = ADVANCED_FACE ( 'NONE', ( #416 ), #1185, .F. ) ;
#1900 = CARTESIAN_POINT ( 'NONE',  ( 10.00000000000000355, 5.000000000000000000, -10.00000000000000178 ) ) ;
#1901 = ORIENTED_EDGE ( 'NONE', *, *, #1482, .F. ) ;
#1902 = PLANE ( 'NONE',  #1501 ) ;
#1903 = LINE ( 'NONE', #931, #1958 ) ;
#1904 = DIRECTION ( 'NONE',  ( -1.000000000000000000, 0.000000000000000000, -9.011550524554840736E-17 ) ) ;
#1905 = CARTESIAN_POINT ( 'NONE',  ( 46.00000000000000000, 0.000000000000000000, -42.00000000000000000 ) ) ;
#1906 = DIRECTION ( 'NONE',  ( 0.000000000000000000, 1.380853839931788818E-15, 1.000000000000000000 ) ) ;
#1907 = AXIS2_PLACEMENT_3D ( 'NONE', #378, #724, #387 ) ;
#1908 = VERTEX_POINT ( 'NONE', #2412 ) ;
#1909 = CARTESIAN_POINT ( 'NONE',  ( 38.16000000000000369, 27.05000000000081783, -62.39999999999930935 ) ) ;
#1910 = EDGE_CURVE ( 'NONE', #2348, #663, #2054, .T. ) ;
#1911 = CARTESIAN_POINT ( 'NONE',  ( 33.16000000000001080, 10.15999999999997172, -62.39999999999930225 ) ) ;
#1912 = LINE ( 'NONE', #554, #2148 ) ;
#1913 = LINE ( 'NONE', #1144, #1311 ) ;
#1914 = VECTOR ( 'NONE', #1881, 1000.000000000000000 ) ;
#1915 = LINE ( 'NONE', #1880, #1432 ) ;
#1916 = DIRECTION ( 'NONE',  ( 0.000000000000000000, 0.000000000000000000, 1.000000000000000000 ) ) ;
#1917 = CARTESIAN_POINT ( 'NONE',  ( 14.00000000000014388, 18.99999999999998934, -67.00000000000000000 ) ) ;
#1918 = EDGE_CURVE ( 'NONE', #162, #2423, #871, .T. ) ;
#1919 = AXIS2_PLACEMENT_3D ( 'NONE', #1228, #650, #955 ) ;
#1920 = CIRCLE ( 'NONE', #753, 2.949999999999998845 ) ;
#1921 = EDGE_LOOP ( 'NONE', ( #726, #200, #2213, #295, #1363, #2259, #463, #2019, #675, #624, #522, #1766, #49 ) ) ;
#1922 = CARTESIAN_POINT ( 'NONE',  ( 46.00000000000000711, 5.000000000000000000, -10.00000000000000178 ) ) ;
#1923 = CIRCLE ( 'NONE', #833, 2.600000000000000089 ) ;
#1924 = ORIENTED_EDGE ( 'NONE', *, *, #1601, .T. ) ;
#1925 = EDGE_CURVE ( 'NONE', #2215, #2467, #1426, .T. ) ;
#1926 = DIRECTION ( 'NONE',  ( 1.000000000000000000, -0.000000000000000000, 9.011550524554840736E-17 ) ) ;
#1927 = EDGE_CURVE ( 'NONE', #89, #1478, #1830, .T. ) ;
#1928 = EDGE_LOOP ( 'NONE', ( #1946, #825, #1708, #1988, #809, #1696, #361, #1048, #458, #516, #422, #941, #111, #1605, #1086, #194 ) ) ;
#1929 = CARTESIAN_POINT ( 'NONE',  ( 86.00000000000000000, -73.40980860893181159, -67.00000000000000000 ) ) ;
#1930 = CARTESIAN_POINT ( 'NONE',  ( 33.16000000000000369, 24.45000000000081997, -17.85999999999934573 ) ) ;
#1931 = DIRECTION ( 'NONE',  ( 0.000000000000000000, -1.000000000000000000, 0.000000000000000000 ) ) ;
#1932 = EDGE_CURVE ( 'NONE', #2042, #1052, #2422, .T. ) ;
#1933 = VERTEX_POINT ( 'NONE', #493 ) ;
#1934 = PLANE ( 'NONE',  #1349 ) ;
#1935 = ORIENTED_EDGE ( 'NONE', *, *, #2267, .F. ) ;
#1936 = CARTESIAN_POINT ( 'NONE',  ( 38.16000000000000369, 25.17157287525380838, -58.97157287525246261 ) ) ;
#1937 = ORIENTED_EDGE ( 'NONE', *, *, #1368, .T. ) ;
#1938 = EDGE_CURVE ( 'NONE', #1817, #1541, #1815, .T. ) ;
#1939 = DIRECTION ( 'NONE',  ( -1.802310104910968147E-16, 0.000000000000000000, 1.000000000000000000 ) ) ;
#1940 = CARTESIAN_POINT ( 'NONE',  ( 33.16000000000001080, 27.05000000000081783, -62.39999999999930935 ) ) ;
#1941 = LINE ( 'NONE', #1210, #916 ) ;
#1942 = ORIENTED_EDGE ( 'NONE', *, *, #1506, .F. ) ;
#1943 = CARTESIAN_POINT ( 'NONE',  ( 48.16000000000007475, 5.000000000000000000, -47.79999999999857607 ) ) ;
#1944 = VECTOR ( 'NONE', #566, 1000.000000000000114 ) ;
#1945 = ORIENTED_EDGE ( 'NONE', *, *, #1092, .F. ) ;
#1946 = ORIENTED_EDGE ( 'NONE', *, *, #1783, .T. ) ;
#1947 = ADVANCED_FACE ( 'NONE', ( #1658 ), #1266, .F. ) ;
#1948 = VECTOR ( 'NONE', #423, 1000.000000000000114 ) ;
#1949 = CARTESIAN_POINT ( 'NONE',  ( 0.000000000000000000, 5.000000000000000000, -67.00000000000000000 ) ) ;
#1950 = ORIENTED_EDGE ( 'NONE', *, *, #2334, .T. ) ;
#1951 = MECHANICAL_DESIGN_GEOMETRIC_PRESENTATION_REPRESENTATION (  '', ( #1191 ), #781 ) ;
#1952 = DIRECTION ( 'NONE',  ( 1.000000000000000000, 0.000000000000000000, 0.000000000000000000 ) ) ;
#1953 = CARTESIAN_POINT ( 'NONE',  ( 33.16000000000000369, 22.02500000000080860, -12.83499999999931340 ) ) ;
#1954 = VECTOR ( 'NONE', #428, 1000.000000000000000 ) ;
#1955 = ADVANCED_FACE ( 'NONE', ( #2025 ), #1049, .F. ) ;
#1956 = EDGE_LOOP ( 'NONE', ( #884, #474, #223, #1434 ) ) ;
#1957 = CARTESIAN_POINT ( 'NONE',  ( 10.00000000000000000, 5.000000000000000000, -42.00000000000000000 ) ) ;
#1958 = VECTOR ( 'NONE', #2428, 1000.000000000000114 ) ;
#1959 = EDGE_LOOP ( 'NONE', ( #861, #2086, #1573, #965 ) ) ;
#1960 = CARTESIAN_POINT ( 'NONE',  ( 17.84000000000000341, 26.00000000000000355, -19.86000000000000298 ) ) ;
#1961 = ORIENTED_EDGE ( 'NONE', *, *, #1415, .T. ) ;
#1962 = EDGE_CURVE ( 'NONE', #218, #1494, #1087, .T. ) ;
#1963 = EDGE_CURVE ( 'NONE', #1761, #527, #1076, .T. ) ;
#1964 = LINE ( 'NONE', #52, #292 ) ;
#1965 = VECTOR ( 'NONE', #93, 1000.000000000000114 ) ;
#1966 = AXIS2_PLACEMENT_3D ( 'NONE', #211, #2315, #982 ) ;
#1967 = ORIENTED_EDGE ( 'NONE', *, *, #382, .T. ) ;
#1968 = AXIS2_PLACEMENT_3D ( 'NONE', #1900, #172, #1468 ) ;
#1969 = FACE_OUTER_BOUND ( 'NONE', #1814, .T. ) ;
#1970 = CARTESIAN_POINT ( 'NONE',  ( 86.00000000000000000, 0.000000000000000000, -67.00000000000000000 ) ) ;
#1971 = DIRECTION ( 'NONE',  ( 0.000000000000000000, 0.000000000000000000, 1.000000000000000000 ) ) ;
#1972 = EDGE_LOOP ( 'NONE', ( #912, #160, #1117, #2162, #1212, #660, #807, #51, #1467, #1150, #1805, #1309 ) ) ;
#1973 = CARTESIAN_POINT ( 'NONE',  ( 22.84000000000000696, 10.16000000000002679, -52.95999999999864372 ) ) ;
#1974 = ORIENTED_EDGE ( 'NONE', *, *, #1889, .T. ) ;
#1975 = EDGE_CURVE ( 'NONE', #287, #622, #1998, .T. ) ;
#1976 = DIRECTION ( 'NONE',  ( -1.000000000000000000, -0.000000000000000000, -9.011550524554840736E-17 ) ) ;
#1977 = ORIENTED_EDGE ( 'NONE', *, *, #1201, .T. ) ;
#1978 = CYLINDRICAL_SURFACE ( 'NONE', #934, 2.949999999999997957 ) ;
#1979 = ORIENTED_EDGE ( 'NONE', *, *, #2046, .F. ) ;
#1980 = CARTESIAN_POINT ( 'NONE',  ( 22.84000000000000696, 26.00000000000000355, -57.79999999999865423 ) ) ;
#1981 = DIRECTION ( 'NONE',  ( -9.011550524554840736E-17, 0.000000000000000000, 1.000000000000000000 ) ) ;
#1982 = DIRECTION ( 'NONE',  ( -1.000000000000000000, -0.000000000000000000, -9.011550524554840736E-17 ) ) ;
#1983 = EDGE_CURVE ( 'NONE', #1478, #2129, #886, .T. ) ;
#1984 = VERTEX_POINT ( 'NONE', #1629 ) ;
#1985 = DIRECTION ( 'NONE',  ( -6.372128484917887265E-17, 0.7071067811865510144, 0.7071067811865441310 ) ) ;
#1986 = ORIENTED_EDGE ( 'NONE', *, *, #1601, .F. ) ;
#1987 = CARTESIAN_POINT ( 'NONE',  ( 86.00000000000000000, 19.09999999999999787, -42.07999999999865537 ) ) ;
#1988 = ORIENTED_EDGE ( 'NONE', *, *, #1927, .T. ) ;
#1989 = ADVANCED_FACE ( 'NONE', ( #843 ), #1642, .F. ) ;
#1990 = CARTESIAN_POINT ( 'NONE',  ( 46.00000000000000000, 0.000000000000000000, -39.05000000000000426 ) ) ;
#1991 = VECTOR ( 'NONE', #1449, 1000.000000000000000 ) ;
#1992 = VERTEX_POINT ( 'NONE', #1669 ) ;
#1993 = DIRECTION ( 'NONE',  ( -1.000000000000000000, -0.000000000000000000, -9.011550524554840736E-17 ) ) ;
#1994 = LINE ( 'NONE', #1031, #1594 ) ;
#1995 = PLANE ( 'NONE',  #2441 ) ;
#1996 = ORIENTED_EDGE ( 'NONE', *, *, #26, .F. ) ;
#1997 = EDGE_CURVE ( 'NONE', #363, #1052, #857, .T. ) ;
#1998 = LINE ( 'NONE', #104, #2085 ) ;
#1999 = ORIENTED_EDGE ( 'NONE', *, *, #1253, .F. ) ;
#2000 = CARTESIAN_POINT ( 'NONE',  ( 33.16000000000001080, 26.52500000000073044, -60.32499999999938467 ) ) ;
#2001 = ORIENTED_EDGE ( 'NONE', *, *, #1172, .T. ) ;
#2002 = AXIS2_PLACEMENT_3D ( 'NONE', #130, #898, #727 ) ;
#2003 = CIRCLE ( 'NONE', #1795, 2.600000000000000089 ) ;
#2004 = FACE_BOUND ( 'NONE', #69, .T. ) ;
#2005 = ADVANCED_BREP_SHAPE_REPRESENTATION ( 'BigNema23 Holder', ( #1254, #764 ), #2451 ) ;
#2006 = VERTEX_POINT ( 'NONE', #1412 ) ;
#2007 = CARTESIAN_POINT ( 'NONE',  ( 33.16000000000000369, 26.00000000000000000, -17.85999999999999943 ) ) ;
#2008 = LINE ( 'NONE', #277, #510 ) ;
#2009 = ADVANCED_FACE ( 'NONE', ( #1614, #674, #2235, #2182, #2211 ), #506, .T. ) ;
#2010 = VECTOR ( 'NONE', #1499, 1000.000000000000000 ) ;
#2011 = CARTESIAN_POINT ( 'NONE',  ( 33.16000000000001080, 10.15999999999997172, -66.99999999999997158 ) ) ;
#2012 = FACE_OUTER_BOUND ( 'NONE', #335, .T. ) ;
#2013 = EDGE_CURVE ( 'NONE', #409, #1264, #1804, .T. ) ;
#2014 = CARTESIAN_POINT ( 'NONE',  ( 55.99999999999999289, 5.000000000000000000, -42.07999999999865537 ) ) ;
#2015 = EDGE_LOOP ( 'NONE', ( #571, #649, #2102, #1317 ) ) ;
#2016 = CARTESIAN_POINT ( 'NONE',  ( 38.15999999999999659, 24.45000000000081997, -17.85999999999934573 ) ) ;
#2017 = EDGE_LOOP ( 'NONE', ( #2247, #564, #1623, #1088 ) ) ;
#2018 = DIRECTION ( 'NONE',  ( 6.372128484917894661E-17, -0.7071067811865500152, -0.7071067811865451302 ) ) ;
#2019 = ORIENTED_EDGE ( 'NONE', *, *, #1635, .T. ) ;
#2020 = CARTESIAN_POINT ( 'NONE',  ( 38.16000000000000369, 22.34314575050761675, -61.79999999999864713 ) ) ;
#2021 = LINE ( 'NONE', #437, #2357 ) ;
#2022 = DIRECTION ( 'NONE',  ( -9.011550524554840736E-17, 0.000000000000000000, 1.000000000000000000 ) ) ;
#2023 = EDGE_CURVE ( 'NONE', #691, #308, #1067, .T. ) ;
#2024 = ORIENTED_EDGE ( 'NONE', *, *, #989, .T. ) ;
#2025 = FACE_OUTER_BOUND ( 'NONE', #1227, .T. ) ;
#2026 = ORIENTED_EDGE ( 'NONE', *, *, #1035, .F. ) ;
#2027 = DIRECTION ( 'NONE',  ( -1.000000000000000000, -0.000000000000000000, -9.011550524554840736E-17 ) ) ;
#2028 = ORIENTED_EDGE ( 'NONE', *, *, #199, .F. ) ;
#2029 = AXIS2_PLACEMENT_3D ( 'NONE', #1367, #16, #1381 ) ;
#2030 = VECTOR ( 'NONE', #2395, 1000.000000000000000 ) ;
#2031 = DIRECTION ( 'NONE',  ( -1.000000000000000000, -0.000000000000000000, -9.011550524554840736E-17 ) ) ;
#2032 = EDGE_CURVE ( 'NONE', #1752, #1984, #2471, .T. ) ;
#2033 = CIRCLE ( 'NONE', #1907, 2.599999999999998312 ) ;
#2034 = ORIENTED_EDGE ( 'NONE', *, *, #157, .T. ) ;
#2035 = DIRECTION ( 'NONE',  ( -1.000000000000000000, -0.000000000000000000, -9.011550524554840736E-17 ) ) ;
#2036 = PLANE ( 'NONE',  #1393 ) ;
#2037 = CARTESIAN_POINT ( 'NONE',  ( 38.15999999999999659, 14.99999999999995737, -10.65999999999867320 ) ) ;
#2038 = CARTESIAN_POINT ( 'NONE',  ( 38.15999999999999659, 22.34314575050760965, -15.86000000000000298 ) ) ;
#2039 = CARTESIAN_POINT ( 'NONE',  ( 38.15999999999999659, 26.00000000000000000, -17.34746257451476836 ) ) ;
#2040 = ORIENTED_EDGE ( 'NONE', *, *, #848, .F. ) ;
#2041 = CARTESIAN_POINT ( 'NONE',  ( 10.00000000000000355, 5.000000000000000000, -12.94999999999999929 ) ) ;
#2042 = VERTEX_POINT ( 'NONE', #747 ) ;
#2043 = CIRCLE ( 'NONE', #184, 4.000000000000003553 ) ;
#2044 = CARTESIAN_POINT ( 'NONE',  ( 22.84000000000000696, 22.34314575050761675, -57.79999999999865423 ) ) ;
#2045 = VECTOR ( 'NONE', #377, 1000.000000000000000 ) ;
#2046 = EDGE_CURVE ( 'NONE', #1992, #1908, #546, .T. ) ;
#2047 = VECTOR ( 'NONE', #655, 1000.000000000000000 ) ;
#2048 = VERTEX_POINT ( 'NONE', #1514 ) ;
#2049 = DIRECTION ( 'NONE',  ( 9.011550524554840736E-17, 3.010366118831662638E-16, -1.000000000000000000 ) ) ;
#2050 = CARTESIAN_POINT ( 'NONE',  ( 5.947623346193697061E-17, 5.000000000000000000, -0.6599999999986130295 ) ) ;
#2051 = DIRECTION ( 'NONE',  ( 0.000000000000000000, 0.000000000000000000, -1.000000000000000000 ) ) ;
#2052 = CIRCLE ( 'NONE', #957, 2.950000000000003730 ) ;
#2053 = CARTESIAN_POINT ( 'NONE',  ( 25.87867965644033319, 7.121320343559657928, -27.73867965644037525 ) ) ;
#2054 = LINE ( 'NONE', #1844, #1634 ) ;
#2055 = AXIS2_PLACEMENT_3D ( 'NONE', #2104, #1118, #927 ) ;
#2056 = ORIENTED_EDGE ( 'NONE', *, *, #138, .F. ) ;
#2057 = DIRECTION ( 'NONE',  ( 0.000000000000000000, 0.000000000000000000, -1.000000000000000000 ) ) ;
#2058 = ORIENTED_EDGE ( 'NONE', *, *, #2172, .F. ) ;
#2059 = EDGE_CURVE ( 'NONE', #2389, #2270, #1835, .T. ) ;
#2060 = DIRECTION ( 'NONE',  ( 0.7071067811865512365, 0.7071067811865437980, 6.372128484917951360E-17 ) ) ;
#2061 = VERTEX_POINT ( 'NONE', #1316 ) ;
#2062 = DIRECTION ( 'NONE',  ( -1.000000000000000000, 0.000000000000000000, -0.000000000000000000 ) ) ;
#2063 = DIRECTION ( 'NONE',  ( -1.000000000000000000, 6.162975822039153361E-33, -9.011550524554840736E-17 ) ) ;
#2064 = DIRECTION ( 'NONE',  ( 1.000000000000000000, 0.000000000000000000, 0.000000000000000000 ) ) ;
#2065 = CARTESIAN_POINT ( 'NONE',  ( 7.839999999999824887, 5.000000000000000000, 7.065055611250836063E-16 ) ) ;
#2066 = FACE_OUTER_BOUND ( 'NONE', #1358, .T. ) ;
#2067 = ORIENTED_EDGE ( 'NONE', *, *, #1760, .F. ) ;
#2068 = DIRECTION ( 'NONE',  ( 1.000000000000000000, -0.000000000000000000, 9.011550524554840736E-17 ) ) ;
#2069 = EDGE_LOOP ( 'NONE', ( #131, #267, #1596, #737 ) ) ;
#2070 = PLANE ( 'NONE',  #557 ) ;
#2071 = UNCERTAINTY_MEASURE_WITH_UNIT (LENGTH_MEASURE( 1.000000000000000082E-05 ), #2440, 'distance_accuracy_value', 'NONE');
#2072 = ORIENTED_EDGE ( 'NONE', *, *, #772, .F. ) ;
#2073 = DIRECTION ( 'NONE',  ( -0.000000000000000000, -0.000000000000000000, -1.000000000000000000 ) ) ;
#2074 = CARTESIAN_POINT ( 'NONE',  ( 38.16000000000000369, 28.05000000000081783, -62.39999999999930935 ) ) ;
#2075 = APPLICATION_PROTOCOL_DEFINITION ( 'draft international standard', 'automotive_design', 1998, #442 ) ;
#2076 = VECTOR ( 'NONE', #434, 1000.000000000000000 ) ;
#2077 = CARTESIAN_POINT ( 'NONE',  ( 46.00000000000000711, 5.000000000000000000, -7.049999999999998046 ) ) ;
#2078 = CARTESIAN_POINT ( 'NONE',  ( 46.00000000000000000, 5.000000000000000000, -42.00000000000000000 ) ) ;
#2079 = ADVANCED_FACE ( 'NONE', ( #332 ), #1475, .T. ) ;
#2080 = ORIENTED_EDGE ( 'NONE', *, *, #57, .F. ) ;
#2081 = LINE ( 'NONE', #2468, #2400 ) ;
#2082 = ORIENTED_EDGE ( 'NONE', *, *, #2151, .F. ) ;
#2083 = VECTOR ( 'NONE', #1769, 1000.000000000000000 ) ;
#2084 = CARTESIAN_POINT ( 'NONE',  ( 22.83999999999999986, 10.16000000000002679, -15.25999999999934786 ) ) ;
#2085 = VECTOR ( 'NONE', #87, 1000.000000000000000 ) ;
#2086 = ORIENTED_EDGE ( 'NONE', *, *, #1659, .T. ) ;
#2087 = CARTESIAN_POINT ( 'NONE',  ( 55.99999999999999289, 19.09999999999999787, -35.57999999999865537 ) ) ;
#2088 = DIRECTION ( 'NONE',  ( 0.000000000000000000, 0.000000000000000000, -1.000000000000000000 ) ) ;
#2089 = CARTESIAN_POINT ( 'NONE',  ( 17.94666666666667254, 15.05333333333341272, -57.85333333333198880 ) ) ;
#2090 = DIRECTION ( 'NONE',  ( 1.000000000000000000, 0.000000000000000000, 9.011550524554840736E-17 ) ) ;
#2091 = ORIENTED_EDGE ( 'NONE', *, *, #1983, .F. ) ;
#2092 = LINE ( 'NONE', #1116, #148 ) ;
#2093 = VERTEX_POINT ( 'NONE', #1328 ) ;
#2094 = VECTOR ( 'NONE', #1802, 1000.000000000000000 ) ;
#2095 = AXIS2_PLACEMENT_3D ( 'NONE', #565, #526, #513 ) ;
#2096 = FACE_OUTER_BOUND ( 'NONE', #1202, .T. ) ;
#2097 = VERTEX_POINT ( 'NONE', #532 ) ;
#2098 = PLANE ( 'NONE',  #8 ) ;
#2099 = CARTESIAN_POINT ( 'NONE',  ( 17.84000000000000341, 26.00000000000000000, -59.79999999999865423 ) ) ;
#2100 = LINE ( 'NONE', #735, #558 ) ;
#2101 = ADVANCED_FACE ( 'NONE', ( #907 ), #1717, .F. ) ;
#2102 = ORIENTED_EDGE ( 'NONE', *, *, #1376, .T. ) ;
#2103 = CARTESIAN_POINT ( 'NONE',  ( 38.15999999999999659, 28.05000000000081783, -15.25999999999934076 ) ) ;
#2104 = CARTESIAN_POINT ( 'NONE',  ( 38.15999999999999659, 28.05000000000081783, -15.25999999999934076 ) ) ;
#2105 = EDGE_CURVE ( 'NONE', #1171, #1153, #760, .T. ) ;
#2106 = CARTESIAN_POINT ( 'NONE',  ( 10.00000000000000000, 0.000000000000000000, -42.00000000000000000 ) ) ;
#2107 = DIRECTION ( 'NONE',  ( -1.000000000000000000, -0.000000000000000000, -9.011550524554840736E-17 ) ) ;
#2108 = CARTESIAN_POINT ( 'NONE',  ( 17.83999999999999986, 24.45000000000081997, -15.25999999999934786 ) ) ;
#2109 = LINE ( 'NONE', #1159, #28 ) ;
#2110 = CARTESIAN_POINT ( 'NONE',  ( 46.00000000000000711, 5.000000000000000000, -12.95000000000000639 ) ) ;
#2111 = ORIENTED_EDGE ( 'NONE', *, *, #621, .T. ) ;
#2112 = CARTESIAN_POINT ( 'NONE',  ( 38.15999999999999659, 24.45000000000081997, -15.25999999999934786 ) ) ;
#2113 = EDGE_CURVE ( 'NONE', #923, #887, #1125, .T. ) ;
#2114 = EDGE_CURVE ( 'NONE', #1529, #23, #167, .T. ) ;
#2115 = CARTESIAN_POINT ( 'NONE',  ( 33.16000000000001080, 24.45000000000081997, -59.79999999999930793 ) ) ;
#2116 = AXIS2_PLACEMENT_3D ( 'NONE', #2039, #128, #480 ) ;
#2117 = EDGE_LOOP ( 'NONE', ( #149, #270, #262, #1382 ) ) ;
#2118 = LINE ( 'NONE', #2089, #462 ) ;
#2119 = CARTESIAN_POINT ( 'NONE',  ( 33.16000000000001080, 26.00000000000000000, -59.79999999999865423 ) ) ;
#2120 = LINE ( 'NONE', #631, #515 ) ;
#2121 = VECTOR ( 'NONE', #551, 1000.000000000000000 ) ;
#2122 = ORIENTED_EDGE ( 'NONE', *, *, #1517, .T. ) ;
#2123 = DIRECTION ( 'NONE',  ( 0.000000000000000000, 0.000000000000000000, 1.000000000000000000 ) ) ;
#2124 = CARTESIAN_POINT ( 'NONE',  ( 33.16000000000001080, 24.45000000000081997, -62.39999999999930225 ) ) ;
#2125 = AXIS2_PLACEMENT_3D ( 'NONE', #1019, #971, #2488 ) ;
#2126 = ORIENTED_EDGE ( 'NONE', *, *, #694, .F. ) ;
#2127 = EDGE_CURVE ( 'NONE', #822, #272, #2100, .T. ) ;
#2128 = CARTESIAN_POINT ( 'NONE',  ( 46.00000000000000000, 5.000000000000000000, -39.05000000000000426 ) ) ;
#2129 = VERTEX_POINT ( 'NONE', #521 ) ;
#2130 = CARTESIAN_POINT ( 'NONE',  ( 38.15999999999999659, 28.05000000000081783, -15.25999999999934076 ) ) ;
#2131 = LINE ( 'NONE', #400, #1524 ) ;
#2132 = DIRECTION ( 'NONE',  ( 0.000000000000000000, 1.000000000000000000, 0.000000000000000000 ) ) ;
#2133 = ORIENTED_EDGE ( 'NONE', *, *, #1342, .F. ) ;
#2134 = EDGE_CURVE ( 'NONE', #1539, #96, #2269, .T. ) ;
#2135 = FACE_OUTER_BOUND ( 'NONE', #314, .T. ) ;
#2136 = VERTEX_POINT ( 'NONE', #922 ) ;
#2137 = ORIENTED_EDGE ( 'NONE', *, *, #248, .F. ) ;
#2138 = CARTESIAN_POINT ( 'NONE',  ( 17.83999999999999986, 26.00000000000000000, -17.85999999999999943 ) ) ;
#2139 = VERTEX_POINT ( 'NONE', #1339 ) ;
#2140 = LINE ( 'NONE', #263, #2343 ) ;
#2141 = DIRECTION ( 'NONE',  ( -1.000000000000000000, -0.000000000000000000, -9.011550524554840736E-17 ) ) ;
#2142 = VECTOR ( 'NONE', #1636, 1000.000000000000000 ) ;
#2143 = CARTESIAN_POINT ( 'NONE',  ( 22.84000000000000696, 26.00000000000000355, -19.86000000000000298 ) ) ;
#2144 = CIRCLE ( 'NONE', #1706, 4.000000000000000000 ) ;
#2145 = VERTEX_POINT ( 'NONE', #1528 ) ;
#2146 = EDGE_CURVE ( 'NONE', #838, #508, #1868, .T. ) ;
#2147 = CARTESIAN_POINT ( 'NONE',  ( 0.000000000000000000, 0.000000000000000000, -67.00000000000000000 ) ) ;
#2148 = VECTOR ( 'NONE', #2073, 1000.000000000000000 ) ;
#2149 = EDGE_LOOP ( 'NONE', ( #1453, #802, #1413, #2058 ) ) ;
#2150 = CARTESIAN_POINT ( 'NONE',  ( 22.83999999999999986, 25.17157287525379061, -18.68842712474620171 ) ) ;
#2151 = EDGE_CURVE ( 'NONE', #257, #2354, #711, .T. ) ;
#2152 = DIRECTION ( 'NONE',  ( -1.000000000000000000, 0.000000000000000000, -9.011550524554840736E-17 ) ) ;
#2153 = ORIENTED_EDGE ( 'NONE', *, *, #309, .F. ) ;
#2154 = CARTESIAN_POINT ( 'NONE',  ( 17.83999999999999986, 26.00000000000000000, -17.34746257451476836 ) ) ;
#2155 = LINE ( 'NONE', #615, #1762 ) ;
#2156 = CARTESIAN_POINT ( 'NONE',  ( 33.16000000000001080, 28.05000000000081783, -66.99999999999998579 ) ) ;
#2157 = AXIS2_PLACEMENT_3D ( 'NONE', #659, #1279, #306 ) ;
#2158 = EDGE_CURVE ( 'NONE', #2136, #1777, #961, .T. ) ;
#2159 = ORIENTED_EDGE ( 'NONE', *, *, #1138, .F. ) ;
#2160 = LINE ( 'NONE', #634, #1589 ) ;
#2161 = CIRCLE ( 'NONE', #1074, 2.599999999999998312 ) ;
#2162 = ORIENTED_EDGE ( 'NONE', *, *, #213, .T. ) ;
#2163 = LINE ( 'NONE', #431, #2201 ) ;
#2164 = PLANE ( 'NONE',  #976 ) ;
#2165 = VECTOR ( 'NONE', #1699, 1000.000000000000000 ) ;
#2166 = VERTEX_POINT ( 'NONE', #2256 ) ;
#2167 = CARTESIAN_POINT ( 'NONE',  ( 17.84000000000000341, 24.45000000000081997, -64.99999999999930367 ) ) ;
#2168 = CARTESIAN_POINT ( 'NONE',  ( 46.00000000000000711, 5.000000000000000000, -12.95000000000000639 ) ) ;
#2169 = CARTESIAN_POINT ( 'NONE',  ( 22.83999999999999986, 24.45000000000081997, -15.25999999999934786 ) ) ;
#2170 = ORIENTED_EDGE ( 'NONE', *, *, #1391, .F. ) ;
#2171 = DIRECTION ( 'NONE',  ( 0.000000000000000000, 1.380853839931788818E-15, 1.000000000000000000 ) ) ;
#2172 = EDGE_CURVE ( 'NONE', #1539, #453, #2246, .T. ) ;
#2173 = ORIENTED_EDGE ( 'NONE', *, *, #2295, .T. ) ;
#2174 = CARTESIAN_POINT ( 'NONE',  ( 17.83999999999999986, 15.00000000000005151, -10.65999999999867498 ) ) ;
#2175 = ORIENTED_EDGE ( 'NONE', *, *, #1683, .T. ) ;
#2176 = CARTESIAN_POINT ( 'NONE',  ( 17.84000000000000341, 24.45000000000081997, -62.39999999999930225 ) ) ;
#2177 = ORIENTED_EDGE ( 'NONE', *, *, #664, .T. ) ;
#2178 = LINE ( 'NONE', #1735, #1354 ) ;
#2179 = CARTESIAN_POINT ( 'NONE',  ( 17.84000000000000341, 22.34314575050760965, -19.86000000000000298 ) ) ;
#2180 = CARTESIAN_POINT ( 'NONE',  ( 17.84000000000000341, 28.05000000000081783, -62.39999999999930935 ) ) ;
#2181 = ORIENTED_EDGE ( 'NONE', *, *, #667, .T. ) ;
#2182 = FACE_BOUND ( 'NONE', #353, .T. ) ;
#2183 = ORIENTED_EDGE ( 'NONE', *, *, #700, .T. ) ;
#2184 = CARTESIAN_POINT ( 'NONE',  ( 17.83999999999999986, 5.000000000000000000, -29.86000000000005272 ) ) ;
#2185 = VERTEX_POINT ( 'NONE', #1488 ) ;
#2186 = ADVANCED_FACE ( 'NONE', ( #2066 ), #1098, .T. ) ;
#2187 = CARTESIAN_POINT ( 'NONE',  ( 10.00000000000000000, 0.000000000000000000, -39.05000000000000426 ) ) ;
#2188 = VECTOR ( 'NONE', #2191, 1000.000000000000000 ) ;
#2189 = ADVANCED_FACE ( 'NONE', ( #2339 ), #1775, .T. ) ;
#2190 = ORIENTED_EDGE ( 'NONE', *, *, #1313, .F. ) ;
#2191 = DIRECTION ( 'NONE',  ( -0.000000000000000000, -1.000000000000000000, 0.000000000000000000 ) ) ;
#2192 = CARTESIAN_POINT ( 'NONE',  ( 17.84000000000000341, 26.00000000000000000, -60.31253742548388175 ) ) ;
#2193 = DIRECTION ( 'NONE',  ( 1.000000000000000000, 0.000000000000000000, 9.011550524554840736E-17 ) ) ;
#2194 = VECTOR ( 'NONE', #2088, 1000.000000000000000 ) ;
#2195 = CARTESIAN_POINT ( 'NONE',  ( 28.87867965644035095, 5.878679656440355394, -28.98132034355968401 ) ) ;
#2196 = DIRECTION ( 'NONE',  ( 0.5773502691896198469, -0.5773502691896259531, -0.5773502691896315042 ) ) ;
#2197 = ORIENTED_EDGE ( 'NONE', *, *, #364, .T. ) ;
#2198 = AXIS2_PLACEMENT_3D ( 'NONE', #1727, #767, #1535 ) ;
#2199 = DIRECTION ( 'NONE',  ( 1.000000000000000000, 0.000000000000000000, 9.011550524554840736E-17 ) ) ;
#2200 = ORIENTED_EDGE ( 'NONE', *, *, #1333, .F. ) ;
#2201 = VECTOR ( 'NONE', #1976, 1000.000000000000000 ) ;
#2202 = CARTESIAN_POINT ( 'NONE',  ( 38.16000000000000369, 23.99999999999999645, -57.79999999999865423 ) ) ;
#2203 = EDGE_CURVE ( 'NONE', #1448, #2272, #391, .T. ) ;
#2204 = ORIENTED_EDGE ( 'NONE', *, *, #1220, .T. ) ;
#2205 = CARTESIAN_POINT ( 'NONE',  ( 10.00000000000000000, 5.000000000000000000, -42.00000000000000000 ) ) ;
#2206 = DIRECTION ( 'NONE',  ( -0.000000000000000000, -1.000000000000000000, -0.000000000000000000 ) ) ;
#2207 = AXIS2_PLACEMENT_3D ( 'NONE', #318, #115, #1813 ) ;
#2208 = DIRECTION ( 'NONE',  ( 1.000000000000000000, 0.000000000000000000, 9.011550524554840736E-17 ) ) ;
#2209 = AXIS2_PLACEMENT_3D ( 'NONE', #1195, #1347, #960 ) ;
#2210 = LINE ( 'NONE', #1439, #2030 ) ;
#2211 = FACE_BOUND ( 'NONE', #872, .T. ) ;
#2212 = EDGE_CURVE ( 'NONE', #2006, #108, #2120, .T. ) ;
#2213 = ORIENTED_EDGE ( 'NONE', *, *, #1333, .T. ) ;
#2214 = LINE ( 'NONE', #90, #1878 ) ;
#2215 = VERTEX_POINT ( 'NONE', #591 ) ;
#2216 = FACE_OUTER_BOUND ( 'NONE', #2069, .T. ) ;
#2217 = ORIENTED_EDGE ( 'NONE', *, *, #1927, .F. ) ;
#2218 = CARTESIAN_POINT ( 'NONE',  ( 27.99999999999998579, 9.242640687119289211, 2.523234146875354124E-15 ) ) ;
#2219 = DIRECTION ( 'NONE',  ( 9.011550524554840736E-17, 0.000000000000000000, -1.000000000000000000 ) ) ;
#2220 = LINE ( 'NONE', #2379, #2244 ) ;
#2221 = LINE ( 'NONE', #1929, #178 ) ;
#2222 = DIRECTION ( 'NONE',  ( 0.7071067811865512365, 0.7071067811865439090, -0.000000000000000000 ) ) ;
#2223 = EDGE_CURVE ( 'NONE', #228, #701, #1322, .T. ) ;
#2224 = ORIENTED_EDGE ( 'NONE', *, *, #1918, .T. ) ;
#2225 = CARTESIAN_POINT ( 'NONE',  ( 10.00000000000000000, 5.000000000000000000, -42.00000000000000000 ) ) ;
#2226 = VERTEX_POINT ( 'NONE', #426 ) ;
#2227 = VECTOR ( 'NONE', #2310, 1000.000000000000000 ) ;
#2228 = EDGE_CURVE ( 'NONE', #2328, #770, #45, .T. ) ;
#2229 = CARTESIAN_POINT ( 'NONE',  ( 30.12132034355962773, 7.121320343559623289, -49.92132034355821446 ) ) ;
#2230 = VECTOR ( 'NONE', #568, 1000.000000000000000 ) ;
#2231 = ORIENTED_EDGE ( 'NONE', *, *, #1754, .T. ) ;
#2232 = PLANE ( 'NONE',  #1424 ) ;
#2233 = CARTESIAN_POINT ( 'NONE',  ( 86.00000000000000000, 19.09999999999999787, -42.07999999999865537 ) ) ;
#2234 = ORIENTED_EDGE ( 'NONE', *, *, #101, .T. ) ;
#2235 = FACE_OUTER_BOUND ( 'NONE', #693, .T. ) ;
#2236 = ADVANCED_FACE ( 'NONE', ( #816 ), #578, .F. ) ;
#2237 = ORIENTED_EDGE ( 'NONE', *, *, #1783, .F. ) ;
#2238 = CARTESIAN_POINT ( 'NONE',  ( 10.00000000000000355, 5.000000000000000000, -12.94999999999999929 ) ) ;
#2239 = VERTEX_POINT ( 'NONE', #7 ) ;
#2240 = DIRECTION ( 'NONE',  ( 9.011550524554840736E-17, 0.000000000000000000, -1.000000000000000000 ) ) ;
#2241 = AXIS2_PLACEMENT_3D ( 'NONE', #509, #1661, #495 ) ;
#2242 = ORIENTED_EDGE ( 'NONE', *, *, #1220, .F. ) ;
#2243 = CARTESIAN_POINT ( 'NONE',  ( 38.16000000000000369, 24.45000000000081997, -62.39999999999930225 ) ) ;
#2244 = VECTOR ( 'NONE', #656, 1000.000000000000000 ) ;
#2245 = ORIENTED_EDGE ( 'NONE', *, *, #2287, .F. ) ;
#2246 = LINE ( 'NONE', #2443, #27 ) ;
#2247 = ORIENTED_EDGE ( 'NONE', *, *, #1352, .F. ) ;
#2248 = EDGE_CURVE ( 'NONE', #2239, #1933, #1737, .T. ) ;
#2249 = DIRECTION ( 'NONE',  ( 0.000000000000000000, 0.000000000000000000, -1.000000000000000000 ) ) ;
#2250 = ORIENTED_EDGE ( 'NONE', *, *, #382, .F. ) ;
#2251 = FACE_OUTER_BOUND ( 'NONE', #2017, .T. ) ;
#2252 = ORIENTED_EDGE ( 'NONE', *, *, #468, .T. ) ;
#2253 = LINE ( 'NONE', #376, #538 ) ;
#2254 = FILL_AREA_STYLE_COLOUR ( '', #869 ) ;
#2255 = LINE ( 'NONE', #2268, #2311 ) ;
#2256 = CARTESIAN_POINT ( 'NONE',  ( 7.839999999999828439, 5.000000000000000000, -47.79999999999866844 ) ) ;
#2257 = ORIENTED_EDGE ( 'NONE', *, *, #177, .T. ) ;
#2258 = FACE_OUTER_BOUND ( 'NONE', #1489, .T. ) ;
#2259 = ORIENTED_EDGE ( 'NONE', *, *, #2485, .T. ) ;
#2260 = CARTESIAN_POINT ( 'NONE',  ( 22.84000000000000696, 10.16000000000002679, -66.99999999999998579 ) ) ;
#2261 = CIRCLE ( 'NONE', #2461, 2.599999999999998312 ) ;
#2262 = EDGE_CURVE ( 'NONE', #162, #1022, #1385, .T. ) ;
#2263 = ORIENTED_EDGE ( 'NONE', *, *, #34, .T. ) ;
#2264 = DIRECTION ( 'NONE',  ( -0.000000000000000000, -1.000000000000000000, -0.000000000000000000 ) ) ;
#2265 = LINE ( 'NONE', #2464, #100 ) ;
#2266 = AXIS2_PLACEMENT_3D ( 'NONE', #2106, #2473, #721 ) ;
#2267 = EDGE_CURVE ( 'NONE', #987, #2166, #1182, .T. ) ;
#2268 = CARTESIAN_POINT ( 'NONE',  ( 0.000000000000000000, 0.000000000000000000, 0.000000000000000000 ) ) ;
#2269 = LINE ( 'NONE', #155, #1885 ) ;
#2270 = VERTEX_POINT ( 'NONE', #603 ) ;
#2271 = DIRECTION ( 'NONE',  ( -1.802310104910968147E-16, 0.000000000000000000, 1.000000000000000000 ) ) ;
#2272 = VERTEX_POINT ( 'NONE', #438 ) ;
#2273 = AXIS2_PLACEMENT_3D ( 'NONE', #444, #567, #1533 ) ;
#2274 = CARTESIAN_POINT ( 'NONE',  ( 38.15999999999999659, 24.45000000000081997, -15.25999999999934786 ) ) ;
#2275 = VECTOR ( 'NONE', #280, 1000.000000000000000 ) ;
#2276 = ORIENTED_EDGE ( 'NONE', *, *, #1997, .T. ) ;
#2277 = CARTESIAN_POINT ( 'NONE',  ( 38.15999999999999659, 5.000000000000000000, -0.6599999999986130295 ) ) ;
#2278 = ADVANCED_FACE ( 'NONE', ( #254 ), #33, .T. ) ;
#2279 = DIRECTION ( 'NONE',  ( 0.000000000000000000, 0.000000000000000000, 1.000000000000000000 ) ) ;
#2280 = CARTESIAN_POINT ( 'NONE',  ( 17.83999999999999986, 28.05000000000081783, -15.25999999999934253 ) ) ;
#2281 = DIRECTION ( 'NONE',  ( 0.7071067811865435759, -0.7071067811865514585, 0.000000000000000000 ) ) ;
#2282 = ORIENTED_EDGE ( 'NONE', *, *, #514, .F. ) ;
#2283 = DIRECTION ( 'NONE',  ( -0.000000000000000000, 0.7071067811865436870, -0.7071067811865513475 ) ) ;
#2284 = ORIENTED_EDGE ( 'NONE', *, *, #390, .F. ) ;
#2285 = CIRCLE ( 'NONE', #1602, 4.000000000000003553 ) ;
#2286 = VECTOR ( 'NONE', #2132, 1000.000000000000000 ) ;
#2287 = EDGE_CURVE ( 'NONE', #1097, #108, #1549, .T. ) ;
#2288 = VECTOR ( 'NONE', #1007, 1000.000000000000000 ) ;
#2289 = DIRECTION ( 'NONE',  ( 1.000000000000000000, 0.000000000000000000, 9.011550524554840736E-17 ) ) ;
#2290 = DIRECTION ( 'NONE',  ( 0.000000000000000000, 0.000000000000000000, -1.000000000000000000 ) ) ;
#2291 = DIRECTION ( 'NONE',  ( 0.000000000000000000, 0.000000000000000000, -1.000000000000000000 ) ) ;
#2292 = CARTESIAN_POINT ( 'NONE',  ( 25.87867965644033319, 7.121320343559657040, -2.781320343558359109 ) ) ;
#2293 = DIRECTION ( 'NONE',  ( -0.5773502691896232886, 0.5773502691896297279, -0.5773502691896242878 ) ) ;
#2294 = DIRECTION ( 'NONE',  ( 0.000000000000000000, 0.000000000000000000, 1.000000000000000000 ) ) ;
#2295 = EDGE_CURVE ( 'NONE', #308, #752, #1941, .T. ) ;
#2296 = ORIENTED_EDGE ( 'NONE', *, *, #1053, .F. ) ;
#2297 = CARTESIAN_POINT ( 'NONE',  ( 38.15999999999999659, 22.34314575050760965, -19.86000000000000298 ) ) ;
#2298 = EDGE_CURVE ( 'NONE', #1153, #1838, #2052, .T. ) ;
#2299 = DIRECTION ( 'NONE',  ( 0.000000000000000000, 0.000000000000000000, -1.000000000000000000 ) ) ;
#2300 = VERTEX_POINT ( 'NONE', #1750 ) ;
#2301 = CARTESIAN_POINT ( 'NONE',  ( 17.83999999999999986, 28.05000000000081783, -15.25999999999934253 ) ) ;
#2302 = CARTESIAN_POINT ( 'NONE',  ( 33.16000000000000369, 10.15999999999998415, -24.70000000000002061 ) ) ;
#2303 = CARTESIAN_POINT ( 'NONE',  ( 0.000000000000000000, 0.000000000000000000, 0.000000000000000000 ) ) ;
#2304 = ORIENTED_EDGE ( 'NONE', *, *, #2401, .T. ) ;
#2305 = FACE_OUTER_BOUND ( 'NONE', #1590, .T. ) ;
#2306 = VECTOR ( 'NONE', #1610, 1000.000000000000000 ) ;
#2307 = ADVANCED_FACE ( 'NONE', ( #792 ), #1564, .F. ) ;
#2308 = CARTESIAN_POINT ( 'NONE',  ( 38.16000000000000369, 26.00000000000000000, -60.31253742548388175 ) ) ;
#2309 = ORIENTED_EDGE ( 'NONE', *, *, #1362, .F. ) ;
#2310 = DIRECTION ( 'NONE',  ( -9.011550524554840736E-17, 0.000000000000000000, 1.000000000000000000 ) ) ;
#2311 = VECTOR ( 'NONE', #1894, 1000.000000000000000 ) ;
#2312 = VERTEX_POINT ( 'NONE', #2156 ) ;
#2313 = CARTESIAN_POINT ( 'NONE',  ( 0.000000000000000000, 5.000000000000000000, 0.000000000000000000 ) ) ;
#2314 = LINE ( 'NONE', #777, #2288 ) ;
#2315 = DIRECTION ( 'NONE',  ( -1.000000000000000000, 0.000000000000000000, -9.011550524554840736E-17 ) ) ;
#2316 = AXIS2_PLACEMENT_3D ( 'NONE', #1256, #860, #846 ) ;
#2317 = VECTOR ( 'NONE', #1939, 1000.000000000000000 ) ;
#2318 = ORIENTED_EDGE ( 'NONE', *, *, #2401, .F. ) ;
#2319 = CARTESIAN_POINT ( 'NONE',  ( 38.15999999999999659, 28.05000000000081783, -15.25999999999934076 ) ) ;
#2320 = ORIENTED_EDGE ( 'NONE', *, *, #174, .F. ) ;
#2321 = VECTOR ( 'NONE', #569, 1000.000000000000000 ) ;
#2322 = LINE ( 'NONE', #812, #86 ) ;
#2323 = EDGE_CURVE ( 'NONE', #1504, #1038, #1572, .T. ) ;
#2324 = ORIENTED_EDGE ( 'NONE', *, *, #1162, .F. ) ;
#2325 = DIRECTION ( 'NONE',  ( 0.000000000000000000, 0.000000000000000000, -1.000000000000000000 ) ) ;
#2326 = DIRECTION ( 'NONE',  ( 0.000000000000000000, 0.000000000000000000, 1.000000000000000000 ) ) ;
#2327 = DIRECTION ( 'NONE',  ( 1.000000000000000000, 0.000000000000000000, 9.011550524554840736E-17 ) ) ;
#2328 = VERTEX_POINT ( 'NONE', #1537 ) ;
#2329 = CARTESIAN_POINT ( 'NONE',  ( 38.15999999999999659, 24.45000000000081997, -12.65999999999934644 ) ) ;
#2330 = VERTEX_POINT ( 'NONE', #2303 ) ;
#2331 = FACE_OUTER_BOUND ( 'NONE', #299, .T. ) ;
#2332 = ORIENTED_EDGE ( 'NONE', *, *, #801, .F. ) ;
#2333 = CARTESIAN_POINT ( 'NONE',  ( 10.00000000000000355, 5.000000000000000000, -10.00000000000000178 ) ) ;
#2334 = EDGE_CURVE ( 'NONE', #2312, #2354, #461, .T. ) ;
#2335 = ORIENTED_EDGE ( 'NONE', *, *, #1932, .F. ) ;
#2336 = CARTESIAN_POINT ( 'NONE',  ( 33.16000000000000369, 27.05000000000081783, -15.25999999999934076 ) ) ;
#2337 = CARTESIAN_POINT ( 'NONE',  ( 17.83999999999999986, 25.17157287525379061, -18.68842712474620171 ) ) ;
#2338 = VECTOR ( 'NONE', #2152, 1000.000000000000000 ) ;
#2339 = FACE_OUTER_BOUND ( 'NONE', #1660, .T. ) ;
#2340 = AXIS2_PLACEMENT_3D ( 'NONE', #2065, #331, #1867 ) ;
#2341 = ORIENTED_EDGE ( 'NONE', *, *, #1331, .F. ) ;
#2342 = LINE ( 'NONE', #48, #383 ) ;
#2343 = VECTOR ( 'NONE', #399, 1000.000000000000000 ) ;
#2344 = EDGE_CURVE ( 'NONE', #2239, #978, #2406, .T. ) ;
#2345 = EDGE_LOOP ( 'NONE', ( #550, #1280, #1059, #197 ) ) ;
#2346 = DIRECTION ( 'NONE',  ( 0.000000000000000000, 0.000000000000000000, 1.000000000000000000 ) ) ;
#2347 = LINE ( 'NONE', #640, #1174 ) ;
#2348 = VERTEX_POINT ( 'NONE', #303 ) ;
#2349 = EDGE_CURVE ( 'NONE', #1777, #923, #1238, .T. ) ;
#2350 = PLANE ( 'NONE',  #340 ) ;
#2351 = LINE ( 'NONE', #1536, #561 ) ;
#2352 = DIRECTION ( 'NONE',  ( -1.000000000000000000, 0.000000000000000000, -9.011550524554840736E-17 ) ) ;
#2353 = AXIS2_PLACEMENT_3D ( 'NONE', #2369, #215, #393 ) ;
#2354 = VERTEX_POINT ( 'NONE', #1250 ) ;
#2355 = VECTOR ( 'NONE', #756, 1000.000000000000000 ) ;
#2356 = DIRECTION ( 'NONE',  ( 9.011550524554840736E-17, 0.000000000000000000, -1.000000000000000000 ) ) ;
#2357 = VECTOR ( 'NONE', #2219, 1000.000000000000000 ) ;
#2358 = ORIENTED_EDGE ( 'NONE', *, *, #1290, .T. ) ;
#2359 = PLANE ( 'NONE',  #1186 ) ;
#2360 = ORIENTED_EDGE ( 'NONE', *, *, #1543, .T. ) ;
#2361 = VECTOR ( 'NONE', #1160, 1000.000000000000000 ) ;
#2362 = DIRECTION ( 'NONE',  ( 0.000000000000000000, 0.000000000000000000, -1.000000000000000000 ) ) ;
#2363 = ORIENTED_EDGE ( 'NONE', *, *, #484, .F. ) ;
#2364 = LINE ( 'NONE', #448, #2317 ) ;
#2365 = DIRECTION ( 'NONE',  ( 6.372128484917950127E-17, 0.7071067811865440200, -0.7071067811865511255 ) ) ;
#2366 = DIRECTION ( 'NONE',  ( 0.7071067811865512365, 0.7071067811865439090, 6.372128484917951360E-17 ) ) ;
#2367 = EDGE_CURVE ( 'NONE', #2061, #1743, #471, .T. ) ;
#2368 = VERTEX_POINT ( 'NONE', #2180 ) ;
#2369 = CARTESIAN_POINT ( 'NONE',  ( 46.00000000000000000, 0.000000000000000000, -42.00000000000000000 ) ) ;
#2370 = EDGE_CURVE ( 'NONE', #1404, #64, #1462, .T. ) ;
#2371 = ORIENTED_EDGE ( 'NONE', *, *, #342, .F. ) ;
#2372 = LINE ( 'NONE', #2174, #2083 ) ;
#2373 = ORIENTED_EDGE ( 'NONE', *, *, #1683, .F. ) ;
#2374 = EDGE_CURVE ( 'NONE', #663, #1264, #671, .T. ) ;
#2375 = DIRECTION ( 'NONE',  ( -1.000000000000000000, 0.000000000000000000, -9.011550524554840736E-17 ) ) ;
#2376 = ORIENTED_EDGE ( 'NONE', *, *, #720, .T. ) ;
#2377 = CARTESIAN_POINT ( 'NONE',  ( 27.99999999999997513, 5.000000000000000000, 2.523234146875353335E-15 ) ) ;
#2378 = FACE_OUTER_BOUND ( 'NONE', #1956, .T. ) ;
#2379 = CARTESIAN_POINT ( 'NONE',  ( 38.16000000000000369, 28.05000000000081783, -62.39999999999930935 ) ) ;
#2380 = ORIENTED_EDGE ( 'NONE', *, *, #1297, .T. ) ;
#2381 = CARTESIAN_POINT ( 'NONE',  ( 33.16000000000000369, 26.00000000000000355, -19.86000000000000298 ) ) ;
#2382 = ORIENTED_EDGE ( 'NONE', *, *, #2323, .T. ) ;
#2383 = EDGE_CURVE ( 'NONE', #308, #691, #1759, .T. ) ;
#2384 = FACE_OUTER_BOUND ( 'NONE', #2446, .T. ) ;
#2385 = VERTEX_POINT ( 'NONE', #1828 ) ;
#2386 = CIRCLE ( 'NONE', #1304, 2.599999999999998312 ) ;
#2387 = CARTESIAN_POINT ( 'NONE',  ( 22.84000000000000696, 22.34314575050761675, -61.79999999999864713 ) ) ;
#2388 = VECTOR ( 'NONE', #1853, 1000.000000000000000 ) ;
#2389 = VERTEX_POINT ( 'NONE', #1612 ) ;
#2390 = DIRECTION ( 'NONE',  ( 6.372128484917916847E-17, 0.7071067811865474617, -0.7071067811865474617 ) ) ;
#2391 = FACE_OUTER_BOUND ( 'NONE', #818, .T. ) ;
#2392 = DIRECTION ( 'NONE',  ( 0.000000000000000000, 0.000000000000000000, 1.000000000000000000 ) ) ;
#2393 = ADVANCED_FACE ( 'NONE', ( #2420 ), #1995, .T. ) ;
#2394 = VECTOR ( 'NONE', #176, 1000.000000000000000 ) ;
#2395 = DIRECTION ( 'NONE',  ( 1.085122655090383526E-31, 1.000000000000000000, -6.020732237663325277E-16 ) ) ;
#2396 = CARTESIAN_POINT ( 'NONE',  ( 18.66666666666683838, 14.33333333333322912, -20.52666666666673478 ) ) ;
#2397 = ORIENTED_EDGE ( 'NONE', *, *, #1290, .F. ) ;
#2398 = DIRECTION ( 'NONE',  ( -0.000000000000000000, 1.000000000000000000, -6.020732237663325277E-16 ) ) ;
#2399 = EDGE_LOOP ( 'NONE', ( #1020, #1825, #168, #1283 ) ) ;
#2400 = VECTOR ( 'NONE', #738, 999.9999999999998863 ) ;
#2401 = EDGE_CURVE ( 'NONE', #257, #1407, #2220, .T. ) ;
#2402 = FACE_BOUND ( 'NONE', #594, .T. ) ;
#2403 = EDGE_LOOP ( 'NONE', ( #2296, #60, #879, #66 ) ) ;
#2404 = FACE_OUTER_BOUND ( 'NONE', #553, .T. ) ;
#2405 = DIRECTION ( 'NONE',  ( 0.000000000000000000, 1.000000000000000000, 0.000000000000000000 ) ) ;
#2406 = CIRCLE ( 'NONE', #1801, 2.599999999999998312 ) ;
#2407 = DIRECTION ( 'NONE',  ( -1.000000000000000000, 0.000000000000000000, -9.011550524554840736E-17 ) ) ;
#2408 = EDGE_CURVE ( 'NONE', #228, #1896, #868, .T. ) ;
#2409 = CIRCLE ( 'NONE', #1887, 2.949999999999998845 ) ;
#2410 = ORIENTED_EDGE ( 'NONE', *, *, #1162, .T. ) ;
#2411 = ADVANCED_FACE ( 'NONE', ( #645 ), #1452, .F. ) ;
#2412 = CARTESIAN_POINT ( 'NONE',  ( 30.12132034355961707, 7.121320343559634836, -2.781320343558267183 ) ) ;
#2413 = VERTEX_POINT ( 'NONE', #2233 ) ;
#2414 = CARTESIAN_POINT ( 'NONE',  ( 55.99999999999999289, 5.000000000000000000, -21.47999999999870724 ) ) ;
#2415 = ORIENTED_EDGE ( 'NONE', *, *, #2023, .T. ) ;
#2416 = DIRECTION ( 'NONE',  ( 9.011550524554840736E-17, 0.000000000000000000, -1.000000000000000000 ) ) ;
#2417 = ORIENTED_EDGE ( 'NONE', *, *, #490, .T. ) ;
#2418 = PLANE ( 'NONE',  #900 ) ;
#2419 = EDGE_CURVE ( 'NONE', #1541, #2061, #1923, .T. ) ;
#2420 = FACE_OUTER_BOUND ( 'NONE', #1641, .T. ) ;
#2421 = CARTESIAN_POINT ( 'NONE',  ( 38.15999999999999659, 5.000000000000000000, -29.85999999999994969 ) ) ;
#2422 = LINE ( 'NONE', #1252, #505 ) ;
#2423 = VERTEX_POINT ( 'NONE', #1437 ) ;
#2424 = CARTESIAN_POINT ( 'NONE',  ( 33.16000000000000369, 24.45000000000081997, -15.25999999999934786 ) ) ;
#2425 = ORIENTED_EDGE ( 'NONE', *, *, #1027, .F. ) ;
#2426 = ORIENTED_EDGE ( 'NONE', *, *, #73, .F. ) ;
#2427 = FACE_OUTER_BOUND ( 'NONE', #1221, .T. ) ;
#2428 = DIRECTION ( 'NONE',  ( -0.5773502691896281735, -0.5773502691896216232, 0.5773502691896273964 ) ) ;
#2429 = ADVANCED_FACE ( 'NONE', ( #1410 ), #58, .T. ) ;
#2430 = CARTESIAN_POINT ( 'NONE',  ( 30.12132034355961707, 7.121320343559633947, -27.73867965644034328 ) ) ;
#2431 = DIRECTION ( 'NONE',  ( 0.000000000000000000, 0.000000000000000000, -1.000000000000000000 ) ) ;
#2432 = ORIENTED_EDGE ( 'NONE', *, *, #1438, .F. ) ;
#2433 = LINE ( 'NONE', #1818, #1718 ) ;
#2434 = VERTEX_POINT ( 'NONE', #2011 ) ;
#2435 = CARTESIAN_POINT ( 'NONE',  ( 17.83999999999999986, 28.05000000000081783, -15.25999999999934253 ) ) ;
#2436 = VECTOR ( 'NONE', #2346, 1000.000000000000000 ) ;
#2437 = AXIS2_PLACEMENT_3D ( 'NONE', #790, #31, #55 ) ;
#2438 = ORIENTED_EDGE ( 'NONE', *, *, #926, .T. ) ;
#2439 = FACE_OUTER_BOUND ( 'NONE', #1184, .T. ) ;
#2440 =( LENGTH_UNIT ( ) NAMED_UNIT ( * ) SI_UNIT ( .MILLI., .METRE. ) );
#2441 = AXIS2_PLACEMENT_3D ( 'NONE', #84, #2407, #99 ) ;
#2442 = LINE ( 'NONE', #1110, #17 ) ;
#2443 = CARTESIAN_POINT ( 'NONE',  ( 38.16000000000000369, 26.00000000000000000, -60.31253742548388175 ) ) ;
#2444 = EDGE_LOOP ( 'NONE', ( #899, #1901, #1040, #1459 ) ) ;
#2445 = CARTESIAN_POINT ( 'NONE',  ( 38.15999999999999659, 24.45000000000081997, -15.25999999999934786 ) ) ;
#2446 = EDGE_LOOP ( 'NONE', ( #2159, #2001, #1977, #606 ) ) ;
#2447 = ADVANCED_FACE ( 'NONE', ( #1046 ), #1600, .T. ) ;
#2448 = CARTESIAN_POINT ( 'NONE',  ( 38.15999999999999659, 26.00000000000000000, -17.85999999999999943 ) ) ;
#2449 = ADVANCED_FACE ( 'NONE', ( #855 ), #265, .T. ) ;
#2450 = ORIENTED_EDGE ( 'NONE', *, *, #1376, .F. ) ;
#2451 =( GEOMETRIC_REPRESENTATION_CONTEXT ( 3 ) GLOBAL_UNCERTAINTY_ASSIGNED_CONTEXT ( ( #1003 ) ) GLOBAL_UNIT_ASSIGNED_CONTEXT ( ( #894, #1486, #519 ) ) REPRESENTATION_CONTEXT ( 'NONE', 'WORKASPACE' ) );
#2452 = CARTESIAN_POINT ( 'NONE',  ( 0.000000000000000000, 0.000000000000000000, 0.000000000000000000 ) ) ;
#2453 = CARTESIAN_POINT ( 'NONE',  ( 38.15999999999999659, 5.000000000000000000, -10.65999999999867676 ) ) ;
#2454 = DIRECTION ( 'NONE',  ( -0.000000000000000000, 1.000000000000000000, -0.000000000000000000 ) ) ;
#2455 = DIRECTION ( 'NONE',  ( -1.000000000000000000, -0.000000000000000000, -9.011550524554840736E-17 ) ) ;
#2456 = ORIENTED_EDGE ( 'NONE', *, *, #2262, .F. ) ;
#2457 = DIRECTION ( 'NONE',  ( -1.000000000000000000, 0.000000000000000000, 0.000000000000000000 ) ) ;
#2458 = ORIENTED_EDGE ( 'NONE', *, *, #570, .F. ) ;
#2459 = ADVANCED_FACE ( 'NONE', ( #290 ), #708, .T. ) ;
#2460 = CARTESIAN_POINT ( 'NONE',  ( 0.000000000000000000, 5.000000000000000000, 0.000000000000000000 ) ) ;
#2461 = AXIS2_PLACEMENT_3D ( 'NONE', #2176, #2375, #1850 ) ;
#2462 = ORIENTED_EDGE ( 'NONE', *, *, #464, .T. ) ;
#2463 = DIRECTION ( 'NONE',  ( -1.000000000000000000, -0.000000000000000000, -0.000000000000000000 ) ) ;
#2464 = CARTESIAN_POINT ( 'NONE',  ( 38.15999999999999659, 22.34314575050760965, -19.86000000000000298 ) ) ;
#2465 = LINE ( 'NONE', #2476, #2230 ) ;
#2466 = DIRECTION ( 'NONE',  ( -6.372128484917887265E-17, -0.7071067811865507924, 0.7071067811865441310 ) ) ;
#2467 = VERTEX_POINT ( 'NONE', #1511 ) ;
#2468 = CARTESIAN_POINT ( 'NONE',  ( 24.08000000000029317, 29.08000000000004093, -67.00000000000000000 ) ) ;
#2469 = ORIENTED_EDGE ( 'NONE', *, *, #1405, .T. ) ;
#2470 = CYLINDRICAL_SURFACE ( 'NONE', #114, 2.599999999999998312 ) ;
#2471 = CIRCLE ( 'NONE', #420, 2.949999999999998845 ) ;
#2472 = AXIS2_PLACEMENT_3D ( 'NONE', #911, #563, #159 ) ;
#2473 = DIRECTION ( 'NONE',  ( 0.000000000000000000, 1.000000000000000000, 0.000000000000000000 ) ) ;
#2474 = DIRECTION ( 'NONE',  ( 6.372128484917916847E-17, 0.7071067811865474617, -0.7071067811865474617 ) ) ;
#2475 = VECTOR ( 'NONE', #881, 1000.000000000000000 ) ;
#2476 = CARTESIAN_POINT ( 'NONE',  ( 46.00000000000000000, 5.000000000000000000, -39.05000000000000426 ) ) ;
#2477 = DIRECTION ( 'NONE',  ( 0.000000000000000000, 0.000000000000000000, 1.000000000000000000 ) ) ;
#2478 = EDGE_CURVE ( 'NONE', #1908, #2042, #1649, .T. ) ;
#2479 = ORIENTED_EDGE ( 'NONE', *, *, #1342, .T. ) ;
#2480 = DIRECTION ( 'NONE',  ( 0.000000000000000000, 0.000000000000000000, 1.000000000000000000 ) ) ;
#2481 = VECTOR ( 'NONE', #552, 1000.000000000000000 ) ;
#2482 = ADVANCED_FACE ( 'NONE', ( #544 ), #1326, .F. ) ;
#2483 = CARTESIAN_POINT ( 'NONE',  ( 38.16000000000000369, 15.00000000000017586, -66.99999999999997158 ) ) ;
#2484 = CARTESIAN_POINT ( 'NONE',  ( 38.16000000000000369, 15.00000000000017586, -66.99999999999997158 ) ) ;
#2485 = EDGE_CURVE ( 'NONE', #845, #2185, #152, .T. ) ;
#2486 = CARTESIAN_POINT ( 'NONE',  ( 7.839999999999829328, 5.000000000000000000, -67.00000000000000000 ) ) ;
#2487 = LINE ( 'NONE', #225, #680 ) ;
#2488 = DIRECTION ( 'NONE',  ( 0.000000000000000000, 0.000000000000000000, -1.000000000000000000 ) ) ;
#2489 = VERTEX_POINT ( 'NONE', #137 ) ;
#2490 = DIRECTION ( 'NONE',  ( 0.000000000000000000, 0.000000000000000000, -1.000000000000000000 ) ) ;
#2491 = PLANE ( 'NONE',  #360 ) ;
ENDSEC;
END-ISO-10303-21;
