ISO-10303-21;
HEADER;
FILE_DESCRIPTION (( 'STEP AP214' ),
    '1' );
FILE_NAME ('Crossbeam Adapter.STEP',
    '2026-03-16T20:09:27',
    ( '' ),
    ( '' ),
    'SwSTEP 2.0',
    'SolidWorks 2025',
    '' );
FILE_SCHEMA (( 'AUTOMOTIVE_DESIGN' ));
ENDSEC;

DATA;
#1 = VERTEX_POINT ( 'NONE', #1147 ) ;
#2 = AXIS2_PLACEMENT_3D ( 'NONE', #601, #874, #982 ) ;
#3 = CARTESIAN_POINT ( 'NONE',  ( -15.25000000000000000, 45.00000000000000000, 7.499999999999998224 ) ) ;
#4 = LINE ( 'NONE', #1168, #282 ) ;
#5 = EDGE_CURVE ( 'NONE', #423, #1109, #1288, .T. ) ;
#6 = ADVANCED_FACE ( 'NONE', ( #1560 ), #1043, .F. ) ;
#7 = ORIENTED_EDGE ( 'NONE', *, *, #579, .T. ) ;
#8 = LINE ( 'NONE', #396, #578 ) ;
#9 = DIRECTION ( 'NONE',  ( -1.031748184493161094E-31, 3.469446951953612217E-16, -1.000000000000000000 ) ) ;
#10 = DIRECTION ( 'NONE',  ( 0.000000000000000000, 1.000000000000000000, 0.000000000000000000 ) ) ;
#11 = DIRECTION ( 'NONE',  ( 1.000000000000000000, 0.000000000000000000, -0.000000000000000000 ) ) ;
#12 = EDGE_LOOP ( 'NONE', ( #1318, #618, #1096, #652, #972, #1110, #1455, #602, #1393, #1074, #730, #1645 ) ) ;
#13 = VECTOR ( 'NONE', #1132, 1000.000000000000000 ) ;
#14 = DIRECTION ( 'NONE',  ( -0.000000000000000000, -1.000000000000000000, -0.000000000000000000 ) ) ;
#15 = AXIS2_PLACEMENT_3D ( 'NONE', #431, #410, #798 ) ;
#16 = EDGE_CURVE ( 'NONE', #1138, #217, #1679, .T. ) ;
#17 = AXIS2_PLACEMENT_3D ( 'NONE', #1338, #34, #459 ) ;
#18 = CARTESIAN_POINT ( 'NONE',  ( -26.69901742508937303, 37.49999999999999289, 1.530808498934191916E-15 ) ) ;
#19 = ORIENTED_EDGE ( 'NONE', *, *, #1442, .T. ) ;
#20 = CARTESIAN_POINT ( 'NONE',  ( -15.25000000000000000, 32.49999999999999289, -2.599999999999998312 ) ) ;
#21 = ORIENTED_EDGE ( 'NONE', *, *, #703, .T. ) ;
#22 = FACE_OUTER_BOUND ( 'NONE', #737, .T. ) ;
#23 = LINE ( 'NONE', #1474, #417 ) ;
#24 = EDGE_CURVE ( 'NONE', #115, #501, #489, .T. ) ;
#25 = ORIENTED_EDGE ( 'NONE', *, *, #1295, .F. ) ;
#26 = FACE_OUTER_BOUND ( 'NONE', #1265, .T. ) ;
#27 = DIRECTION ( 'NONE',  ( -0.7071067811865451302, 0.000000000000000000, -0.7071067811865500152 ) ) ;
#28 = EDGE_LOOP ( 'NONE', ( #160, #32, #530, #1660, #1246, #1240, #545, #171 ) ) ;
#29 = DIRECTION ( 'NONE',  ( 1.000000000000000000, 0.000000000000000000, 0.000000000000000000 ) ) ;
#30 = LINE ( 'NONE', #273, #551 ) ;
#31 = CARTESIAN_POINT ( 'NONE',  ( -17.99999999999999289, 5.000000000000000000, 18.74999999999999645 ) ) ;
#32 = ORIENTED_EDGE ( 'NONE', *, *, #1678, .T. ) ;
#33 = EDGE_CURVE ( 'NONE', #1530, #1359, #563, .T. ) ;
#34 = DIRECTION ( 'NONE',  ( 0.000000000000000000, 1.000000000000000000, 0.000000000000000000 ) ) ;
#35 = DIRECTION ( 'NONE',  ( 1.000000000000000000, -0.000000000000000000, -0.000000000000000000 ) ) ;
#36 = EDGE_CURVE ( 'NONE', #378, #779, #1317, .T. ) ;
#37 = ORIENTED_EDGE ( 'NONE', *, *, #1558, .T. ) ;
#38 = DIRECTION ( 'NONE',  ( -0.7071067811865513475, -0.7071067811865436870, -0.000000000000000000 ) ) ;
#39 = CIRCLE ( 'NONE', #994, 2.749999999999999112 ) ;
#40 = DIRECTION ( 'NONE',  ( 0.000000000000000000, 1.000000000000000000, 3.469446951953612217E-16 ) ) ;
#41 = CARTESIAN_POINT ( 'NONE',  ( -15.25000000000000000, 10.99999999999993960, 7.499999999999998224 ) ) ;
#42 = ORIENTED_EDGE ( 'NONE', *, *, #200, .T. ) ;
#43 = VECTOR ( 'NONE', #974, 1000.000000000000114 ) ;
#44 = DIRECTION ( 'NONE',  ( 0.000000000000000000, 0.000000000000000000, 1.000000000000000000 ) ) ;
#45 = ORIENTED_EDGE ( 'NONE', *, *, #255, .T. ) ;
#46 = EDGE_CURVE ( 'NONE', #658, #710, #1051, .T. ) ;
#47 = DIRECTION ( 'NONE',  ( 0.000000000000000000, 0.000000000000000000, 1.000000000000000000 ) ) ;
#48 = DIRECTION ( 'NONE',  ( 0.000000000000000000, 1.000000000000000000, 0.000000000000000000 ) ) ;
#49 = CARTESIAN_POINT ( 'NONE',  ( 21.25000000000000355, 5.000000000000000000, -4.499999999999998224 ) ) ;
#50 = ORIENTED_EDGE ( 'NONE', *, *, #1303, .T. ) ;
#51 = LINE ( 'NONE', #1071, #611 ) ;
#52 = ORIENTED_EDGE ( 'NONE', *, *, #777, .F. ) ;
#53 = DIRECTION ( 'NONE',  ( 0.000000000000000000, 0.000000000000000000, -1.000000000000000000 ) ) ;
#54 = EDGE_CURVE ( 'NONE', #1620, #919, #1193, .T. ) ;
#55 = CARTESIAN_POINT ( 'NONE',  ( 18.00000000000000711, 5.000000000000000000, 18.74999999999999645 ) ) ;
#56 = CYLINDRICAL_SURFACE ( 'NONE', #657, 2.749999999999999112 ) ;
#57 = EDGE_CURVE ( 'NONE', #59, #1594, #23, .T. ) ;
#58 = ORIENTED_EDGE ( 'NONE', *, *, #1442, .F. ) ;
#59 = VERTEX_POINT ( 'NONE', #1581 ) ;
#60 = CARTESIAN_POINT ( 'NONE',  ( -26.69901742508937303, 37.49999999999999289, 2.600000000000000089 ) ) ;
#61 = ORIENTED_EDGE ( 'NONE', *, *, #279, .F. ) ;
#62 = DIRECTION ( 'NONE',  ( 0.000000000000000000, 1.000000000000000000, 0.000000000000000000 ) ) ;
#63 = CARTESIAN_POINT ( 'NONE',  ( 15.25000000000000000, 5.000000000000000000, -7.500000000000001776 ) ) ;
#64 = LINE ( 'NONE', #454, #177 ) ;
#65 = VECTOR ( 'NONE', #805, 1000.000000000000000 ) ;
#66 = ORIENTED_EDGE ( 'NONE', *, *, #775, .F. ) ;
#67 = EDGE_CURVE ( 'NONE', #1540, #138, #544, .T. ) ;
#68 = VECTOR ( 'NONE', #326, 1000.000000000000000 ) ;
#69 = ORIENTED_EDGE ( 'NONE', *, *, #428, .F. ) ;
#70 = AXIS2_PLACEMENT_3D ( 'NONE', #1565, #643, #386 ) ;
#71 = CARTESIAN_POINT ( 'NONE',  ( -15.25000000000000000, 10.99999999999993960, -7.499999999999998224 ) ) ;
#72 = CARTESIAN_POINT ( 'NONE',  ( -10.24999999999999822, 25.00000000000000000, -4.499999999999998224 ) ) ;
#73 = AXIS2_PLACEMENT_3D ( 'NONE', #142, #790, #162 ) ;
#74 = EDGE_LOOP ( 'NONE', ( #1139, #1048 ) ) ;
#75 = LINE ( 'NONE', #1114, #1522 ) ;
#76 = CARTESIAN_POINT ( 'NONE',  ( 15.25000000000000000, 10.99999999999993605, 4.499999999999998224 ) ) ;
#77 = DIRECTION ( 'NONE',  ( 0.000000000000000000, 0.000000000000000000, 1.000000000000000000 ) ) ;
#78 = VERTEX_POINT ( 'NONE', #1067 ) ;
#79 = ORIENTED_EDGE ( 'NONE', *, *, #829, .F. ) ;
#80 = EDGE_CURVE ( 'NONE', #1029, #1387, #1524, .T. ) ;
#81 = DIRECTION ( 'NONE',  ( 0.000000000000000000, 0.000000000000000000, 1.000000000000000000 ) ) ;
#82 = VERTEX_POINT ( 'NONE', #274 ) ;
#83 = DIRECTION ( 'NONE',  ( 0.000000000000000000, 0.000000000000000000, 1.000000000000000000 ) ) ;
#84 = LINE ( 'NONE', #1108, #1572 ) ;
#85 = VERTEX_POINT ( 'NONE', #787 ) ;
#86 = ORIENTED_EDGE ( 'NONE', *, *, #516, .F. ) ;
#87 = EDGE_CURVE ( 'NONE', #501, #1671, #1325, .T. ) ;
#88 = CARTESIAN_POINT ( 'NONE',  ( 25.24999999999999645, 5.000000000000000000, -22.00000000000000000 ) ) ;
#89 = LINE ( 'NONE', #222, #1148 ) ;
#90 = ORIENTED_EDGE ( 'NONE', *, *, #247, .T. ) ;
#91 = EDGE_CURVE ( 'NONE', #700, #899, #1060, .T. ) ;
#92 = CARTESIAN_POINT ( 'NONE',  ( -18.00000000000000000, 0.000000000000000000, -13.25000000000000711 ) ) ;
#93 = CARTESIAN_POINT ( 'NONE',  ( -15.25000000000000000, 4.999999999999996447, -7.500000000000001776 ) ) ;
#94 = ORIENTED_EDGE ( 'NONE', *, *, #180, .T. ) ;
#95 = ORIENTED_EDGE ( 'NONE', *, *, #951, .F. ) ;
#96 = CIRCLE ( 'NONE', #309, 2.749999999999997335 ) ;
#97 = DIRECTION ( 'NONE',  ( 0.000000000000000000, 0.000000000000000000, -1.000000000000000000 ) ) ;
#98 = VECTOR ( 'NONE', #77, 1000.000000000000000 ) ;
#99 = ORIENTED_EDGE ( 'NONE', *, *, #938, .T. ) ;
#100 = VECTOR ( 'NONE', #104, 1000.000000000000000 ) ;
#101 = DIRECTION ( 'NONE',  ( -1.000000000000000000, 0.000000000000000000, 0.000000000000000000 ) ) ;
#102 = EDGE_CURVE ( 'NONE', #465, #1615, #662, .T. ) ;
#103 = DIRECTION ( 'NONE',  ( 0.000000000000000000, 0.000000000000000000, 1.000000000000000000 ) ) ;
#104 = DIRECTION ( 'NONE',  ( -2.602085213965210149E-16, 1.000000000000000000, 0.000000000000000000 ) ) ;
#105 = ORIENTED_EDGE ( 'NONE', *, *, #796, .F. ) ;
#106 = VERTEX_POINT ( 'NONE', #806 ) ;
#107 = CARTESIAN_POINT ( 'NONE',  ( -25.24999999999999645, 5.000000000000000000, 20.99999999999998934 ) ) ;
#108 = VERTEX_POINT ( 'NONE', #41 ) ;
#109 = CARTESIAN_POINT ( 'NONE',  ( -26.69901742508937303, 32.49999999999998579, 2.599999999999998312 ) ) ;
#110 = VECTOR ( 'NONE', #963, 1000.000000000000000 ) ;
#111 = DIRECTION ( 'NONE',  ( 1.577021341797097560E-16, 0.000000000000000000, 1.000000000000000000 ) ) ;
#112 = ADVANCED_FACE ( 'NONE', ( #669 ), #1574, .F. ) ;
#113 = EDGE_CURVE ( 'NONE', #1465, #473, #445, .T. ) ;
#114 = LINE ( 'NONE', #892, #100 ) ;
#115 = VERTEX_POINT ( 'NONE', #553 ) ;
#116 = DIRECTION ( 'NONE',  ( 0.000000000000000000, 1.000000000000000000, 0.000000000000000000 ) ) ;
#117 = ORIENTED_EDGE ( 'NONE', *, *, #1432, .F. ) ;
#118 = DIRECTION ( 'NONE',  ( -0.000000000000000000, -1.000000000000000000, -0.000000000000000000 ) ) ;
#119 = DIRECTION ( 'NONE',  ( 0.000000000000000000, 0.000000000000000000, 1.000000000000000000 ) ) ;
#120 = ORIENTED_EDGE ( 'NONE', *, *, #889, .F. ) ;
#121 = EDGE_CURVE ( 'NONE', #980, #217, #393, .T. ) ;
#122 = CARTESIAN_POINT ( 'NONE',  ( 15.25000000000000711, 5.000000000000000000, 4.499999999999998224 ) ) ;
#123 = VECTOR ( 'NONE', #686, 1000.000000000000000 ) ;
#124 = DIRECTION ( 'NONE',  ( -1.000000000000000000, -2.168404344971009361E-16, 0.000000000000000000 ) ) ;
#125 = AXIS2_PLACEMENT_3D ( 'NONE', #166, #1454, #268 ) ;
#126 = VERTEX_POINT ( 'NONE', #1589 ) ;
#127 = AXIS2_PLACEMENT_3D ( 'NONE', #1685, #1543, #119 ) ;
#128 = CYLINDRICAL_SURFACE ( 'NONE', #684, 2.599999999999998312 ) ;
#129 = ORIENTED_EDGE ( 'NONE', *, *, #264, .T. ) ;
#130 = DIRECTION ( 'NONE',  ( -0.000000000000000000, -1.000000000000000000, -0.000000000000000000 ) ) ;
#131 = EDGE_CURVE ( 'NONE', #82, #835, #340, .T. ) ;
#132 = DIRECTION ( 'NONE',  ( -0.000000000000000000, -1.000000000000000000, -0.000000000000000000 ) ) ;
#133 = VERTEX_POINT ( 'NONE', #31 ) ;
#134 = LINE ( 'NONE', #1587, #1044 ) ;
#135 = FACE_OUTER_BOUND ( 'NONE', #456, .T. ) ;
#136 = ORIENTED_EDGE ( 'NONE', *, *, #416, .T. ) ;
#137 = CARTESIAN_POINT ( 'NONE',  ( 15.25000000000000000, 10.99999999999993605, -7.499999999999998224 ) ) ;
#138 = VERTEX_POINT ( 'NONE', #930 ) ;
#139 = CARTESIAN_POINT ( 'NONE',  ( 18.00000000000000711, 0.000000000000000000, 13.24999999999999822 ) ) ;
#140 = CARTESIAN_POINT ( 'NONE',  ( -23.12500000000007816, 5.000000000000000000, 23.12499999999991829 ) ) ;
#141 = EDGE_LOOP ( 'NONE', ( #876, #1092, #1001, #1395, #1419, #52, #765, #281, #719, #322 ) ) ;
#142 = CARTESIAN_POINT ( 'NONE',  ( 0.000000000000000000, 0.000000000000000000, -4.499999999999998224 ) ) ;
#143 = VECTOR ( 'NONE', #462, 1000.000000000000000 ) ;
#144 = ORIENTED_EDGE ( 'NONE', *, *, #865, .T. ) ;
#145 = AXIS2_PLACEMENT_3D ( 'NONE', #711, #877, #739 ) ;
#146 = CYLINDRICAL_SURFACE ( 'NONE', #1133, 2.599999999999998312 ) ;
#147 = EDGE_CURVE ( 'NONE', #893, #1199, #474, .T. ) ;
#148 = DIRECTION ( 'NONE',  ( 0.000000000000000000, 1.000000000000000000, 0.000000000000000000 ) ) ;
#149 = VECTOR ( 'NONE', #1677, 1000.000000000000000 ) ;
#150 = VECTOR ( 'NONE', #811, 1000.000000000000000 ) ;
#151 = CARTESIAN_POINT ( 'NONE',  ( -10.24999999999999822, 25.00000000000000000, -4.499999999999998224 ) ) ;
#152 = ORIENTED_EDGE ( 'NONE', *, *, #5, .F. ) ;
#153 = FACE_OUTER_BOUND ( 'NONE', #1570, .T. ) ;
#154 = DIRECTION ( 'NONE',  ( 0.000000000000000000, 1.000000000000000000, 0.000000000000000000 ) ) ;
#155 = ORIENTED_EDGE ( 'NONE', *, *, #211, .T. ) ;
#156 = DIRECTION ( 'NONE',  ( 1.000000000000000000, 2.973811673103097172E-16, 0.000000000000000000 ) ) ;
#157 = PLANE ( 'NONE',  #1497 ) ;
#158 = ADVANCED_FACE ( 'NONE', ( #689 ), #1336, .F. ) ;
#159 = FACE_OUTER_BOUND ( 'NONE', #1391, .T. ) ;
#160 = ORIENTED_EDGE ( 'NONE', *, *, #1013, .F. ) ;
#161 = ADVANCED_FACE ( 'NONE', ( #159 ), #422, .F. ) ;
#162 = DIRECTION ( 'NONE',  ( 1.000000000000000000, 0.000000000000000000, 0.000000000000000000 ) ) ;
#163 = FACE_BOUND ( 'NONE', #923, .T. ) ;
#164 = EDGE_LOOP ( 'NONE', ( #455, #183, #117, #1363, #989 ) ) ;
#165 = CARTESIAN_POINT ( 'NONE',  ( 10.24999999999998224, 32.50000000000000000, -2.599999999999998312 ) ) ;
#166 = CARTESIAN_POINT ( 'NONE',  ( -18.00000000000000000, 0.000000000000000000, -16.00000000000000355 ) ) ;
#167 = EDGE_LOOP ( 'NONE', ( #1364, #1127, #1531, #554 ) ) ;
#168 = ADVANCED_FACE ( 'NONE', ( #471 ), #724, .T. ) ;
#169 = FACE_OUTER_BOUND ( 'NONE', #1686, .T. ) ;
#170 = DIRECTION ( 'NONE',  ( 0.000000000000000000, -1.000000000000000000, -3.469446951953611231E-16 ) ) ;
#171 = ORIENTED_EDGE ( 'NONE', *, *, #67, .F. ) ;
#172 = LINE ( 'NONE', #1508, #472 ) ;
#173 = VECTOR ( 'NONE', #1369, 1000.000000000000000 ) ;
#174 = CIRCLE ( 'NONE', #1022, 2.599999999999998312 ) ;
#175 = LINE ( 'NONE', #950, #709 ) ;
#176 = DIRECTION ( 'NONE',  ( 0.000000000000000000, 0.000000000000000000, 1.000000000000000000 ) ) ;
#177 = VECTOR ( 'NONE', #1117, 1000.000000000000000 ) ;
#178 = ORIENTED_EDGE ( 'NONE', *, *, #102, .T. ) ;
#179 = CIRCLE ( 'NONE', #1137, 2.749999999999999112 ) ;
#180 = EDGE_CURVE ( 'NONE', #213, #197, #978, .T. ) ;
#181 = ADVANCED_FACE ( 'NONE', ( #210 ), #56, .F. ) ;
#182 = PLANE ( 'NONE',  #1311 ) ;
#183 = ORIENTED_EDGE ( 'NONE', *, *, #147, .F. ) ;
#184 = EDGE_CURVE ( 'NONE', #1291, #1141, #853, .T. ) ;
#185 = CARTESIAN_POINT ( 'NONE',  ( 0.000000000000000000, 0.000000000000000000, -4.499999999999998224 ) ) ;
#186 = DIRECTION ( 'NONE',  ( 1.000000000000000000, 0.000000000000000000, 0.000000000000000000 ) ) ;
#187 = CARTESIAN_POINT ( 'NONE',  ( -15.25000000000000000, 10.99999999999993960, 4.499999999999998224 ) ) ;
#188 = ORIENTED_EDGE ( 'NONE', *, *, #490, .T. ) ;
#189 = VERTEX_POINT ( 'NONE', #1378 ) ;
#190 = CARTESIAN_POINT ( 'NONE',  ( -18.74999999999995381, 7.500000000000022204, 7.499999999999998224 ) ) ;
#191 = FACE_BOUND ( 'NONE', #74, .T. ) ;
#192 = ORIENTED_EDGE ( 'NONE', *, *, #385, .F. ) ;
#193 = LINE ( 'NONE', #803, #123 ) ;
#194 = CARTESIAN_POINT ( 'NONE',  ( -26.69901742508937303, 37.49999999999999289, -2.599999999999996536 ) ) ;
#195 = CARTESIAN_POINT ( 'NONE',  ( -26.69901742508937303, 37.49999999999999289, 2.600000000000000089 ) ) ;
#196 = ORIENTED_EDGE ( 'NONE', *, *, #54, .T. ) ;
#197 = VERTEX_POINT ( 'NONE', #1088 ) ;
#198 = CARTESIAN_POINT ( 'NONE',  ( -10.24999999999999822, 25.00000000000000000, 4.499999999999998224 ) ) ;
#199 = ORIENTED_EDGE ( 'NONE', *, *, #680, .T. ) ;
#200 = EDGE_CURVE ( 'NONE', #138, #866, #577, .T. ) ;
#201 = DIRECTION ( 'NONE',  ( -0.000000000000000000, -1.000000000000000000, -0.000000000000000000 ) ) ;
#202 = ORIENTED_EDGE ( 'NONE', *, *, #428, .T. ) ;
#203 = AXIS2_PLACEMENT_3D ( 'NONE', #914, #1610, #176 ) ;
#204 = ORIENTED_EDGE ( 'NONE', *, *, #1449, .F. ) ;
#205 = VECTOR ( 'NONE', #817, 1000.000000000000000 ) ;
#206 = CARTESIAN_POINT ( 'NONE',  ( -10.24999999999999822, 25.00000000000000000, 7.499999999999998224 ) ) ;
#207 = ORIENTED_EDGE ( 'NONE', *, *, #1558, .F. ) ;
#208 = LINE ( 'NONE', #1375, #1383 ) ;
#209 = LINE ( 'NONE', #346, #1158 ) ;
#210 = FACE_OUTER_BOUND ( 'NONE', #1520, .T. ) ;
#211 = EDGE_CURVE ( 'NONE', #1194, #189, #64, .T. ) ;
#212 = ORIENTED_EDGE ( 'NONE', *, *, #1084, .F. ) ;
#213 = VERTEX_POINT ( 'NONE', #834 ) ;
#214 = ADVANCED_FACE ( 'NONE', ( #1619 ), #1649, .F. ) ;
#215 = CYLINDRICAL_SURFACE ( 'NONE', #1047, 2.749999999999999112 ) ;
#216 = APPLICATION_PROTOCOL_DEFINITION ( 'draft international standard', 'automotive_design', 1998, #244 ) ;
#217 = VERTEX_POINT ( 'NONE', #1259 ) ;
#218 = DIRECTION ( 'NONE',  ( 1.156482317317882966E-15, 1.000000000000000000, 0.000000000000000000 ) ) ;
#219 = ORIENTED_EDGE ( 'NONE', *, *, #449, .T. ) ;
#220 = ORIENTED_EDGE ( 'NONE', *, *, #1608, .T. ) ;
#221 = DIRECTION ( 'NONE',  ( 1.000000000000000000, 0.000000000000000000, 0.000000000000000000 ) ) ;
#222 = CARTESIAN_POINT ( 'NONE',  ( -10.24999999999999822, 25.00000000000000000, -4.499999999999998224 ) ) ;
#223 = EDGE_CURVE ( 'NONE', #451, #1207, #84, .T. ) ;
#224 = VERTEX_POINT ( 'NONE', #320 ) ;
#225 = DIRECTION ( 'NONE',  ( 2.168404344971009115E-16, -1.000000000000000000, -0.000000000000000000 ) ) ;
#226 = DIRECTION ( 'NONE',  ( 0.000000000000000000, -1.000000000000000000, 0.000000000000000000 ) ) ;
#227 = CARTESIAN_POINT ( 'NONE',  ( -26.69901742508937303, 40.09999999999998721, 1.530808498934191916E-15 ) ) ;
#228 = VERTEX_POINT ( 'NONE', #998 ) ;
#229 = VERTEX_POINT ( 'NONE', #597 ) ;
#230 = AXIS2_PLACEMENT_3D ( 'NONE', #1377, #1249, #1087 ) ;
#231 = VECTOR ( 'NONE', #461, 1000.000000000000000 ) ;
#232 = DIRECTION ( 'NONE',  ( 1.000000000000000000, 2.973811673103097172E-16, 0.000000000000000000 ) ) ;
#233 = ORIENTED_EDGE ( 'NONE', *, *, #703, .F. ) ;
#234 = EDGE_CURVE ( 'NONE', #1, #1387, #347, .T. ) ;
#235 = EDGE_CURVE ( 'NONE', #473, #451, #1421, .T. ) ;
#236 = CARTESIAN_POINT ( 'NONE',  ( -25.25000000000000355, 5.000000000000000000, -22.00000000000000000 ) ) ;
#237 = ORIENTED_EDGE ( 'NONE', *, *, #33, .T. ) ;
#238 = DIRECTION ( 'NONE',  ( 0.000000000000000000, 0.000000000000000000, 1.000000000000000000 ) ) ;
#239 = DIRECTION ( 'NONE',  ( -1.387778780781446070E-15, 1.000000000000000000, 0.000000000000000000 ) ) ;
#240 = EDGE_LOOP ( 'NONE', ( #1511, #256, #1012, #381 ) ) ;
#241 = FACE_OUTER_BOUND ( 'NONE', #141, .T. ) ;
#242 = VERTEX_POINT ( 'NONE', #243 ) ;
#243 = CARTESIAN_POINT ( 'NONE',  ( -18.00000000000000000, 5.000000000000000000, -18.75000000000000355 ) ) ;
#244 = APPLICATION_CONTEXT ( 'automotive_design' ) ;
#245 = COLOUR_RGB ( '',0.7921568627450980005, 0.8196078431372548767, 0.9333333333333333481 ) ;
#246 = CARTESIAN_POINT ( 'NONE',  ( 25.25000000000000355, 5.000000000000000000, 21.00000000000000355 ) ) ;
#247 = EDGE_CURVE ( 'NONE', #1594, #108, #757, .T. ) ;
#248 = ORIENTED_EDGE ( 'NONE', *, *, #1564, .T. ) ;
#249 = PRODUCT_DEFINITION_SHAPE ( 'NONE', 'NONE',  #1556 ) ;
#250 = LINE ( 'NONE', #358, #1041 ) ;
#251 = CARTESIAN_POINT ( 'NONE',  ( 10.24999999999998757, 37.50000000000000711, 1.530808498934191916E-15 ) ) ;
#252 = ORIENTED_EDGE ( 'NONE', *, *, #1422, .F. ) ;
#253 = CARTESIAN_POINT ( 'NONE',  ( 10.24999999999998757, 25.00000000000000000, -4.499999999999998224 ) ) ;
#254 = DIRECTION ( 'NONE',  ( 0.5773502691896322814, -0.5773502691896256200, 0.5773502691896194028 ) ) ;
#255 = EDGE_CURVE ( 'NONE', #1359, #106, #463, .T. ) ;
#256 = ORIENTED_EDGE ( 'NONE', *, *, #1084, .T. ) ;
#257 = VECTOR ( 'NONE', #784, 1000.000000000000000 ) ;
#258 = LINE ( 'NONE', #627, #391 ) ;
#259 = CIRCLE ( 'NONE', #659, 2.599999999999998312 ) ;
#260 = CARTESIAN_POINT ( 'NONE',  ( 10.24999999999997513, 32.50000000000000000, 2.599999999999998312 ) ) ;
#261 = CARTESIAN_POINT ( 'NONE',  ( 10.24999999999998934, 45.00000000000000000, -7.500000000000001776 ) ) ;
#262 = ORIENTED_EDGE ( 'NONE', *, *, #603, .T. ) ;
#263 = ADVANCED_FACE ( 'NONE', ( #337 ), #569, .F. ) ;
#264 = EDGE_CURVE ( 'NONE', #1080, #394, #1626, .T. ) ;
#265 = DIRECTION ( 'NONE',  ( -2.602085213965210149E-16, 1.000000000000000000, 0.000000000000000000 ) ) ;
#266 = ORIENTED_EDGE ( 'NONE', *, *, #357, .T. ) ;
#267 = CARTESIAN_POINT ( 'NONE',  ( -25.24999999999999645, 5.000000000000000000, 22.00000000000000000 ) ) ;
#268 = DIRECTION ( 'NONE',  ( 0.000000000000000000, 0.000000000000000000, 1.000000000000000000 ) ) ;
#269 = ORIENTED_EDGE ( 'NONE', *, *, #33, .F. ) ;
#270 = EDGE_CURVE ( 'NONE', #307, #835, #510, .T. ) ;
#271 = ORIENTED_EDGE ( 'NONE', *, *, #131, .T. ) ;
#272 = FACE_OUTER_BOUND ( 'NONE', #1519, .T. ) ;
#273 = CARTESIAN_POINT ( 'NONE',  ( 24.25000000000000355, 5.000000000000000000, 22.00000000000000000 ) ) ;
#274 = CARTESIAN_POINT ( 'NONE',  ( -17.99999999999999289, 0.000000000000000000, 18.74999999999999645 ) ) ;
#275 = ORIENTED_EDGE ( 'NONE', *, *, #924, .F. ) ;
#276 = CIRCLE ( 'NONE', #1212, 2.749999999999997335 ) ;
#277 = FACE_OUTER_BOUND ( 'NONE', #1475, .T. ) ;
#278 = VECTOR ( 'NONE', #1176, 1000.000000000000000 ) ;
#279 = EDGE_CURVE ( 'NONE', #710, #826, #1308, .T. ) ;
#280 = EDGE_CURVE ( 'NONE', #717, #609, #8, .T. ) ;
#281 = ORIENTED_EDGE ( 'NONE', *, *, #1392, .F. ) ;
#282 = VECTOR ( 'NONE', #1420, 1000.000000000000000 ) ;
#283 = CARTESIAN_POINT ( 'NONE',  ( -10.25000000000000533, 37.50000000000000000, 2.600000000000000089 ) ) ;
#284 = AXIS2_PLACEMENT_3D ( 'NONE', #1599, #1343, #678 ) ;
#285 = AXIS2_PLACEMENT_3D ( 'NONE', #886, #491, #1545 ) ;
#286 = DIRECTION ( 'NONE',  ( -1.000000000000000000, 0.000000000000000000, -0.000000000000000000 ) ) ;
#287 = EDGE_LOOP ( 'NONE', ( #1251, #1233, #663, #1579 ) ) ;
#288 = FACE_BOUND ( 'NONE', #799, .T. ) ;
#289 = CARTESIAN_POINT ( 'NONE',  ( -25.25000000000000355, 5.000000000000000000, -20.99999999999999645 ) ) ;
#290 = VERTEX_POINT ( 'NONE', #1177 ) ;
#291 = PLANE ( 'NONE',  #766 ) ;
#292 = CARTESIAN_POINT ( 'NONE',  ( -10.24999999999999822, 40.09999999999999432, 1.530808498934191916E-15 ) ) ;
#293 = CARTESIAN_POINT ( 'NONE',  ( 0.000000000000000000, 0.000000000000000000, -7.500000000000001776 ) ) ;
#294 = DIRECTION ( 'NONE',  ( 0.000000000000000000, 0.000000000000000000, 1.000000000000000000 ) ) ;
#295 = EDGE_LOOP ( 'NONE', ( #647, #1296, #19, #266, #1601, #188, #199, #690, #21, #698 ) ) ;
#296 = LINE ( 'NONE', #1054, #1073 ) ;
#297 = LINE ( 'NONE', #1613, #918 ) ;
#298 = ORIENTED_EDGE ( 'NONE', *, *, #1229, .T. ) ;
#299 = CARTESIAN_POINT ( 'NONE',  ( -25.25000000000000355, 5.000000000000000000, -20.99999999999999645 ) ) ;
#300 = DIRECTION ( 'NONE',  ( 0.000000000000000000, 0.000000000000000000, 1.000000000000000000 ) ) ;
#301 = CARTESIAN_POINT ( 'NONE',  ( -24.24999999999999645, 0.000000000000000000, 22.00000000000000000 ) ) ;
#302 = ADVANCED_FACE ( 'NONE', ( #135 ), #635, .T. ) ;
#303 = EDGE_CURVE ( 'NONE', #542, #126, #504, .T. ) ;
#304 = ORIENTED_EDGE ( 'NONE', *, *, #1272, .F. ) ;
#305 = DIRECTION ( 'NONE',  ( 1.000000000000000000, -0.000000000000000000, -0.000000000000000000 ) ) ;
#306 = LINE ( 'NONE', #818, #1031 ) ;
#307 = VERTEX_POINT ( 'NONE', #1153 ) ;
#308 = VECTOR ( 'NONE', #677, 1000.000000000000000 ) ;
#309 = AXIS2_PLACEMENT_3D ( 'NONE', #1305, #1173, #645 ) ;
#310 = PLANE ( 'NONE',  #441 ) ;
#311 = DIRECTION ( 'NONE',  ( 0.000000000000000000, 1.000000000000000000, 3.469446951953612217E-16 ) ) ;
#312 = VECTOR ( 'NONE', #1239, 1000.000000000000000 ) ;
#313 = EDGE_LOOP ( 'NONE', ( #785, #843 ) ) ;
#314 = VECTOR ( 'NONE', #612, 1000.000000000000000 ) ;
#315 = LINE ( 'NONE', #323, #822 ) ;
#316 = FACE_OUTER_BOUND ( 'NONE', #583, .T. ) ;
#317 = ADVANCED_FACE ( 'NONE', ( #517, #1035 ), #1701, .T. ) ;
#318 = EDGE_LOOP ( 'NONE', ( #887, #481, #1271, #518, #262 ) ) ;
#319 = DIRECTION ( 'NONE',  ( -0.000000000000000000, -1.000000000000000000, -0.000000000000000000 ) ) ;
#320 = CARTESIAN_POINT ( 'NONE',  ( -10.25000000000000533, 32.49999999999999289, 2.599999999999998312 ) ) ;
#321 = ORIENTED_EDGE ( 'NONE', *, *, #1042, .F. ) ;
#322 = ORIENTED_EDGE ( 'NONE', *, *, #449, .F. ) ;
#323 = CARTESIAN_POINT ( 'NONE',  ( 21.25000000000000355, 5.000000000000000000, -10.00000000000002487 ) ) ;
#324 = ORIENTED_EDGE ( 'NONE', *, *, #734, .T. ) ;
#325 = EDGE_CURVE ( 'NONE', #1141, #224, #772, .T. ) ;
#326 = DIRECTION ( 'NONE',  ( -0.7071067811865515695, 0.7071067811865435759, -0.000000000000000000 ) ) ;
#327 = DIRECTION ( 'NONE',  ( 0.000000000000000000, 0.000000000000000000, 1.000000000000000000 ) ) ;
#328 = CARTESIAN_POINT ( 'NONE',  ( -10.24999999999999822, 25.00000000000000000, -7.499999999999998224 ) ) ;
#329 = ORIENTED_EDGE ( 'NONE', *, *, #36, .F. ) ;
#330 = ORIENTED_EDGE ( 'NONE', *, *, #650, .T. ) ;
#331 = CYLINDRICAL_SURFACE ( 'NONE', #1248, 2.749999999999999112 ) ;
#332 = SURFACE_STYLE_FILL_AREA ( #586 ) ;
#333 = VERTEX_POINT ( 'NONE', #1040 ) ;
#334 = CARTESIAN_POINT ( 'NONE',  ( -25.25000000000000355, 0.000000000000000000, -20.99999999999999645 ) ) ;
#335 = EDGE_CURVE ( 'NONE', #1, #242, #1415, .T. ) ;
#336 = FACE_OUTER_BOUND ( 'NONE', #1169, .T. ) ;
#337 = FACE_OUTER_BOUND ( 'NONE', #167, .T. ) ;
#338 = ADVANCED_FACE ( 'NONE', ( #1162 ), #1403, .T. ) ;
#339 = ORIENTED_EDGE ( 'NONE', *, *, #404, .T. ) ;
#340 = CIRCLE ( 'NONE', #203, 2.749999999999999112 ) ;
#341 = ORIENTED_EDGE ( 'NONE', *, *, #1353, .T. ) ;
#342 = AXIS2_PLACEMENT_3D ( 'NONE', #672, #1621, #1225 ) ;
#343 = CARTESIAN_POINT ( 'NONE',  ( -10.24999999999999822, 25.00000000000000000, 4.499999999999998224 ) ) ;
#344 = ORIENTED_EDGE ( 'NONE', *, *, #1195, .F. ) ;
#345 = DIRECTION ( 'NONE',  ( 0.000000000000000000, -1.000000000000000000, 0.000000000000000000 ) ) ;
#346 = CARTESIAN_POINT ( 'NONE',  ( 15.24999999999998934, 45.00000000000000711, -7.500000000000001776 ) ) ;
#347 = LINE ( 'NONE', #862, #1633 ) ;
#348 = ORIENTED_EDGE ( 'NONE', *, *, #1471, .T. ) ;
#349 = EDGE_CURVE ( 'NONE', #115, #866, #1287, .T. ) ;
#350 = ORIENTED_EDGE ( 'NONE', *, *, #1450, .T. ) ;
#351 = LINE ( 'NONE', #198, #314 ) ;
#352 = ORIENTED_EDGE ( 'NONE', *, *, #1591, .F. ) ;
#353 = AXIS2_PLACEMENT_3D ( 'NONE', #60, #425, #1226 ) ;
#354 = CARTESIAN_POINT ( 'NONE',  ( -25.25000000000000355, 5.000000000000000000, -22.00000000000000000 ) ) ;
#355 = ORIENTED_EDGE ( 'NONE', *, *, #147, .T. ) ;
#356 = ORIENTED_EDGE ( 'NONE', *, *, #1368, .F. ) ;
#357 = EDGE_CURVE ( 'NONE', #932, #988, #114, .T. ) ;
#358 = CARTESIAN_POINT ( 'NONE',  ( -25.25000000000000355, 5.000000000000000000, -22.00000000000000000 ) ) ;
#359 = DIRECTION ( 'NONE',  ( 0.000000000000000000, 0.000000000000000000, 1.000000000000000000 ) ) ;
#360 = EDGE_CURVE ( 'NONE', #1554, #59, #488, .T. ) ;
#361 = VERTEX_POINT ( 'NONE', #1028 ) ;
#362 = LINE ( 'NONE', #236, #13 ) ;
#363 = CARTESIAN_POINT ( 'NONE',  ( -26.69901742508937303, 32.49999999999998579, -2.599999999999998312 ) ) ;
#364 = CARTESIAN_POINT ( 'NONE',  ( -10.24999999999999822, 4.999999999999996447, 2.599999999999989431 ) ) ;
#365 = DIRECTION ( 'NONE',  ( -8.673617379884035472E-17, 1.000000000000000000, 0.000000000000000000 ) ) ;
#366 = VECTOR ( 'NONE', #226, 1000.000000000000000 ) ;
#367 = VECTOR ( 'NONE', #675, 1000.000000000000000 ) ;
#368 = CARTESIAN_POINT ( 'NONE',  ( -17.99999999999999289, 0.000000000000000000, 13.24999999999999822 ) ) ;
#369 = VECTOR ( 'NONE', #1280, 1000.000000000000000 ) ;
#370 = VERTEX_POINT ( 'NONE', #1416 ) ;
#371 = DIRECTION ( 'NONE',  ( 1.000000000000000000, 2.602085213965210149E-16, -0.000000000000000000 ) ) ;
#372 = CARTESIAN_POINT ( 'NONE',  ( -21.25000000000000355, 5.000000000000000000, 9.999999999999992895 ) ) ;
#373 = DIRECTION ( 'NONE',  ( 0.000000000000000000, 1.000000000000000000, 0.000000000000000000 ) ) ;
#374 = ORIENTED_EDGE ( 'NONE', *, *, #995, .T. ) ;
#375 = LINE ( 'NONE', #1680, #520 ) ;
#376 = LINE ( 'NONE', #895, #1243 ) ;
#377 = EDGE_CURVE ( 'NONE', #899, #1590, #1021, .T. ) ;
#378 = VERTEX_POINT ( 'NONE', #760 ) ;
#379 = DIRECTION ( 'NONE',  ( 0.000000000000000000, 0.000000000000000000, -1.000000000000000000 ) ) ;
#380 = CARTESIAN_POINT ( 'NONE',  ( 10.24999999999998934, 45.00000000000000000, 7.499999999999998224 ) ) ;
#381 = ORIENTED_EDGE ( 'NONE', *, *, #829, .T. ) ;
#382 = FACE_OUTER_BOUND ( 'NONE', #863, .T. ) ;
#383 = CARTESIAN_POINT ( 'NONE',  ( 15.25000000000000000, 10.99999999999993605, -4.499999999999998224 ) ) ;
#384 = CARTESIAN_POINT ( 'NONE',  ( -15.25000000000000000, 45.00000000000000000, -7.500000000000001776 ) ) ;
#385 = EDGE_CURVE ( 'NONE', #988, #361, #1559, .T. ) ;
#386 = DIRECTION ( 'NONE',  ( -4.336808689942017736E-17, 1.000000000000000000, 0.000000000000000000 ) ) ;
#387 = EDGE_CURVE ( 'NONE', #1498, #674, #898, .T. ) ;
#388 = DIRECTION ( 'NONE',  ( 1.000000000000000000, 2.973811673103097665E-16, -0.000000000000000000 ) ) ;
#389 = CARTESIAN_POINT ( 'NONE',  ( -17.99999999999999289, 5.000000000000000000, 18.74999999999999645 ) ) ;
#390 = AXIS2_PLACEMENT_3D ( 'NONE', #1266, #870, #494 ) ;
#391 = VECTOR ( 'NONE', #1026, 1000.000000000000000 ) ;
#392 = CARTESIAN_POINT ( 'NONE',  ( -25.25000000000000355, 5.000000000000000000, -22.00000000000000000 ) ) ;
#393 = CIRCLE ( 'NONE', #1163, 2.749999999999997335 ) ;
#394 = VERTEX_POINT ( 'NONE', #292 ) ;
#395 = VECTOR ( 'NONE', #1002, 1000.000000000000000 ) ;
#396 = CARTESIAN_POINT ( 'NONE',  ( 25.24999999999999645, 5.000000000000000000, -20.99999999999999645 ) ) ;
#397 = DIRECTION ( 'NONE',  ( 0.000000000000000000, 0.000000000000000000, 1.000000000000000000 ) ) ;
#398 = ADVANCED_FACE ( 'NONE', ( #409 ), #157, .T. ) ;
#399 = ORIENTED_EDGE ( 'NONE', *, *, #1229, .F. ) ;
#400 = ORIENTED_EDGE ( 'NONE', *, *, #727, .T. ) ;
#401 = DIRECTION ( 'NONE',  ( -0.7071067811865451302, 0.000000000000000000, -0.7071067811865500152 ) ) ;
#402 = ORIENTED_EDGE ( 'NONE', *, *, #46, .T. ) ;
#403 = EDGE_CURVE ( 'NONE', #1138, #685, #632, .T. ) ;
#404 = EDGE_CURVE ( 'NONE', #835, #82, #525, .T. ) ;
#405 = PLANE ( 'NONE',  #73 ) ;
#406 = DIRECTION ( 'NONE',  ( 0.000000000000000000, 1.000000000000000000, 0.000000000000000000 ) ) ;
#407 = EDGE_LOOP ( 'NONE', ( #1469, #1119, #434, #1302, #511 ) ) ;
#408 = DIRECTION ( 'NONE',  ( 0.000000000000000000, 0.000000000000000000, -1.000000000000000000 ) ) ;
#409 = FACE_OUTER_BOUND ( 'NONE', #426, .T. ) ;
#410 = DIRECTION ( 'NONE',  ( -1.000000000000000000, -2.168404344971009361E-16, 0.000000000000000000 ) ) ;
#411 = ORIENTED_EDGE ( 'NONE', *, *, #387, .T. ) ;
#412 = DIRECTION ( 'NONE',  ( 0.000000000000000000, 0.000000000000000000, 1.000000000000000000 ) ) ;
#413 = CARTESIAN_POINT ( 'NONE',  ( 0.000000000000000000, 0.000000000000000000, 0.000000000000000000 ) ) ;
#414 = VECTOR ( 'NONE', #345, 1000.000000000000000 ) ;
#415 = ORIENTED_EDGE ( 'NONE', *, *, #1312, .T. ) ;
#416 = EDGE_CURVE ( 'NONE', #674, #106, #30, .T. ) ;
#417 = VECTOR ( 'NONE', #813, 1000.000000000000000 ) ;
#418 = CARTESIAN_POINT ( 'NONE',  ( 18.00000000000000711, 5.000000000000000000, 15.99999999999999645 ) ) ;
#419 = FACE_OUTER_BOUND ( 'NONE', #1582, .T. ) ;
#420 = AXIS2_PLACEMENT_3D ( 'NONE', #261, #239, #903 ) ;
#421 = DIRECTION ( 'NONE',  ( -0.000000000000000000, 0.000000000000000000, 1.000000000000000000 ) ) ;
#422 = PLANE ( 'NONE',  #1386 ) ;
#423 = VERTEX_POINT ( 'NONE', #929 ) ;
#424 = FACE_BOUND ( 'NONE', #1131, .T. ) ;
#425 = DIRECTION ( 'NONE',  ( 1.031748184493161094E-31, -3.469446951953612217E-16, 1.000000000000000000 ) ) ;
#426 = EDGE_LOOP ( 'NONE', ( #1351, #204, #773, #1409 ) ) ;
#427 = FACE_OUTER_BOUND ( 'NONE', #318, .T. ) ;
#428 = EDGE_CURVE ( 'NONE', #992, #1498, #649, .T. ) ;
#429 = FACE_OUTER_BOUND ( 'NONE', #679, .T. ) ;
#430 = DIRECTION ( 'NONE',  ( -1.031748184493161094E-31, 3.469446951953612217E-16, -1.000000000000000000 ) ) ;
#431 = CARTESIAN_POINT ( 'NONE',  ( 10.24999999999998757, 32.50000000000000000, -7.703719777548943412E-31 ) ) ;
#432 = ORIENTED_EDGE ( 'NONE', *, *, #80, .F. ) ;
#433 = PLANE ( 'NONE',  #353 ) ;
#434 = ORIENTED_EDGE ( 'NONE', *, *, #1344, .F. ) ;
#435 = FACE_OUTER_BOUND ( 'NONE', #492, .T. ) ;
#436 = ORIENTED_EDGE ( 'NONE', *, *, #1357, .T. ) ;
#437 = CARTESIAN_POINT ( 'NONE',  ( 10.24999999999998757, 40.10000000000000142, 1.530808498934191916E-15 ) ) ;
#438 = FACE_BOUND ( 'NONE', #1023, .T. ) ;
#439 = ORIENTED_EDGE ( 'NONE', *, *, #650, .F. ) ;
#440 = CARTESIAN_POINT ( 'NONE',  ( -10.24999999999999822, 37.50000000000000000, -2.599999999999996536 ) ) ;
#441 = AXIS2_PLACEMENT_3D ( 'NONE', #552, #421, #186 ) ;
#442 = AXIS2_PLACEMENT_3D ( 'NONE', #1190, #642, #1437 ) ;
#443 = FACE_OUTER_BOUND ( 'NONE', #1631, .T. ) ;
#444 = CARTESIAN_POINT ( 'NONE',  ( -26.69901742508937303, 40.09999999999998721, 1.530808498934191916E-15 ) ) ;
#445 = CIRCLE ( 'NONE', #284, 2.599999999999998312 ) ;
#446 = VERTEX_POINT ( 'NONE', #550 ) ;
#447 = AXIS2_PLACEMENT_3D ( 'NONE', #1086, #1617, #913 ) ;
#448 = VERTEX_POINT ( 'NONE', #299 ) ;
#449 = EDGE_CURVE ( 'NONE', #1149, #1620, #1461, .T. ) ;
#450 = SHAPE_DEFINITION_REPRESENTATION ( #249, #1115 ) ;
#451 = VERTEX_POINT ( 'NONE', #1209 ) ;
#452 = DIRECTION ( 'NONE',  ( 0.000000000000000000, 1.000000000000000000, 0.000000000000000000 ) ) ;
#453 = DIRECTION ( 'NONE',  ( -1.000000000000000000, -2.168404344971009361E-16, 0.000000000000000000 ) ) ;
#454 = CARTESIAN_POINT ( 'NONE',  ( -15.25000000000000000, 4.999999999999996447, -7.500000000000001776 ) ) ;
#455 = ORIENTED_EDGE ( 'NONE', *, *, #527, .F. ) ;
#456 = EDGE_LOOP ( 'NONE', ( #58, #1082, #671, #402, #1003 ) ) ;
#457 = AXIS2_PLACEMENT_3D ( 'NONE', #289, #1366, #1585 ) ;
#458 = ADVANCED_FACE ( 'NONE', ( #419 ), #941, .F. ) ;
#459 = DIRECTION ( 'NONE',  ( 0.000000000000000000, -0.000000000000000000, 1.000000000000000000 ) ) ;
#460 = ORIENTED_EDGE ( 'NONE', *, *, #255, .F. ) ;
#461 = DIRECTION ( 'NONE',  ( -4.336808689942017736E-17, 1.000000000000000000, 0.000000000000000000 ) ) ;
#462 = DIRECTION ( 'NONE',  ( 0.000000000000000000, 0.000000000000000000, -1.000000000000000000 ) ) ;
#463 = LINE ( 'NONE', #696, #1045 ) ;
#464 = ORIENTED_EDGE ( 'NONE', *, *, #24, .T. ) ;
#465 = VERTEX_POINT ( 'NONE', #560 ) ;
#466 = FACE_OUTER_BOUND ( 'NONE', #626, .T. ) ;
#467 = ORIENTED_EDGE ( 'NONE', *, *, #113, .T. ) ;
#468 = ADVANCED_FACE ( 'NONE', ( #429 ), #676, .F. ) ;
#469 = VECTOR ( 'NONE', #747, 1000.000000000000114 ) ;
#470 = CARTESIAN_POINT ( 'NONE',  ( -15.25000000000000000, 40.09999999999998721, 1.530808498934191916E-15 ) ) ;
#471 = FACE_OUTER_BOUND ( 'NONE', #599, .T. ) ;
#472 = VECTOR ( 'NONE', #948, 1000.000000000000000 ) ;
#473 = VERTEX_POINT ( 'NONE', #20 ) ;
#474 = CIRCLE ( 'NONE', #15, 2.599999999999998312 ) ;
#475 = ORIENTED_EDGE ( 'NONE', *, *, #1014, .T. ) ;
#476 = VECTOR ( 'NONE', #1300, 1000.000000000000000 ) ;
#477 = CARTESIAN_POINT ( 'NONE',  ( -17.99999999999999289, 5.000000000000000000, 15.99999999999999645 ) ) ;
#478 = ORIENTED_EDGE ( 'NONE', *, *, #1655, .F. ) ;
#479 = LINE ( 'NONE', #891, #1099 ) ;
#480 = ADVANCED_FACE ( 'NONE', ( #153 ), #1456, .F. ) ;
#481 = ORIENTED_EDGE ( 'NONE', *, *, #247, .F. ) ;
#482 = EDGE_CURVE ( 'NONE', #1080, #1291, #259, .T. ) ;
#483 = ORIENTED_EDGE ( 'NONE', *, *, #303, .F. ) ;
#484 = LINE ( 'NONE', #572, #1219 ) ;
#485 =( NAMED_UNIT ( * ) SI_UNIT ( $, .STERADIAN. ) SOLID_ANGLE_UNIT ( ) );
#486 = VERTEX_POINT ( 'NONE', #1346 ) ;
#487 = CARTESIAN_POINT ( 'NONE',  ( -23.12499999999991473, 5.000000000000000000, -23.12500000000007105 ) ) ;
#488 = LINE ( 'NONE', #1011, #999 ) ;
#489 = LINE ( 'NONE', #1544, #1600 ) ;
#490 = EDGE_CURVE ( 'NONE', #361, #333, #51, .T. ) ;
#491 = DIRECTION ( 'NONE',  ( -0.7071067811865435759, -0.7071067811865515695, 0.000000000000000000 ) ) ;
#492 = EDGE_LOOP ( 'NONE', ( #1256, #86, #1306, #911 ) ) ;
#493 = DIRECTION ( 'NONE',  ( 2.168404344971009608E-16, -1.000000000000000000, -3.469446951953612217E-16 ) ) ;
#494 = DIRECTION ( 'NONE',  ( 0.000000000000000000, -1.000000000000000000, -3.469446951953612217E-16 ) ) ;
#495 = DIRECTION ( 'NONE',  ( 0.000000000000000000, 0.000000000000000000, 1.000000000000000000 ) ) ;
#496 = VERTEX_POINT ( 'NONE', #1355 ) ;
#497 = AXIS2_PLACEMENT_3D ( 'NONE', #185, #1499, #1076 ) ;
#498 = DIRECTION ( 'NONE',  ( 0.000000000000000000, 0.000000000000000000, 1.000000000000000000 ) ) ;
#499 = ADVANCED_FACE ( 'NONE', ( #169 ), #935, .F. ) ;
#500 = VECTOR ( 'NONE', #1278, 1000.000000000000000 ) ;
#501 = VERTEX_POINT ( 'NONE', #1603 ) ;
#502 = VECTOR ( 'NONE', #1254, 1000.000000000000000 ) ;
#503 = LINE ( 'NONE', #1058, #278 ) ;
#504 = LINE ( 'NONE', #227, #792 ) ;
#505 = CARTESIAN_POINT ( 'NONE',  ( -26.69901742508937303, 37.49999999999999289, 2.600000000000000089 ) ) ;
#506 = PLANE ( 'NONE',  #681 ) ;
#507 = ADVANCED_FACE ( 'NONE', ( #808 ), #1217, .F. ) ;
#508 = LINE ( 'NONE', #770, #964 ) ;
#509 = CARTESIAN_POINT ( 'NONE',  ( 21.25000000000000355, 5.000000000000000000, -4.499999999999998224 ) ) ;
#510 = LINE ( 'NONE', #1294, #1494 ) ;
#511 = ORIENTED_EDGE ( 'NONE', *, *, #1627, .T. ) ;
#512 = DIRECTION ( 'NONE',  ( -0.7071067811865515695, 0.7071067811865435759, 0.000000000000000000 ) ) ;
#513 = PLANE ( 'NONE',  #1521 ) ;
#514 = ORIENTED_EDGE ( 'NONE', *, *, #1528, .F. ) ;
#515 = DIRECTION ( 'NONE',  ( -0.5773502691896280625, 0.5773502691896214012, 0.5773502691896278405 ) ) ;
#516 = EDGE_CURVE ( 'NONE', #446, #333, #296, .T. ) ;
#517 = FACE_BOUND ( 'NONE', #1232, .T. ) ;
#518 = ORIENTED_EDGE ( 'NONE', *, *, #1538, .T. ) ;
#519 = PLANE ( 'NONE',  #904 ) ;
#520 = VECTOR ( 'NONE', #894, 1000.000000000000000 ) ;
#521 = CIRCLE ( 'NONE', #849, 2.599999999999998312 ) ;
#522 = FACE_OUTER_BOUND ( 'NONE', #1069, .T. ) ;
#523 = AXIS2_PLACEMENT_3D ( 'NONE', #705, #1095, #987 ) ;
#524 = EDGE_LOOP ( 'NONE', ( #814, #1448, #571, #212 ) ) ;
#525 = CIRCLE ( 'NONE', #716, 2.749999999999999112 ) ;
#526 = PLANE ( 'NONE',  #743 ) ;
#527 = EDGE_CURVE ( 'NONE', #1199, #423, #925, .T. ) ;
#528 = ADVANCED_FACE ( 'NONE', ( #26 ), #1467, .F. ) ;
#529 = DIRECTION ( 'NONE',  ( 0.000000000000000000, 1.000000000000000000, 0.000000000000000000 ) ) ;
#530 = ORIENTED_EDGE ( 'NONE', *, *, #777, .T. ) ;
#531 = DIRECTION ( 'NONE',  ( 2.168404344971009115E-16, -1.000000000000000000, -0.000000000000000000 ) ) ;
#532 = FACE_BOUND ( 'NONE', #1123, .T. ) ;
#533 = UNCERTAINTY_MEASURE_WITH_UNIT (LENGTH_MEASURE( 1.000000000000000082E-05 ), #1673, 'distance_accuracy_value', 'NONE');
#534 = ORIENTED_EDGE ( 'NONE', *, *, #547, .T. ) ;
#535 = CARTESIAN_POINT ( 'NONE',  ( -26.69901742508937303, 37.49999999999999289, 1.530808498934191916E-15 ) ) ;
#536 = CARTESIAN_POINT ( 'NONE',  ( 18.00000000000000000, 5.000000000000000000, -16.00000000000000355 ) ) ;
#537 = PRODUCT_DEFINITION_FORMATION_WITH_SPECIFIED_SOURCE ( 'ANY', '', #884, .NOT_KNOWN. ) ;
#538 = DIRECTION ( 'NONE',  ( 0.000000000000000000, 0.000000000000000000, -1.000000000000000000 ) ) ;
#539 = ORIENTED_EDGE ( 'NONE', *, *, #1033, .F. ) ;
#540 = CARTESIAN_POINT ( 'NONE',  ( -15.25000000000000000, 37.49999999999999289, 1.530808498934191916E-15 ) ) ;
#541 = CARTESIAN_POINT ( 'NONE',  ( -15.25000000000000000, 4.999999999999996447, -7.500000000000001776 ) ) ;
#542 = VERTEX_POINT ( 'NONE', #437 ) ;
#543 = DIRECTION ( 'NONE',  ( 1.156482317317883558E-15, -1.000000000000000000, 0.000000000000000000 ) ) ;
#544 = LINE ( 'NONE', #1463, #1328 ) ;
#545 = ORIENTED_EDGE ( 'NONE', *, *, #905, .T. ) ;
#546 = VECTOR ( 'NONE', #130, 1000.000000000000000 ) ;
#547 = EDGE_CURVE ( 'NONE', #1207, #394, #1186, .T. ) ;
#548 = ORIENTED_EDGE ( 'NONE', *, *, #184, .T. ) ;
#549 = AXIS2_PLACEMENT_3D ( 'NONE', #18, #1223, #1447 ) ;
#550 = CARTESIAN_POINT ( 'NONE',  ( 10.24999999999998757, 25.00000000000000000, 4.499999999999998224 ) ) ;
#551 = VECTOR ( 'NONE', #1588, 1000.000000000000000 ) ;
#552 = CARTESIAN_POINT ( 'NONE',  ( 0.000000000000000000, 0.000000000000000000, 4.499999999999998224 ) ) ;
#553 = CARTESIAN_POINT ( 'NONE',  ( 10.24999999999999822, 5.000000000000002665, -4.499999999999998224 ) ) ;
#554 = ORIENTED_EDGE ( 'NONE', *, *, #1458, .F. ) ;
#555 = DIRECTION ( 'NONE',  ( 0.7071067811865436870, -0.7071067811865513475, 0.000000000000000000 ) ) ;
#556 = FACE_BOUND ( 'NONE', #598, .T. ) ;
#557 = EDGE_CURVE ( 'NONE', #610, #1268, #1592, .T. ) ;
#558 = ORIENTED_EDGE ( 'NONE', *, *, #1564, .F. ) ;
#559 = CARTESIAN_POINT ( 'NONE',  ( -10.24999999999999822, 37.50000000000000000, 1.530808498934191916E-15 ) ) ;
#560 = CARTESIAN_POINT ( 'NONE',  ( 15.25000000000000000, 5.000000000000000000, -4.499999999999998224 ) ) ;
#561 = ADVANCED_FACE ( 'NONE', ( #783 ), #405, .F. ) ;
#562 = LINE ( 'NONE', #1210, #1068 ) ;
#563 = LINE ( 'NONE', #140, #996 ) ;
#564 = ORIENTED_EDGE ( 'NONE', *, *, #1007, .F. ) ;
#565 = DIRECTION ( 'NONE',  ( 0.000000000000000000, 0.000000000000000000, 1.000000000000000000 ) ) ;
#566 = ORIENTED_EDGE ( 'NONE', *, *, #1014, .F. ) ;
#567 = CARTESIAN_POINT ( 'NONE',  ( -15.25000000000000000, 4.999999999999996447, 7.499999999999998224 ) ) ;
#568 = ADVANCED_FACE ( 'NONE', ( #424, #1205, #277, #288, #1331, #1196 ), #800, .T. ) ;
#569 = CYLINDRICAL_SURFACE ( 'NONE', #523, 2.749999999999999112 ) ;
#570 = ORIENTED_EDGE ( 'NONE', *, *, #46, .F. ) ;
#571 = ORIENTED_EDGE ( 'NONE', *, *, #865, .F. ) ;
#572 = CARTESIAN_POINT ( 'NONE',  ( -24.24999999999999645, 5.000000000000000000, -22.00000000000000000 ) ) ;
#573 = ORIENTED_EDGE ( 'NONE', *, *, #1144, .T. ) ;
#574 = LINE ( 'NONE', #1334, #367 ) ;
#575 = CIRCLE ( 'NONE', #145, 2.749999999999997335 ) ;
#576 = CARTESIAN_POINT ( 'NONE',  ( -10.25000000000000888, 32.49999999999999289, -2.599999999999998312 ) ) ;
#577 = LINE ( 'NONE', #1362, #908 ) ;
#578 = VECTOR ( 'NONE', #373, 1000.000000000000000 ) ;
#579 = EDGE_CURVE ( 'NONE', #1674, #820, #484, .T. ) ;
#580 = EDGE_CURVE ( 'NONE', #229, #496, #1394, .T. ) ;
#581 = ORIENTED_EDGE ( 'NONE', *, *, #1618, .T. ) ;
#582 = VECTOR ( 'NONE', #1179, 1000.000000000000000 ) ;
#583 = EDGE_LOOP ( 'NONE', ( #304, #411, #25, #836, #1235, #144, #514, #636 ) ) ;
#584 = EDGE_CURVE ( 'NONE', #542, #290, #1526, .T. ) ;
#585 = CARTESIAN_POINT ( 'NONE',  ( 25.24999999999999645, 5.000000000000000000, -20.99999999999999645 ) ) ;
#586 = FILL_AREA_STYLE ('',( #1662 ) ) ;
#587 = ORIENTED_EDGE ( 'NONE', *, *, #1013, .T. ) ;
#588 = LINE ( 'NONE', #1411, #68 ) ;
#589 = CARTESIAN_POINT ( 'NONE',  ( -15.25000000000000711, 5.000000000000000000, -4.499999999999998224 ) ) ;
#590 = ORIENTED_EDGE ( 'NONE', *, *, #387, .F. ) ;
#591 = ORIENTED_EDGE ( 'NONE', *, *, #303, .T. ) ;
#592 = DIRECTION ( 'NONE',  ( 0.000000000000000000, 0.000000000000000000, -1.000000000000000000 ) ) ;
#593 = EDGE_CURVE ( 'NONE', #189, #944, #1634, .T. ) ;
#594 = ORIENTED_EDGE ( 'NONE', *, *, #815, .T. ) ;
#595 = CARTESIAN_POINT ( 'NONE',  ( -10.24999999999999822, 32.49999999999999289, -7.703719777548943412E-31 ) ) ;
#596 = CARTESIAN_POINT ( 'NONE',  ( 15.24999999999998934, 45.00000000000000711, 7.499999999999998224 ) ) ;
#597 = CARTESIAN_POINT ( 'NONE',  ( -10.24999999999999822, 25.00000000000000000, 4.499999999999998224 ) ) ;
#598 = EDGE_LOOP ( 'NONE', ( #1172, #467, #624, #706, #788 ) ) ;
#599 = EDGE_LOOP ( 'NONE', ( #233, #613, #956, #745 ) ) ;
#600 = DIRECTION ( 'NONE',  ( -0.000000000000000000, -1.000000000000000000, -0.000000000000000000 ) ) ;
#601 = CARTESIAN_POINT ( 'NONE',  ( -10.24999999999999822, 25.00000000000000000, -4.499999999999998224 ) ) ;
#602 = ORIENTED_EDGE ( 'NONE', *, *, #1538, .F. ) ;
#603 = EDGE_CURVE ( 'NONE', #1016, #700, #1244, .T. ) ;
#604 = LINE ( 'NONE', #1666, #1070 ) ;
#605 = ORIENTED_EDGE ( 'NONE', *, *, #404, .F. ) ;
#606 = VECTOR ( 'NONE', #1277, 1000.000000000000000 ) ;
#607 = CARTESIAN_POINT ( 'NONE',  ( 15.24999999999999112, 37.50000000000000711, 2.600000000000000089 ) ) ;
#608 = CIRCLE ( 'NONE', #1299, 2.749999999999997335 ) ;
#609 = VERTEX_POINT ( 'NONE', #585 ) ;
#610 = VERTEX_POINT ( 'NONE', #1523 ) ;
#611 = VECTOR ( 'NONE', #531, 1000.000000000000000 ) ;
#612 = DIRECTION ( 'NONE',  ( -1.000000000000000000, -0.000000000000000000, -0.000000000000000000 ) ) ;
#613 = ORIENTED_EDGE ( 'NONE', *, *, #1039, .F. ) ;
#614 = DIRECTION ( 'NONE',  ( 1.000000000000000000, 0.000000000000000000, -1.577021341797097560E-16 ) ) ;
#615 = ORIENTED_EDGE ( 'NONE', *, *, #938, .F. ) ;
#616 = VERTEX_POINT ( 'NONE', #1263 ) ;
#617 = CIRCLE ( 'NONE', #778, 2.599999999999998312 ) ;
#618 = ORIENTED_EDGE ( 'NONE', *, *, #1167, .F. ) ;
#619 = DIRECTION ( 'NONE',  ( 0.000000000000000000, 1.000000000000000000, 0.000000000000000000 ) ) ;
#620 = EDGE_LOOP ( 'NONE', ( #400, #1128, #1692, #207 ) ) ;
#621 = LINE ( 'NONE', #1657, #816 ) ;
#622 = CARTESIAN_POINT ( 'NONE',  ( 15.25000000000000000, 10.99999999999993605, 4.499999999999998224 ) ) ;
#623 = ADVANCED_FACE ( 'NONE', ( #1513 ), #1373, .T. ) ;
#624 = ORIENTED_EDGE ( 'NONE', *, *, #235, .T. ) ;
#625 = CARTESIAN_POINT ( 'NONE',  ( 15.24999999999999112, 32.50000000000000000, -7.703719777548943412E-31 ) ) ;
#626 = EDGE_LOOP ( 'NONE', ( #341, #566, #1429, #749 ) ) ;
#627 = CARTESIAN_POINT ( 'NONE',  ( -18.00000000000000000, 5.000000000000000000, -18.75000000000000355 ) ) ;
#628 = DIRECTION ( 'NONE',  ( 0.000000000000000000, 1.000000000000000000, 0.000000000000000000 ) ) ;
#629 = ORIENTED_EDGE ( 'NONE', *, *, #1546, .F. ) ;
#630 = AXIS2_PLACEMENT_3D ( 'NONE', #1093, #156, #1360 ) ;
#631 = CARTESIAN_POINT ( 'NONE',  ( -25.24999999999999645, 0.000000000000000000, 20.99999999999998934 ) ) ;
#632 = CIRCLE ( 'NONE', #1665, 2.749999999999997335 ) ;
#633 = CARTESIAN_POINT ( 'NONE',  ( -21.25000000000000355, 5.000000000000000000, 4.499999999999998224 ) ) ;
#634 = DIRECTION ( 'NONE',  ( 0.000000000000000000, 1.000000000000000000, 0.000000000000000000 ) ) ;
#635 = PLANE ( 'NONE',  #1550 ) ;
#636 = ORIENTED_EDGE ( 'NONE', *, *, #1546, .T. ) ;
#637 = CARTESIAN_POINT ( 'NONE',  ( 15.24999999999999112, 37.50000000000000711, -2.599999999999996536 ) ) ;
#638 = ADVANCED_FACE ( 'NONE', ( #1112 ), #215, .F. ) ;
#639 = FACE_OUTER_BOUND ( 'NONE', #744, .T. ) ;
#640 = ORIENTED_EDGE ( 'NONE', *, *, #751, .T. ) ;
#641 = AXIS2_PLACEMENT_3D ( 'NONE', #1234, #1485, #1496 ) ;
#642 = DIRECTION ( 'NONE',  ( 1.000000000000000000, 2.973811673103097665E-16, -0.000000000000000000 ) ) ;
#643 = DIRECTION ( 'NONE',  ( 1.000000000000000000, 4.336808689942017736E-17, -0.000000000000000000 ) ) ;
#644 = CARTESIAN_POINT ( 'NONE',  ( -26.69901742508937303, 37.49999999999999289, -2.599999999999996536 ) ) ;
#645 = DIRECTION ( 'NONE',  ( 0.000000000000000000, 0.000000000000000000, 1.000000000000000000 ) ) ;
#646 = EDGE_CURVE ( 'NONE', #133, #307, #179, .T. ) ;
#647 = ORIENTED_EDGE ( 'NONE', *, *, #1124, .T. ) ;
#648 = CYLINDRICAL_SURFACE ( 'NONE', #442, 2.599999999999998312 ) ;
#649 = LINE ( 'NONE', #1050, #1330 ) ;
#650 = EDGE_CURVE ( 'NONE', #992, #609, #720, .T. ) ;
#651 = DIRECTION ( 'NONE',  ( -1.000000000000000000, -0.000000000000000000, 0.000000000000000000 ) ) ;
#652 = ORIENTED_EDGE ( 'NONE', *, *, #951, .T. ) ;
#653 = VECTOR ( 'NONE', #1414, 1000.000000000000000 ) ;
#654 = AXIS2_PLACEMENT_3D ( 'NONE', #869, #619, #1656 ) ;
#655 = DIRECTION ( 'NONE',  ( 0.000000000000000000, 1.000000000000000000, 0.000000000000000000 ) ) ;
#656 = CARTESIAN_POINT ( 'NONE',  ( -26.69901742508937303, 37.49999999999999289, -2.599999999999996536 ) ) ;
#657 = AXIS2_PLACEMENT_3D ( 'NONE', #824, #118, #1518 ) ;
#658 = VERTEX_POINT ( 'NONE', #1505 ) ;
#659 = AXIS2_PLACEMENT_3D ( 'NONE', #540, #305, #565 ) ;
#660 = CYLINDRICAL_SURFACE ( 'NONE', #1661, 2.749999999999999112 ) ;
#661 = EDGE_CURVE ( 'NONE', #616, #1064, #315, .T. ) ;
#662 = LINE ( 'NONE', #49, #934 ) ;
#663 = ORIENTED_EDGE ( 'NONE', *, *, #718, .T. ) ;
#664 = CARTESIAN_POINT ( 'NONE',  ( 24.25000000000000355, 5.000000000000000000, -22.00000000000000000 ) ) ;
#665 = CARTESIAN_POINT ( 'NONE',  ( -15.25000000000000000, 10.99999999999993960, 4.499999999999998224 ) ) ;
#666 = ORIENTED_EDGE ( 'NONE', *, *, #1312, .F. ) ;
#667 = PLANE ( 'NONE',  #1630 ) ;
#668 =( GEOMETRIC_REPRESENTATION_CONTEXT ( 3 ) GLOBAL_UNCERTAINTY_ASSIGNED_CONTEXT ( ( #1486 ) ) GLOBAL_UNIT_ASSIGNED_CONTEXT ( ( #1129, #1635, #485 ) ) REPRESENTATION_CONTEXT ( 'NONE', 'WORKASPACE' ) );
#669 = FACE_OUTER_BOUND ( 'NONE', #295, .T. ) ;
#670 = ADVANCED_FACE ( 'NONE', ( #735 ), #331, .F. ) ;
#671 = ORIENTED_EDGE ( 'NONE', *, *, #1075, .F. ) ;
#672 = CARTESIAN_POINT ( 'NONE',  ( -24.24999999999999645, 5.000000000000000000, 22.00000000000000000 ) ) ;
#673 = DIRECTION ( 'NONE',  ( 0.000000000000000000, -0.000000000000000000, 1.000000000000000000 ) ) ;
#674 = VERTEX_POINT ( 'NONE', #1384 ) ;
#675 = DIRECTION ( 'NONE',  ( 1.000000000000000000, 0.000000000000000000, 0.000000000000000000 ) ) ;
#676 = PLANE ( 'NONE',  #447 ) ;
#677 = DIRECTION ( 'NONE',  ( 0.000000000000000000, -1.000000000000000000, 0.000000000000000000 ) ) ;
#678 = DIRECTION ( 'NONE',  ( 0.000000000000000000, 0.000000000000000000, 1.000000000000000000 ) ) ;
#679 = EDGE_LOOP ( 'NONE', ( #927, #755, #1220, #939 ) ) ;
#680 = EDGE_CURVE ( 'NONE', #333, #496, #1365, .T. ) ;
#681 = AXIS2_PLACEMENT_3D ( 'NONE', #1561, #900, #1030 ) ;
#682 = DIRECTION ( 'NONE',  ( -0.000000000000000000, -1.000000000000000000, -0.000000000000000000 ) ) ;
#683 = DIRECTION ( 'NONE',  ( 0.000000000000000000, 0.000000000000000000, -1.000000000000000000 ) ) ;
#684 = AXIS2_PLACEMENT_3D ( 'NONE', #535, #1293, #634 ) ;
#685 = VERTEX_POINT ( 'NONE', #1652 ) ;
#686 = DIRECTION ( 'NONE',  ( -0.000000000000000000, -1.000000000000000000, -0.000000000000000000 ) ) ;
#687 = AXIS2_PLACEMENT_3D ( 'NONE', #1319, #962, #655 ) ;
#688 = PLANE ( 'NONE',  #1490 ) ;
#689 = FACE_OUTER_BOUND ( 'NONE', #839, .T. ) ;
#690 = ORIENTED_EDGE ( 'NONE', *, *, #1410, .T. ) ;
#691 = DIRECTION ( 'NONE',  ( 0.000000000000000000, 0.000000000000000000, -1.000000000000000000 ) ) ;
#692 = CARTESIAN_POINT ( 'NONE',  ( 15.24999999999998934, 45.00000000000000711, -7.500000000000001776 ) ) ;
#693 = ORIENTED_EDGE ( 'NONE', *, *, #57, .T. ) ;
#694 = EDGE_CURVE ( 'NONE', #446, #229, #351, .T. ) ;
#695 = CARTESIAN_POINT ( 'NONE',  ( 10.24999999999998934, 45.00000000000000000, -7.500000000000001776 ) ) ;
#696 = CARTESIAN_POINT ( 'NONE',  ( -25.24999999999999645, 5.000000000000000000, 22.00000000000000000 ) ) ;
#697 = ORIENTED_EDGE ( 'NONE', *, *, #1085, .T. ) ;
#698 = ORIENTED_EDGE ( 'NONE', *, *, #924, .T. ) ;
#699 = DIRECTION ( 'NONE',  ( 0.000000000000000000, 0.000000000000000000, 1.000000000000000000 ) ) ;
#700 = VERTEX_POINT ( 'NONE', #190 ) ;
#701 = DIRECTION ( 'NONE',  ( -0.7071067811865513475, -0.7071067811865436870, 0.000000000000000000 ) ) ;
#702 = ADVANCED_FACE ( 'NONE', ( #466 ), #708, .F. ) ;
#703 = EDGE_CURVE ( 'NONE', #228, #1537, #1297, .T. ) ;
#704 = CARTESIAN_POINT ( 'NONE',  ( -18.74999999999998224, 7.499999999999994671, -7.499999999999998224 ) ) ;
#705 = CARTESIAN_POINT ( 'NONE',  ( -18.00000000000000000, 5.000000000000000000, -16.00000000000000355 ) ) ;
#706 = ORIENTED_EDGE ( 'NONE', *, *, #1655, .T. ) ;
#707 = ORIENTED_EDGE ( 'NONE', *, *, #1062, .F. ) ;
#708 = CYLINDRICAL_SURFACE ( 'NONE', #969, 2.599999999999998312 ) ;
#709 = VECTOR ( 'NONE', #942, 1000.000000000000114 ) ;
#710 = VERTEX_POINT ( 'NONE', #1155 ) ;
#711 = CARTESIAN_POINT ( 'NONE',  ( 18.00000000000000000, 0.000000000000000000, -16.00000000000000355 ) ) ;
#712 = AXIS2_PLACEMENT_3D ( 'NONE', #1105, #1479, #452 ) ;
#713 = VECTOR ( 'NONE', #651, 1000.000000000000000 ) ;
#714 = DIRECTION ( 'NONE',  ( 2.168404344971009361E-16, -1.000000000000000000, 0.000000000000000000 ) ) ;
#715 = DIRECTION ( 'NONE',  ( -0.7071067811865451302, -0.000000000000000000, -0.7071067811865500152 ) ) ;
#716 = AXIS2_PLACEMENT_3D ( 'NONE', #1201, #148, #1316 ) ;
#717 = VERTEX_POINT ( 'NONE', #774 ) ;
#718 = EDGE_CURVE ( 'NONE', #1507, #1623, #1290, .T. ) ;
#719 = ORIENTED_EDGE ( 'NONE', *, *, #54, .F. ) ;
#720 = LINE ( 'NONE', #88, #395 ) ;
#721 = ORIENTED_EDGE ( 'NONE', *, *, #1052, .F. ) ;
#722 = LINE ( 'NONE', #1541, #1492 ) ;
#723 = LINE ( 'NONE', #589, #1018 ) ;
#724 = PLANE ( 'NONE',  #850 ) ;
#725 = EDGE_LOOP ( 'NONE', ( #916, #732, #615, #1533 ) ) ;
#726 = ORIENTED_EDGE ( 'NONE', *, *, #1450, .F. ) ;
#727 = EDGE_CURVE ( 'NONE', #1457, #486, #1552, .T. ) ;
#728 = DIRECTION ( 'NONE',  ( 0.000000000000000000, 1.000000000000000000, 0.000000000000000000 ) ) ;
#729 = CARTESIAN_POINT ( 'NONE',  ( -24.24999999999999645, 0.000000000000000000, -22.00000000000000000 ) ) ;
#730 = ORIENTED_EDGE ( 'NONE', *, *, #1357, .F. ) ;
#731 = LINE ( 'NONE', #93, #1382 ) ;
#732 = ORIENTED_EDGE ( 'NONE', *, *, #694, .F. ) ;
#733 = ORIENTED_EDGE ( 'NONE', *, *, #1493, .T. ) ;
#734 = EDGE_CURVE ( 'NONE', #1413, #1149, #1555, .T. ) ;
#735 = FACE_OUTER_BOUND ( 'NONE', #859, .T. ) ;
#736 =( NAMED_UNIT ( * ) PLANE_ANGLE_UNIT ( ) SI_UNIT ( $, .RADIAN. ) );
#737 = EDGE_LOOP ( 'NONE', ( #1398, #129, #825, #976 ) ) ;
#738 = ADVANCED_FACE ( 'NONE', ( #382 ), #1037, .F. ) ;
#739 = DIRECTION ( 'NONE',  ( 0.000000000000000000, 0.000000000000000000, 1.000000000000000000 ) ) ;
#740 = ORIENTED_EDGE ( 'NONE', *, *, #360, .F. ) ;
#741 = CARTESIAN_POINT ( 'NONE',  ( -25.25000000000000355, 0.000000000000000000, -22.00000000000000000 ) ) ;
#742 = DIRECTION ( 'NONE',  ( -0.7071067811865515695, 0.7071067811865435759, 0.000000000000000000 ) ) ;
#743 = AXIS2_PLACEMENT_3D ( 'NONE', #267, #408, #1700 ) ;
#744 = EDGE_LOOP ( 'NONE', ( #1103, #7, #66, #1404 ) ) ;
#745 = ORIENTED_EDGE ( 'NONE', *, *, #1042, .T. ) ;
#746 = VECTOR ( 'NONE', #1310, 1000.000000000000000 ) ;
#747 = DIRECTION ( 'NONE',  ( -0.5773502691896278405, -0.5773502691896215122, -0.5773502691896280625 ) ) ;
#748 = DIRECTION ( 'NONE',  ( 0.7071067811865500152, -0.000000000000000000, -0.7071067811865451302 ) ) ;
#749 = ORIENTED_EDGE ( 'NONE', *, *, #1335, .T. ) ;
#750 = DIRECTION ( 'NONE',  ( -4.336808689942018352E-17, 1.000000000000000000, 3.469446951953612217E-16 ) ) ;
#751 = EDGE_CURVE ( 'NONE', #85, #1507, #1466, .T. ) ;
#752 = EDGE_LOOP ( 'NONE', ( #415, #178, #248 ) ) ;
#753 = LINE ( 'NONE', #389, #546 ) ;
#754 = STYLED_ITEM ( 'NONE', ( #838 ), #1684 ) ;
#755 = ORIENTED_EDGE ( 'NONE', *, *, #1134, .F. ) ;
#756 = CARTESIAN_POINT ( 'NONE',  ( -10.25000000000000000, 45.00000000000000000, -7.500000000000001776 ) ) ;
#757 = LINE ( 'NONE', #187, #98 ) ;
#758 = LINE ( 'NONE', #997, #366 ) ;
#759 = ADVANCED_FACE ( 'NONE', ( #1434 ), #506, .F. ) ;
#760 = CARTESIAN_POINT ( 'NONE',  ( -24.24999999999999645, 0.000000000000000000, 22.00000000000000000 ) ) ;
#761 = ORIENTED_EDGE ( 'NONE', *, *, #1678, .F. ) ;
#762 = DIRECTION ( 'NONE',  ( -4.336808689942017736E-17, 1.000000000000000000, 0.000000000000000000 ) ) ;
#763 = CARTESIAN_POINT ( 'NONE',  ( 15.25000000000000000, 5.000000000000000000, -7.500000000000001776 ) ) ;
#764 = DIRECTION ( 'NONE',  ( 1.000000000000000000, 2.973811673103097665E-16, -0.000000000000000000 ) ) ;
#765 = ORIENTED_EDGE ( 'NONE', *, *, #180, .F. ) ;
#766 = AXIS2_PLACEMENT_3D ( 'NONE', #1624, #53, #29 ) ;
#767 = EDGE_CURVE ( 'NONE', #1291, #1465, #375, .T. ) ;
#768 = LINE ( 'NONE', #1166, #1270 ) ;
#769 = AXIS2_PLACEMENT_3D ( 'NONE', #945, #555, #954 ) ;
#770 = CARTESIAN_POINT ( 'NONE',  ( 18.00000000000000711, 5.000000000000000000, 13.24999999999999822 ) ) ;
#771 = FACE_OUTER_BOUND ( 'NONE', #871, .T. ) ;
#772 = LINE ( 'NONE', #364, #500 ) ;
#773 = ORIENTED_EDGE ( 'NONE', *, *, #1144, .F. ) ;
#774 = CARTESIAN_POINT ( 'NONE',  ( 25.24999999999999645, 0.000000000000000000, -20.99999999999999645 ) ) ;
#775 = EDGE_CURVE ( 'NONE', #610, #820, #250, .T. ) ;
#776 = CARTESIAN_POINT ( 'NONE',  ( -25.24999999999999645, 5.000000000000000000, 20.99999999999998934 ) ) ;
#777 = EDGE_CURVE ( 'NONE', #197, #1491, #768, .T. ) ;
#778 = AXIS2_PLACEMENT_3D ( 'NONE', #1197, #35, #44 ) ;
#779 = VERTEX_POINT ( 'NONE', #631 ) ;
#780 = DIRECTION ( 'NONE',  ( -1.000000000000000000, 0.000000000000000000, 0.000000000000000000 ) ) ;
#781 = DIRECTION ( 'NONE',  ( 1.000000000000000000, 0.000000000000000000, 0.000000000000000000 ) ) ;
#782 = ORIENTED_EDGE ( 'NONE', *, *, #1303, .F. ) ;
#783 = FACE_OUTER_BOUND ( 'NONE', #752, .T. ) ;
#784 = DIRECTION ( 'NONE',  ( 1.000000000000000000, 2.973811673103097665E-16, -0.000000000000000000 ) ) ;
#785 = ORIENTED_EDGE ( 'NONE', *, *, #1516, .F. ) ;
#786 = CARTESIAN_POINT ( 'NONE',  ( -17.99999999999999289, 5.000000000000000000, 15.99999999999999645 ) ) ;
#787 = CARTESIAN_POINT ( 'NONE',  ( 15.24999999999999112, 32.50000000000000000, 2.599999999999998312 ) ) ;
#788 = ORIENTED_EDGE ( 'NONE', *, *, #482, .T. ) ;
#789 = VECTOR ( 'NONE', #101, 1000.000000000000000 ) ;
#790 = DIRECTION ( 'NONE',  ( 0.000000000000000000, 0.000000000000000000, -1.000000000000000000 ) ) ;
#791 = CARTESIAN_POINT ( 'NONE',  ( 21.25000000000000355, 5.000000000000000000, -4.499999999999998224 ) ) ;
#792 = VECTOR ( 'NONE', #764, 1000.000000000000000 ) ;
#793 = ORIENTED_EDGE ( 'NONE', *, *, #815, .F. ) ;
#794 = AXIS2_PLACEMENT_3D ( 'NONE', #1698, #116, #498 ) ;
#795 = DIRECTION ( 'NONE',  ( 0.000000000000000000, 1.000000000000000000, 0.000000000000000000 ) ) ;
#796 = EDGE_CURVE ( 'NONE', #685, #1138, #276, .T. ) ;
#797 = DIRECTION ( 'NONE',  ( 0.000000000000000000, 0.000000000000000000, 1.000000000000000000 ) ) ;
#798 = DIRECTION ( 'NONE',  ( 0.000000000000000000, -1.000000000000000000, 0.000000000000000000 ) ) ;
#799 = EDGE_LOOP ( 'NONE', ( #868, #105 ) ) ;
#800 = PLANE ( 'NONE',  #17 ) ;
#801 = DIRECTION ( 'NONE',  ( 0.000000000000000000, 0.000000000000000000, 1.000000000000000000 ) ) ;
#802 = ORIENTED_EDGE ( 'NONE', *, *, #1085, .F. ) ;
#803 = CARTESIAN_POINT ( 'NONE',  ( 18.00000000000000000, 5.000000000000000000, -13.25000000000000711 ) ) ;
#804 = DIRECTION ( 'NONE',  ( 0.000000000000000000, 0.7071067811865514585, -0.7071067811865435759 ) ) ;
#805 = DIRECTION ( 'NONE',  ( -0.000000000000000000, -1.000000000000000000, -0.000000000000000000 ) ) ;
#806 = CARTESIAN_POINT ( 'NONE',  ( 24.25000000000000355, 5.000000000000000000, 22.00000000000000000 ) ) ;
#807 = ORIENTED_EDGE ( 'NONE', *, *, #416, .F. ) ;
#808 = FACE_OUTER_BOUND ( 'NONE', #407, .T. ) ;
#809 = CARTESIAN_POINT ( 'NONE',  ( 23.12500000000008171, 5.000000000000000000, -23.12499999999992184 ) ) ;
#810 = ORIENTED_EDGE ( 'NONE', *, *, #1608, .F. ) ;
#811 = DIRECTION ( 'NONE',  ( -2.602085213965210149E-16, 1.000000000000000000, 0.000000000000000000 ) ) ;
#812 = DIRECTION ( 'NONE',  ( 1.000000000000000000, -0.000000000000000000, -0.000000000000000000 ) ) ;
#813 = DIRECTION ( 'NONE',  ( 1.156482317317882966E-15, 1.000000000000000000, 0.000000000000000000 ) ) ;
#814 = ORIENTED_EDGE ( 'NONE', *, *, #995, .F. ) ;
#815 = EDGE_CURVE ( 'NONE', #133, #82, #753, .T. ) ;
#816 = VECTOR ( 'NONE', #1648, 1000.000000000000000 ) ;
#817 = DIRECTION ( 'NONE',  ( -2.168404344971009608E-16, 1.000000000000000000, 3.469446951953612217E-16 ) ) ;
#818 = CARTESIAN_POINT ( 'NONE',  ( -15.25000000000000000, 10.99999999999993960, -4.499999999999998224 ) ) ;
#819 = CIRCLE ( 'NONE', #630, 2.599999999999998312 ) ;
#820 = VERTEX_POINT ( 'NONE', #1418 ) ;
#821 = VECTOR ( 'NONE', #311, 1000.000000000000000 ) ;
#822 = VECTOR ( 'NONE', #221, 1000.000000000000000 ) ;
#823 = CARTESIAN_POINT ( 'NONE',  ( 10.24999999999998934, 5.000000000000000000, 4.499999999999998224 ) ) ;
#824 = CARTESIAN_POINT ( 'NONE',  ( -17.99999999999999289, 5.000000000000000000, 15.99999999999999645 ) ) ;
#825 = ORIENTED_EDGE ( 'NONE', *, *, #1321, .T. ) ;
#826 = VERTEX_POINT ( 'NONE', #122 ) ;
#827 = EDGE_CURVE ( 'NONE', #944, #616, #1304, .T. ) ;
#828 = CARTESIAN_POINT ( 'NONE',  ( 18.00000000000000000, 5.000000000000000000, -16.00000000000000355 ) ) ;
#829 = EDGE_CURVE ( 'NONE', #779, #1530, #1281, .T. ) ;
#830 = FACE_BOUND ( 'NONE', #864, .T. ) ;
#831 = ORIENTED_EDGE ( 'NONE', *, *, #1275, .F. ) ;
#832 = CARTESIAN_POINT ( 'NONE',  ( -15.25000000000000000, 10.99999999999993960, 4.499999999999998224 ) ) ;
#833 = CARTESIAN_POINT ( 'NONE',  ( 10.24999999999998757, 25.00000000000000000, 4.499999999999998224 ) ) ;
#834 = CARTESIAN_POINT ( 'NONE',  ( 10.24999999999999467, 25.00000000000000000, -7.500000000000001776 ) ) ;
#835 = VERTEX_POINT ( 'NONE', #368 ) ;
#836 = ORIENTED_EDGE ( 'NONE', *, *, #36, .T. ) ;
#837 = CARTESIAN_POINT ( 'NONE',  ( 10.24999999999998757, 37.50000000000000711, 1.530808498934191916E-15 ) ) ;
#838 = PRESENTATION_STYLE_ASSIGNMENT (( #1282 ) ) ;
#839 = EDGE_LOOP ( 'NONE', ( #348, #591, #298, #152 ) ) ;
#840 = CARTESIAN_POINT ( 'NONE',  ( -24.24999999999999645, 5.000000000000000000, 22.00000000000000000 ) ) ;
#841 = ADVANCED_FACE ( 'NONE', ( #241 ), #519, .T. ) ;
#842 = CARTESIAN_POINT ( 'NONE',  ( 25.25000000000000355, 5.000000000000000000, 21.00000000000000355 ) ) ;
#843 = ORIENTED_EDGE ( 'NONE', *, *, #335, .F. ) ;
#844 = ORIENTED_EDGE ( 'NONE', *, *, #264, .F. ) ;
#845 = CARTESIAN_POINT ( 'NONE',  ( -12.49999999999983480, 13.75000000000007816, 1.250000000000013323 ) ) ;
#846 = FACE_OUTER_BOUND ( 'NONE', #1681, .T. ) ;
#847 = ORIENTED_EDGE ( 'NONE', *, *, #584, .T. ) ;
#848 = DIRECTION ( 'NONE',  ( 1.000000000000000000, 0.000000000000000000, 0.000000000000000000 ) ) ;
#849 = AXIS2_PLACEMENT_3D ( 'NONE', #595, #1017, #1527 ) ;
#850 = AXIS2_PLACEMENT_3D ( 'NONE', #1640, #1501, #1370 ) ;
#851 = LINE ( 'NONE', #1676, #878 ) ;
#852 = ADVANCED_FACE ( 'NONE', ( #1625 ), #1639, .F. ) ;
#853 = LINE ( 'NONE', #195, #1439 ) ;
#854 = VECTOR ( 'NONE', #981, 1000.000000000000114 ) ;
#855 = ORIENTED_EDGE ( 'NONE', *, *, #279, .T. ) ;
#856 = ORIENTED_EDGE ( 'NONE', *, *, #357, .F. ) ;
#857 = CARTESIAN_POINT ( 'NONE',  ( 0.000000000000000000, 5.000000000000000000, 0.000000000000000000 ) ) ;
#858 = PLANE ( 'NONE',  #2 ) ;
#859 = EDGE_LOOP ( 'NONE', ( #1061, #1650, #252, #1512 ) ) ;
#860 = DIRECTION ( 'NONE',  ( 1.000000000000000000, 2.973811673103097665E-16, -0.000000000000000000 ) ) ;
#861 = DIRECTION ( 'NONE',  ( -0.7071067811865500152, -0.000000000000000000, 0.7071067811865451302 ) ) ;
#862 = CARTESIAN_POINT ( 'NONE',  ( -18.00000000000000000, 5.000000000000000000, -13.25000000000000711 ) ) ;
#863 = EDGE_LOOP ( 'NONE', ( #1417, #573, #324, #564, #558 ) ) ;
#864 = EDGE_LOOP ( 'NONE', ( #973, #1502 ) ) ;
#865 = EDGE_CURVE ( 'NONE', #1323, #1674, #175, .T. ) ;
#866 = VERTEX_POINT ( 'NONE', #823 ) ;
#867 = APPLICATION_PROTOCOL_DEFINITION ( 'draft international standard', 'automotive_design', 1998, #1329 ) ;
#868 = ORIENTED_EDGE ( 'NONE', *, *, #403, .F. ) ;
#869 = CARTESIAN_POINT ( 'NONE',  ( -17.99999999999999289, 5.000000000000000000, 15.99999999999999645 ) ) ;
#870 = DIRECTION ( 'NONE',  ( 1.031748184493161094E-31, -3.469446951953612217E-16, 1.000000000000000000 ) ) ;
#871 = EDGE_LOOP ( 'NONE', ( #355, #1252, #640, #1345 ) ) ;
#872 = DIRECTION ( 'NONE',  ( 0.000000000000000000, 1.000000000000000000, 3.469446951953612217E-16 ) ) ;
#873 = DIRECTION ( 'NONE',  ( 0.000000000000000000, 0.000000000000000000, 1.000000000000000000 ) ) ;
#874 = DIRECTION ( 'NONE',  ( 0.000000000000000000, -1.000000000000000000, 0.000000000000000000 ) ) ;
#875 = EDGE_CURVE ( 'NONE', #1156, #1547, #1242, .T. ) ;
#876 = ORIENTED_EDGE ( 'NONE', *, *, #734, .F. ) ;
#877 = DIRECTION ( 'NONE',  ( 0.000000000000000000, 1.000000000000000000, 0.000000000000000000 ) ) ;
#878 = VECTOR ( 'NONE', #1542, 1000.000000000000000 ) ;
#879 = CARTESIAN_POINT ( 'NONE',  ( 18.00000000000000711, 0.000000000000000000, 15.99999999999999645 ) ) ;
#880 = DIRECTION ( 'NONE',  ( 1.000000000000000000, 0.000000000000000000, 0.000000000000000000 ) ) ;
#881 = VECTOR ( 'NONE', #1580, 1000.000000000000000 ) ;
#882 = AXIS2_PLACEMENT_3D ( 'NONE', #1658, #1126, #1529 ) ;
#883 = ORIENTED_EDGE ( 'NONE', *, *, #1322, .T. ) ;
#884 = PRODUCT ( 'Crossbeam Adapter', 'Crossbeam Adapter', '', ( #1407 ) ) ;
#885 = AXIS2_PLACEMENT_3D ( 'NONE', #1077, #1472, #1342 ) ;
#886 = CARTESIAN_POINT ( 'NONE',  ( 15.25000000000000000, 10.99999999999993605, -4.499999999999998224 ) ) ;
#887 = ORIENTED_EDGE ( 'NONE', *, *, #1124, .F. ) ;
#888 = ADVANCED_FACE ( 'NONE', ( #1094 ), #1473, .F. ) ;
#889 = EDGE_CURVE ( 'NONE', #486, #1547, #1046, .T. ) ;
#890 = CARTESIAN_POINT ( 'NONE',  ( 15.24999999999999112, 32.50000000000000000, -2.599999999999998312 ) ) ;
#891 = CARTESIAN_POINT ( 'NONE',  ( 21.25000000000000355, 5.000000000000000000, 4.499999999999998224 ) ) ;
#892 = CARTESIAN_POINT ( 'NONE',  ( 15.25000000000000000, 5.000000000000000000, 7.499999999999998224 ) ) ;
#893 = VERTEX_POINT ( 'NONE', #165 ) ;
#894 = DIRECTION ( 'NONE',  ( 0.000000000000000000, -1.000000000000000000, -3.469446951953612217E-16 ) ) ;
#895 = CARTESIAN_POINT ( 'NONE',  ( 24.25000000000000355, 0.000000000000000000, -22.00000000000000000 ) ) ;
#896 = LINE ( 'NONE', #253, #881 ) ;
#897 = ADVANCED_FACE ( 'NONE', ( #1481, #443 ), #688, .T. ) ;
#898 = LINE ( 'NONE', #1438, #1695 ) ;
#899 = VERTEX_POINT ( 'NONE', #1078 ) ;
#900 = DIRECTION ( 'NONE',  ( -0.000000000000000000, 0.000000000000000000, 1.000000000000000000 ) ) ;
#901 = DIRECTION ( 'NONE',  ( -0.7071067811865515695, 0.7071067811865435759, 0.000000000000000000 ) ) ;
#902 = LINE ( 'NONE', #509, #933 ) ;
#903 = DIRECTION ( 'NONE',  ( -1.000000000000000000, -1.387778780781446070E-15, 0.000000000000000000 ) ) ;
#904 = AXIS2_PLACEMENT_3D ( 'NONE', #293, #1222, #957 ) ;
#905 = EDGE_CURVE ( 'NONE', #229, #138, #1577, .T. ) ;
#906 = ORIENTED_EDGE ( 'NONE', *, *, #1376, .T. ) ;
#907 = VECTOR ( 'NONE', #860, 1000.000000000000000 ) ;
#908 = VECTOR ( 'NONE', #971, 1000.000000000000000 ) ;
#909 = AXIS2_PLACEMENT_3D ( 'NONE', #837, #990, #1672 ) ;
#910 = DIRECTION ( 'NONE',  ( 0.000000000000000000, 0.000000000000000000, 1.000000000000000000 ) ) ;
#911 = ORIENTED_EDGE ( 'NONE', *, *, #580, .T. ) ;
#912 = DIRECTION ( 'NONE',  ( 1.000000000000000000, 2.973811673103097665E-16, -0.000000000000000000 ) ) ;
#913 = DIRECTION ( 'NONE',  ( 1.000000000000000000, -0.000000000000000000, 0.000000000000000000 ) ) ;
#914 = CARTESIAN_POINT ( 'NONE',  ( -17.99999999999999289, 0.000000000000000000, 15.99999999999999645 ) ) ;
#915 = EDGE_CURVE ( 'NONE', #826, #658, #562, .T. ) ;
#916 = ORIENTED_EDGE ( 'NONE', *, *, #905, .F. ) ;
#917 = ADVANCED_FACE ( 'NONE', ( #1488 ), #310, .F. ) ;
#918 = VECTOR ( 'NONE', #955, 1000.000000000000000 ) ;
#919 = VERTEX_POINT ( 'NONE', #695 ) ;
#920 = DIRECTION ( 'NONE',  ( -0.7071067811865513475, -0.7071067811865436870, 0.000000000000000000 ) ) ;
#921 = DIRECTION ( 'NONE',  ( -0.7071067811865500152, -0.000000000000000000, 0.7071067811865451302 ) ) ;
#922 = CARTESIAN_POINT ( 'NONE',  ( 10.24999999999998934, 45.00000000000000000, -7.500000000000001776 ) ) ;
#923 = EDGE_LOOP ( 'NONE', ( #339, #271 ) ) ;
#924 = EDGE_CURVE ( 'NONE', #1537, #108, #1230, .T. ) ;
#925 = LINE ( 'NONE', #1484, #205 ) ;
#926 = CYLINDRICAL_SURFACE ( 'NONE', #1614, 2.599999999999998312 ) ;
#927 = ORIENTED_EDGE ( 'NONE', *, *, #603, .F. ) ;
#928 = DIRECTION ( 'NONE',  ( 1.000000000000000000, 2.973811673103097665E-16, -0.000000000000000000 ) ) ;
#929 = CARTESIAN_POINT ( 'NONE',  ( 10.24999999999998757, 37.50000000000000000, 2.600000000000000089 ) ) ;
#930 = CARTESIAN_POINT ( 'NONE',  ( -10.24999999999999822, 5.000000000000000000, 4.499999999999998224 ) ) ;
#931 = VECTOR ( 'NONE', #1152, 1000.000000000000000 ) ;
#932 = VERTEX_POINT ( 'NONE', #970 ) ;
#933 = VECTOR ( 'NONE', #379, 1000.000000000000000 ) ;
#934 = VECTOR ( 'NONE', #1202, 1000.000000000000000 ) ;
#935 = CYLINDRICAL_SURFACE ( 'NONE', #1358, 2.749999999999999112 ) ;
#936 = FACE_OUTER_BOUND ( 'NONE', #524, .T. ) ;
#937 = AXIS2_PLACEMENT_3D ( 'NONE', #625, #232, #10 ) ;
#938 = EDGE_CURVE ( 'NONE', #866, #446, #1500, .T. ) ;
#939 = ORIENTED_EDGE ( 'NONE', *, *, #91, .F. ) ;
#940 = LINE ( 'NONE', #1470, #1436 ) ;
#941 = PLANE ( 'NONE',  #885 ) ;
#942 = DIRECTION ( 'NONE',  ( 0.7071067811865500152, -0.000000000000000000, -0.7071067811865451302 ) ) ;
#943 = CARTESIAN_POINT ( 'NONE',  ( 15.25000000000000000, 10.99999999999993605, 4.499999999999998224 ) ) ;
#944 = VERTEX_POINT ( 'NONE', #704 ) ;
#945 = CARTESIAN_POINT ( 'NONE',  ( -15.25000000000000000, 10.99999999999993960, -4.499999999999998224 ) ) ;
#946 = CARTESIAN_POINT ( 'NONE',  ( 15.24999999999999289, 37.50000000000000000, -2.599999999999996536 ) ) ;
#947 = ORIENTED_EDGE ( 'NONE', *, *, #1480, .F. ) ;
#948 = DIRECTION ( 'NONE',  ( -1.577021341797097560E-16, -0.000000000000000000, -1.000000000000000000 ) ) ;
#949 = CARTESIAN_POINT ( 'NONE',  ( 15.25000000000000000, 5.000000000000000000, -7.500000000000001776 ) ) ;
#950 = CARTESIAN_POINT ( 'NONE',  ( -25.25000000000000355, 0.000000000000000000, -20.99999999999999645 ) ) ;
#951 = EDGE_CURVE ( 'NONE', #465, #826, #1237, .T. ) ;
#952 = DIRECTION ( 'NONE',  ( -0.7071067811865515695, 0.7071067811865435759, -0.000000000000000000 ) ) ;
#953 = VERTEX_POINT ( 'NONE', #576 ) ;
#954 = DIRECTION ( 'NONE',  ( 0.7071067811865513475, 0.7071067811865436870, 0.000000000000000000 ) ) ;
#955 = DIRECTION ( 'NONE',  ( 1.000000000000000000, 0.000000000000000000, 0.000000000000000000 ) ) ;
#956 = ORIENTED_EDGE ( 'NONE', *, *, #961, .T. ) ;
#957 = DIRECTION ( 'NONE',  ( -1.000000000000000000, 0.000000000000000000, -0.000000000000000000 ) ) ;
#958 = DIRECTION ( 'NONE',  ( -1.000000000000000000, -0.000000000000000000, 0.000000000000000000 ) ) ;
#959 = EDGE_CURVE ( 'NONE', #1323, #779, #1107, .T. ) ;
#960 = ORIENTED_EDGE ( 'NONE', *, *, #1379, .F. ) ;
#961 = EDGE_CURVE ( 'NONE', #1491, #1194, #1397, .T. ) ;
#962 = DIRECTION ( 'NONE',  ( 1.000000000000000000, 4.336808689942017736E-17, -0.000000000000000000 ) ) ;
#963 = DIRECTION ( 'NONE',  ( 0.000000000000000000, 0.000000000000000000, 1.000000000000000000 ) ) ;
#964 = VECTOR ( 'NONE', #132, 1000.000000000000000 ) ;
#965 = CIRCLE ( 'NONE', #1691, 2.599999999999998312 ) ;
#966 = ORIENTED_EDGE ( 'NONE', *, *, #1195, .T. ) ;
#967 = VECTOR ( 'NONE', #401, 1000.000000000000114 ) ;
#968 = PLANE ( 'NONE',  #497 ) ;
#969 = AXIS2_PLACEMENT_3D ( 'NONE', #1140, #1689, #1427 ) ;
#970 = CARTESIAN_POINT ( 'NONE',  ( 15.24999999999999822, 10.99999999999993605, 7.499999999999998224 ) ) ;
#971 = DIRECTION ( 'NONE',  ( 1.000000000000000000, 0.000000000000000000, 0.000000000000000000 ) ) ;
#972 = ORIENTED_EDGE ( 'NONE', *, *, #915, .T. ) ;
#973 = ORIENTED_EDGE ( 'NONE', *, *, #80, .T. ) ;
#974 = DIRECTION ( 'NONE',  ( -0.7071067811865513475, -0.7071067811865436870, -0.000000000000000000 ) ) ;
#975 = CARTESIAN_POINT ( 'NONE',  ( 0.000000000000000000, 0.000000000000000000, 0.000000000000000000 ) ) ;
#976 = ORIENTED_EDGE ( 'NONE', *, *, #184, .F. ) ;
#977 = LINE ( 'NONE', #1065, #1274 ) ;
#978 = LINE ( 'NONE', #328, #1354 ) ;
#979 = ORIENTED_EDGE ( 'NONE', *, *, #121, .T. ) ;
#980 = VERTEX_POINT ( 'NONE', #1136 ) ;
#981 = DIRECTION ( 'NONE',  ( 0.5773502691896320593, 0.5773502691896257311, -0.5773502691896194028 ) ) ;
#982 = DIRECTION ( 'NONE',  ( 0.000000000000000000, -0.000000000000000000, -1.000000000000000000 ) ) ;
#983 = EDGE_LOOP ( 'NONE', ( #793, #1697, #1380, #1340 ) ) ;
#984 = ADVANCED_FACE ( 'NONE', ( #336 ), #1143, .F. ) ;
#985 = CARTESIAN_POINT ( 'NONE',  ( 18.74999999999998224, 7.499999999999994671, -7.499999999999998224 ) ) ;
#986 = CARTESIAN_POINT ( 'NONE',  ( -15.25000000000000000, 45.00000000000000000, -7.500000000000001776 ) ) ;
#987 = DIRECTION ( 'NONE',  ( 0.000000000000000000, 0.000000000000000000, -1.000000000000000000 ) ) ;
#988 = VERTEX_POINT ( 'NONE', #596 ) ;
#989 = ORIENTED_EDGE ( 'NONE', *, *, #1471, .F. ) ;
#990 = DIRECTION ( 'NONE',  ( -1.000000000000000000, -2.168404344971009361E-16, 0.000000000000000000 ) ) ;
#991 = DIRECTION ( 'NONE',  ( 1.000000000000000000, 0.000000000000000000, 0.000000000000000000 ) ) ;
#992 = VERTEX_POINT ( 'NONE', #246 ) ;
#993 = LINE ( 'NONE', #1396, #414 ) ;
#994 = AXIS2_PLACEMENT_3D ( 'NONE', #418, #795, #47 ) ;
#995 = EDGE_CURVE ( 'NONE', #820, #448, #1669, .T. ) ;
#996 = VECTOR ( 'NONE', #1482, 1000.000000000000114 ) ;
#997 = CARTESIAN_POINT ( 'NONE',  ( -25.25000000000000355, 5.000000000000000000, -20.99999999999999645 ) ) ;
#998 = CARTESIAN_POINT ( 'NONE',  ( -10.25000000000000000, 45.00000000000000000, 7.499999999999998224 ) ) ;
#999 = VECTOR ( 'NONE', #880, 1000.000000000000000 ) ;
#1000 = EDGE_LOOP ( 'NONE', ( #356, #1057 ) ) ;
#1001 = ORIENTED_EDGE ( 'NONE', *, *, #593, .F. ) ;
#1002 = DIRECTION ( 'NONE',  ( -1.577021341797097560E-16, -0.000000000000000000, -1.000000000000000000 ) ) ;
#1003 = ORIENTED_EDGE ( 'NONE', *, *, #1052, .T. ) ;
#1004 = LINE ( 'NONE', #1534, #231 ) ;
#1005 = FACE_OUTER_BOUND ( 'NONE', #240, .T. ) ;
#1006 = ORIENTED_EDGE ( 'NONE', *, *, #557, .F. ) ;
#1007 = EDGE_CURVE ( 'NONE', #78, #1149, #1116, .T. ) ;
#1008 = ORIENTED_EDGE ( 'NONE', *, *, #16, .T. ) ;
#1009 = ORIENTED_EDGE ( 'NONE', *, *, #1516, .T. ) ;
#1010 = CARTESIAN_POINT ( 'NONE',  ( -21.25000000000000355, 7.499999999999995559, -7.500000000000001776 ) ) ;
#1011 = CARTESIAN_POINT ( 'NONE',  ( -21.25000000000000355, 5.000000000000000000, 4.499999999999998224 ) ) ;
#1012 = ORIENTED_EDGE ( 'NONE', *, *, #959, .T. ) ;
#1013 = EDGE_CURVE ( 'NONE', #1671, #1540, #851, .T. ) ;
#1014 = EDGE_CURVE ( 'NONE', #473, #953, #1020, .T. ) ;
#1015 = DIRECTION ( 'NONE',  ( 0.000000000000000000, 1.000000000000000000, 0.000000000000000000 ) ) ;
#1016 = VERTEX_POINT ( 'NONE', #372 ) ;
#1017 = DIRECTION ( 'NONE',  ( 1.000000000000000000, 4.336808689942017736E-17, -0.000000000000000000 ) ) ;
#1018 = VECTOR ( 'NONE', #218, 1000.000000000000000 ) ;
#1019 = AXIS2_PLACEMENT_3D ( 'NONE', #879, #1258, #238 ) ;
#1020 = LINE ( 'NONE', #363, #606 ) ;
#1021 = LINE ( 'NONE', #1424, #1636 ) ;
#1022 = AXIS2_PLACEMENT_3D ( 'NONE', #251, #124, #1578 ) ;
#1023 = EDGE_LOOP ( 'NONE', ( #1452, #979 ) ) ;
#1024 = VECTOR ( 'NONE', #512, 1000.000000000000000 ) ;
#1025 = ORIENTED_EDGE ( 'NONE', *, *, #775, .T. ) ;
#1026 = DIRECTION ( 'NONE',  ( -0.000000000000000000, -1.000000000000000000, -0.000000000000000000 ) ) ;
#1027 = CARTESIAN_POINT ( 'NONE',  ( 15.25000000000000000, 10.99999999999993605, -7.499999999999998224 ) ) ;
#1028 = CARTESIAN_POINT ( 'NONE',  ( 10.24999999999998934, 45.00000000000000000, 7.499999999999998224 ) ) ;
#1029 = VERTEX_POINT ( 'NONE', #1389 ) ;
#1030 = DIRECTION ( 'NONE',  ( 1.000000000000000000, 0.000000000000000000, 0.000000000000000000 ) ) ;
#1031 = VECTOR ( 'NONE', #683, 1000.000000000000000 ) ;
#1032 = DIRECTION ( 'NONE',  ( 1.000000000000000000, 2.973811673103097665E-16, -0.000000000000000000 ) ) ;
#1033 = EDGE_CURVE ( 'NONE', #1547, #1156, #1569, .T. ) ;
#1034 = CARTESIAN_POINT ( 'NONE',  ( -26.69901742508937303, 37.49999999999999289, 1.530808498934191916E-15 ) ) ;
#1035 = FACE_OUTER_BOUND ( 'NONE', #28, .T. ) ;
#1036 = EDGE_LOOP ( 'NONE', ( #155, #1399, #802, #1425, #693, #90, #275, #321 ) ) ;
#1037 = PLANE ( 'NONE',  #285 ) ;
#1038 = ORIENTED_EDGE ( 'NONE', *, *, #280, .T. ) ;
#1039 = EDGE_CURVE ( 'NONE', #1491, #228, #621, .T. ) ;
#1040 = CARTESIAN_POINT ( 'NONE',  ( 10.24999999999998757, 25.00000000000000000, 7.499999999999998224 ) ) ;
#1041 = VECTOR ( 'NONE', #1443, 1000.000000000000000 ) ;
#1042 = EDGE_CURVE ( 'NONE', #1194, #1537, #1683, .T. ) ;
#1043 = PLANE ( 'NONE',  #1464 ) ;
#1044 = VECTOR ( 'NONE', #920, 1000.000000000000114 ) ;
#1045 = VECTOR ( 'NONE', #1231, 1000.000000000000000 ) ;
#1046 = LINE ( 'NONE', #55, #65 ) ;
#1047 = AXIS2_PLACEMENT_3D ( 'NONE', #1100, #600, #97 ) ;
#1048 = ORIENTED_EDGE ( 'NONE', *, *, #1033, .T. ) ;
#1049 = DIRECTION ( 'NONE',  ( 0.000000000000000000, 0.000000000000000000, -1.000000000000000000 ) ) ;
#1050 = CARTESIAN_POINT ( 'NONE',  ( 25.25000000000000355, 5.000000000000000000, 21.00000000000000355 ) ) ;
#1051 = LINE ( 'NONE', #943, #1663 ) ;
#1052 = EDGE_CURVE ( 'NONE', #710, #932, #1402, .T. ) ;
#1053 = ORIENTED_EDGE ( 'NONE', *, *, #718, .F. ) ;
#1054 = CARTESIAN_POINT ( 'NONE',  ( 10.24999999999998757, 25.00000000000000000, 4.499999999999998224 ) ) ;
#1055 = LINE ( 'NONE', #1332, #110 ) ;
#1056 = PRESENTATION_LAYER_ASSIGNMENT (  '', '', ( #754 ) ) ;
#1057 = ORIENTED_EDGE ( 'NONE', *, *, #646, .F. ) ;
#1058 = CARTESIAN_POINT ( 'NONE',  ( 0.000000000000000000, 5.000000000000000000, 9.999999999999992895 ) ) ;
#1059 = DIRECTION ( 'NONE',  ( 0.000000000000000000, 1.000000000000000000, 0.000000000000000000 ) ) ;
#1060 = LINE ( 'NONE', #1349, #1694 ) ;
#1061 = ORIENTED_EDGE ( 'NONE', *, *, #403, .T. ) ;
#1062 = EDGE_CURVE ( 'NONE', #1620, #988, #209, .T. ) ;
#1063 = DIRECTION ( 'NONE',  ( -1.000000000000000000, 0.000000000000000000, 0.000000000000000000 ) ) ;
#1064 = VERTEX_POINT ( 'NONE', #1551 ) ;
#1065 = CARTESIAN_POINT ( 'NONE',  ( 15.25000000000000711, 5.000000000000000000, -4.499999999999998224 ) ) ;
#1066 = CARTESIAN_POINT ( 'NONE',  ( 0.000000000000000000, 5.000000000000000000, -10.00000000000002487 ) ) ;
#1067 = CARTESIAN_POINT ( 'NONE',  ( 15.24999999999999822, 10.99999999999993605, -4.499999999999998224 ) ) ;
#1068 = VECTOR ( 'NONE', #812, 1000.000000000000000 ) ;
#1069 = EDGE_LOOP ( 'NONE', ( #439, #202, #1664, #1038 ) ) ;
#1070 = VECTOR ( 'NONE', #225, 1000.000000000000000 ) ;
#1071 = CARTESIAN_POINT ( 'NONE',  ( 10.24999999999999822, 5.000000000000002665, 7.499999999999998224 ) ) ;
#1072 = LINE ( 'NONE', #1091, #1426 ) ;
#1073 = VECTOR ( 'NONE', #412, 1000.000000000000000 ) ;
#1074 = ORIENTED_EDGE ( 'NONE', *, *, #1097, .F. ) ;
#1075 = EDGE_CURVE ( 'NONE', #658, #1590, #479, .T. ) ;
#1076 = DIRECTION ( 'NONE',  ( 1.000000000000000000, 0.000000000000000000, 0.000000000000000000 ) ) ;
#1077 = CARTESIAN_POINT ( 'NONE',  ( 24.25000000000000355, 5.000000000000000000, -22.00000000000000000 ) ) ;
#1078 = CARTESIAN_POINT ( 'NONE',  ( 18.74999999999995381, 7.500000000000023981, 7.499999999999998224 ) ) ;
#1079 = CARTESIAN_POINT ( 'NONE',  ( 18.00000000000000000, 0.000000000000000000, -16.00000000000000355 ) ) ;
#1080 = VERTEX_POINT ( 'NONE', #470 ) ;
#1081 = CARTESIAN_POINT ( 'NONE',  ( 21.25000000000000355, 5.000000000000000000, 9.999999999999992895 ) ) ;
#1082 = ORIENTED_EDGE ( 'NONE', *, *, #377, .T. ) ;
#1083 = CARTESIAN_POINT ( 'NONE',  ( -10.24999999999999822, 25.00000000000000000, 4.499999999999998224 ) ) ;
#1084 = EDGE_CURVE ( 'NONE', #448, #1323, #758, .T. ) ;
#1085 = EDGE_CURVE ( 'NONE', #1213, #1367, #723, .T. ) ;
#1086 = CARTESIAN_POINT ( 'NONE',  ( 0.000000000000000000, 7.500000000000023093, 7.499999999999998224 ) ) ;
#1087 = DIRECTION ( 'NONE',  ( 1.000000000000000000, 0.000000000000000000, -0.000000000000000000 ) ) ;
#1088 = CARTESIAN_POINT ( 'NONE',  ( -10.24999999999999822, 25.00000000000000000, -7.499999999999998224 ) ) ;
#1089 = ORIENTED_EDGE ( 'NONE', *, *, #1295, .T. ) ;
#1090 = CARTESIAN_POINT ( 'NONE',  ( 18.00000000000000000, 5.000000000000000000, -16.00000000000000355 ) ) ;
#1091 = CARTESIAN_POINT ( 'NONE',  ( 15.24999999999999112, 37.50000000000000711, 2.600000000000000089 ) ) ;
#1092 = ORIENTED_EDGE ( 'NONE', *, *, #1449, .T. ) ;
#1093 = CARTESIAN_POINT ( 'NONE',  ( 15.24999999999999112, 37.50000000000000711, 1.530808498934191916E-15 ) ) ;
#1094 = FACE_OUTER_BOUND ( 'NONE', #1441, .T. ) ;
#1095 = DIRECTION ( 'NONE',  ( -0.000000000000000000, -1.000000000000000000, -0.000000000000000000 ) ) ;
#1096 = ORIENTED_EDGE ( 'NONE', *, *, #102, .F. ) ;
#1097 = EDGE_CURVE ( 'NONE', #1213, #59, #731, .T. ) ;
#1098 = ORIENTED_EDGE ( 'NONE', *, *, #1062, .T. ) ;
#1099 = VECTOR ( 'NONE', #1423, 1000.000000000000000 ) ;
#1100 = CARTESIAN_POINT ( 'NONE',  ( 18.00000000000000711, 5.000000000000000000, 15.99999999999999645 ) ) ;
#1101 = CARTESIAN_POINT ( 'NONE',  ( 23.12499999999991829, 5.000000000000000000, 23.12500000000007816 ) ) ;
#1102 = AXIS2_PLACEMENT_3D ( 'NONE', #354, #614, #1315 ) ;
#1103 = ORIENTED_EDGE ( 'NONE', *, *, #1528, .T. ) ;
#1104 = VECTOR ( 'NONE', #1211, 1000.000000000000000 ) ;
#1105 = CARTESIAN_POINT ( 'NONE',  ( 15.24999999999999112, 37.50000000000000711, 1.530808498934191916E-15 ) ) ;
#1106 = VECTOR ( 'NONE', #81, 1000.000000000000000 ) ;
#1107 = LINE ( 'NONE', #741, #1408 ) ;
#1108 = CARTESIAN_POINT ( 'NONE',  ( -26.69901742508937303, 37.49999999999999289, -2.599999999999996536 ) ) ;
#1109 = VERTEX_POINT ( 'NONE', #607 ) ;
#1110 = ORIENTED_EDGE ( 'NONE', *, *, #1075, .T. ) ;
#1111 = ADVANCED_FACE ( 'NONE', ( #1005 ), #1535, .F. ) ;
#1112 = FACE_OUTER_BOUND ( 'NONE', #1586, .T. ) ;
#1113 = ORIENTED_EDGE ( 'NONE', *, *, #547, .F. ) ;
#1114 = CARTESIAN_POINT ( 'NONE',  ( -10.24999999999999822, 4.999999999999998224, -2.600000000000007638 ) ) ;
#1115 = ADVANCED_BREP_SHAPE_REPRESENTATION ( 'Crossbeam Adapter', ( #1684, #1647 ), #1289 ) ;
#1116 = LINE ( 'NONE', #1285, #143 ) ;
#1117 = DIRECTION ( 'NONE',  ( -0.000000000000000000, -1.000000000000000000, -0.000000000000000000 ) ) ;
#1118 = VECTOR ( 'NONE', #27, 1000.000000000000114 ) ;
#1119 = ORIENTED_EDGE ( 'NONE', *, *, #827, .T. ) ;
#1120 = ORIENTED_EDGE ( 'NONE', *, *, #280, .F. ) ;
#1121 = EDGE_CURVE ( 'NONE', #893, #1507, #1459, .T. ) ;
#1122 = DIRECTION ( 'NONE',  ( 0.000000000000000000, 0.000000000000000000, -1.000000000000000000 ) ) ;
#1123 = EDGE_LOOP ( 'NONE', ( #352, #399, #782, #1053, #1401 ) ) ;
#1124 = EDGE_CURVE ( 'NONE', #108, #700, #134, .T. ) ;
#1125 = CARTESIAN_POINT ( 'NONE',  ( -15.25000000000000000, 45.00000000000000000, -7.500000000000001776 ) ) ;
#1126 = DIRECTION ( 'NONE',  ( -0.000000000000000000, -1.000000000000000000, -0.000000000000000000 ) ) ;
#1127 = ORIENTED_EDGE ( 'NONE', *, *, #335, .T. ) ;
#1128 = ORIENTED_EDGE ( 'NONE', *, *, #889, .T. ) ;
#1129 =( LENGTH_UNIT ( ) NAMED_UNIT ( * ) SI_UNIT ( .MILLI., .METRE. ) );
#1130 = VECTOR ( 'NONE', #327, 1000.000000000000000 ) ;
#1131 = EDGE_LOOP ( 'NONE', ( #1670, #1203 ) ) ;
#1132 = DIRECTION ( 'NONE',  ( 1.577021341797097560E-16, 0.000000000000000000, 1.000000000000000000 ) ) ;
#1133 = AXIS2_PLACEMENT_3D ( 'NONE', #1034, #928, #628 ) ;
#1134 = EDGE_CURVE ( 'NONE', #1590, #1016, #503, .T. ) ;
#1135 = AXIS2_PLACEMENT_3D ( 'NONE', #1184, #538, #286 ) ;
#1136 = CARTESIAN_POINT ( 'NONE',  ( 18.00000000000000000, 0.000000000000000000, -13.25000000000000711 ) ) ;
#1137 = AXIS2_PLACEMENT_3D ( 'NONE', #477, #728, #699 ) ;
#1138 = VERTEX_POINT ( 'NONE', #1453 ) ;
#1139 = ORIENTED_EDGE ( 'NONE', *, *, #875, .T. ) ;
#1140 = CARTESIAN_POINT ( 'NONE',  ( -26.69901742508937303, 32.49999999999998579, -7.703719777548943412E-31 ) ) ;
#1141 = VERTEX_POINT ( 'NONE', #283 ) ;
#1142 = CARTESIAN_POINT ( 'NONE',  ( -15.25000000000000355, 32.49999999999998579, 2.599999999999998312 ) ) ;
#1143 = PLANE ( 'NONE',  #390 ) ;
#1144 = EDGE_CURVE ( 'NONE', #1064, #1413, #1563, .T. ) ;
#1145 = ADVANCED_FACE ( 'NONE', ( #272 ), #526, .F. ) ;
#1146 = DIRECTION ( 'NONE',  ( -0.000000000000000000, -1.000000000000000000, -0.000000000000000000 ) ) ;
#1147 = CARTESIAN_POINT ( 'NONE',  ( -18.00000000000000000, 5.000000000000000000, -13.25000000000000711 ) ) ;
#1148 = VECTOR ( 'NONE', #1122, 1000.000000000000000 ) ;
#1149 = VERTEX_POINT ( 'NONE', #1027 ) ;
#1150 = LINE ( 'NONE', #109, #907 ) ;
#1151 = EDGE_LOOP ( 'NONE', ( #1185, #1159, #740 ) ) ;
#1152 = DIRECTION ( 'NONE',  ( 0.000000000000000000, 0.000000000000000000, 1.000000000000000000 ) ) ;
#1153 = CARTESIAN_POINT ( 'NONE',  ( -17.99999999999999289, 5.000000000000000000, 13.24999999999999822 ) ) ;
#1154 = EDGE_LOOP ( 'NONE', ( #61, #570, #1659 ) ) ;
#1155 = CARTESIAN_POINT ( 'NONE',  ( 15.25000000000000000, 10.99999999999993605, 4.499999999999998224 ) ) ;
#1156 = VERTEX_POINT ( 'NONE', #139 ) ;
#1157 = CARTESIAN_POINT ( 'NONE',  ( -15.25000000000000000, 45.00000000000000000, 7.499999999999998224 ) ) ;
#1158 = VECTOR ( 'NONE', #83, 1000.000000000000000 ) ;
#1159 = ORIENTED_EDGE ( 'NONE', *, *, #57, .F. ) ;
#1160 = AXIS2_PLACEMENT_3D ( 'NONE', #1083, #62, #1638 ) ;
#1161 = LINE ( 'NONE', #1307, #1412 ) ;
#1162 = FACE_OUTER_BOUND ( 'NONE', #1487, .T. ) ;
#1163 = AXIS2_PLACEMENT_3D ( 'NONE', #1079, #529, #397 ) ;
#1164 = AXIS2_PLACEMENT_3D ( 'NONE', #857, #1495, #1269 ) ;
#1165 = ORIENTED_EDGE ( 'NONE', *, *, #87, .F. ) ;
#1166 = CARTESIAN_POINT ( 'NONE',  ( -10.24999999999999822, 5.000000000000000000, -7.500000000000001776 ) ) ;
#1167 = EDGE_CURVE ( 'NONE', #1615, #1064, #902, .T. ) ;
#1168 = CARTESIAN_POINT ( 'NONE',  ( -25.25000000000000355, 0.000000000000000000, -22.00000000000000000 ) ) ;
#1169 = EDGE_LOOP ( 'NONE', ( #1283, #1314, #1642, #548 ) ) ;
#1170 = CARTESIAN_POINT ( 'NONE',  ( -26.69901742508937303, 32.49999999999998579, -2.599999999999998312 ) ) ;
#1171 = DIRECTION ( 'NONE',  ( 0.7071067811865435759, 0.7071067811865515695, -0.000000000000000000 ) ) ;
#1172 = ORIENTED_EDGE ( 'NONE', *, *, #767, .T. ) ;
#1173 = DIRECTION ( 'NONE',  ( 0.000000000000000000, 1.000000000000000000, 0.000000000000000000 ) ) ;
#1174 = EDGE_LOOP ( 'NONE', ( #483, #847, #733, #50 ) ) ;
#1175 = ADVANCED_FACE ( 'NONE', ( #1324 ), #146, .F. ) ;
#1176 = DIRECTION ( 'NONE',  ( -1.000000000000000000, 0.000000000000000000, 0.000000000000000000 ) ) ;
#1177 = CARTESIAN_POINT ( 'NONE',  ( 10.24999999999997513, 37.50000000000000711, -2.599999999999996536 ) ) ;
#1178 = ORIENTED_EDGE ( 'NONE', *, *, #5, .T. ) ;
#1179 = DIRECTION ( 'NONE',  ( -0.000000000000000000, 1.000000000000000000, 3.469446951953611231E-16 ) ) ;
#1180 = ORIENTED_EDGE ( 'NONE', *, *, #235, .F. ) ;
#1181 = DIRECTION ( 'NONE',  ( -0.7071067811865513475, -0.7071067811865436870, 0.000000000000000000 ) ) ;
#1182 = ADVANCED_FACE ( 'NONE', ( #771 ), #648, .F. ) ;
#1183 = AXIS2_PLACEMENT_3D ( 'NONE', #194, #430, #40 ) ;
#1184 = CARTESIAN_POINT ( 'NONE',  ( 0.000000000000000000, 0.000000000000000000, 7.499999999999998224 ) ) ;
#1185 = ORIENTED_EDGE ( 'NONE', *, *, #1191, .F. ) ;
#1186 = CIRCLE ( 'NONE', #687, 2.599999999999998312 ) ;
#1187 = DIRECTION ( 'NONE',  ( 0.000000000000000000, 0.000000000000000000, -1.000000000000000000 ) ) ;
#1188 = FACE_OUTER_BOUND ( 'NONE', #1374, .T. ) ;
#1189 = ORIENTED_EDGE ( 'NONE', *, *, #349, .T. ) ;
#1190 = CARTESIAN_POINT ( 'NONE',  ( -26.69901742508937303, 32.49999999999998579, -7.703719777548943412E-31 ) ) ;
#1191 = EDGE_CURVE ( 'NONE', #1594, #1554, #1161, .T. ) ;
#1192 = ADVANCED_FACE ( 'NONE', ( #1430 ), #660, .F. ) ;
#1193 = LINE ( 'NONE', #922, #1104 ) ;
#1194 = VERTEX_POINT ( 'NONE', #384 ) ;
#1195 = EDGE_CURVE ( 'NONE', #501, #213, #896, .T. ) ;
#1196 = FACE_BOUND ( 'NONE', #12, .T. ) ;
#1197 = CARTESIAN_POINT ( 'NONE',  ( -15.25000000000000000, 37.49999999999999289, 1.530808498934191916E-15 ) ) ;
#1198 = MECHANICAL_DESIGN_GEOMETRIC_PRESENTATION_REPRESENTATION (  '', ( #754 ), #668 ) ;
#1199 = VERTEX_POINT ( 'NONE', #260 ) ;
#1200 = DIRECTION ( 'NONE',  ( -0.7071067811865436870, 0.7071067811865513475, 0.000000000000000000 ) ) ;
#1201 = CARTESIAN_POINT ( 'NONE',  ( -17.99999999999999289, 0.000000000000000000, 15.99999999999999645 ) ) ;
#1202 = DIRECTION ( 'NONE',  ( 1.000000000000000000, 0.000000000000000000, 0.000000000000000000 ) ) ;
#1203 = ORIENTED_EDGE ( 'NONE', *, *, #1253, .F. ) ;
#1204 = ADVANCED_FACE ( 'NONE', ( #22 ), #128, .F. ) ;
#1205 = FACE_BOUND ( 'NONE', #313, .T. ) ;
#1206 = CARTESIAN_POINT ( 'NONE',  ( -26.69901742508937303, 37.49999999999999289, 1.530808498934191916E-15 ) ) ;
#1207 = VERTEX_POINT ( 'NONE', #440 ) ;
#1208 = CARTESIAN_POINT ( 'NONE',  ( -15.25000000000000000, 37.49999999999999289, 2.600000000000000089 ) ) ;
#1209 = CARTESIAN_POINT ( 'NONE',  ( -15.25000000000000000, 37.50000000000000711, -2.599999999999996536 ) ) ;
#1210 = CARTESIAN_POINT ( 'NONE',  ( 21.25000000000000355, 5.000000000000000000, 4.499999999999998224 ) ) ;
#1211 = DIRECTION ( 'NONE',  ( -1.000000000000000000, -1.387778780781445873E-15, -0.000000000000000000 ) ) ;
#1212 = AXIS2_PLACEMENT_3D ( 'NONE', #1539, #1567, #873 ) ;
#1213 = VERTEX_POINT ( 'NONE', #1348 ) ;
#1214 = VECTOR ( 'NONE', #912, 1000.000000000000000 ) ;
#1215 = CLOSED_SHELL ( 'NONE', ( #158, #1204, #181, #214, #670, #480, #568, #623, #897, #1506, #1667, #317, #1628, #1576, #1573, #1111, #1145, #263, #499, #638, #1192, #338, #168, #841, #112, #1644, #888, #702, #984, #1605, #1182, #6, #1175, #1286, #759, #1264, #917, #302, #852, #1688, #1238, #507, #1216, #738, #561, #161, #1583, #458, #528, #398, #468 ) ) ;
#1216 = ADVANCED_FACE ( 'NONE', ( #1236 ), #291, .F. ) ;
#1217 = PLANE ( 'NONE',  #769 ) ;
#1218 = DIRECTION ( 'NONE',  ( 1.000000000000000000, 2.973811673103097665E-16, -0.000000000000000000 ) ) ;
#1219 = VECTOR ( 'NONE', #1400, 1000.000000000000000 ) ;
#1220 = ORIENTED_EDGE ( 'NONE', *, *, #377, .F. ) ;
#1221 = DIRECTION ( 'NONE',  ( 0.000000000000000000, 1.000000000000000000, 0.000000000000000000 ) ) ;
#1222 = DIRECTION ( 'NONE',  ( 0.000000000000000000, 0.000000000000000000, -1.000000000000000000 ) ) ;
#1223 = DIRECTION ( 'NONE',  ( 1.000000000000000000, 2.973811673103097665E-16, -0.000000000000000000 ) ) ;
#1224 = ORIENTED_EDGE ( 'NONE', *, *, #1504, .F. ) ;
#1225 = DIRECTION ( 'NONE',  ( 0.000000000000000000, -1.000000000000000000, 0.000000000000000000 ) ) ;
#1226 = DIRECTION ( 'NONE',  ( 0.000000000000000000, -1.000000000000000000, -3.469446951953612217E-16 ) ) ;
#1227 = EDGE_LOOP ( 'NONE', ( #1371, #810, #1566, #42 ) ) ;
#1228 = AXIS2_PLACEMENT_3D ( 'NONE', #413, #406, #673 ) ;
#1229 = EDGE_CURVE ( 'NONE', #126, #1109, #819, .T. ) ;
#1230 = LINE ( 'NONE', #567, #1435 ) ;
#1231 = DIRECTION ( 'NONE',  ( 1.000000000000000000, 0.000000000000000000, 0.000000000000000000 ) ) ;
#1232 = EDGE_LOOP ( 'NONE', ( #1347, #1654, #1113, #726, #1575 ) ) ;
#1233 = ORIENTED_EDGE ( 'NONE', *, *, #1121, .T. ) ;
#1234 = CARTESIAN_POINT ( 'NONE',  ( 25.24999999999999645, 5.000000000000000000, -22.00000000000000000 ) ) ;
#1235 = ORIENTED_EDGE ( 'NONE', *, *, #959, .F. ) ;
#1236 = FACE_OUTER_BOUND ( 'NONE', #1606, .T. ) ;
#1237 = LINE ( 'NONE', #63, #1130 ) ;
#1238 = ADVANCED_FACE ( 'NONE', ( #1607 ), #968, .F. ) ;
#1239 = DIRECTION ( 'NONE',  ( 1.000000000000000000, 2.973811673103097665E-16, -0.000000000000000000 ) ) ;
#1240 = ORIENTED_EDGE ( 'NONE', *, *, #580, .F. ) ;
#1241 = ORIENTED_EDGE ( 'NONE', *, *, #1687, .T. ) ;
#1242 = CIRCLE ( 'NONE', #1596, 2.749999999999999112 ) ;
#1243 = VECTOR ( 'NONE', #1313, 1000.000000000000114 ) ;
#1244 = LINE ( 'NONE', #845, #854 ) ;
#1245 = VECTOR ( 'NONE', #1557, 1000.000000000000000 ) ;
#1246 = ORIENTED_EDGE ( 'NONE', *, *, #1410, .F. ) ;
#1247 = LINE ( 'NONE', #1010, #789 ) ;
#1248 = AXIS2_PLACEMENT_3D ( 'NONE', #828, #1532, #592 ) ;
#1249 = DIRECTION ( 'NONE',  ( 0.000000000000000000, 0.000000000000000000, 1.000000000000000000 ) ) ;
#1250 = CARTESIAN_POINT ( 'NONE',  ( -15.25000000000000000, 37.49999999999999289, -2.599999999999996536 ) ) ;
#1251 = ORIENTED_EDGE ( 'NONE', *, *, #1432, .T. ) ;
#1252 = ORIENTED_EDGE ( 'NONE', *, *, #1480, .T. ) ;
#1253 = EDGE_CURVE ( 'NONE', #486, #1457, #39, .T. ) ;
#1254 = DIRECTION ( 'NONE',  ( -1.000000000000000000, -0.000000000000000000, -0.000000000000000000 ) ) ;
#1255 =( NAMED_UNIT ( * ) SI_UNIT ( $, .STERADIAN. ) SOLID_ANGLE_UNIT ( ) );
#1256 = ORIENTED_EDGE ( 'NONE', *, *, #680, .F. ) ;
#1257 = CARTESIAN_POINT ( 'NONE',  ( -15.25000000000000000, 10.99999999999993960, -4.499999999999998224 ) ) ;
#1258 = DIRECTION ( 'NONE',  ( 0.000000000000000000, 1.000000000000000000, 0.000000000000000000 ) ) ;
#1259 = CARTESIAN_POINT ( 'NONE',  ( 18.00000000000000000, 0.000000000000000000, -18.75000000000000355 ) ) ;
#1260 = VECTOR ( 'NONE', #748, 1000.000000000000114 ) ;
#1261 = ORIENTED_EDGE ( 'NONE', *, *, #1253, .T. ) ;
#1262 = ORIENTED_EDGE ( 'NONE', *, *, #490, .F. ) ;
#1263 = CARTESIAN_POINT ( 'NONE',  ( -21.25000000000000355, 5.000000000000000000, -10.00000000000002487 ) ) ;
#1264 = ADVANCED_FACE ( 'NONE', ( #427 ), #667, .T. ) ;
#1265 = EDGE_LOOP ( 'NONE', ( #269, #79, #329, #960 ) ) ;
#1266 = CARTESIAN_POINT ( 'NONE',  ( -26.69901742508937303, 37.49999999999999289, 2.600000000000000089 ) ) ;
#1267 = ORIENTED_EDGE ( 'NONE', *, *, #527, .T. ) ;
#1268 = VERTEX_POINT ( 'NONE', #1616 ) ;
#1269 = DIRECTION ( 'NONE',  ( 0.000000000000000000, -0.000000000000000000, 1.000000000000000000 ) ) ;
#1270 = VECTOR ( 'NONE', #762, 1000.000000000000000 ) ;
#1271 = ORIENTED_EDGE ( 'NONE', *, *, #1191, .T. ) ;
#1272 = EDGE_CURVE ( 'NONE', #1498, #717, #172, .T. ) ;
#1273 = LINE ( 'NONE', #1682, #1549 ) ;
#1274 = VECTOR ( 'NONE', #543, 1000.000000000000000 ) ;
#1275 = EDGE_CURVE ( 'NONE', #685, #980, #193, .T. ) ;
#1276 = VECTOR ( 'NONE', #388, 1000.000000000000000 ) ;
#1277 = DIRECTION ( 'NONE',  ( 1.000000000000000000, 2.973811673103097665E-16, -0.000000000000000000 ) ) ;
#1278 = DIRECTION ( 'NONE',  ( 4.336808689942018352E-17, -1.000000000000000000, -3.469446951953612217E-16 ) ) ;
#1279 = ORIENTED_EDGE ( 'NONE', *, *, #1687, .F. ) ;
#1280 = DIRECTION ( 'NONE',  ( -0.000000000000000000, -1.000000000000000000, -0.000000000000000000 ) ) ;
#1281 = LINE ( 'NONE', #107, #1350 ) ;
#1282 = SURFACE_STYLE_USAGE ( .BOTH. , #1653 ) ;
#1283 = ORIENTED_EDGE ( 'NONE', *, *, #325, .T. ) ;
#1284 = CARTESIAN_POINT ( 'NONE',  ( 18.00000000000000711, 5.000000000000000000, 13.24999999999999822 ) ) ;
#1285 = CARTESIAN_POINT ( 'NONE',  ( 15.25000000000000000, 10.99999999999993605, -4.499999999999998224 ) ) ;
#1286 = ADVANCED_FACE ( 'NONE', ( #435 ), #1341, .T. ) ;
#1287 = LINE ( 'NONE', #1696, #1301 ) ;
#1288 = LINE ( 'NONE', #505, #1276 ) ;
#1289 =( GEOMETRIC_REPRESENTATION_CONTEXT ( 3 ) GLOBAL_UNCERTAINTY_ASSIGNED_CONTEXT ( ( #533 ) ) GLOBAL_UNIT_ASSIGNED_CONTEXT ( ( #1673, #736, #1255 ) ) REPRESENTATION_CONTEXT ( 'NONE', 'WORKASPACE' ) );
#1290 = LINE ( 'NONE', #637, #582 ) ;
#1291 = VERTEX_POINT ( 'NONE', #1208 ) ;
#1292 = CARTESIAN_POINT ( 'NONE',  ( 25.25000000000000355, 0.000000000000000000, 21.00000000000000355 ) ) ;
#1293 = DIRECTION ( 'NONE',  ( 1.000000000000000000, 2.973811673103097665E-16, -0.000000000000000000 ) ) ;
#1294 = CARTESIAN_POINT ( 'NONE',  ( -17.99999999999999289, 5.000000000000000000, 13.24999999999999822 ) ) ;
#1295 = EDGE_CURVE ( 'NONE', #378, #674, #574, .T. ) ;
#1296 = ORIENTED_EDGE ( 'NONE', *, *, #91, .T. ) ;
#1297 = LINE ( 'NONE', #3, #746 ) ;
#1298 = CARTESIAN_POINT ( 'NONE',  ( 18.00000000000000711, 0.000000000000000000, 18.74999999999999645 ) ) ;
#1299 = AXIS2_PLACEMENT_3D ( 'NONE', #1646, #1515, #1388 ) ;
#1300 = DIRECTION ( 'NONE',  ( -1.000000000000000000, -1.387778780781445873E-15, -0.000000000000000000 ) ) ;
#1301 = VECTOR ( 'NONE', #495, 1000.000000000000000 ) ;
#1302 = ORIENTED_EDGE ( 'NONE', *, *, #1322, .F. ) ;
#1303 = EDGE_CURVE ( 'NONE', #1623, #126, #1326, .T. ) ;
#1304 = LINE ( 'NONE', #1406, #469 ) ;
#1305 = CARTESIAN_POINT ( 'NONE',  ( -18.00000000000000000, 5.000000000000000000, -16.00000000000000355 ) ) ;
#1306 = ORIENTED_EDGE ( 'NONE', *, *, #694, .T. ) ;
#1307 = CARTESIAN_POINT ( 'NONE',  ( -15.25000000000000000, 10.99999999999993960, 4.499999999999998224 ) ) ;
#1308 = LINE ( 'NONE', #1553, #149 ) ;
#1309 = ORIENTED_EDGE ( 'NONE', *, *, #516, .T. ) ;
#1310 = DIRECTION ( 'NONE',  ( -1.000000000000000000, -0.000000000000000000, -0.000000000000000000 ) ) ;
#1311 = AXIS2_PLACEMENT_3D ( 'NONE', #541, #1063, #801 ) ;
#1312 = EDGE_CURVE ( 'NONE', #78, #465, #977, .T. ) ;
#1313 = DIRECTION ( 'NONE',  ( 0.7071067811865451302, -0.000000000000000000, 0.7071067811865500152 ) ) ;
#1314 = ORIENTED_EDGE ( 'NONE', *, *, #1335, .F. ) ;
#1315 = DIRECTION ( 'NONE',  ( -1.577021341797097560E-16, 0.000000000000000000, -1.000000000000000000 ) ) ;
#1316 = DIRECTION ( 'NONE',  ( 0.000000000000000000, 0.000000000000000000, 1.000000000000000000 ) ) ;
#1317 = LINE ( 'NONE', #301, #967 ) ;
#1318 = ORIENTED_EDGE ( 'NONE', *, *, #661, .T. ) ;
#1319 = CARTESIAN_POINT ( 'NONE',  ( -10.24999999999999822, 37.50000000000000000, 1.530808498934191916E-15 ) ) ;
#1320 = LINE ( 'NONE', #656, #1462 ) ;
#1321 = EDGE_CURVE ( 'NONE', #394, #1141, #965, .T. ) ;
#1322 = EDGE_CURVE ( 'NONE', #1367, #370, #940, .T. ) ;
#1323 = VERTEX_POINT ( 'NONE', #334 ) ;
#1324 = FACE_OUTER_BOUND ( 'NONE', #1174, .T. ) ;
#1325 = LINE ( 'NONE', #151, #713 ) ;
#1326 = CIRCLE ( 'NONE', #712, 2.599999999999998312 ) ;
#1327 = ORIENTED_EDGE ( 'NONE', *, *, #223, .F. ) ;
#1328 = VECTOR ( 'NONE', #294, 1000.000000000000000 ) ;
#1329 = APPLICATION_CONTEXT ( 'automotive_design' ) ;
#1330 = VECTOR ( 'NONE', #1597, 1000.000000000000000 ) ;
#1331 = FACE_BOUND ( 'NONE', #1000, .T. ) ;
#1332 = CARTESIAN_POINT ( 'NONE',  ( 10.24999999999998934, 45.00000000000000000, -7.500000000000001776 ) ) ;
#1333 = ORIENTED_EDGE ( 'NONE', *, *, #24, .F. ) ;
#1334 = CARTESIAN_POINT ( 'NONE',  ( -25.24999999999999645, 0.000000000000000000, 22.00000000000000000 ) ) ;
#1335 = EDGE_CURVE ( 'NONE', #1465, #224, #1150, .T. ) ;
#1336 = CYLINDRICAL_SURFACE ( 'NONE', #549, 2.599999999999998312 ) ;
#1337 = EDGE_LOOP ( 'NONE', ( #1267, #1178, #1611, #947 ) ) ;
#1338 = CARTESIAN_POINT ( 'NONE',  ( 0.000000000000000000, 5.000000000000000000, 0.000000000000000000 ) ) ;
#1339 = LINE ( 'NONE', #809, #1118 ) ;
#1340 = ORIENTED_EDGE ( 'NONE', *, *, #131, .F. ) ;
#1341 = PLANE ( 'NONE',  #1160 ) ;
#1342 = DIRECTION ( 'NONE',  ( 0.000000000000000000, -1.000000000000000000, 0.000000000000000000 ) ) ;
#1343 = DIRECTION ( 'NONE',  ( 1.000000000000000000, -0.000000000000000000, -0.000000000000000000 ) ) ;
#1344 = EDGE_CURVE ( 'NONE', #370, #616, #208, .T. ) ;
#1345 = ORIENTED_EDGE ( 'NONE', *, *, #1121, .F. ) ;
#1346 = CARTESIAN_POINT ( 'NONE',  ( 18.00000000000000711, 5.000000000000000000, 18.74999999999999645 ) ) ;
#1347 = ORIENTED_EDGE ( 'NONE', *, *, #325, .F. ) ;
#1348 = CARTESIAN_POINT ( 'NONE',  ( -15.25000000000000000, 4.999999999999996447, -4.499999999999998224 ) ) ;
#1349 = CARTESIAN_POINT ( 'NONE',  ( -0.000000000000000000, 7.500000000000023093, 7.499999999999998224 ) ) ;
#1350 = VECTOR ( 'NONE', #1015, 1000.000000000000000 ) ;
#1351 = ORIENTED_EDGE ( 'NONE', *, *, #827, .F. ) ;
#1352 = CIRCLE ( 'NONE', #654, 2.749999999999999112 ) ;
#1353 = EDGE_CURVE ( 'NONE', #224, #953, #521, .T. ) ;
#1354 = VECTOR ( 'NONE', #958, 1000.000000000000000 ) ;
#1355 = CARTESIAN_POINT ( 'NONE',  ( -10.24999999999999822, 25.00000000000000000, 7.499999999999998224 ) ) ;
#1356 = FACE_OUTER_BOUND ( 'NONE', #1503, .T. ) ;
#1357 = EDGE_CURVE ( 'NONE', #370, #1213, #722, .T. ) ;
#1358 = AXIS2_PLACEMENT_3D ( 'NONE', #1090, #1476, #691 ) ;
#1359 = VERTEX_POINT ( 'NONE', #840 ) ;
#1360 = DIRECTION ( 'NONE',  ( 0.000000000000000000, 1.000000000000000000, 0.000000000000000000 ) ) ;
#1361 = CARTESIAN_POINT ( 'NONE',  ( 10.24999999999999822, 5.000000000000002665, -7.500000000000001776 ) ) ;
#1362 = CARTESIAN_POINT ( 'NONE',  ( -10.24999999999999822, 5.000000000000000000, 4.499999999999998224 ) ) ;
#1363 = ORIENTED_EDGE ( 'NONE', *, *, #584, .F. ) ;
#1364 = ORIENTED_EDGE ( 'NONE', *, *, #234, .F. ) ;
#1365 = LINE ( 'NONE', #206, #502 ) ;
#1366 = DIRECTION ( 'NONE',  ( 0.7071067811865451302, 0.000000000000000000, 0.7071067811865500152 ) ) ;
#1367 = VERTEX_POINT ( 'NONE', #1257 ) ;
#1368 = EDGE_CURVE ( 'NONE', #307, #133, #1352, .T. ) ;
#1369 = DIRECTION ( 'NONE',  ( -8.673617379884035472E-17, 1.000000000000000000, -0.000000000000000000 ) ) ;
#1370 = DIRECTION ( 'NONE',  ( 0.000000000000000000, -0.000000000000000000, 1.000000000000000000 ) ) ;
#1371 = ORIENTED_EDGE ( 'NONE', *, *, #349, .F. ) ;
#1372 = ORIENTED_EDGE ( 'NONE', *, *, #223, .T. ) ;
#1373 = PLANE ( 'NONE',  #1164 ) ;
#1374 = EDGE_LOOP ( 'NONE', ( #666, #1536, #219, #1098, #856, #721, #855, #95 ) ) ;
#1375 = CARTESIAN_POINT ( 'NONE',  ( -21.25000000000000355, 5.000000000000000000, -4.499999999999998224 ) ) ;
#1376 = EDGE_CURVE ( 'NONE', #448, #1530, #362, .T. ) ;
#1377 = CARTESIAN_POINT ( 'NONE',  ( 0.000000000000000000, 0.000000000000000000, 4.499999999999998224 ) ) ;
#1378 = CARTESIAN_POINT ( 'NONE',  ( -15.25000000000000000, 10.99999999999993960, -7.500000000000001776 ) ) ;
#1379 = EDGE_CURVE ( 'NONE', #1359, #378, #993, .T. ) ;
#1380 = ORIENTED_EDGE ( 'NONE', *, *, #270, .T. ) ;
#1381 = ORIENTED_EDGE ( 'NONE', *, *, #1392, .T. ) ;
#1382 = VECTOR ( 'NONE', #103, 1000.000000000000000 ) ;
#1383 = VECTOR ( 'NONE', #1675, 1000.000000000000000 ) ;
#1384 = CARTESIAN_POINT ( 'NONE',  ( 24.25000000000000355, 0.000000000000000000, 22.00000000000000000 ) ) ;
#1385 = VECTOR ( 'NONE', #901, 1000.000000000000000 ) ;
#1386 = AXIS2_PLACEMENT_3D ( 'NONE', #842, #715, #1390 ) ;
#1387 = VERTEX_POINT ( 'NONE', #92 ) ;
#1388 = DIRECTION ( 'NONE',  ( 0.000000000000000000, 0.000000000000000000, 1.000000000000000000 ) ) ;
#1389 = CARTESIAN_POINT ( 'NONE',  ( -18.00000000000000000, 0.000000000000000000, -18.75000000000000355 ) ) ;
#1390 = DIRECTION ( 'NONE',  ( 0.000000000000000000, -1.000000000000000000, 0.000000000000000000 ) ) ;
#1391 = EDGE_LOOP ( 'NONE', ( #1279, #807, #590, #69 ) ) ;
#1392 = EDGE_CURVE ( 'NONE', #919, #213, #604, .T. ) ;
#1393 = ORIENTED_EDGE ( 'NONE', *, *, #360, .T. ) ;
#1394 = LINE ( 'NONE', #343, #1106 ) ;
#1395 = ORIENTED_EDGE ( 'NONE', *, *, #211, .F. ) ;
#1396 = CARTESIAN_POINT ( 'NONE',  ( -24.24999999999999645, 5.000000000000000000, 22.00000000000000000 ) ) ;
#1397 = LINE ( 'NONE', #1125, #653 ) ;
#1398 = ORIENTED_EDGE ( 'NONE', *, *, #482, .F. ) ;
#1399 = ORIENTED_EDGE ( 'NONE', *, *, #1627, .F. ) ;
#1400 = DIRECTION ( 'NONE',  ( -0.000000000000000000, 1.000000000000000000, 0.000000000000000000 ) ) ;
#1401 = ORIENTED_EDGE ( 'NONE', *, *, #751, .F. ) ;
#1402 = LINE ( 'NONE', #76, #931 ) ;
#1403 = PLANE ( 'NONE',  #420 ) ;
#1404 = ORIENTED_EDGE ( 'NONE', *, *, #557, .T. ) ;
#1405 = CARTESIAN_POINT ( 'NONE',  ( 18.00000000000000000, 5.000000000000000000, -18.75000000000000355 ) ) ;
#1406 = CARTESIAN_POINT ( 'NONE',  ( -15.41666666666666075, 10.83333333333328241, -4.166666666666678509 ) ) ;
#1407 = PRODUCT_CONTEXT ( 'NONE', #1329, 'mechanical' ) ;
#1408 = VECTOR ( 'NONE', #111, 1000.000000000000000 ) ;
#1409 = ORIENTED_EDGE ( 'NONE', *, *, #661, .F. ) ;
#1410 = EDGE_CURVE ( 'NONE', #496, #228, #1004, .T. ) ;
#1411 = CARTESIAN_POINT ( 'NONE',  ( 15.25000000000000000, 10.99999999999993605, 7.499999999999998224 ) ) ;
#1412 = VECTOR ( 'NONE', #1181, 1000.000000000000114 ) ;
#1413 = VERTEX_POINT ( 'NONE', #985 ) ;
#1414 = DIRECTION ( 'NONE',  ( -1.000000000000000000, -0.000000000000000000, -0.000000000000000000 ) ) ;
#1415 = CIRCLE ( 'NONE', #127, 2.749999999999997335 ) ;
#1416 = CARTESIAN_POINT ( 'NONE',  ( -21.25000000000000355, 5.000000000000000000, -4.499999999999998224 ) ) ;
#1417 = ORIENTED_EDGE ( 'NONE', *, *, #1167, .T. ) ;
#1418 = CARTESIAN_POINT ( 'NONE',  ( -24.24999999999999645, 5.000000000000000000, -22.00000000000000000 ) ) ;
#1419 = ORIENTED_EDGE ( 'NONE', *, *, #961, .F. ) ;
#1420 = DIRECTION ( 'NONE',  ( -1.000000000000000000, -0.000000000000000000, -0.000000000000000000 ) ) ;
#1421 = LINE ( 'NONE', #1250, #821 ) ;
#1422 = EDGE_CURVE ( 'NONE', #217, #980, #575, .T. ) ;
#1423 = DIRECTION ( 'NONE',  ( 0.000000000000000000, 0.000000000000000000, 1.000000000000000000 ) ) ;
#1424 = CARTESIAN_POINT ( 'NONE',  ( 12.49999999999982592, 13.75000000000007816, 1.250000000000013323 ) ) ;
#1425 = ORIENTED_EDGE ( 'NONE', *, *, #1097, .T. ) ;
#1426 = VECTOR ( 'NONE', #170, 1000.000000000000000 ) ;
#1427 = DIRECTION ( 'NONE',  ( 0.000000000000000000, 1.000000000000000000, 0.000000000000000000 ) ) ;
#1428 = CARTESIAN_POINT ( 'NONE',  ( -10.24999999999999822, 5.000000000000000000, -4.499999999999998224 ) ) ;
#1429 = ORIENTED_EDGE ( 'NONE', *, *, #113, .F. ) ;
#1430 = FACE_OUTER_BOUND ( 'NONE', #983, .T. ) ;
#1431 = PRODUCT_RELATED_PRODUCT_CATEGORY ( 'part', '', ( #884 ) ) ;
#1432 = EDGE_CURVE ( 'NONE', #290, #893, #1273, .T. ) ;
#1433 = ORIENTED_EDGE ( 'NONE', *, *, #121, .F. ) ;
#1434 = FACE_OUTER_BOUND ( 'NONE', #725, .T. ) ;
#1435 = VECTOR ( 'NONE', #319, 1000.000000000000000 ) ;
#1436 = VECTOR ( 'NONE', #38, 1000.000000000000114 ) ;
#1437 = DIRECTION ( 'NONE',  ( 0.000000000000000000, 1.000000000000000000, 0.000000000000000000 ) ) ;
#1438 = CARTESIAN_POINT ( 'NONE',  ( 25.25000000000000355, 0.000000000000000000, 21.00000000000000355 ) ) ;
#1439 = VECTOR ( 'NONE', #1510, 1000.000000000000000 ) ;
#1440 = AXIS2_PLACEMENT_3D ( 'NONE', #1612, #682, #1187 ) ;
#1441 = EDGE_LOOP ( 'NONE', ( #350, #1327, #1180, #475 ) ) ;
#1442 = EDGE_CURVE ( 'NONE', #899, #932, #588, .T. ) ;
#1443 = DIRECTION ( 'NONE',  ( -1.000000000000000000, -0.000000000000000000, -0.000000000000000000 ) ) ;
#1444 = LINE ( 'NONE', #1451, #257 ) ;
#1445 = ORIENTED_EDGE ( 'NONE', *, *, #1632, .T. ) ;
#1446 = CARTESIAN_POINT ( 'NONE',  ( 15.41666666666666075, 10.83333333333327886, -4.166666666666681174 ) ) ;
#1447 = DIRECTION ( 'NONE',  ( 0.000000000000000000, 1.000000000000000000, 0.000000000000000000 ) ) ;
#1448 = ORIENTED_EDGE ( 'NONE', *, *, #579, .F. ) ;
#1449 = EDGE_CURVE ( 'NONE', #1413, #944, #1247, .T. ) ;
#1450 = EDGE_CURVE ( 'NONE', #953, #1207, #75, .T. ) ;
#1451 = CARTESIAN_POINT ( 'NONE',  ( -26.69901742508937303, 32.49999999999998579, 2.599999999999998312 ) ) ;
#1452 = ORIENTED_EDGE ( 'NONE', *, *, #1422, .T. ) ;
#1453 = CARTESIAN_POINT ( 'NONE',  ( 18.00000000000000000, 5.000000000000000000, -18.75000000000000355 ) ) ;
#1454 = DIRECTION ( 'NONE',  ( 0.000000000000000000, 1.000000000000000000, 0.000000000000000000 ) ) ;
#1455 = ORIENTED_EDGE ( 'NONE', *, *, #1134, .T. ) ;
#1456 = CYLINDRICAL_SURFACE ( 'NONE', #1440, 2.749999999999999112 ) ;
#1457 = VERTEX_POINT ( 'NONE', #1284 ) ;
#1458 = EDGE_CURVE ( 'NONE', #1387, #1029, #608, .T. ) ;
#1459 = LINE ( 'NONE', #1170, #1214 ) ;
#1460 = VECTOR ( 'NONE', #861, 1000.000000000000114 ) ;
#1461 = LINE ( 'NONE', #949, #150 ) ;
#1462 = VECTOR ( 'NONE', #1032, 1000.000000000000000 ) ;
#1463 = CARTESIAN_POINT ( 'NONE',  ( -10.24999999999999822, 5.000000000000000000, -7.500000000000001776 ) ) ;
#1464 = AXIS2_PLACEMENT_3D ( 'NONE', #644, #9, #872 ) ;
#1465 = VERTEX_POINT ( 'NONE', #1142 ) ;
#1466 = CIRCLE ( 'NONE', #937, 2.599999999999998312 ) ;
#1467 = PLANE ( 'NONE',  #342 ) ;
#1468 = FACE_OUTER_BOUND ( 'NONE', #1036, .T. ) ;
#1469 = ORIENTED_EDGE ( 'NONE', *, *, #593, .T. ) ;
#1470 = CARTESIAN_POINT ( 'NONE',  ( -15.25000000000000000, 10.99999999999993960, -4.499999999999998224 ) ) ;
#1471 = EDGE_CURVE ( 'NONE', #423, #542, #174, .T. ) ;
#1472 = DIRECTION ( 'NONE',  ( -0.7071067811865500152, 0.000000000000000000, 0.7071067811865451302 ) ) ;
#1473 = PLANE ( 'NONE',  #1183 ) ;
#1474 = CARTESIAN_POINT ( 'NONE',  ( -15.25000000000000711, 5.000000000000000000, 4.499999999999998224 ) ) ;
#1475 = EDGE_LOOP ( 'NONE', ( #45, #1241, #330, #1445, #1025, #374, #906, #237 ) ) ;
#1476 = DIRECTION ( 'NONE',  ( -0.000000000000000000, -1.000000000000000000, -0.000000000000000000 ) ) ;
#1477 = PLANE ( 'NONE',  #1228 ) ;
#1478 = ORIENTED_EDGE ( 'NONE', *, *, #87, .T. ) ;
#1479 = DIRECTION ( 'NONE',  ( 1.000000000000000000, 2.973811673103097172E-16, 0.000000000000000000 ) ) ;
#1480 = EDGE_CURVE ( 'NONE', #1199, #85, #1444, .T. ) ;
#1481 = FACE_BOUND ( 'NONE', #164, .T. ) ;
#1482 = DIRECTION ( 'NONE',  ( 0.7071067811865451302, -0.000000000000000000, 0.7071067811865500152 ) ) ;
#1483 = ORIENTED_EDGE ( 'NONE', *, *, #1618, .F. ) ;
#1484 = CARTESIAN_POINT ( 'NONE',  ( 10.24999999999999822, 4.999999999999999112, 2.599999999999989431 ) ) ;
#1485 = DIRECTION ( 'NONE',  ( -1.000000000000000000, 0.000000000000000000, 1.577021341797097560E-16 ) ) ;
#1486 = UNCERTAINTY_MEASURE_WITH_UNIT (LENGTH_MEASURE( 1.000000000000000082E-05 ), #1129, 'distance_accuracy_value', 'NONE');
#1487 = EDGE_LOOP ( 'NONE', ( #192, #707, #196, #581 ) ) ;
#1488 = FACE_OUTER_BOUND ( 'NONE', #1151, .T. ) ;
#1489 = DIRECTION ( 'NONE',  ( 1.000000000000000000, 2.973811673103097665E-16, -0.000000000000000000 ) ) ;
#1490 = AXIS2_PLACEMENT_3D ( 'NONE', #1361, #453, #714 ) ;
#1491 = VERTEX_POINT ( 'NONE', #756 ) ;
#1492 = VECTOR ( 'NONE', #848, 1000.000000000000000 ) ;
#1493 = EDGE_CURVE ( 'NONE', #290, #1623, #1320, .T. ) ;
#1494 = VECTOR ( 'NONE', #1146, 1000.000000000000000 ) ;
#1495 = DIRECTION ( 'NONE',  ( 0.000000000000000000, 1.000000000000000000, 0.000000000000000000 ) ) ;
#1496 = DIRECTION ( 'NONE',  ( 1.577021341797097560E-16, 0.000000000000000000, 1.000000000000000000 ) ) ;
#1497 = AXIS2_PLACEMENT_3D ( 'NONE', #1066, #804, #780 ) ;
#1498 = VERTEX_POINT ( 'NONE', #1292 ) ;
#1499 = DIRECTION ( 'NONE',  ( 0.000000000000000000, 0.000000000000000000, -1.000000000000000000 ) ) ;
#1500 = LINE ( 'NONE', #833, #173 ) ;
#1501 = DIRECTION ( 'NONE',  ( 0.000000000000000000, 1.000000000000000000, 0.000000000000000000 ) ) ;
#1502 = ORIENTED_EDGE ( 'NONE', *, *, #1458, .T. ) ;
#1503 = EDGE_LOOP ( 'NONE', ( #844, #478, #1372, #534 ) ) ;
#1504 = EDGE_CURVE ( 'NONE', #242, #1029, #258, .T. ) ;
#1505 = CARTESIAN_POINT ( 'NONE',  ( 21.25000000000000355, 5.000000000000000000, 4.499999999999998224 ) ) ;
#1506 = ADVANCED_FACE ( 'NONE', ( #532, #1188 ), #1548, .T. ) ;
#1507 = VERTEX_POINT ( 'NONE', #890 ) ;
#1508 = CARTESIAN_POINT ( 'NONE',  ( 25.24999999999999645, 0.000000000000000000, -22.00000000000000000 ) ) ;
#1509 = CARTESIAN_POINT ( 'NONE',  ( -10.24999999999999822, 25.00000000000000000, 4.499999999999998224 ) ) ;
#1510 = DIRECTION ( 'NONE',  ( 1.000000000000000000, 2.973811673103097665E-16, -0.000000000000000000 ) ) ;
#1511 = ORIENTED_EDGE ( 'NONE', *, *, #1376, .F. ) ;
#1512 = ORIENTED_EDGE ( 'NONE', *, *, #16, .F. ) ;
#1513 = FACE_OUTER_BOUND ( 'NONE', #1227, .T. ) ;
#1514 = ORIENTED_EDGE ( 'NONE', *, *, #1379, .T. ) ;
#1515 = DIRECTION ( 'NONE',  ( 0.000000000000000000, 1.000000000000000000, 0.000000000000000000 ) ) ;
#1516 = EDGE_CURVE ( 'NONE', #242, #1, #96, .T. ) ;
#1517 = DIRECTION ( 'NONE',  ( 0.000000000000000000, 0.000000000000000000, 1.000000000000000000 ) ) ;
#1518 = DIRECTION ( 'NONE',  ( 0.000000000000000000, 0.000000000000000000, -1.000000000000000000 ) ) ;
#1519 = EDGE_LOOP ( 'NONE', ( #1089, #136, #460, #1514 ) ) ;
#1520 = EDGE_LOOP ( 'NONE', ( #1651, #594, #605, #1668 ) ) ;
#1521 = AXIS2_PLACEMENT_3D ( 'NONE', #392, #910, #11 ) ;
#1522 = VECTOR ( 'NONE', #750, 1000.000000000000000 ) ;
#1523 = CARTESIAN_POINT ( 'NONE',  ( 24.25000000000000355, 5.000000000000000000, -22.00000000000000000 ) ) ;
#1524 = CIRCLE ( 'NONE', #125, 2.749999999999997335 ) ;
#1525 = ORIENTED_EDGE ( 'NONE', *, *, #1632, .F. ) ;
#1526 = CIRCLE ( 'NONE', #909, 2.599999999999998312 ) ;
#1527 = DIRECTION ( 'NONE',  ( 0.000000000000000000, 1.000000000000000000, 0.000000000000000000 ) ) ;
#1528 = EDGE_CURVE ( 'NONE', #1268, #1674, #4, .T. ) ;
#1529 = DIRECTION ( 'NONE',  ( 0.000000000000000000, 0.000000000000000000, -1.000000000000000000 ) ) ;
#1530 = VERTEX_POINT ( 'NONE', #776 ) ;
#1531 = ORIENTED_EDGE ( 'NONE', *, *, #1504, .T. ) ;
#1532 = DIRECTION ( 'NONE',  ( -0.000000000000000000, -1.000000000000000000, -0.000000000000000000 ) ) ;
#1533 = ORIENTED_EDGE ( 'NONE', *, *, #200, .F. ) ;
#1534 = CARTESIAN_POINT ( 'NONE',  ( -10.24999999999999822, 5.000000000000000000, 7.499999999999998224 ) ) ;
#1535 = PLANE ( 'NONE',  #1102 ) ;
#1536 = ORIENTED_EDGE ( 'NONE', *, *, #1007, .T. ) ;
#1537 = VERTEX_POINT ( 'NONE', #1157 ) ;
#1538 = EDGE_CURVE ( 'NONE', #1554, #1016, #1693, .T. ) ;
#1539 = CARTESIAN_POINT ( 'NONE',  ( 18.00000000000000000, 5.000000000000000000, -16.00000000000000355 ) ) ;
#1540 = VERTEX_POINT ( 'NONE', #1428 ) ;
#1541 = CARTESIAN_POINT ( 'NONE',  ( -21.25000000000000355, 5.000000000000000000, -4.499999999999998224 ) ) ;
#1542 = DIRECTION ( 'NONE',  ( 0.000000000000000000, -1.000000000000000000, 0.000000000000000000 ) ) ;
#1543 = DIRECTION ( 'NONE',  ( 0.000000000000000000, 1.000000000000000000, 0.000000000000000000 ) ) ;
#1544 = CARTESIAN_POINT ( 'NONE',  ( 10.24999999999998757, 25.00000000000000000, -4.499999999999998224 ) ) ;
#1545 = DIRECTION ( 'NONE',  ( 0.7071067811865515695, -0.7071067811865435759, 0.000000000000000000 ) ) ;
#1546 = EDGE_CURVE ( 'NONE', #1268, #717, #376, .T. ) ;
#1547 = VERTEX_POINT ( 'NONE', #1298 ) ;
#1548 = PLANE ( 'NONE',  #1571 ) ;
#1549 = VECTOR ( 'NONE', #493, 1000.000000000000000 ) ;
#1550 = AXIS2_PLACEMENT_3D ( 'NONE', #622, #1171, #742 ) ;
#1551 = CARTESIAN_POINT ( 'NONE',  ( 21.25000000000000355, 5.000000000000000000, -10.00000000000002487 ) ) ;
#1552 = CIRCLE ( 'NONE', #794, 2.749999999999999112 ) ;
#1553 = CARTESIAN_POINT ( 'NONE',  ( 15.25000000000000711, 5.000000000000000000, 4.499999999999998224 ) ) ;
#1554 = VERTEX_POINT ( 'NONE', #633 ) ;
#1555 = LINE ( 'NONE', #137, #1024 ) ;
#1556 = PRODUCT_DEFINITION ( 'UNKNOWN', '', #537, #1568 ) ;
#1557 = DIRECTION ( 'NONE',  ( 0.000000000000000000, 0.000000000000000000, 1.000000000000000000 ) ) ;
#1558 = EDGE_CURVE ( 'NONE', #1457, #1156, #508, .T. ) ;
#1559 = LINE ( 'NONE', #380, #476 ) ;
#1560 = FACE_OUTER_BOUND ( 'NONE', #287, .T. ) ;
#1561 = CARTESIAN_POINT ( 'NONE',  ( 0.000000000000000000, 0.000000000000000000, 4.499999999999998224 ) ) ;
#1562 = LINE ( 'NONE', #383, #1385 ) ;
#1563 = LINE ( 'NONE', #1446, #1598 ) ;
#1564 = EDGE_CURVE ( 'NONE', #1615, #78, #1562, .T. ) ;
#1565 = CARTESIAN_POINT ( 'NONE',  ( -10.24999999999999822, 5.000000000000000000, -7.500000000000001776 ) ) ;
#1566 = ORIENTED_EDGE ( 'NONE', *, *, #67, .T. ) ;
#1567 = DIRECTION ( 'NONE',  ( 0.000000000000000000, 1.000000000000000000, 0.000000000000000000 ) ) ;
#1568 = PRODUCT_DEFINITION_CONTEXT ( 'detailed design', #244, 'design' ) ;
#1569 = CIRCLE ( 'NONE', #1019, 2.749999999999999112 ) ;
#1570 = EDGE_LOOP ( 'NONE', ( #1009, #1629, #432, #1224 ) ) ;
#1571 = AXIS2_PLACEMENT_3D ( 'NONE', #763, #371, #265 ) ;
#1572 = VECTOR ( 'NONE', #1489, 1000.000000000000000 ) ;
#1573 = ADVANCED_FACE ( 'NONE', ( #639 ), #513, .F. ) ;
#1574 = PLANE ( 'NONE',  #1135 ) ;
#1575 = ORIENTED_EDGE ( 'NONE', *, *, #1353, .F. ) ;
#1576 = ADVANCED_FACE ( 'NONE', ( #522 ), #1604, .F. ) ;
#1577 = LINE ( 'NONE', #1509, #308 ) ;
#1578 = DIRECTION ( 'NONE',  ( 0.000000000000000000, -1.000000000000000000, 0.000000000000000000 ) ) ;
#1579 = ORIENTED_EDGE ( 'NONE', *, *, #1493, .F. ) ;
#1580 = DIRECTION ( 'NONE',  ( 0.000000000000000000, 0.000000000000000000, -1.000000000000000000 ) ) ;
#1581 = CARTESIAN_POINT ( 'NONE',  ( -15.25000000000000711, 5.000000000000000000, 4.499999999999998224 ) ) ;
#1582 = EDGE_LOOP ( 'NONE', ( #1525, #1120, #629, #1006 ) ) ;
#1583 = ADVANCED_FACE ( 'NONE', ( #936 ), #1622, .F. ) ;
#1584 = DIRECTION ( 'NONE',  ( 0.000000000000000000, -1.000000000000000000, 0.000000000000000000 ) ) ;
#1585 = DIRECTION ( 'NONE',  ( 0.000000000000000000, -1.000000000000000000, 0.000000000000000000 ) ) ;
#1586 = EDGE_LOOP ( 'NONE', ( #120, #1261, #37, #539 ) ) ;
#1587 = CARTESIAN_POINT ( 'NONE',  ( -15.25000000000000000, 10.99999999999993960, 7.499999999999998224 ) ) ;
#1588 = DIRECTION ( 'NONE',  ( 0.000000000000000000, 1.000000000000000000, 0.000000000000000000 ) ) ;
#1589 = CARTESIAN_POINT ( 'NONE',  ( 15.24999999999999112, 40.10000000000000142, 1.530808498934191916E-15 ) ) ;
#1590 = VERTEX_POINT ( 'NONE', #1081 ) ;
#1591 = EDGE_CURVE ( 'NONE', #1109, #85, #1072, .T. ) ;
#1592 = LINE ( 'NONE', #664, #1602 ) ;
#1593 = FACE_OUTER_BOUND ( 'NONE', #1337, .T. ) ;
#1594 = VERTEX_POINT ( 'NONE', #665 ) ;
#1595 = DIRECTION ( 'NONE',  ( 1.000000000000000000, 4.336808689942017736E-17, -0.000000000000000000 ) ) ;
#1596 = AXIS2_PLACEMENT_3D ( 'NONE', #1609, #48, #300 ) ;
#1597 = DIRECTION ( 'NONE',  ( 0.000000000000000000, -1.000000000000000000, 0.000000000000000000 ) ) ;
#1598 = VECTOR ( 'NONE', #515, 1000.000000000000114 ) ;
#1599 = CARTESIAN_POINT ( 'NONE',  ( -15.25000000000000000, 32.49999999999998579, -7.703719777548943412E-31 ) ) ;
#1600 = VECTOR ( 'NONE', #365, 1000.000000000000000 ) ;
#1601 = ORIENTED_EDGE ( 'NONE', *, *, #385, .T. ) ;
#1602 = VECTOR ( 'NONE', #1584, 1000.000000000000000 ) ;
#1603 = CARTESIAN_POINT ( 'NONE',  ( 10.24999999999999467, 25.00000000000000000, -4.499999999999998224 ) ) ;
#1604 = PLANE ( 'NONE',  #641 ) ;
#1605 = ADVANCED_FACE ( 'NONE', ( #1593 ), #433, .F. ) ;
#1606 = EDGE_LOOP ( 'NONE', ( #883, #436, #697 ) ) ;
#1607 = FACE_OUTER_BOUND ( 'NONE', #1637, .T. ) ;
#1608 = EDGE_CURVE ( 'NONE', #1540, #115, #297, .T. ) ;
#1609 = CARTESIAN_POINT ( 'NONE',  ( 18.00000000000000711, 0.000000000000000000, 15.99999999999999645 ) ) ;
#1610 = DIRECTION ( 'NONE',  ( 0.000000000000000000, 1.000000000000000000, 0.000000000000000000 ) ) ;
#1611 = ORIENTED_EDGE ( 'NONE', *, *, #1591, .T. ) ;
#1612 = CARTESIAN_POINT ( 'NONE',  ( -18.00000000000000000, 5.000000000000000000, -16.00000000000000355 ) ) ;
#1613 = CARTESIAN_POINT ( 'NONE',  ( -10.24999999999999822, 5.000000000000000000, -4.499999999999998224 ) ) ;
#1614 = AXIS2_PLACEMENT_3D ( 'NONE', #1206, #1218, #154 ) ;
#1615 = VERTEX_POINT ( 'NONE', #791 ) ;
#1616 = CARTESIAN_POINT ( 'NONE',  ( 24.25000000000000355, 0.000000000000000000, -22.00000000000000000 ) ) ;
#1617 = DIRECTION ( 'NONE',  ( 0.000000000000000000, -0.7071067811865435759, -0.7071067811865514585 ) ) ;
#1618 = EDGE_CURVE ( 'NONE', #919, #361, #1055, .T. ) ;
#1619 = FACE_OUTER_BOUND ( 'NONE', #620, .T. ) ;
#1620 = VERTEX_POINT ( 'NONE', #692 ) ;
#1621 = DIRECTION ( 'NONE',  ( 0.7071067811865500152, 0.000000000000000000, -0.7071067811865451302 ) ) ;
#1622 = PLANE ( 'NONE',  #457 ) ;
#1623 = VERTEX_POINT ( 'NONE', #946 ) ;
#1624 = CARTESIAN_POINT ( 'NONE',  ( 0.000000000000000000, 0.000000000000000000, -4.499999999999998224 ) ) ;
#1625 = FACE_OUTER_BOUND ( 'NONE', #1154, .T. ) ;
#1626 = LINE ( 'NONE', #444, #312 ) ;
#1627 = EDGE_CURVE ( 'NONE', #1367, #189, #306, .T. ) ;
#1628 = ADVANCED_FACE ( 'NONE', ( #316, #830, #438, #191, #163 ), #1477, .F. ) ;
#1629 = ORIENTED_EDGE ( 'NONE', *, *, #234, .T. ) ;
#1630 = AXIS2_PLACEMENT_3D ( 'NONE', #832, #1200, #701 ) ;
#1631 = EDGE_LOOP ( 'NONE', ( #1381, #344, #1333, #1189, #99, #1309, #1262, #1483 ) ) ;
#1632 = EDGE_CURVE ( 'NONE', #609, #610, #1339, .T. ) ;
#1633 = VECTOR ( 'NONE', #201, 1000.000000000000000 ) ;
#1634 = LINE ( 'NONE', #71, #43 ) ;
#1635 =( NAMED_UNIT ( * ) PLANE_ANGLE_UNIT ( ) SI_UNIT ( $, .RADIAN. ) );
#1636 = VECTOR ( 'NONE', #254, 1000.000000000000114 ) ;
#1637 = EDGE_LOOP ( 'NONE', ( #587, #220, #464, #1478 ) ) ;
#1638 = DIRECTION ( 'NONE',  ( 0.000000000000000000, -0.000000000000000000, 1.000000000000000000 ) ) ;
#1639 = PLANE ( 'NONE',  #230 ) ;
#1640 = CARTESIAN_POINT ( 'NONE',  ( -15.25000000000000000, 45.00000000000000000, -7.500000000000001776 ) ) ;
#1641 = ORIENTED_EDGE ( 'NONE', *, *, #796, .T. ) ;
#1642 = ORIENTED_EDGE ( 'NONE', *, *, #767, .F. ) ;
#1643 = LINE ( 'NONE', #1101, #1260 ) ;
#1644 = ADVANCED_FACE ( 'NONE', ( #1356 ), #926, .F. ) ;
#1645 = ORIENTED_EDGE ( 'NONE', *, *, #1344, .T. ) ;
#1646 = CARTESIAN_POINT ( 'NONE',  ( -18.00000000000000000, 0.000000000000000000, -16.00000000000000355 ) ) ;
#1647 = AXIS2_PLACEMENT_3D ( 'NONE', #975, #359, #991 ) ;
#1648 = DIRECTION ( 'NONE',  ( 0.000000000000000000, 0.000000000000000000, 1.000000000000000000 ) ) ;
#1649 = CYLINDRICAL_SURFACE ( 'NONE', #882, 2.749999999999999112 ) ;
#1650 = ORIENTED_EDGE ( 'NONE', *, *, #1275, .T. ) ;
#1651 = ORIENTED_EDGE ( 'NONE', *, *, #1368, .T. ) ;
#1652 = CARTESIAN_POINT ( 'NONE',  ( 18.00000000000000000, 5.000000000000000000, -13.25000000000000711 ) ) ;
#1653 = SURFACE_SIDE_STYLE ('',( #332 ) ) ;
#1654 = ORIENTED_EDGE ( 'NONE', *, *, #1321, .F. ) ;
#1655 = EDGE_CURVE ( 'NONE', #451, #1080, #617, .T. ) ;
#1656 = DIRECTION ( 'NONE',  ( 0.000000000000000000, 0.000000000000000000, 1.000000000000000000 ) ) ;
#1657 = CARTESIAN_POINT ( 'NONE',  ( -10.25000000000000000, 45.00000000000000000, -7.500000000000001776 ) ) ;
#1658 = CARTESIAN_POINT ( 'NONE',  ( 18.00000000000000711, 5.000000000000000000, 15.99999999999999645 ) ) ;
#1659 = ORIENTED_EDGE ( 'NONE', *, *, #915, .F. ) ;
#1660 = ORIENTED_EDGE ( 'NONE', *, *, #1039, .T. ) ;
#1661 = AXIS2_PLACEMENT_3D ( 'NONE', #786, #14, #1049 ) ;
#1662 = FILL_AREA_STYLE_COLOUR ( '', #245 ) ;
#1663 = VECTOR ( 'NONE', #952, 1000.000000000000000 ) ;
#1664 = ORIENTED_EDGE ( 'NONE', *, *, #1272, .T. ) ;
#1665 = AXIS2_PLACEMENT_3D ( 'NONE', #536, #1059, #797 ) ;
#1666 = CARTESIAN_POINT ( 'NONE',  ( 10.24999999999999822, 5.000000000000002665, -7.500000000000001776 ) ) ;
#1667 = ADVANCED_FACE ( 'NONE', ( #556, #1468 ), #182, .T. ) ;
#1668 = ORIENTED_EDGE ( 'NONE', *, *, #270, .F. ) ;
#1669 = LINE ( 'NONE', #487, #1460 ) ;
#1670 = ORIENTED_EDGE ( 'NONE', *, *, #727, .F. ) ;
#1671 = VERTEX_POINT ( 'NONE', #72 ) ;
#1672 = DIRECTION ( 'NONE',  ( 0.000000000000000000, -1.000000000000000000, 0.000000000000000000 ) ) ;
#1673 =( LENGTH_UNIT ( ) NAMED_UNIT ( * ) SI_UNIT ( .MILLI., .METRE. ) );
#1674 = VERTEX_POINT ( 'NONE', #729 ) ;
#1675 = DIRECTION ( 'NONE',  ( 0.000000000000000000, 0.000000000000000000, -1.000000000000000000 ) ) ;
#1676 = CARTESIAN_POINT ( 'NONE',  ( -10.24999999999999822, 25.00000000000000000, -4.499999999999998224 ) ) ;
#1677 = DIRECTION ( 'NONE',  ( 1.156482317317883558E-15, -1.000000000000000000, -0.000000000000000000 ) ) ;
#1678 = EDGE_CURVE ( 'NONE', #1671, #197, #89, .T. ) ;
#1679 = LINE ( 'NONE', #1405, #369 ) ;
#1680 = CARTESIAN_POINT ( 'NONE',  ( -15.25000000000000000, 37.49999999999999289, 2.600000000000000089 ) ) ;
#1681 = EDGE_LOOP ( 'NONE', ( #94, #761, #1165, #966 ) ) ;
#1682 = CARTESIAN_POINT ( 'NONE',  ( 10.24999999999999822, 5.000000000000000888, -2.600000000000007638 ) ) ;
#1683 = LINE ( 'NONE', #986, #1690 ) ;
#1684 = MANIFOLD_SOLID_BREP ( 'Chamfer3', #1215 ) ;
#1685 = CARTESIAN_POINT ( 'NONE',  ( -18.00000000000000000, 5.000000000000000000, -16.00000000000000355 ) ) ;
#1686 = EDGE_LOOP ( 'NONE', ( #831, #1641, #1008, #1433 ) ) ;
#1687 = EDGE_CURVE ( 'NONE', #106, #992, #1643, .T. ) ;
#1688 = ADVANCED_FACE ( 'NONE', ( #846 ), #858, .F. ) ;
#1689 = DIRECTION ( 'NONE',  ( 1.000000000000000000, 2.973811673103097665E-16, -0.000000000000000000 ) ) ;
#1690 = VECTOR ( 'NONE', #1517, 1000.000000000000000 ) ;
#1691 = AXIS2_PLACEMENT_3D ( 'NONE', #559, #1595, #1221 ) ;
#1692 = ORIENTED_EDGE ( 'NONE', *, *, #875, .F. ) ;
#1693 = LINE ( 'NONE', #1699, #1245 ) ;
#1694 = VECTOR ( 'NONE', #781, 1000.000000000000000 ) ;
#1695 = VECTOR ( 'NONE', #921, 1000.000000000000114 ) ;
#1696 = CARTESIAN_POINT ( 'NONE',  ( 10.24999999999999822, 5.000000000000002665, -7.500000000000001776 ) ) ;
#1697 = ORIENTED_EDGE ( 'NONE', *, *, #646, .T. ) ;
#1698 = CARTESIAN_POINT ( 'NONE',  ( 18.00000000000000711, 5.000000000000000000, 15.99999999999999645 ) ) ;
#1699 = CARTESIAN_POINT ( 'NONE',  ( -21.25000000000000355, 5.000000000000000000, 4.499999999999998224 ) ) ;
#1700 = DIRECTION ( 'NONE',  ( -1.000000000000000000, 0.000000000000000000, -0.000000000000000000 ) ) ;
#1701 = PLANE ( 'NONE',  #70 ) ;
ENDSEC;
END-ISO-10303-21;
