ISO-10303-21;
HEADER;
FILE_DESCRIPTION (( 'STEP AP214' ),
    '1' );
FILE_NAME ('Raiser.STEP',
    '2026-03-16T20:09:08',
    ( '' ),
    ( '' ),
    'SwSTEP 2.0',
    'SolidWorks 2025',
    '' );
FILE_SCHEMA (( 'AUTOMOTIVE_DESIGN' ));
ENDSEC;

DATA;
#1 = ORIENTED_EDGE ( 'NONE', *, *, #1055, .F. ) ;
#2 = DIRECTION ( 'NONE',  ( 1.000000000000000000, 0.000000000000000000, 0.000000000000000000 ) ) ;
#3 = FACE_OUTER_BOUND ( 'NONE', #1775, .T. ) ;
#4 = CARTESIAN_POINT ( 'NONE',  ( 42.00000000000000000, 0.000000000000000000, -7.049999999999996270 ) ) ;
#5 = PLANE ( 'NONE',  #546 ) ;
#6 = AXIS2_PLACEMENT_3D ( 'NONE', #208, #755, #353 ) ;
#7 = ORIENTED_EDGE ( 'NONE', *, *, #1600, .F. ) ;
#8 = VECTOR ( 'NONE', #976, 1000.000000000000000 ) ;
#9 = APPLICATION_CONTEXT ( 'automotive_design' ) ;
#10 = ORIENTED_EDGE ( 'NONE', *, *, #1051, .T. ) ;
#11 = VECTOR ( 'NONE', #795, 1000.000000000000000 ) ;
#12 = DIRECTION ( 'NONE',  ( -0.000000000000000000, -1.000000000000000000, -0.000000000000000000 ) ) ;
#13 = LINE ( 'NONE', #279, #609 ) ;
#14 = DIRECTION ( 'NONE',  ( -0.000000000000000000, -0.000000000000000000, 1.000000000000000000 ) ) ;
#15 = CARTESIAN_POINT ( 'NONE',  ( 10.00000000000000355, 0.000000000000000000, -10.00000000000000000 ) ) ;
#16 = ORIENTED_EDGE ( 'NONE', *, *, #597, .F. ) ;
#17 = EDGE_CURVE ( 'NONE', #1781, #992, #1210, .T. ) ;
#18 = AXIS2_PLACEMENT_3D ( 'NONE', #1328, #1002, #187 ) ;
#19 = EDGE_CURVE ( 'NONE', #937, #1568, #1593, .T. ) ;
#20 = ORIENTED_EDGE ( 'NONE', *, *, #1546, .F. ) ;
#21 = CIRCLE ( 'NONE', #806, 4.499999999999998224 ) ;
#22 = VERTEX_POINT ( 'NONE', #916 ) ;
#23 = DIRECTION ( 'NONE',  ( 0.000000000000000000, -0.000000000000000000, 1.000000000000000000 ) ) ;
#24 = DIRECTION ( 'NONE',  ( -0.000000000000000000, -0.000000000000000000, 1.000000000000000000 ) ) ;
#25 = DIRECTION ( 'NONE',  ( 0.000000000000000000, -1.000000000000000000, 0.000000000000000000 ) ) ;
#26 = EDGE_LOOP ( 'NONE', ( #1181, #1364, #1125, #1099 ) ) ;
#27 = EDGE_CURVE ( 'NONE', #549, #221, #748, .T. ) ;
#28 = CARTESIAN_POINT ( 'NONE',  ( 14.75000000000000533, 24.74999999999996803, -25.50000000000000355 ) ) ;
#29 = ORIENTED_EDGE ( 'NONE', *, *, #977, .F. ) ;
#30 = EDGE_LOOP ( 'NONE', ( #84, #1417, #1196, #126 ) ) ;
#31 = VERTEX_POINT ( 'NONE', #467 ) ;
#32 = DIRECTION ( 'NONE',  ( -0.7071067811865440200, 0.7071067811865511255, -8.761676666762096376E-17 ) ) ;
#33 = FACE_BOUND ( 'NONE', #1619, .T. ) ;
#34 = FACE_OUTER_BOUND ( 'NONE', #954, .T. ) ;
#35 = DIRECTION ( 'NONE',  ( 0.000000000000000000, -1.000000000000000000, 0.000000000000000000 ) ) ;
#36 = AXIS2_PLACEMENT_3D ( 'NONE', #950, #1092, #935 ) ;
#37 = ORIENTED_EDGE ( 'NONE', *, *, #1245, .F. ) ;
#38 = ORIENTED_EDGE ( 'NONE', *, *, #1006, .T. ) ;
#39 = VECTOR ( 'NONE', #608, 1000.000000000000000 ) ;
#40 = VECTOR ( 'NONE', #228, 1000.000000000000000 ) ;
#41 = EDGE_CURVE ( 'NONE', #31, #832, #1186, .T. ) ;
#42 = FACE_OUTER_BOUND ( 'NONE', #1388, .T. ) ;
#43 = FACE_OUTER_BOUND ( 'NONE', #1001, .T. ) ;
#44 = DIRECTION ( 'NONE',  ( 0.000000000000000000, 0.000000000000000000, 1.000000000000000000 ) ) ;
#45 = ORIENTED_EDGE ( 'NONE', *, *, #1124, .F. ) ;
#46 = ORIENTED_EDGE ( 'NONE', *, *, #61, .T. ) ;
#47 = AXIS2_PLACEMENT_3D ( 'NONE', #427, #1419, #1683 ) ;
#48 = ORIENTED_EDGE ( 'NONE', *, *, #471, .F. ) ;
#49 = ADVANCED_FACE ( 'NONE', ( #888 ), #896, .F. ) ;
#50 = CARTESIAN_POINT ( 'NONE',  ( 20.37500000000000711, 22.50000000000000000, -25.50000000000000355 ) ) ;
#51 = CARTESIAN_POINT ( 'NONE',  ( 34.12500000000000711, 22.49999999999999645, -67.18033988749895968 ) ) ;
#52 = FACE_OUTER_BOUND ( 'NONE', #1538, .T. ) ;
#53 = DIRECTION ( 'NONE',  ( -0.000000000000000000, -0.000000000000000000, 1.000000000000000000 ) ) ;
#54 = ORIENTED_EDGE ( 'NONE', *, *, #332, .T. ) ;
#55 = DIRECTION ( 'NONE',  ( 1.239088197126290817E-16, 0.000000000000000000, -1.000000000000000000 ) ) ;
#56 = CARTESIAN_POINT ( 'NONE',  ( 10.00000000000000355, 10.00001200000000168, -5.500000000000000888 ) ) ;
#57 = ORIENTED_EDGE ( 'NONE', *, *, #169, .T. ) ;
#58 = DIRECTION ( 'NONE',  ( 0.000000000000000000, 0.000000000000000000, 1.000000000000000000 ) ) ;
#59 = CARTESIAN_POINT ( 'NONE',  ( 42.00000000000000711, 10.00000000000000000, -45.99999999999999289 ) ) ;
#60 = EDGE_LOOP ( 'NONE', ( #1575, #190 ) ) ;
#61 = EDGE_CURVE ( 'NONE', #1016, #1156, #1745, .T. ) ;
#62 = DIRECTION ( 'NONE',  ( -1.000000000000000000, 0.000000000000000000, -1.387778780781445478E-15 ) ) ;
#63 = VERTEX_POINT ( 'NONE', #1034 ) ;
#64 = CIRCLE ( 'NONE', #809, 2.950000000000003730 ) ;
#65 = CARTESIAN_POINT ( 'NONE',  ( 10.00000000000000355, 5.000000000000000000, -41.49999999999999289 ) ) ;
#66 = CIRCLE ( 'NONE', #1230, 2.499999999999998668 ) ;
#67 = PLANE ( 'NONE',  #1669 ) ;
#68 = VERTEX_POINT ( 'NONE', #1064 ) ;
#69 = DIRECTION ( 'NONE',  ( -0.000000000000000000, -0.000000000000000000, 1.000000000000000000 ) ) ;
#70 = FACE_OUTER_BOUND ( 'NONE', #1732, .T. ) ;
#71 = VECTOR ( 'NONE', #980, 1000.000000000000000 ) ;
#72 = ADVANCED_FACE ( 'NONE', ( #1041, #1178, #1724 ), #90, .F. ) ;
#73 = EDGE_CURVE ( 'NONE', #1022, #674, #1195, .T. ) ;
#74 = DIRECTION ( 'NONE',  ( 1.000000000000000000, 0.000000000000000000, 1.239088197126291063E-16 ) ) ;
#75 = ADVANCED_FACE ( 'NONE', ( #70 ), #633, .F. ) ;
#76 = ORIENTED_EDGE ( 'NONE', *, *, #41, .F. ) ;
#77 = AXIS2_PLACEMENT_3D ( 'NONE', #924, #1409, #297 ) ;
#78 = LINE ( 'NONE', #495, #1197 ) ;
#79 = CARTESIAN_POINT ( 'NONE',  ( 20.37500000000000711, 17.49999999999999645, -67.18033988749895968 ) ) ;
#80 = ORIENTED_EDGE ( 'NONE', *, *, #834, .T. ) ;
#81 = LINE ( 'NONE', #466, #1049 ) ;
#82 = EDGE_LOOP ( 'NONE', ( #118, #432, #1746, #1379 ) ) ;
#83 = FACE_OUTER_BOUND ( 'NONE', #1067, .T. ) ;
#84 = ORIENTED_EDGE ( 'NONE', *, *, #1250, .T. ) ;
#85 = FACE_OUTER_BOUND ( 'NONE', #422, .T. ) ;
#86 = EDGE_LOOP ( 'NONE', ( #1297, #1563, #57, #16 ) ) ;
#87 = CYLINDRICAL_SURFACE ( 'NONE', #1013, 4.499999999999999112 ) ;
#88 = CARTESIAN_POINT ( 'NONE',  ( 0.000000000000000000, 10.00000000000000000, -56.00000000000000000 ) ) ;
#89 = CARTESIAN_POINT ( 'NONE',  ( 49.83333333333320780, 12.16666666666677088, -25.16666666666674956 ) ) ;
#90 = PLANE ( 'NONE',  #694 ) ;
#91 = DIRECTION ( 'NONE',  ( 1.000000000000000000, 0.000000000000000000, 1.239088197126291063E-16 ) ) ;
#92 = ORIENTED_EDGE ( 'NONE', *, *, #1740, .F. ) ;
#93 = CARTESIAN_POINT ( 'NONE',  ( 42.00000000000000711, 10.00000000000000000, -50.49999999999999289 ) ) ;
#94 = ADVANCED_FACE ( 'NONE', ( #1054, #1623, #1763 ), #506, .T. ) ;
#95 = FACE_OUTER_BOUND ( 'NONE', #1694, .T. ) ;
#96 = EDGE_CURVE ( 'NONE', #800, #937, #596, .T. ) ;
#97 = FACE_OUTER_BOUND ( 'NONE', #431, .T. ) ;
#98 = ORIENTED_EDGE ( 'NONE', *, *, #1574, .T. ) ;
#99 = AXIS2_PLACEMENT_3D ( 'NONE', #1314, #62, #539 ) ;
#100 = AXIS2_PLACEMENT_3D ( 'NONE', #1523, #445, #1122 ) ;
#101 = CARTESIAN_POINT ( 'NONE',  ( 10.00000000000000355, 5.000000000000000000, -10.00000000000000000 ) ) ;
#102 = VECTOR ( 'NONE', #759, 1000.000000000000000 ) ;
#103 = VERTEX_POINT ( 'NONE', #1448 ) ;
#104 = ADVANCED_FACE ( 'NONE', ( #1024, #192, #739 ), #607, .T. ) ;
#105 = VECTOR ( 'NONE', #1752, 1000.000000000000000 ) ;
#106 = ADVANCED_FACE ( 'NONE', ( #1638 ), #925, .T. ) ;
#107 = LINE ( 'NONE', #509, #572 ) ;
#108 = DIRECTION ( 'NONE',  ( -0.000000000000000000, -1.000000000000000000, -0.000000000000000000 ) ) ;
#109 = CARTESIAN_POINT ( 'NONE',  ( 17.87500000000001066, 17.49999999999999645, -25.50000000000000355 ) ) ;
#110 = EDGE_LOOP ( 'NONE', ( #667, #177, #1327, #1465 ) ) ;
#111 = ORIENTED_EDGE ( 'NONE', *, *, #1634, .T. ) ;
#112 = ORIENTED_EDGE ( 'NONE', *, *, #639, .T. ) ;
#113 = DIRECTION ( 'NONE',  ( -0.000000000000000000, 1.000000000000000000, -0.000000000000000000 ) ) ;
#114 = DIRECTION ( 'NONE',  ( 0.000000000000000000, 0.000000000000000000, 1.000000000000000000 ) ) ;
#115 = FACE_OUTER_BOUND ( 'NONE', #26, .T. ) ;
#116 = CARTESIAN_POINT ( 'NONE',  ( 14.75000000000000533, 10.00000000000000000, -25.50000000000000355 ) ) ;
#117 = EDGE_CURVE ( 'NONE', #973, #752, #395, .T. ) ;
#118 = ORIENTED_EDGE ( 'NONE', *, *, #557, .F. ) ;
#119 = ORIENTED_EDGE ( 'NONE', *, *, #1006, .F. ) ;
#120 = CARTESIAN_POINT ( 'NONE',  ( 42.00000000000000711, 10.00000000000000000, -45.99999999999999289 ) ) ;
#121 = CARTESIAN_POINT ( 'NONE',  ( 14.75000000000001243, 10.00000000000000000, -30.50000000000000355 ) ) ;
#122 = STYLED_ITEM ( 'NONE', ( #1231 ), #484 ) ;
#123 = ORIENTED_EDGE ( 'NONE', *, *, #1371, .F. ) ;
#124 = AXIS2_PLACEMENT_3D ( 'NONE', #377, #1058, #501 ) ;
#125 = EDGE_CURVE ( 'NONE', #410, #1803, #656, .T. ) ;
#126 = ORIENTED_EDGE ( 'NONE', *, *, #944, .F. ) ;
#127 = AXIS2_PLACEMENT_3D ( 'NONE', #616, #1456, #1310 ) ;
#128 = ORIENTED_EDGE ( 'NONE', *, *, #1546, .T. ) ;
#129 = DIRECTION ( 'NONE',  ( -0.000000000000000000, -0.000000000000000000, 1.000000000000000000 ) ) ;
#130 = CARTESIAN_POINT ( 'NONE',  ( 34.12500000000000711, 22.49999999999999645, -67.18033988749895968 ) ) ;
#131 = CARTESIAN_POINT ( 'NONE',  ( 17.87500000000001066, 17.49999999999999645, -56.00000000000000000 ) ) ;
#132 = CIRCLE ( 'NONE', #821, 2.500000000000002220 ) ;
#133 = ORIENTED_EDGE ( 'NONE', *, *, #1481, .F. ) ;
#134 = ORIENTED_EDGE ( 'NONE', *, *, #1737, .F. ) ;
#135 = ORIENTED_EDGE ( 'NONE', *, *, #1656, .T. ) ;
#136 = SURFACE_STYLE_USAGE ( .BOTH. , #1661 ) ;
#137 = CARTESIAN_POINT ( 'NONE',  ( 31.62500000000000711, 17.49999999999999645, -25.50000000000000355 ) ) ;
#138 = DIRECTION ( 'NONE',  ( 0.000000000000000000, -1.000000000000000000, 0.000000000000000000 ) ) ;
#139 = CARTESIAN_POINT ( 'NONE',  ( 22.87500000000000711, 22.49999999999999645, -56.00000000000000000 ) ) ;
#140 = ORIENTED_EDGE ( 'NONE', *, *, #1398, .T. ) ;
#141 = VERTEX_POINT ( 'NONE', #672 ) ;
#142 = ORIENTED_EDGE ( 'NONE', *, *, #804, .T. ) ;
#143 = CARTESIAN_POINT ( 'NONE',  ( 37.25000000000000711, 30.00000000000000355, -25.50000000000000000 ) ) ;
#144 = ADVANCED_FACE ( 'NONE', ( #1505 ), #1377, .F. ) ;
#145 = LINE ( 'NONE', #551, #1333 ) ;
#146 = LINE ( 'NONE', #688, #718 ) ;
#147 = EDGE_CURVE ( 'NONE', #1258, #1764, #1655, .T. ) ;
#148 = CARTESIAN_POINT ( 'NONE',  ( 34.12500000000000711, 10.00000000000000000, -30.50000000000000000 ) ) ;
#149 = PRESENTATION_LAYER_ASSIGNMENT (  '', '', ( #122 ) ) ;
#150 = ORIENTED_EDGE ( 'NONE', *, *, #1656, .F. ) ;
#151 = VECTOR ( 'NONE', #679, 1000.000000000000000 ) ;
#152 = ORIENTED_EDGE ( 'NONE', *, *, #982, .F. ) ;
#153 = AXIS2_PLACEMENT_3D ( 'NONE', #1658, #579, #1269 ) ;
#154 = FACE_OUTER_BOUND ( 'NONE', #1150, .T. ) ;
#155 = ADVANCED_FACE ( 'NONE', ( #521 ), #797, .T. ) ;
#156 = LINE ( 'NONE', #697, #327 ) ;
#157 = DIRECTION ( 'NONE',  ( 0.000000000000000000, -0.000000000000000000, -1.000000000000000000 ) ) ;
#158 = EDGE_CURVE ( 'NONE', #973, #1258, #1522, .T. ) ;
#159 = DIRECTION ( 'NONE',  ( 0.000000000000000000, 1.000000000000000000, 0.000000000000000000 ) ) ;
#160 = VERTEX_POINT ( 'NONE', #4 ) ;
#161 = AXIS2_PLACEMENT_3D ( 'NONE', #1273, #560, #1128 ) ;
#162 = VERTEX_POINT ( 'NONE', #812 ) ;
#163 = ORIENTED_EDGE ( 'NONE', *, *, #423, .F. ) ;
#164 = DIRECTION ( 'NONE',  ( 0.7071067811865510144, 0.7071067811865441310, 8.761676666762183890E-17 ) ) ;
#165 = CARTESIAN_POINT ( 'NONE',  ( 20.37500000000000711, 17.49999999999999645, -67.18033988749895968 ) ) ;
#166 = CARTESIAN_POINT ( 'NONE',  ( 10.00000000000000355, 10.00000000000000000, -45.99999999999999289 ) ) ;
#167 = CARTESIAN_POINT ( 'NONE',  ( 17.87500000000001066, 17.49999999999999645, -51.00000000000000000 ) ) ;
#168 = ORIENTED_EDGE ( 'NONE', *, *, #669, .T. ) ;
#169 = EDGE_CURVE ( 'NONE', #975, #174, #1083, .T. ) ;
#170 = EDGE_LOOP ( 'NONE', ( #133, #1722, #1255, #1625 ) ) ;
#171 = FACE_OUTER_BOUND ( 'NONE', #1728, .T. ) ;
#172 = DIRECTION ( 'NONE',  ( 1.000000000000000000, 0.000000000000000000, 0.000000000000000000 ) ) ;
#173 = DIRECTION ( 'NONE',  ( -0.000000000000000000, -0.000000000000000000, 1.000000000000000000 ) ) ;
#174 = VERTEX_POINT ( 'NONE', #109 ) ;
#175 = ORIENTED_EDGE ( 'NONE', *, *, #804, .F. ) ;
#176 = EDGE_CURVE ( 'NONE', #992, #160, #1097, .T. ) ;
#177 = ORIENTED_EDGE ( 'NONE', *, *, #493, .T. ) ;
#178 = CIRCLE ( 'NONE', #1199, 2.499999999999998668 ) ;
#179 = AXIS2_PLACEMENT_3D ( 'NONE', #1267, #1395, #689 ) ;
#180 = CARTESIAN_POINT ( 'NONE',  ( 42.00000000000000000, 10.00000000000000000, -10.00000000000000000 ) ) ;
#181 = VECTOR ( 'NONE', #191, 1000.000000000000000 ) ;
#182 = VECTOR ( 'NONE', #375, 1000.000000000000000 ) ;
#183 = DIRECTION ( 'NONE',  ( 0.000000000000000000, 0.000000000000000000, 1.000000000000000000 ) ) ;
#184 = DIRECTION ( 'NONE',  ( -1.000000000000000000, 0.000000000000000000, -1.239088197126291063E-16 ) ) ;
#185 = ORIENTED_EDGE ( 'NONE', *, *, #1503, .T. ) ;
#186 = ORIENTED_EDGE ( 'NONE', *, *, #17, .T. ) ;
#187 = DIRECTION ( 'NONE',  ( 1.000000000000000000, 0.000000000000000000, 0.000000000000000000 ) ) ;
#188 = PLANE ( 'NONE',  #408 ) ;
#189 = CARTESIAN_POINT ( 'NONE',  ( 42.00000000000000711, 5.000000000000000000, -45.99999999999999289 ) ) ;
#190 = ORIENTED_EDGE ( 'NONE', *, *, #1554, .F. ) ;
#191 = DIRECTION ( 'NONE',  ( 1.000000000000000000, 0.000000000000000000, 0.000000000000000000 ) ) ;
#192 = FACE_BOUND ( 'NONE', #424, .T. ) ;
#193 = PRODUCT_DEFINITION_CONTEXT ( 'detailed design', #9, 'design' ) ;
#194 = ORIENTED_EDGE ( 'NONE', *, *, #1478, .T. ) ;
#195 = CARTESIAN_POINT ( 'NONE',  ( 20.37500000000000711, 22.50000000000000000, -67.18033988749895968 ) ) ;
#196 = ORIENTED_EDGE ( 'NONE', *, *, #1641, .F. ) ;
#197 = DIRECTION ( 'NONE',  ( -0.000000000000000000, -0.000000000000000000, 1.000000000000000000 ) ) ;
#198 = DIRECTION ( 'NONE',  ( -1.000000000000000000, 0.000000000000000000, -1.239088197126290817E-16 ) ) ;
#199 = ORIENTED_EDGE ( 'NONE', *, *, #816, .T. ) ;
#200 = LINE ( 'NONE', #449, #1326 ) ;
#201 = DIRECTION ( 'NONE',  ( 0.000000000000000000, -0.000000000000000000, -1.000000000000000000 ) ) ;
#202 = EDGE_CURVE ( 'NONE', #789, #1100, #823, .T. ) ;
#203 = ORIENTED_EDGE ( 'NONE', *, *, #977, .T. ) ;
#204 = DIRECTION ( 'NONE',  ( 0.000000000000000000, 6.938893903907223447E-16, 1.000000000000000000 ) ) ;
#205 = ORIENTED_EDGE ( 'NONE', *, *, #1057, .T. ) ;
#206 = VECTOR ( 'NONE', #55, 1000.000000000000000 ) ;
#207 = LINE ( 'NONE', #1597, #790 ) ;
#208 = CARTESIAN_POINT ( 'NONE',  ( 42.00000000000000711, 10.00001200000000168, -45.99999999999999289 ) ) ;
#209 = CIRCLE ( 'NONE', #601, 4.499999999999999112 ) ;
#210 = DIRECTION ( 'NONE',  ( 0.000000000000000000, 1.000000000000000000, 0.000000000000000000 ) ) ;
#211 = ORIENTED_EDGE ( 'NONE', *, *, #1414, .F. ) ;
#212 = CARTESIAN_POINT ( 'NONE',  ( 42.00000000000000000, 0.000000000000000000, -10.00000000000000000 ) ) ;
#213 = VERTEX_POINT ( 'NONE', #652 ) ;
#214 = VECTOR ( 'NONE', #513, 999.9999999999998863 ) ;
#215 = FACE_BOUND ( 'NONE', #1657, .T. ) ;
#216 = ORIENTED_EDGE ( 'NONE', *, *, #781, .F. ) ;
#217 = CIRCLE ( 'NONE', #553, 2.499999999999998668 ) ;
#218 = DIRECTION ( 'NONE',  ( 0.000000000000000000, 0.000000000000000000, -1.000000000000000000 ) ) ;
#219 = DIRECTION ( 'NONE',  ( 0.000000000000000000, -1.000000000000000000, 0.000000000000000000 ) ) ;
#220 = ADVANCED_FACE ( 'NONE', ( #1361 ), #643, .F. ) ;
#221 = VERTEX_POINT ( 'NONE', #1370 ) ;
#222 = CARTESIAN_POINT ( 'NONE',  ( 10.00000000000000355, 0.000000000000000000, -7.050000000000001599 ) ) ;
#223 = CARTESIAN_POINT ( 'NONE',  ( 42.00000000000000000, 5.000000000000000000, -10.00000000000000000 ) ) ;
#224 = DIRECTION ( 'NONE',  ( -1.239088197126291063E-16, 0.000000000000000000, 1.000000000000000000 ) ) ;
#225 = VERTEX_POINT ( 'NONE', #661 ) ;
#226 = ADVANCED_FACE ( 'NONE', ( #541 ), #239, .F. ) ;
#227 = DIRECTION ( 'NONE',  ( 0.000000000000000000, 1.000000000000000000, 0.000000000000000000 ) ) ;
#228 = DIRECTION ( 'NONE',  ( -1.387778780781445478E-15, 0.000000000000000000, 1.000000000000000000 ) ) ;
#229 = CARTESIAN_POINT ( 'NONE',  ( -7.666666666666777985, 2.333333333333415638, -15.33333333333355775 ) ) ;
#230 = ORIENTED_EDGE ( 'NONE', *, *, #486, .F. ) ;
#231 = DIRECTION ( 'NONE',  ( -1.387778780781445478E-15, -0.000000000000000000, 1.000000000000000000 ) ) ;
#232 = DIRECTION ( 'NONE',  ( -0.7071067811865510144, -0.7071067811865441310, -8.761676666762185123E-17 ) ) ;
#233 = EDGE_CURVE ( 'NONE', #1142, #674, #1221, .T. ) ;
#234 = ORIENTED_EDGE ( 'NONE', *, *, #247, .T. ) ;
#235 = EDGE_CURVE ( 'NONE', #1336, #63, #1791, .T. ) ;
#236 = LINE ( 'NONE', #1653, #1260 ) ;
#237 = DIRECTION ( 'NONE',  ( -0.000000000000000000, -0.000000000000000000, 1.000000000000000000 ) ) ;
#238 = CARTESIAN_POINT ( 'NONE',  ( 14.75000000000001243, 10.00000000000000178, -51.00000000000000000 ) ) ;
#239 = PLANE ( 'NONE',  #479 ) ;
#240 = VECTOR ( 'NONE', #129, 1000.000000000000000 ) ;
#241 = AXIS2_PLACEMENT_3D ( 'NONE', #1081, #1062, #114 ) ;
#242 = LINE ( 'NONE', #788, #39 ) ;
#243 = ORIENTED_EDGE ( 'NONE', *, *, #669, .F. ) ;
#244 = CARTESIAN_POINT ( 'NONE',  ( 29.12500000000000711, 10.00000000000000000, -30.50000000000000000 ) ) ;
#245 = DIRECTION ( 'NONE',  ( 1.000000000000000000, 0.000000000000000000, 0.000000000000000000 ) ) ;
#246 = DIRECTION ( 'NONE',  ( -0.7071067811865510144, -0.7071067811865441310, -8.761676666762183890E-17 ) ) ;
#247 = EDGE_CURVE ( 'NONE', #1787, #162, #1434, .T. ) ;
#248 = VERTEX_POINT ( 'NONE', #131 ) ;
#249 = EDGE_LOOP ( 'NONE', ( #216, #1644 ) ) ;
#250 = CARTESIAN_POINT ( 'NONE',  ( 42.00000000000000711, 5.000000000000000000, -48.94999999999999574 ) ) ;
#251 = EDGE_CURVE ( 'NONE', #1306, #675, #21, .T. ) ;
#252 = CARTESIAN_POINT ( 'NONE',  ( 42.00000000000000000, 10.00001200000000168, -5.500000000000002665 ) ) ;
#253 = DIRECTION ( 'NONE',  ( -0.000000000000000000, -1.000000000000000000, -0.000000000000000000 ) ) ;
#254 = CARTESIAN_POINT ( 'NONE',  ( 42.00000000000000000, 10.00000000000000000, -10.00000000000000000 ) ) ;
#255 = EDGE_CURVE ( 'NONE', #472, #547, #1410, .T. ) ;
#256 = EDGE_CURVE ( 'NONE', #752, #1345, #146, .T. ) ;
#257 = PLANE ( 'NONE',  #100 ) ;
#258 = EDGE_CURVE ( 'NONE', #787, #975, #1293, .T. ) ;
#259 = ORIENTED_EDGE ( 'NONE', *, *, #725, .T. ) ;
#260 = ORIENTED_EDGE ( 'NONE', *, *, #420, .F. ) ;
#261 = CARTESIAN_POINT ( 'NONE',  ( 29.12500000000000355, 17.49999999999999645, -51.00000000000000000 ) ) ;
#262 = LINE ( 'NONE', #1675, #1147 ) ;
#263 = DIRECTION ( 'NONE',  ( 0.000000000000000000, 0.000000000000000000, -1.000000000000000000 ) ) ;
#264 = AXIS2_PLACEMENT_3D ( 'NONE', #50, #1420, #1274 ) ;
#265 = VECTOR ( 'NONE', #884, 1000.000000000000000 ) ;
#266 = VECTOR ( 'NONE', #1627, 1000.000000000000000 ) ;
#267 = ORIENTED_EDGE ( 'NONE', *, *, #512, .T. ) ;
#268 = VECTOR ( 'NONE', #1485, 1000.000000000000000 ) ;
#269 = VERTEX_POINT ( 'NONE', #1136 ) ;
#270 = DIRECTION ( 'NONE',  ( 0.000000000000000000, 1.000000000000000000, 0.000000000000000000 ) ) ;
#271 = DIRECTION ( 'NONE',  ( -1.239088197126291063E-16, 0.000000000000000000, 1.000000000000000000 ) ) ;
#272 = DIRECTION ( 'NONE',  ( 0.000000000000000000, -1.000000000000000000, 0.000000000000000000 ) ) ;
#273 = CARTESIAN_POINT ( 'NONE',  ( 14.75000000000001243, 10.00000000000000000, -30.50000000000000355 ) ) ;
#274 = ORIENTED_EDGE ( 'NONE', *, *, #1729, .F. ) ;
#275 = ADVANCED_FACE ( 'NONE', ( #171 ), #1152, .F. ) ;
#276 = VERTEX_POINT ( 'NONE', #1548 ) ;
#277 = DIRECTION ( 'NONE',  ( 0.000000000000000000, 1.000000000000000000, 0.000000000000000000 ) ) ;
#278 = ADVANCED_FACE ( 'NONE', ( #310 ), #443, .F. ) ;
#279 = CARTESIAN_POINT ( 'NONE',  ( 37.25000000000001421, 24.75000000000011013, -51.00000000000000711 ) ) ;
#280 = CARTESIAN_POINT ( 'NONE',  ( 10.00000000000000355, 10.00001200000000168, -45.99999999999999289 ) ) ;
#281 = FACE_OUTER_BOUND ( 'NONE', #397, .T. ) ;
#282 = ORIENTED_EDGE ( 'NONE', *, *, #726, .F. ) ;
#283 = VERTEX_POINT ( 'NONE', #994 ) ;
#284 = ADVANCED_FACE ( 'NONE', ( #42 ), #714, .F. ) ;
#285 = VERTEX_POINT ( 'NONE', #861 ) ;
#286 = ADVANCED_FACE ( 'NONE', ( #1264, #829, #1129 ), #1564, .F. ) ;
#287 = DIRECTION ( 'NONE',  ( 0.000000000000000000, 0.000000000000000000, -1.000000000000000000 ) ) ;
#288 = LINE ( 'NONE', #837, #364 ) ;
#289 = CARTESIAN_POINT ( 'NONE',  ( 0.000000000000000000, 10.00000000000000000, 0.000000000000000000 ) ) ;
#290 = DIRECTION ( 'NONE',  ( -1.000000000000000000, 0.000000000000000000, -0.000000000000000000 ) ) ;
#291 = VECTOR ( 'NONE', #1663, 1000.000000000000000 ) ;
#292 = ORIENTED_EDGE ( 'NONE', *, *, #1765, .F. ) ;
#293 = VECTOR ( 'NONE', #1153, 1000.000000000000000 ) ;
#294 = ORIENTED_EDGE ( 'NONE', *, *, #971, .T. ) ;
#295 = VECTOR ( 'NONE', #1042, 1000.000000000000000 ) ;
#296 = DIRECTION ( 'NONE',  ( 1.000000000000000000, 0.000000000000000000, 1.239088197126291063E-16 ) ) ;
#297 = DIRECTION ( 'NONE',  ( 1.000000000000000000, 0.000000000000000000, 0.000000000000000000 ) ) ;
#298 = DIRECTION ( 'NONE',  ( 0.000000000000000000, 1.000000000000000000, 0.000000000000000000 ) ) ;
#299 = FACE_OUTER_BOUND ( 'NONE', #430, .T. ) ;
#300 = EDGE_CURVE ( 'NONE', #1670, #1268, #1322, .T. ) ;
#301 = VECTOR ( 'NONE', #828, 1000.000000000000000 ) ;
#302 = VERTEX_POINT ( 'NONE', #968 ) ;
#303 = VERTEX_POINT ( 'NONE', #575 ) ;
#304 = CARTESIAN_POINT ( 'NONE',  ( 10.00000000000000355, 10.00000000000000000, -10.00000000000000000 ) ) ;
#305 = DIRECTION ( 'NONE',  ( -0.000000000000000000, -0.000000000000000000, 1.000000000000000000 ) ) ;
#306 = FACE_BOUND ( 'NONE', #1404, .T. ) ;
#307 = ORIENTED_EDGE ( 'NONE', *, *, #971, .F. ) ;
#308 = ADVANCED_FACE ( 'NONE', ( #33, #436 ), #986, .T. ) ;
#309 = EDGE_LOOP ( 'NONE', ( #450, #890 ) ) ;
#310 = FACE_OUTER_BOUND ( 'NONE', #110, .T. ) ;
#311 = PLANE ( 'NONE',  #957 ) ;
#312 = CARTESIAN_POINT ( 'NONE',  ( 2.849902853390470826E-15, 10.00000000000000000, -23.00000000000001421 ) ) ;
#313 = ORIENTED_EDGE ( 'NONE', *, *, #1317, .T. ) ;
#314 = DIRECTION ( 'NONE',  ( 0.000000000000000000, 0.000000000000000000, -1.000000000000000000 ) ) ;
#315 = AXIS2_PLACEMENT_3D ( 'NONE', #727, #1302, #838 ) ;
#316 = ORIENTED_EDGE ( 'NONE', *, *, #389, .F. ) ;
#317 = AXIS2_PLACEMENT_3D ( 'NONE', #1512, #1212, #614 ) ;
#318 = AXIS2_PLACEMENT_3D ( 'NONE', #79, #237, #1183 ) ;
#319 = DIRECTION ( 'NONE',  ( 0.000000000000000000, -0.000000000000000000, 1.000000000000000000 ) ) ;
#320 = AXIS2_PLACEMENT_3D ( 'NONE', #59, #1207, #1753 ) ;
#321 = CARTESIAN_POINT ( 'NONE',  ( 0.000000000000000000, 10.00000000000000000, -51.00000000000000000 ) ) ;
#322 = ORIENTED_EDGE ( 'NONE', *, *, #1026, .F. ) ;
#323 = DIRECTION ( 'NONE',  ( -1.000000000000000000, 0.000000000000000000, 0.000000000000000000 ) ) ;
#324 = ORIENTED_EDGE ( 'NONE', *, *, #1798, .T. ) ;
#325 = ORIENTED_EDGE ( 'NONE', *, *, #563, .F. ) ;
#326 = CARTESIAN_POINT ( 'NONE',  ( 31.62500000000000711, 17.49999999999999645, -56.00000000000000000 ) ) ;
#327 = VECTOR ( 'NONE', #1521, 1000.000000000000000 ) ;
#328 = ADVANCED_FACE ( 'NONE', ( #552 ), #1684, .F. ) ;
#329 = ORIENTED_EDGE ( 'NONE', *, *, #1090, .F. ) ;
#330 = VECTOR ( 'NONE', #1242, 1000.000000000000000 ) ;
#331 = ADVANCED_FACE ( 'NONE', ( #979 ), #698, .F. ) ;
#332 = EDGE_CURVE ( 'NONE', #1702, #975, #1576, .T. ) ;
#333 = DIRECTION ( 'NONE',  ( 0.000000000000000000, 1.000000000000000000, 0.000000000000000000 ) ) ;
#334 = DIRECTION ( 'NONE',  ( -0.000000000000000000, 0.000000000000000000, 1.000000000000000000 ) ) ;
#335 = ORIENTED_EDGE ( 'NONE', *, *, #1224, .F. ) ;
#336 = CARTESIAN_POINT ( 'NONE',  ( 10.00000000000000355, 5.000000000000000000, -5.500000000000000888 ) ) ;
#337 = DIRECTION ( 'NONE',  ( -0.000000000000000000, -1.000000000000000000, -0.000000000000000000 ) ) ;
#338 = CARTESIAN_POINT ( 'NONE',  ( 37.25000000000001421, 10.00000000000000000, -56.00000000000000000 ) ) ;
#339 = ORIENTED_EDGE ( 'NONE', *, *, #117, .F. ) ;
#340 = EDGE_CURVE ( 'NONE', #1735, #502, #542, .T. ) ;
#341 = EDGE_CURVE ( 'NONE', #162, #1306, #78, .T. ) ;
#342 = DIRECTION ( 'NONE',  ( -0.000000000000000000, -1.000000000000000000, -0.000000000000000000 ) ) ;
#343 = DIRECTION ( 'NONE',  ( 0.000000000000000000, 0.000000000000000000, -1.000000000000000000 ) ) ;
#344 = DIRECTION ( 'NONE',  ( -1.239088197126291063E-16, 0.000000000000000000, 1.000000000000000000 ) ) ;
#345 = ORIENTED_EDGE ( 'NONE', *, *, #1113, .T. ) ;
#346 = DIRECTION ( 'NONE',  ( 0.000000000000000000, 0.000000000000000000, -1.000000000000000000 ) ) ;
#347 = DIRECTION ( 'NONE',  ( -1.239088197126291063E-16, 0.000000000000000000, 1.000000000000000000 ) ) ;
#348 = DIRECTION ( 'NONE',  ( -1.000000000000000000, 0.000000000000000000, -1.387778780781445478E-15 ) ) ;
#349 = AXIS2_PLACEMENT_3D ( 'NONE', #1515, #1394, #384 ) ;
#350 = ORIENTED_EDGE ( 'NONE', *, *, #1773, .T. ) ;
#351 = CIRCLE ( 'NONE', #1718, 2.949999999999998845 ) ;
#352 = VECTOR ( 'NONE', #91, 1000.000000000000000 ) ;
#353 = DIRECTION ( 'NONE',  ( 0.000000000000000000, 0.000000000000000000, -1.000000000000000000 ) ) ;
#354 = AXIS2_PLACEMENT_3D ( 'NONE', #101, #1188, #926 ) ;
#355 = LINE ( 'NONE', #1349, #266 ) ;
#356 = ORIENTED_EDGE ( 'NONE', *, *, #1739, .F. ) ;
#357 = DIRECTION ( 'NONE',  ( 1.239088197126291063E-16, 0.000000000000000000, -1.000000000000000000 ) ) ;
#358 = DIRECTION ( 'NONE',  ( 0.000000000000000000, -1.000000000000000000, 0.000000000000000000 ) ) ;
#359 = AXIS2_PLACEMENT_3D ( 'NONE', #15, #159, #1429 ) ;
#360 = CARTESIAN_POINT ( 'NONE',  ( 22.87500000000000711, 17.49999999999999645, -51.00000000000000000 ) ) ;
#361 = EDGE_CURVE ( 'NONE', #907, #283, #913, .T. ) ;
#362 = CARTESIAN_POINT ( 'NONE',  ( 37.24999999999997158, 0.000000000000000000, 7.033684150987384754E-14 ) ) ;
#363 = ORIENTED_EDGE ( 'NONE', *, *, #784, .T. ) ;
#364 = VECTOR ( 'NONE', #24, 1000.000000000000000 ) ;
#365 = CARTESIAN_POINT ( 'NONE',  ( 42.00000000000000711, 5.000000000000000000, -45.99999999999999289 ) ) ;
#366 = DIRECTION ( 'NONE',  ( 0.000000000000000000, 1.000000000000000000, 0.000000000000000000 ) ) ;
#367 = CARTESIAN_POINT ( 'NONE',  ( 31.62500000000000711, 17.49999999999999645, -67.18033988749895968 ) ) ;
#368 = ORIENTED_EDGE ( 'NONE', *, *, #1079, .T. ) ;
#369 = ORIENTED_EDGE ( 'NONE', *, *, #1509, .F. ) ;
#370 = CARTESIAN_POINT ( 'NONE',  ( 17.87500000000001066, 17.49999999999999645, -67.18033988749895968 ) ) ;
#371 = EDGE_LOOP ( 'NONE', ( #1399, #1072, #605, #20 ) ) ;
#372 = DIRECTION ( 'NONE',  ( 0.000000000000000000, 0.000000000000000000, 1.000000000000000000 ) ) ;
#373 = DIRECTION ( 'NONE',  ( 0.000000000000000000, 0.000000000000000000, 1.000000000000000000 ) ) ;
#374 = CARTESIAN_POINT ( 'NONE',  ( 37.24999999999999289, 24.75000000000012079, -30.50000000000000000 ) ) ;
#375 = DIRECTION ( 'NONE',  ( -0.000000000000000000, -0.000000000000000000, 1.000000000000000000 ) ) ;
#376 = ORIENTED_EDGE ( 'NONE', *, *, #749, .F. ) ;
#377 = CARTESIAN_POINT ( 'NONE',  ( 9.999999999999998224, 0.000000000000000000, -45.99999999999999289 ) ) ;
#378 = VERTEX_POINT ( 'NONE', #1050 ) ;
#379 = DIRECTION ( 'NONE',  ( 0.000000000000000000, 0.000000000000000000, 1.000000000000000000 ) ) ;
#380 = CARTESIAN_POINT ( 'NONE',  ( 0.000000000000000000, 10.00000000000000000, 0.000000000000000000 ) ) ;
#381 = CIRCLE ( 'NONE', #865, 2.950000000000001066 ) ;
#382 = AXIS2_PLACEMENT_3D ( 'NONE', #959, #138, #263 ) ;
#383 = FACE_OUTER_BOUND ( 'NONE', #30, .T. ) ;
#384 = DIRECTION ( 'NONE',  ( 0.000000000000000000, 0.000000000000000000, 1.000000000000000000 ) ) ;
#385 = VECTOR ( 'NONE', #1736, 1000.000000000000000 ) ;
#386 = VECTOR ( 'NONE', #1706, 1000.000000000000000 ) ;
#387 = EDGE_LOOP ( 'NONE', ( #345, #140, #1701, #819 ) ) ;
#388 = ORIENTED_EDGE ( 'NONE', *, *, #1113, .F. ) ;
#389 = EDGE_CURVE ( 'NONE', #63, #907, #883, .T. ) ;
#390 = ORIENTED_EDGE ( 'NONE', *, *, #1614, .T. ) ;
#391 = ADVANCED_FACE ( 'NONE', ( #613 ), #188, .F. ) ;
#392 = AXIS2_PLACEMENT_3D ( 'NONE', #796, #1654, #245 ) ;
#393 = PLANE ( 'NONE',  #867 ) ;
#394 = CYLINDRICAL_SURFACE ( 'NONE', #392, 2.500000000000002220 ) ;
#395 = LINE ( 'NONE', #803, #1131 ) ;
#396 = LINE ( 'NONE', #945, #1357 ) ;
#397 = EDGE_LOOP ( 'NONE', ( #1027, #1270, #902, #1319, #199, #1717, #1246, #168 ) ) ;
#398 = ORIENTED_EDGE ( 'NONE', *, *, #1664, .F. ) ;
#399 = VERTEX_POINT ( 'NONE', #1730 ) ;
#400 = DIRECTION ( 'NONE',  ( 0.000000000000000000, 1.000000000000000000, 0.000000000000000000 ) ) ;
#401 = DIRECTION ( 'NONE',  ( -1.000000000000000000, 0.000000000000000000, -0.000000000000000000 ) ) ;
#402 = DIRECTION ( 'NONE',  ( 1.000000000000000000, 0.000000000000000000, 1.239088197126291063E-16 ) ) ;
#403 = EDGE_LOOP ( 'NONE', ( #825, #1437, #636, #1652 ) ) ;
#404 = ORIENTED_EDGE ( 'NONE', *, *, #1729, .T. ) ;
#405 = CARTESIAN_POINT ( 'NONE',  ( 29.12500000000000355, 17.49999999999999645, -25.50000000000000355 ) ) ;
#406 = PLANE ( 'NONE',  #1506 ) ;
#407 = CARTESIAN_POINT ( 'NONE',  ( 0.000000000000000000, 10.00000000000000000, 0.000000000000000000 ) ) ;
#408 = AXIS2_PLACEMENT_3D ( 'NONE', #1620, #1483, #343 ) ;
#409 = DIRECTION ( 'NONE',  ( 1.239088197126291063E-16, 0.000000000000000000, -1.000000000000000000 ) ) ;
#410 = VERTEX_POINT ( 'NONE', #65 ) ;
#411 = VECTOR ( 'NONE', #497, 1000.000000000000000 ) ;
#412 = ADVANCED_FACE ( 'NONE', ( #474, #591 ), #1329, .T. ) ;
#413 = EDGE_CURVE ( 'NONE', #992, #1781, #899, .T. ) ;
#414 = ORIENTED_EDGE ( 'NONE', *, *, #725, .F. ) ;
#415 = VERTEX_POINT ( 'NONE', #1009 ) ;
#416 = DIRECTION ( 'NONE',  ( -0.000000000000000000, -1.000000000000000000, -0.000000000000000000 ) ) ;
#417 = LINE ( 'NONE', #130, #1085 ) ;
#418 = DIRECTION ( 'NONE',  ( 0.000000000000000000, 0.000000000000000000, -1.000000000000000000 ) ) ;
#419 = PRODUCT_DEFINITION_FORMATION_WITH_SPECIFIED_SOURCE ( 'ANY', '', #1674, .NOT_KNOWN. ) ;
#420 = EDGE_CURVE ( 'NONE', #213, #800, #351, .T. ) ;
#421 = LINE ( 'NONE', #148, #1201 ) ;
#422 = EDGE_LOOP ( 'NONE', ( #530, #1666, #928, #454 ) ) ;
#423 = EDGE_CURVE ( 'NONE', #853, #1526, #1348, .T. ) ;
#424 = EDGE_LOOP ( 'NONE', ( #440, #1301, #799, #1594 ) ) ;
#425 = VERTEX_POINT ( 'NONE', #93 ) ;
#426 = CARTESIAN_POINT ( 'NONE',  ( 42.00000000000000711, 5.000000000000000000, -45.99999999999999289 ) ) ;
#427 = CARTESIAN_POINT ( 'NONE',  ( 9.999999999999998224, 5.000000000000000000, -45.99999999999999289 ) ) ;
#428 = DIRECTION ( 'NONE',  ( -0.000000000000000000, -1.000000000000000000, -0.000000000000000000 ) ) ;
#429 = CYLINDRICAL_SURFACE ( 'NONE', #496, 4.500000000000003553 ) ;
#430 = EDGE_LOOP ( 'NONE', ( #76, #1184, #128, #912 ) ) ;
#431 = EDGE_LOOP ( 'NONE', ( #615, #881, #376, #1309, #723 ) ) ;
#432 = ORIENTED_EDGE ( 'NONE', *, *, #1225, .T. ) ;
#433 = LINE ( 'NONE', #1716, #779 ) ;
#434 = ADVANCED_FACE ( 'NONE', ( #629 ), #1307, .F. ) ;
#435 = CYLINDRICAL_SURFACE ( 'NONE', #1416, 2.499999999999998668 ) ;
#436 = FACE_OUTER_BOUND ( 'NONE', #1463, .T. ) ;
#437 = DIRECTION ( 'NONE',  ( 0.000000000000000000, 0.000000000000000000, -1.000000000000000000 ) ) ;
#438 = VECTOR ( 'NONE', #1511, 1000.000000000000000 ) ;
#439 = VECTOR ( 'NONE', #1458, 1000.000000000000000 ) ;
#440 = ORIENTED_EDGE ( 'NONE', *, *, #1228, .F. ) ;
#441 = AXIS2_PLACEMENT_3D ( 'NONE', #598, #1166, #314 ) ;
#442 = ADVANCED_FACE ( 'NONE', ( #1606 ), #1453, .F. ) ;
#443 = CYLINDRICAL_SURFACE ( 'NONE', #1352, 2.950000000000001066 ) ;
#444 = DIRECTION ( 'NONE',  ( 0.000000000000000000, 0.000000000000000000, -1.000000000000000000 ) ) ;
#445 = DIRECTION ( 'NONE',  ( 1.000000000000000000, 0.000000000000000000, 0.000000000000000000 ) ) ;
#446 = ORIENTED_EDGE ( 'NONE', *, *, #341, .T. ) ;
#447 = DIRECTION ( 'NONE',  ( -0.000000000000000000, -1.000000000000000000, -0.000000000000000000 ) ) ;
#448 = CARTESIAN_POINT ( 'NONE',  ( 22.87500000000000711, 17.49999999999999645, -25.50000000000000355 ) ) ;
#449 = CARTESIAN_POINT ( 'NONE',  ( 34.12500000000000711, 22.49999999999999645, -67.18033988749895968 ) ) ;
#450 = ORIENTED_EDGE ( 'NONE', *, *, #19, .T. ) ;
#451 = CARTESIAN_POINT ( 'NONE',  ( 52.00000000000000711, 10.00000000000000000, 0.000000000000000000 ) ) ;
#452 = DIRECTION ( 'NONE',  ( 0.000000000000000000, 0.000000000000000000, 1.000000000000000000 ) ) ;
#453 = DIRECTION ( 'NONE',  ( -1.239088197126291063E-16, 0.000000000000000000, 1.000000000000000000 ) ) ;
#454 = ORIENTED_EDGE ( 'NONE', *, *, #1765, .T. ) ;
#455 = CARTESIAN_POINT ( 'NONE',  ( 37.25000000000001421, 30.00000000000000000, -56.00000000000000000 ) ) ;
#456 = EDGE_CURVE ( 'NONE', #757, #677, #381, .T. ) ;
#457 = LINE ( 'NONE', #143, #8 ) ;
#458 = VECTOR ( 'NONE', #1095, 1000.000000000000000 ) ;
#459 = EDGE_CURVE ( 'NONE', #302, #547, #870, .T. ) ;
#460 = VECTOR ( 'NONE', #272, 1000.000000000000000 ) ;
#461 = ORIENTED_EDGE ( 'NONE', *, *, #1501, .T. ) ;
#462 = VECTOR ( 'NONE', #783, 1000.000000000000000 ) ;
#463 = CARTESIAN_POINT ( 'NONE',  ( 9.999999999999998224, 10.00000000000000000, -45.99999999999999289 ) ) ;
#464 = CARTESIAN_POINT ( 'NONE',  ( 14.75000000000001243, 24.74999999999996803, -30.50000000000000355 ) ) ;
#465 = ORIENTED_EDGE ( 'NONE', *, *, #1798, .F. ) ;
#466 = CARTESIAN_POINT ( 'NONE',  ( 37.25000000000001421, 10.00000000000000000, -30.50000000000000000 ) ) ;
#467 = CARTESIAN_POINT ( 'NONE',  ( 42.00000000000000711, 10.00000000000000000, -41.49999999999998579 ) ) ;
#468 = ADVANCED_FACE ( 'NONE', ( #1461 ), #1182, .F. ) ;
#469 = DIRECTION ( 'NONE',  ( 0.000000000000000000, 1.000000000000000000, 0.000000000000000000 ) ) ;
#470 = CIRCLE ( 'NONE', #637, 4.500000000000003553 ) ;
#471 = EDGE_CURVE ( 'NONE', #1123, #587, #1473, .T. ) ;
#472 = VERTEX_POINT ( 'NONE', #1037 ) ;
#473 = CARTESIAN_POINT ( 'NONE',  ( 42.00000000000000000, 10.00000000000000000, -5.500000000000002665 ) ) ;
#474 = FACE_BOUND ( 'NONE', #805, .T. ) ;
#475 = FACE_BOUND ( 'NONE', #1229, .T. ) ;
#476 = VERTEX_POINT ( 'NONE', #905 ) ;
#477 = CARTESIAN_POINT ( 'NONE',  ( 0.000000000000000000, 10.00000000000000000, 0.000000000000000000 ) ) ;
#478 = CARTESIAN_POINT ( 'NONE',  ( 10.00000000000000355, 0.000000000000000000, -10.00000000000000000 ) ) ;
#479 = AXIS2_PLACEMENT_3D ( 'NONE', #1801, #1252, #1071 ) ;
#480 = DIRECTION ( 'NONE',  ( 0.000000000000000000, 0.000000000000000000, -1.000000000000000000 ) ) ;
#481 = ADVANCED_FACE ( 'NONE', ( #766 ), #87, .F. ) ;
#482 = ORIENTED_EDGE ( 'NONE', *, *, #1773, .F. ) ;
#483 = DIRECTION ( 'NONE',  ( -0.000000000000000000, -0.000000000000000000, 1.000000000000000000 ) ) ;
#484 = MANIFOLD_SOLID_BREP ( 'Chamfer2', #880 ) ;
#485 = LINE ( 'NONE', #1341, #1411 ) ;
#486 = EDGE_CURVE ( 'NONE', #918, #771, #236, .T. ) ;
#487 = ORIENTED_EDGE ( 'NONE', *, *, #840, .T. ) ;
#488 = CARTESIAN_POINT ( 'NONE',  ( 29.12500000000000711, 22.49999999999999645, -67.18033988749895968 ) ) ;
#489 = CARTESIAN_POINT ( 'NONE',  ( 37.25000000000001421, 24.75000000000011369, -1.827655090761279072E-15 ) ) ;
#490 = CARTESIAN_POINT ( 'NONE',  ( 52.00000000000000711, 0.000000000000000000, 0.000000000000000000 ) ) ;
#491 = ORIENTED_EDGE ( 'NONE', *, *, #1347, .F. ) ;
#492 = AXIS2_PLACEMENT_3D ( 'NONE', #503, #1088, #1204 ) ;
#493 = EDGE_CURVE ( 'NONE', #677, #1748, #1218, .T. ) ;
#494 = CIRCLE ( 'NONE', #1467, 2.499999999999998668 ) ;
#495 = CARTESIAN_POINT ( 'NONE',  ( 42.00000000000000000, 10.00001200000000168, -14.49999999999999822 ) ) ;
#496 = AXIS2_PLACEMENT_3D ( 'NONE', #1566, #35, #1685 ) ;
#497 = DIRECTION ( 'NONE',  ( 0.7071067811865440200, -0.7071067811865511255, 0.000000000000000000 ) ) ;
#498 = CARTESIAN_POINT ( 'NONE',  ( 29.12500000000000711, 10.00000000000000178, -51.00000000000000000 ) ) ;
#499 = CARTESIAN_POINT ( 'NONE',  ( 0.000000000000000000, 10.00000000000000000, 0.000000000000000000 ) ) ;
#500 = VECTOR ( 'NONE', #774, 1000.000000000000000 ) ;
#501 = DIRECTION ( 'NONE',  ( 0.000000000000000000, 0.000000000000000000, 1.000000000000000000 ) ) ;
#502 = VERTEX_POINT ( 'NONE', #940 ) ;
#503 = CARTESIAN_POINT ( 'NONE',  ( 10.00000000000000355, 10.00000000000000000, -45.99999999999999289 ) ) ;
#504 = DIRECTION ( 'NONE',  ( 8.761676666762209775E-17, -0.7071067811865419106, -0.7071067811865532349 ) ) ;
#505 = DIRECTION ( 'NONE',  ( -1.239088197126291063E-16, 0.000000000000000000, 1.000000000000000000 ) ) ;
#506 = PLANE ( 'NONE',  #1111 ) ;
#507 = CARTESIAN_POINT ( 'NONE',  ( 52.00000000000000711, 10.00000000000000000, -23.00000000000000711 ) ) ;
#508 = ORIENTED_EDGE ( 'NONE', *, *, #921, .F. ) ;
#509 = CARTESIAN_POINT ( 'NONE',  ( 14.75000000000001243, 30.00000000000000000, -56.00000000000000000 ) ) ;
#510 = DIRECTION ( 'NONE',  ( 1.000000000000000000, 0.000000000000000000, 0.000000000000000000 ) ) ;
#511 = DIRECTION ( 'NONE',  ( -0.000000000000000000, -1.000000000000000000, -0.000000000000000000 ) ) ;
#512 = EDGE_CURVE ( 'NONE', #415, #160, #64, .T. ) ;
#513 = DIRECTION ( 'NONE',  ( -0.7071067811865441310, 0.7071067811865510144, -8.761676666762096376E-17 ) ) ;
#514 = EDGE_LOOP ( 'NONE', ( #1551, #1804, #626, #404 ) ) ;
#515 = EDGE_CURVE ( 'NONE', #1100, #1226, #793, .T. ) ;
#516 = ORIENTED_EDGE ( 'NONE', *, *, #1423, .T. ) ;
#517 =( NAMED_UNIT ( * ) SI_UNIT ( $, .STERADIAN. ) SOLID_ANGLE_UNIT ( ) );
#518 = CARTESIAN_POINT ( 'NONE',  ( 37.24999999999999289, 24.75000000000011724, -25.50000000000000000 ) ) ;
#519 = AXIS2_PLACEMENT_3D ( 'NONE', #561, #1698, #1003 ) ;
#520 = DIRECTION ( 'NONE',  ( 0.000000000000000000, 0.000000000000000000, -1.000000000000000000 ) ) ;
#521 = FACE_OUTER_BOUND ( 'NONE', #1132, .T. ) ;
#522 = AXIS2_PLACEMENT_3D ( 'NONE', #189, #210, #183 ) ;
#523 = ORIENTED_EDGE ( 'NONE', *, *, #840, .F. ) ;
#524 = ORIENTED_EDGE ( 'NONE', *, *, #413, .F. ) ;
#525 = ORIENTED_EDGE ( 'NONE', *, *, #1772, .F. ) ;
#526 = LINE ( 'NONE', #658, #1074 ) ;
#527 = DIRECTION ( 'NONE',  ( 0.000000000000000000, 0.000000000000000000, -1.000000000000000000 ) ) ;
#528 = DIRECTION ( 'NONE',  ( -0.000000000000000000, 1.000000000000000000, -0.000000000000000000 ) ) ;
#529 = EDGE_LOOP ( 'NONE', ( #1179, #583, #1767, #594 ) ) ;
#530 = ORIENTED_EDGE ( 'NONE', *, *, #1171, .F. ) ;
#531 = EDGE_LOOP ( 'NONE', ( #363, #955 ) ) ;
#532 = CARTESIAN_POINT ( 'NONE',  ( 31.62500000000000711, 17.49999999999999645, -50.99999999999999289 ) ) ;
#533 = CARTESIAN_POINT ( 'NONE',  ( 17.87500000000001066, 22.49999999999999645, -67.18033988749895968 ) ) ;
#534 = EDGE_CURVE ( 'NONE', #872, #141, #1375, .T. ) ;
#535 = CARTESIAN_POINT ( 'NONE',  ( 10.00000000000000355, 10.00001200000000168, -50.49999999999998579 ) ) ;
#536 = ORIENTED_EDGE ( 'NONE', *, *, #534, .T. ) ;
#537 = ORIENTED_EDGE ( 'NONE', *, *, #1144, .T. ) ;
#538 = EDGE_LOOP ( 'NONE', ( #1550, #135, #54, #1440 ) ) ;
#539 = DIRECTION ( 'NONE',  ( -1.387778780781445478E-15, 0.000000000000000000, 1.000000000000000000 ) ) ;
#540 = CARTESIAN_POINT ( 'NONE',  ( 10.00000000000000355, 10.00000000000000000, -14.49999999999999822 ) ) ;
#541 = FACE_OUTER_BOUND ( 'NONE', #82, .T. ) ;
#542 = CIRCLE ( 'NONE', #570, 4.499999999999997335 ) ;
#543 = CARTESIAN_POINT ( 'NONE',  ( -8.326672684688674053E-14, 10.00000000000000000, 0.000000000000000000 ) ) ;
#544 = ORIENTED_EDGE ( 'NONE', *, *, #176, .F. ) ;
#545 = AXIS2_PLACEMENT_3D ( 'NONE', #326, #847, #550 ) ;
#546 = AXIS2_PLACEMENT_3D ( 'NONE', #543, #1109, #1561 ) ;
#547 = VERTEX_POINT ( 'NONE', #405 ) ;
#548 = PRODUCT_DEFINITION_SHAPE ( 'NONE', 'NONE',  #1291 ) ;
#549 = VERTEX_POINT ( 'NONE', #948 ) ;
#550 = DIRECTION ( 'NONE',  ( 1.000000000000000000, 0.000000000000000000, 0.000000000000000000 ) ) ;
#551 = CARTESIAN_POINT ( 'NONE',  ( 22.87500000000000711, 10.00000000000000178, -51.00000000000000000 ) ) ;
#552 = FACE_OUTER_BOUND ( 'NONE', #1415, .T. ) ;
#553 = AXIS2_PLACEMENT_3D ( 'NONE', #1637, #505, #510 ) ;
#554 = DIRECTION ( 'NONE',  ( 0.000000000000000000, -1.000000000000000000, 0.000000000000000000 ) ) ;
#555 = ORIENTED_EDGE ( 'NONE', *, *, #125, .T. ) ;
#556 = EDGE_LOOP ( 'NONE', ( #369, #1084, #886, #720 ) ) ;
#557 = EDGE_CURVE ( 'NONE', #221, #684, #526, .T. ) ;
#558 = ORIENTED_EDGE ( 'NONE', *, *, #486, .T. ) ;
#559 = FACE_BOUND ( 'NONE', #875, .T. ) ;
#560 = DIRECTION ( 'NONE',  ( 0.000000000000000000, 1.000000000000000000, 0.000000000000000000 ) ) ;
#561 = CARTESIAN_POINT ( 'NONE',  ( 42.00000000000000000, 10.00000000000000000, -10.00000000000000000 ) ) ;
#562 = CARTESIAN_POINT ( 'NONE',  ( 10.00000000000000355, 10.00000000000000000, -5.500000000000000888 ) ) ;
#563 = EDGE_CURVE ( 'NONE', #502, #1735, #987, .T. ) ;
#564 = EDGE_CURVE ( 'NONE', #1338, #585, #1133, .T. ) ;
#565 = ORIENTED_EDGE ( 'NONE', *, *, #859, .T. ) ;
#566 = CARTESIAN_POINT ( 'NONE',  ( 9.999999999999998224, 0.000000000000000000, -43.04999999999999005 ) ) ;
#567 = DIRECTION ( 'NONE',  ( 0.000000000000000000, 1.000000000000000000, 0.000000000000000000 ) ) ;
#568 = CARTESIAN_POINT ( 'NONE',  ( 29.12500000000000711, 22.49999999999999645, -67.18033988749895968 ) ) ;
#569 = CARTESIAN_POINT ( 'NONE',  ( 31.62500000000000711, 22.50000000000000000, -30.50000000000000000 ) ) ;
#570 = AXIS2_PLACEMENT_3D ( 'NONE', #166, #709, #1284 ) ;
#571 = VECTOR ( 'NONE', #1010, 1000.000000000000000 ) ;
#572 = VECTOR ( 'NONE', #1069, 1000.000000000000000 ) ;
#573 = ORIENTED_EDGE ( 'NONE', *, *, #1051, .F. ) ;
#574 = CIRCLE ( 'NONE', #1170, 2.950000000000001066 ) ;
#575 = CARTESIAN_POINT ( 'NONE',  ( 34.12500000000000711, 17.49999999999999645, -30.50000000000000000 ) ) ;
#576 = CARTESIAN_POINT ( 'NONE',  ( 52.00000000000001421, 10.00000000000000000, -50.99999999999999289 ) ) ;
#577 = CARTESIAN_POINT ( 'NONE',  ( 22.87500000000000711, 22.49999999999999645, -30.50000000000000000 ) ) ;
#578 = ORIENTED_EDGE ( 'NONE', *, *, #1367, .F. ) ;
#579 = DIRECTION ( 'NONE',  ( -0.000000000000000000, -0.000000000000000000, -1.000000000000000000 ) ) ;
#580 = VERTEX_POINT ( 'NONE', #1788 ) ;
#581 = DIRECTION ( 'NONE',  ( -0.000000000000000000, 1.000000000000000000, -0.000000000000000000 ) ) ;
#582 = LINE ( 'NONE', #56, #753 ) ;
#583 = ORIENTED_EDGE ( 'NONE', *, *, #1772, .T. ) ;
#584 = CARTESIAN_POINT ( 'NONE',  ( 37.25000000000001421, 0.000000000000000000, -1.827655090761279072E-15 ) ) ;
#585 = VERTEX_POINT ( 'NONE', #250 ) ;
#586 = ADVANCED_FACE ( 'NONE', ( #1760, #801 ), #1520, .T. ) ;
#587 = VERTEX_POINT ( 'NONE', #261 ) ;
#588 = CARTESIAN_POINT ( 'NONE',  ( 9.999999999999998224, 5.000000000000000000, -43.04999999999999005 ) ) ;
#589 = ORIENTED_EDGE ( 'NONE', *, *, #1556, .F. ) ;
#590 =( LENGTH_UNIT ( ) NAMED_UNIT ( * ) SI_UNIT ( .MILLI., .METRE. ) );
#591 = FACE_OUTER_BOUND ( 'NONE', #717, .T. ) ;
#592 = EDGE_CURVE ( 'NONE', #276, #1356, #1695, .T. ) ;
#593 = CARTESIAN_POINT ( 'NONE',  ( 34.12500000000000711, 17.49999999999999645, -56.00000000000000000 ) ) ;
#594 = ORIENTED_EDGE ( 'NONE', *, *, #389, .T. ) ;
#595 = CARTESIAN_POINT ( 'NONE',  ( 34.12500000000000711, 17.49999999999999645, -25.50000000000000355 ) ) ;
#596 = LINE ( 'NONE', #1457, #1289 ) ;
#597 = EDGE_CURVE ( 'NONE', #1236, #174, #1366, .T. ) ;
#598 = CARTESIAN_POINT ( 'NONE',  ( 0.000000000000000000, 10.00000000000000000, 0.000000000000000000 ) ) ;
#599 = CARTESIAN_POINT ( 'NONE',  ( 29.12500000000000711, 22.49999999999999645, -67.18033988749895968 ) ) ;
#600 = ORIENTED_EDGE ( 'NONE', *, *, #169, .F. ) ;
#601 = AXIS2_PLACEMENT_3D ( 'NONE', #1035, #1624, #480 ) ;
#602 = SHAPE_DEFINITION_REPRESENTATION ( #548, #1285 ) ;
#603 = DIRECTION ( 'NONE',  ( 0.000000000000000000, 1.000000000000000000, 0.000000000000000000 ) ) ;
#604 = CARTESIAN_POINT ( 'NONE',  ( 34.12500000000000711, 17.49999999999999645, -67.18033988749895968 ) ) ;
#605 = ORIENTED_EDGE ( 'NONE', *, *, #891, .F. ) ;
#606 = FACE_OUTER_BOUND ( 'NONE', #556, .T. ) ;
#607 = PLANE ( 'NONE',  #1222 ) ;
#608 = DIRECTION ( 'NONE',  ( -0.000000000000000000, -0.000000000000000000, 1.000000000000000000 ) ) ;
#609 = VECTOR ( 'NONE', #32, 1000.000000000000000 ) ;
#610 = EDGE_LOOP ( 'NONE', ( #1518, #1110, #211, #1715 ) ) ;
#611 = EDGE_CURVE ( 'NONE', #425, #31, #1784, .T. ) ;
#612 = DIRECTION ( 'NONE',  ( 0.000000000000000000, -1.000000000000000000, 0.000000000000000000 ) ) ;
#613 = FACE_OUTER_BOUND ( 'NONE', #1738, .T. ) ;
#614 = DIRECTION ( 'NONE',  ( 0.000000000000000000, 0.000000000000000000, -1.000000000000000000 ) ) ;
#615 = ORIENTED_EDGE ( 'NONE', *, *, #147, .F. ) ;
#616 = CARTESIAN_POINT ( 'NONE',  ( 31.62500000000000711, 22.50000000000000000, -56.00000000000000000 ) ) ;
#617 = DIRECTION ( 'NONE',  ( 0.000000000000000000, 0.000000000000000000, 1.000000000000000000 ) ) ;
#618 = CARTESIAN_POINT ( 'NONE',  ( 34.12500000000000711, 17.49999999999999645, -50.99999999999999289 ) ) ;
#619 = ORIENTED_EDGE ( 'NONE', *, *, #1121, .F. ) ;
#620 = EDGE_CURVE ( 'NONE', #918, #1123, #628, .T. ) ;
#621 = CARTESIAN_POINT ( 'NONE',  ( 42.00000000000000000, 10.00001200000000168, -10.00000000000000000 ) ) ;
#622 = DIRECTION ( 'NONE',  ( 1.000000000000000000, 0.000000000000000000, 1.239088197126291063E-16 ) ) ;
#623 = DIRECTION ( 'NONE',  ( 0.5773502691896245098, -0.5773502691896309491, 0.5773502691896217343 ) ) ;
#624 = DIRECTION ( 'NONE',  ( 0.000000000000000000, 0.000000000000000000, 1.000000000000000000 ) ) ;
#625 = CARTESIAN_POINT ( 'NONE',  ( -8.010705194421465937E-14, 10.00000000000000355, -50.99999999999999289 ) ) ;
#626 = ORIENTED_EDGE ( 'NONE', *, *, #1288, .T. ) ;
#627 = AXIS2_PLACEMENT_3D ( 'NONE', #463, #1719, #218 ) ;
#628 = CIRCLE ( 'NONE', #545, 2.500000000000002220 ) ;
#629 = FACE_OUTER_BOUND ( 'NONE', #1073, .T. ) ;
#630 = VECTOR ( 'NONE', #1549, 1000.000000000000000 ) ;
#631 = CARTESIAN_POINT ( 'NONE',  ( 0.000000000000000000, 10.00000000000000000, 0.000000000000000000 ) ) ;
#632 = CARTESIAN_POINT ( 'NONE',  ( -1.387778780781444918E-13, 10.00000000000000000, -1.925929944387234508E-28 ) ) ;
#633 = CYLINDRICAL_SURFACE ( 'NONE', #320, 2.950000000000001066 ) ;
#634 = ORIENTED_EDGE ( 'NONE', *, *, #340, .F. ) ;
#635 = DIRECTION ( 'NONE',  ( 8.597901537443010945E-32, 1.000000000000000000, -6.938893903907223447E-16 ) ) ;
#636 = ORIENTED_EDGE ( 'NONE', *, *, #1228, .T. ) ;
#637 = AXIS2_PLACEMENT_3D ( 'NONE', #120, #1779, #520 ) ;
#638 = FILL_AREA_STYLE ('',( #668 ) ) ;
#639 = EDGE_CURVE ( 'NONE', #502, #410, #741, .T. ) ;
#640 = CARTESIAN_POINT ( 'NONE',  ( 42.00000000000000000, 5.000000000000000000, -7.049999999999996270 ) ) ;
#641 = AXIS2_PLACEMENT_3D ( 'NONE', #1486, #1335, #617 ) ;
#642 = PLANE ( 'NONE',  #763 ) ;
#643 = CYLINDRICAL_SURFACE ( 'NONE', #1279, 2.499999999999998668 ) ;
#644 = EDGE_CURVE ( 'NONE', #832, #1007, #1262, .T. ) ;
#645 = ORIENTED_EDGE ( 'NONE', *, *, #834, .F. ) ;
#646 = EDGE_CURVE ( 'NONE', #1236, #787, #1727, .T. ) ;
#647 = EDGE_LOOP ( 'NONE', ( #1381, #1276 ) ) ;
#648 = ORIENTED_EDGE ( 'NONE', *, *, #592, .F. ) ;
#649 = DIRECTION ( 'NONE',  ( 0.000000000000000000, 0.000000000000000000, -1.000000000000000000 ) ) ;
#650 = CARTESIAN_POINT ( 'NONE',  ( 14.75000000000000533, 12.50000000000003020, -25.50000000000000355 ) ) ;
#651 = CARTESIAN_POINT ( 'NONE',  ( 29.12500000000000711, 22.49999999999999645, -67.18033988749895968 ) ) ;
#652 = CARTESIAN_POINT ( 'NONE',  ( 10.00000000000000355, 5.000000000000000000, -7.050000000000001599 ) ) ;
#653 = EDGE_CURVE ( 'NONE', #248, #789, #706, .T. ) ;
#654 = ADVANCED_FACE ( 'NONE', ( #1689 ), #889, .T. ) ;
#655 = EDGE_LOOP ( 'NONE', ( #175, #1000, #1651, #1405 ) ) ;
#656 = CIRCLE ( 'NONE', #349, 4.499999999999997335 ) ;
#657 = ORIENTED_EDGE ( 'NONE', *, *, #1134, .T. ) ;
#658 = CARTESIAN_POINT ( 'NONE',  ( 14.75000000000001243, 10.00000000000000000, -56.00000000000000000 ) ) ;
#659 = AXIS2_PLACEMENT_3D ( 'NONE', #1211, #922, #1768 ) ;
#660 = DIRECTION ( 'NONE',  ( 0.000000000000000000, 1.000000000000000000, 0.000000000000000000 ) ) ;
#661 = CARTESIAN_POINT ( 'NONE',  ( 42.00000000000000711, 0.000000000000000000, -48.94999999999999574 ) ) ;
#662 = CIRCLE ( 'NONE', #1696, 2.950000000000001066 ) ;
#663 = CIRCLE ( 'NONE', #1438, 2.500000000000002220 ) ;
#664 = CARTESIAN_POINT ( 'NONE',  ( 37.25000000000001421, 10.00000000000000178, -51.00000000000000000 ) ) ;
#665 = ORIENTED_EDGE ( 'NONE', *, *, #256, .T. ) ;
#666 = ORIENTED_EDGE ( 'NONE', *, *, #953, .T. ) ;
#667 = ORIENTED_EDGE ( 'NONE', *, *, #456, .T. ) ;
#668 = FILL_AREA_STYLE_COLOUR ( '', #1782 ) ;
#669 = EDGE_CURVE ( 'NONE', #283, #1526, #1282, .T. ) ;
#670 = VECTOR ( 'NONE', #949, 1000.000000000000000 ) ;
#671 = CYLINDRICAL_SURFACE ( 'NONE', #1176, 4.499999999999999112 ) ;
#672 = CARTESIAN_POINT ( 'NONE',  ( 37.25000000000001421, 30.00000000000000355, -30.50000000000000000 ) ) ;
#673 = FACE_OUTER_BOUND ( 'NONE', #1373, .T. ) ;
#674 = VERTEX_POINT ( 'NONE', #1400 ) ;
#675 = VERTEX_POINT ( 'NONE', #1025 ) ;
#676 = ADVANCED_FACE ( 'NONE', ( #1102 ), #966, .F. ) ;
#677 = VERTEX_POINT ( 'NONE', #588 ) ;
#678 = EDGE_CURVE ( 'NONE', #1374, #1413, #1249, .T. ) ;
#679 = DIRECTION ( 'NONE',  ( 0.000000000000000000, 1.000000000000000000, 0.000000000000000000 ) ) ;
#680 = DIRECTION ( 'NONE',  ( -0.000000000000000000, -0.000000000000000000, 1.000000000000000000 ) ) ;
#681 = DIRECTION ( 'NONE',  ( -1.387778780781445478E-15, 0.000000000000000000, 1.000000000000000000 ) ) ;
#682 = DIRECTION ( 'NONE',  ( 0.000000000000000000, -1.000000000000000000, 0.000000000000000000 ) ) ;
#683 = LINE ( 'NONE', #1277, #1615 ) ;
#684 = VERTEX_POINT ( 'NONE', #1157 ) ;
#685 = ORIENTED_EDGE ( 'NONE', *, *, #341, .F. ) ;
#686 = DIRECTION ( 'NONE',  ( -0.000000000000000000, -0.000000000000000000, 1.000000000000000000 ) ) ;
#687 = CARTESIAN_POINT ( 'NONE',  ( 22.87500000000000711, 17.49999999999999645, -67.18033988749895968 ) ) ;
#688 = CARTESIAN_POINT ( 'NONE',  ( 37.25000000000000711, 10.00000000000000000, -25.50000000000000000 ) ) ;
#689 = DIRECTION ( 'NONE',  ( 1.000000000000000000, 0.000000000000000000, -0.000000000000000000 ) ) ;
#690 = EDGE_LOOP ( 'NONE', ( #1093, #524 ) ) ;
#691 = VECTOR ( 'NONE', #1604, 1000.000000000000000 ) ;
#692 = AXIS2_PLACEMENT_3D ( 'NONE', #212, #758, #44 ) ;
#693 = ORIENTED_EDGE ( 'NONE', *, *, #1339, .T. ) ;
#694 = AXIS2_PLACEMENT_3D ( 'NONE', #499, #358, #201 ) ;
#695 = ORIENTED_EDGE ( 'NONE', *, *, #534, .F. ) ;
#696 = CYLINDRICAL_SURFACE ( 'NONE', #1354, 2.949999999999999289 ) ;
#697 = CARTESIAN_POINT ( 'NONE',  ( 14.75000000000001243, 30.00000000000000355, -51.00000000000000000 ) ) ;
#698 = CYLINDRICAL_SURFACE ( 'NONE', #315, 2.950000000000001066 ) ;
#699 = VECTOR ( 'NONE', #680, 1000.000000000000000 ) ;
#700 = EDGE_CURVE ( 'NONE', #1764, #920, #433, .T. ) ;
#701 = FACE_BOUND ( 'NONE', #842, .T. ) ;
#702 = ORIENTED_EDGE ( 'NONE', *, *, #1509, .T. ) ;
#703 = EDGE_CURVE ( 'NONE', #22, #1488, #1539, .T. ) ;
#704 = ORIENTED_EDGE ( 'NONE', *, *, #653, .T. ) ;
#705 = ORIENTED_EDGE ( 'NONE', *, *, #1265, .F. ) ;
#706 = LINE ( 'NONE', #1127, #439 ) ;
#707 = VECTOR ( 'NONE', #402, 1000.000000000000000 ) ;
#708 = FACE_OUTER_BOUND ( 'NONE', #86, .T. ) ;
#709 = DIRECTION ( 'NONE',  ( -0.000000000000000000, 1.000000000000000000, -0.000000000000000000 ) ) ;
#710 = LINE ( 'NONE', #1677, #1471 ) ;
#711 = ORIENTED_EDGE ( 'NONE', *, *, #1600, .T. ) ;
#712 = ORIENTED_EDGE ( 'NONE', *, *, #917, .T. ) ;
#713 = PRODUCT_CONTEXT ( 'NONE', #1330, 'mechanical' ) ;
#714 = CYLINDRICAL_SURFACE ( 'NONE', #1407, 4.499999999999997335 ) ;
#715 = LINE ( 'NONE', #1579, #265 ) ;
#716 = FACE_OUTER_BOUND ( 'NONE', #1659, .T. ) ;
#717 = EDGE_LOOP ( 'NONE', ( #1424, #1797 ) ) ;
#718 = VECTOR ( 'NONE', #447, 1000.000000000000000 ) ;
#719 = CIRCLE ( 'NONE', #124, 2.950000000000001066 ) ;
#720 = ORIENTED_EDGE ( 'NONE', *, *, #1253, .F. ) ;
#721 = CIRCLE ( 'NONE', #153, 2.499999999999998668 ) ;
#722 = EDGE_CURVE ( 'NONE', #1156, #1475, #1595, .T. ) ;
#723 = ORIENTED_EDGE ( 'NONE', *, *, #1481, .T. ) ;
#724 = VECTOR ( 'NONE', #253, 1000.000000000000000 ) ;
#725 = EDGE_CURVE ( 'NONE', #141, #752, #457, .T. ) ;
#726 = EDGE_CURVE ( 'NONE', #807, #63, #827, .T. ) ;
#727 = CARTESIAN_POINT ( 'NONE',  ( 42.00000000000000711, 10.00000000000000000, -45.99999999999999289 ) ) ;
#728 = PLANE ( 'NONE',  #1613 ) ;
#729 = CARTESIAN_POINT ( 'NONE',  ( 14.75000000000001243, 10.00000000000000178, -51.00000000000000000 ) ) ;
#730 = ORIENTED_EDGE ( 'NONE', *, *, #897, .T. ) ;
#731 = ORIENTED_EDGE ( 'NONE', *, *, #471, .T. ) ;
#732 = ADVANCED_FACE ( 'NONE', ( #154 ), #696, .F. ) ;
#733 = ADVANCED_FACE ( 'NONE', ( #559, #1117 ), #1272, .T. ) ;
#734 = APPLICATION_PROTOCOL_DEFINITION ( 'draft international standard', 'automotive_design', 1998, #1330 ) ;
#735 = DIRECTION ( 'NONE',  ( 1.239088197126290817E-16, 0.000000000000000000, -1.000000000000000000 ) ) ;
#736 = DIRECTION ( 'NONE',  ( 1.000000000000000000, 0.000000000000000000, 0.000000000000000000 ) ) ;
#737 = ORIENTED_EDGE ( 'NONE', *, *, #61, .F. ) ;
#738 = DIRECTION ( 'NONE',  ( -0.000000000000000000, -1.000000000000000000, -0.000000000000000000 ) ) ;
#739 = FACE_OUTER_BOUND ( 'NONE', #1086, .T. ) ;
#740 = ORIENTED_EDGE ( 'NONE', *, *, #1265, .T. ) ;
#741 = LINE ( 'NONE', #1682, #990 ) ;
#742 = ORIENTED_EDGE ( 'NONE', *, *, #1245, .T. ) ;
#743 = CARTESIAN_POINT ( 'NONE',  ( 10.00000000000000355, 5.000000000000000000, -50.49999999999998579 ) ) ;
#744 = CARTESIAN_POINT ( 'NONE',  ( 10.00000000000000355, 5.000000000000000000, -10.00000000000000000 ) ) ;
#745 = DIRECTION ( 'NONE',  ( -1.239088197126290817E-16, 0.000000000000000000, 1.000000000000000000 ) ) ;
#746 = ORIENTED_EDGE ( 'NONE', *, *, #147, .T. ) ;
#747 = DIRECTION ( 'NONE',  ( -1.000000000000000000, 0.000000000000000000, 0.000000000000000000 ) ) ;
#748 = LINE ( 'NONE', #1164, #102 ) ;
#749 = EDGE_CURVE ( 'NONE', #1336, #860, #984, .T. ) ;
#750 = LINE ( 'NONE', #1766, #691 ) ;
#751 = AXIS2_PLACEMENT_3D ( 'NONE', #289, #1402, #157 ) ;
#752 = VERTEX_POINT ( 'NONE', #776 ) ;
#753 = VECTOR ( 'NONE', #1712, 1000.000000000000000 ) ;
#754 = AXIS2_PLACEMENT_3D ( 'NONE', #1611, #738, #1185 ) ;
#755 = DIRECTION ( 'NONE',  ( 0.000000000000000000, -1.000000000000000000, 0.000000000000000000 ) ) ;
#756 = FACE_OUTER_BOUND ( 'NONE', #1039, .T. ) ;
#757 = VERTEX_POINT ( 'NONE', #1480 ) ;
#758 = DIRECTION ( 'NONE',  ( 0.000000000000000000, 1.000000000000000000, 0.000000000000000000 ) ) ;
#759 = DIRECTION ( 'NONE',  ( 0.7071067811865510144, 0.7071067811865441310, -0.000000000000000000 ) ) ;
#760 = ADVANCED_FACE ( 'NONE', ( #85 ), #1489, .T. ) ;
#761 = ADVANCED_FACE ( 'NONE', ( #919 ), #1180, .F. ) ;
#762 = CARTESIAN_POINT ( 'NONE',  ( 10.00000000000000355, 5.000000000000000000, -12.94999999999999929 ) ) ;
#763 = AXIS2_PLACEMENT_3D ( 'NONE', #1648, #1790, #527 ) ;
#764 = ADVANCED_FACE ( 'NONE', ( #215, #1208, #770 ), #1632, .T. ) ;
#765 = ORIENTED_EDGE ( 'NONE', *, *, #1423, .F. ) ;
#766 = FACE_OUTER_BOUND ( 'NONE', #1650, .T. ) ;
#767 = LINE ( 'NONE', #631, #462 ) ;
#768 = LINE ( 'NONE', #89, #938 ) ;
#769 = CARTESIAN_POINT ( 'NONE',  ( 37.25000000000001421, 24.75000000000011369, -1.827655090761279072E-15 ) ) ;
#770 = FACE_OUTER_BOUND ( 'NONE', #1482, .T. ) ;
#771 = VERTEX_POINT ( 'NONE', #618 ) ;
#772 = DIRECTION ( 'NONE',  ( 0.000000000000000000, 0.000000000000000000, 1.000000000000000000 ) ) ;
#773 = DIRECTION ( 'NONE',  ( -0.000000000000000000, -1.000000000000000000, -0.000000000000000000 ) ) ;
#774 = DIRECTION ( 'NONE',  ( 0.5773502691896331696, 0.5773502691896267303, -0.5773502691896174044 ) ) ;
#775 = DIRECTION ( 'NONE',  ( -0.7071067811865511255, -0.7071067811865440200, -0.000000000000000000 ) ) ;
#776 = CARTESIAN_POINT ( 'NONE',  ( 37.25000000000000711, 30.00000000000000355, -25.50000000000000000 ) ) ;
#777 = ORIENTED_EDGE ( 'NONE', *, *, #202, .F. ) ;
#778 = AXIS2_PLACEMENT_3D ( 'NONE', #1340, #1020, #1588 ) ;
#779 = VECTOR ( 'NONE', #296, 1000.000000000000000 ) ;
#780 = DIRECTION ( 'NONE',  ( -0.000000000000000000, -0.000000000000000000, 1.000000000000000000 ) ) ;
#781 = EDGE_CURVE ( 'NONE', #162, #1787, #209, .T. ) ;
#782 = VECTOR ( 'NONE', #1502, 1000.000000000000000 ) ;
#783 = DIRECTION ( 'NONE',  ( -0.000000000000000000, -0.000000000000000000, 1.000000000000000000 ) ) ;
#784 = EDGE_CURVE ( 'NONE', #285, #1748, #719, .T. ) ;
#785 = DIRECTION ( 'NONE',  ( 0.000000000000000000, 0.000000000000000000, 1.000000000000000000 ) ) ;
#786 = CARTESIAN_POINT ( 'NONE',  ( 17.87500000000001066, 22.49999999999999645, -25.50000000000000355 ) ) ;
#787 = VERTEX_POINT ( 'NONE', #1353 ) ;
#788 = CARTESIAN_POINT ( 'NONE',  ( 0.000000000000000000, 10.00000000000000000, 0.000000000000000000 ) ) ;
#789 = VERTEX_POINT ( 'NONE', #910 ) ;
#790 = VECTOR ( 'NONE', #342, 1000.000000000000000 ) ;
#791 = EDGE_CURVE ( 'NONE', #248, #1226, #1344, .T. ) ;
#792 = ORIENTED_EDGE ( 'NONE', *, *, #1280, .T. ) ;
#793 = LINE ( 'NONE', #1061, #458 ) ;
#794 = EDGE_CURVE ( 'NONE', #378, #918, #750, .T. ) ;
#795 = DIRECTION ( 'NONE',  ( 0.000000000000000000, 1.000000000000000000, 0.000000000000000000 ) ) ;
#796 = CARTESIAN_POINT ( 'NONE',  ( 31.62500000000000711, 22.50000000000000000, -67.18033988749895968 ) ) ;
#797 = PLANE ( 'NONE',  #1075 ) ;
#798 = EDGE_LOOP ( 'NONE', ( #852, #388, #1167, #335 ) ) ;
#799 = ORIENTED_EDGE ( 'NONE', *, *, #1686, .F. ) ;
#800 = VERTEX_POINT ( 'NONE', #762 ) ;
#801 = FACE_OUTER_BOUND ( 'NONE', #1601, .T. ) ;
#802 = CARTESIAN_POINT ( 'NONE',  ( 52.00000000000001421, 0.000000000000000000, -56.00000000000000000 ) ) ;
#803 = CARTESIAN_POINT ( 'NONE',  ( 14.75000000000000533, 30.00000000000000355, -25.50000000000000355 ) ) ;
#804 = EDGE_CURVE ( 'NONE', #399, #965, #1496, .T. ) ;
#805 = EDGE_LOOP ( 'NONE', ( #573, #831 ) ) ;
#806 = AXIS2_PLACEMENT_3D ( 'NONE', #223, #567, #1692 ) ;
#807 = VERTEX_POINT ( 'NONE', #507 ) ;
#808 = CARTESIAN_POINT ( 'NONE',  ( 9.999999999999998224, 10.00000000000000000, -43.04999999999999005 ) ) ;
#809 = AXIS2_PLACEMENT_3D ( 'NONE', #1358, #400, #1777 ) ;
#810 = VECTOR ( 'NONE', #686, 1000.000000000000000 ) ;
#811 = LINE ( 'NONE', #1096, #670 ) ;
#812 = CARTESIAN_POINT ( 'NONE',  ( 42.00000000000000000, 10.00000000000000000, -14.49999999999999822 ) ) ;
#813 = VECTOR ( 'NONE', #554, 1000.000000000000000 ) ;
#814 = VECTOR ( 'NONE', #108, 1000.000000000000000 ) ;
#815 = ORIENTED_EDGE ( 'NONE', *, *, #96, .F. ) ;
#816 = EDGE_CURVE ( 'NONE', #684, #1475, #1470, .T. ) ;
#817 = ORIENTED_EDGE ( 'NONE', *, *, #493, .F. ) ;
#818 = PRODUCT_RELATED_PRODUCT_CATEGORY ( 'part', '', ( #1674 ) ) ;
#819 = ORIENTED_EDGE ( 'NONE', *, *, #459, .F. ) ;
#820 = DIRECTION ( 'NONE',  ( 0.000000000000000000, 0.000000000000000000, -1.000000000000000000 ) ) ;
#821 = AXIS2_PLACEMENT_3D ( 'NONE', #532, #271, #1241 ) ;
#822 = DIRECTION ( 'NONE',  ( 1.000000000000000000, 0.000000000000000000, 0.000000000000000000 ) ) ;
#823 = LINE ( 'NONE', #533, #330 ) ;
#824 = LINE ( 'NONE', #535, #813 ) ;
#825 = ORIENTED_EDGE ( 'NONE', *, *, #1248, .T. ) ;
#826 = ORIENTED_EDGE ( 'NONE', *, *, #515, .F. ) ;
#827 = LINE ( 'NONE', #1259, #1720 ) ;
#828 = DIRECTION ( 'NONE',  ( -0.000000000000000000, -1.000000000000000000, -0.000000000000000000 ) ) ;
#829 = FACE_BOUND ( 'NONE', #60, .T. ) ;
#830 = PLANE ( 'NONE',  #960 ) ;
#831 = ORIENTED_EDGE ( 'NONE', *, *, #564, .F. ) ;
#832 = VERTEX_POINT ( 'NONE', #1198 ) ;
#833 = EDGE_LOOP ( 'NONE', ( #37, #205, #1612, #864 ) ) ;
#834 = EDGE_CURVE ( 'NONE', #1356, #276, #1433, .T. ) ;
#835 = CARTESIAN_POINT ( 'NONE',  ( 10.00000000000000355, 10.00000000000000000, -10.00000000000000000 ) ) ;
#836 = EDGE_CURVE ( 'NONE', #549, #965, #242, .T. ) ;
#837 = CARTESIAN_POINT ( 'NONE',  ( 0.000000000000000000, 10.00000000000000000, 0.000000000000000000 ) ) ;
#838 = DIRECTION ( 'NONE',  ( 0.000000000000000000, 0.000000000000000000, -1.000000000000000000 ) ) ;
#839 = MECHANICAL_DESIGN_GEOMETRIC_PRESENTATION_REPRESENTATION (  '', ( #122 ), #1292 ) ;
#840 = EDGE_CURVE ( 'NONE', #1216, #248, #66, .T. ) ;
#841 = LINE ( 'NONE', #969, #71 ) ;
#842 = EDGE_LOOP ( 'NONE', ( #1508, #45, #989, #523 ) ) ;
#843 = CIRCLE ( 'NONE', #1077, 2.500000000000002220 ) ;
#844 = CIRCLE ( 'NONE', #359, 2.949999999999998845 ) ;
#845 = ORIENTED_EDGE ( 'NONE', *, *, #1026, .T. ) ;
#846 = ORIENTED_EDGE ( 'NONE', *, *, #300, .T. ) ;
#847 = DIRECTION ( 'NONE',  ( -0.000000000000000000, -0.000000000000000000, -1.000000000000000000 ) ) ;
#848 = LINE ( 'NONE', #687, #699 ) ;
#849 = DIRECTION ( 'NONE',  ( -0.000000000000000000, -1.000000000000000000, -0.000000000000000000 ) ) ;
#850 = VECTOR ( 'NONE', #1770, 999.9999999999998863 ) ;
#851 = DIRECTION ( 'NONE',  ( -1.000000000000000000, -0.000000000000000000, -0.000000000000000000 ) ) ;
#852 = ORIENTED_EDGE ( 'NONE', *, *, #1248, .F. ) ;
#853 = VERTEX_POINT ( 'NONE', #490 ) ;
#854 = CYLINDRICAL_SURFACE ( 'NONE', #1362, 4.499999999999999112 ) ;
#855 = DIRECTION ( 'NONE',  ( 0.000000000000000000, 0.000000000000000000, -1.000000000000000000 ) ) ;
#856 = DIRECTION ( 'NONE',  ( 0.000000000000000000, 0.000000000000000000, 1.000000000000000000 ) ) ;
#857 = DIRECTION ( 'NONE',  ( 1.000000000000000000, 0.000000000000000000, 0.000000000000000000 ) ) ;
#858 = EDGE_LOOP ( 'NONE', ( #665, #1315, #516, #259 ) ) ;
#859 = EDGE_CURVE ( 'NONE', #771, #68, #1045, .T. ) ;
#860 = VERTEX_POINT ( 'NONE', #464 ) ;
#861 = CARTESIAN_POINT ( 'NONE',  ( 9.999999999999998224, 0.000000000000000000, -48.94999999999999574 ) ) ;
#862 = DIRECTION ( 'NONE',  ( 0.000000000000000000, 1.000000000000000000, 0.000000000000000000 ) ) ;
#863 = LINE ( 'NONE', #477, #181 ) ;
#864 = ORIENTED_EDGE ( 'NONE', *, *, #1189, .F. ) ;
#865 = AXIS2_PLACEMENT_3D ( 'NONE', #1711, #892, #452 ) ;
#866 = EDGE_CURVE ( 'NONE', #68, #1488, #843, .T. ) ;
#867 = AXIS2_PLACEMENT_3D ( 'NONE', #650, #504, #622 ) ;
#868 = AXIS2_PLACEMENT_3D ( 'NONE', #1621, #366, #373 ) ;
#869 = VERTEX_POINT ( 'NONE', #1021 ) ;
#870 = LINE ( 'NONE', #1444, #1609 ) ;
#871 = CARTESIAN_POINT ( 'NONE',  ( 14.75000000000001243, 30.00000000000000355, -30.50000000000000355 ) ) ;
#872 = VERTEX_POINT ( 'NONE', #871 ) ;
#873 = AXIS2_PLACEMENT_3D ( 'NONE', #1360, #660, #785 ) ;
#874 = DIRECTION ( 'NONE',  ( 0.000000000000000000, 1.000000000000000000, 0.000000000000000000 ) ) ;
#875 = EDGE_LOOP ( 'NONE', ( #482, #260 ) ) ;
#876 = UNCERTAINTY_MEASURE_WITH_UNIT (LENGTH_MEASURE( 1.000000000000000082E-05 ), #590, 'distance_accuracy_value', 'NONE');
#877 = CARTESIAN_POINT ( 'NONE',  ( 52.00000000000000711, 10.00000000000000000, 0.000000000000000000 ) ) ;
#878 = ORIENTED_EDGE ( 'NONE', *, *, #1112, .F. ) ;
#879 = DIRECTION ( 'NONE',  ( 0.000000000000000000, -1.000000000000000000, 0.000000000000000000 ) ) ;
#880 = CLOSED_SHELL ( 'NONE', ( #468, #481, #284, #1789, #732, #278, #275, #75, #286, #72, #331, #328, #434, #1392, #927, #1145, #1261, #974, #1215, #1707, #733, #442, #308, #144, #586, #1202, #412, #104, #106, #94, #654, #761, #764, #760, #226, #1469, #1534, #1584, #885, #1525, #1387, #1089, #1560, #676, #1028, #1193, #1630, #951, #220, #391, #1690, #1687, #1312, #1607, #49, #155, #999 ) ) ;
#881 = ORIENTED_EDGE ( 'NONE', *, *, #1057, .F. ) ;
#882 =( NAMED_UNIT ( * ) SI_UNIT ( $, .STERADIAN. ) SOLID_ANGLE_UNIT ( ) );
#883 = LINE ( 'NONE', #1173, #1751 ) ;
#884 = DIRECTION ( 'NONE',  ( 1.000000000000000000, 0.000000000000000000, 0.000000000000000000 ) ) ;
#885 = ADVANCED_FACE ( 'NONE', ( #34 ), #1435, .F. ) ;
#886 = ORIENTED_EDGE ( 'NONE', *, *, #96, .T. ) ;
#887 = CARTESIAN_POINT ( 'NONE',  ( 37.25000000000000711, 24.75000000000009948, -25.50000000000000000 ) ) ;
#888 = FACE_OUTER_BOUND ( 'NONE', #964, .T. ) ;
#889 = PLANE ( 'NONE',  #99 ) ;
#890 = ORIENTED_EDGE ( 'NONE', *, *, #1253, .T. ) ;
#891 = EDGE_CURVE ( 'NONE', #1007, #832, #1323, .T. ) ;
#892 = DIRECTION ( 'NONE',  ( 0.000000000000000000, 1.000000000000000000, 0.000000000000000000 ) ) ;
#893 = CARTESIAN_POINT ( 'NONE',  ( 34.12500000000000711, 10.00000000000000178, -51.00000000000000000 ) ) ;
#894 = ORIENTED_EDGE ( 'NONE', *, *, #1503, .F. ) ;
#895 = CARTESIAN_POINT ( 'NONE',  ( 42.00000000000000711, 0.000000000000000000, -43.04999999999999005 ) ) ;
#896 = PLANE ( 'NONE',  #1203 ) ;
#897 = EDGE_CURVE ( 'NONE', #1268, #1356, #582, .T. ) ;
#898 = ORIENTED_EDGE ( 'NONE', *, *, #456, .F. ) ;
#899 = CIRCLE ( 'NONE', #1667, 2.950000000000003730 ) ;
#900 = CARTESIAN_POINT ( 'NONE',  ( 20.37500000000000711, 17.49999999999999645, -56.00000000000000000 ) ) ;
#901 = VECTOR ( 'NONE', #25, 1000.000000000000000 ) ;
#902 = ORIENTED_EDGE ( 'NONE', *, *, #27, .T. ) ;
#903 = AXIS2_PLACEMENT_3D ( 'NONE', #195, #53, #2 ) ;
#904 = VECTOR ( 'NONE', #1802, 1000.000000000000000 ) ;
#905 = CARTESIAN_POINT ( 'NONE',  ( 37.25000000000001421, 30.00000000000000355, -51.00000000000000000 ) ) ;
#906 = CARTESIAN_POINT ( 'NONE',  ( 42.00000000000000711, 5.000000000000000000, -50.49999999999999289 ) ) ;
#907 = VERTEX_POINT ( 'NONE', #576 ) ;
#908 = CARTESIAN_POINT ( 'NONE',  ( 0.000000000000000000, 10.00000000000000000, -23.00000000000001421 ) ) ;
#909 = CARTESIAN_POINT ( 'NONE',  ( 0.000000000000000000, 0.000000000000000000, 0.000000000000000000 ) ) ;
#910 = CARTESIAN_POINT ( 'NONE',  ( 17.87500000000001066, 22.49999999999999645, -56.00000000000000000 ) ) ;
#911 =( GEOMETRIC_REPRESENTATION_CONTEXT ( 3 ) GLOBAL_UNCERTAINTY_ASSIGNED_CONTEXT ( ( #876 ) ) GLOBAL_UNIT_ASSIGNED_CONTEXT ( ( #590, #1426, #882 ) ) REPRESENTATION_CONTEXT ( 'NONE', 'WORKASPACE' ) );
#912 = ORIENTED_EDGE ( 'NONE', *, *, #644, .F. ) ;
#913 = LINE ( 'NONE', #1030, #206 ) ;
#914 = LINE ( 'NONE', #252, #1298 ) ;
#915 = DIRECTION ( 'NONE',  ( -0.000000000000000000, -0.000000000000000000, 1.000000000000000000 ) ) ;
#916 = CARTESIAN_POINT ( 'NONE',  ( 29.12500000000000711, 22.49999999999999645, -56.00000000000000000 ) ) ;
#917 = EDGE_CURVE ( 'NONE', #1226, #1143, #494, .T. ) ;
#918 = VERTEX_POINT ( 'NONE', #593 ) ;
#919 = FACE_OUTER_BOUND ( 'NONE', #858, .T. ) ;
#920 = VERTEX_POINT ( 'NONE', #1462 ) ;
#921 = EDGE_CURVE ( 'NONE', #1472, #225, #662, .T. ) ;
#922 = DIRECTION ( 'NONE',  ( 0.000000000000000000, 1.000000000000000000, 0.000000000000000000 ) ) ;
#923 = LINE ( 'NONE', #941, #1266 ) ;
#924 = CARTESIAN_POINT ( 'NONE',  ( 31.62500000000000711, 17.49999999999999645, -67.18033988749895968 ) ) ;
#925 = PLANE ( 'NONE',  #36 ) ;
#926 = DIRECTION ( 'NONE',  ( 0.000000000000000000, 0.000000000000000000, 1.000000000000000000 ) ) ;
#927 = ADVANCED_FACE ( 'NONE', ( #1428, #1004, #756, #475, #1031 ), #67, .T. ) ;
#928 = ORIENTED_EDGE ( 'NONE', *, *, #1108, .T. ) ;
#929 = AXIS2_PLACEMENT_3D ( 'NONE', #1120, #298, #1432 ) ;
#930 = VECTOR ( 'NONE', #469, 1000.000000000000000 ) ;
#931 = CARTESIAN_POINT ( 'NONE',  ( 17.87500000000001066, 17.49999999999999645, -67.18033988749895968 ) ) ;
#932 = AXIS2_PLACEMENT_3D ( 'NONE', #1320, #357, #747 ) ;
#933 = DIRECTION ( 'NONE',  ( -0.000000000000000000, -0.000000000000000000, 1.000000000000000000 ) ) ;
#934 = FACE_OUTER_BOUND ( 'NONE', #1524, .T. ) ;
#935 = DIRECTION ( 'NONE',  ( 0.000000000000000000, -0.000000000000000000, 1.000000000000000000 ) ) ;
#936 = ORIENTED_EDGE ( 'NONE', *, *, #361, .T. ) ;
#937 = VERTEX_POINT ( 'NONE', #1599 ) ;
#938 = VECTOR ( 'NONE', #623, 1000.000000000000114 ) ;
#939 = ORIENTED_EDGE ( 'NONE', *, *, #1442, .T. ) ;
#940 = CARTESIAN_POINT ( 'NONE',  ( 10.00000000000000355, 10.00000000000000000, -41.49999999999999289 ) ) ;
#941 = CARTESIAN_POINT ( 'NONE',  ( 22.87500000000000711, 10.00000000000000000, -30.50000000000000355 ) ) ;
#942 = PLANE ( 'NONE',  #1059 ) ;
#943 = CARTESIAN_POINT ( 'NONE',  ( 20.37500000000000711, 22.50000000000000000, -67.18033988749895968 ) ) ;
#944 = EDGE_CURVE ( 'NONE', #303, #1374, #1570, .T. ) ;
#945 = CARTESIAN_POINT ( 'NONE',  ( 37.25000000000001421, 30.00000000000000000, -56.00000000000000000 ) ) ;
#946 = ORIENTED_EDGE ( 'NONE', *, *, #233, .T. ) ;
#947 = EDGE_LOOP ( 'NONE', ( #765, #711, #1430, #1580, #742, #536 ) ) ;
#948 = CARTESIAN_POINT ( 'NONE',  ( 0.000000000000000000, 10.00000000000000000, -56.00000000000000000 ) ) ;
#949 = DIRECTION ( 'NONE',  ( -0.000000000000000000, 1.000000000000000000, -0.000000000000000000 ) ) ;
#950 = CARTESIAN_POINT ( 'NONE',  ( 14.75000000000000533, 30.00000000000000355, -25.50000000000000355 ) ) ;
#951 = ADVANCED_FACE ( 'NONE', ( #1174 ), #728, .F. ) ;
#952 = FACE_OUTER_BOUND ( 'NONE', #1785, .T. ) ;
#953 = EDGE_CURVE ( 'NONE', #674, #853, #715, .T. ) ;
#954 = EDGE_LOOP ( 'NONE', ( #565, #398, #983, #558 ) ) ;
#955 = ORIENTED_EDGE ( 'NONE', *, *, #1556, .T. ) ;
#956 = VECTOR ( 'NONE', #483, 1000.000000000000000 ) ;
#957 = AXIS2_PLACEMENT_3D ( 'NONE', #1731, #198, #745 ) ;
#958 = LINE ( 'NONE', #1251, #301 ) ;
#959 = CARTESIAN_POINT ( 'NONE',  ( 42.00000000000000000, 10.00001200000000168, -10.00000000000000000 ) ) ;
#960 = AXIS2_PLACEMENT_3D ( 'NONE', #962, #437, #290 ) ;
#961 = AXIS2_PLACEMENT_3D ( 'NONE', #1296, #1447, #323 ) ;
#962 = CARTESIAN_POINT ( 'NONE',  ( 0.000000000000000000, 10.00000000000000000, 0.000000000000000000 ) ) ;
#963 = VECTOR ( 'NONE', #1343, 1000.000000000000000 ) ;
#964 = EDGE_LOOP ( 'NONE', ( #134, #936, #152, #737 ) ) ;
#965 = VERTEX_POINT ( 'NONE', #321 ) ;
#966 = CYLINDRICAL_SURFACE ( 'NONE', #903, 2.499999999999998668 ) ;
#967 = DIRECTION ( 'NONE',  ( 1.000000000000000000, 0.000000000000000000, 0.000000000000000000 ) ) ;
#968 = CARTESIAN_POINT ( 'NONE',  ( 29.12500000000000711, 17.49999999999999645, -30.50000000000000000 ) ) ;
#969 = CARTESIAN_POINT ( 'NONE',  ( 14.75000000000001243, 24.74999999999995381, -51.00000000000000000 ) ) ;
#970 = ORIENTED_EDGE ( 'NONE', *, *, #1573, .T. ) ;
#971 = EDGE_CURVE ( 'NONE', #869, #981, #1318, .T. ) ;
#972 = CARTESIAN_POINT ( 'NONE',  ( 0.000000000000000000, 10.00000000000000000, 0.000000000000000000 ) ) ;
#973 = VERTEX_POINT ( 'NONE', #1699 ) ;
#974 = ADVANCED_FACE ( 'NONE', ( #43 ), #311, .F. ) ;
#975 = VERTEX_POINT ( 'NONE', #1161 ) ;
#976 = DIRECTION ( 'NONE',  ( -1.387778780781445478E-15, -0.000000000000000000, 1.000000000000000000 ) ) ;
#977 = EDGE_CURVE ( 'NONE', #174, #981, #178, .T. ) ;
#978 = DIRECTION ( 'NONE',  ( 0.000000000000000000, 1.000000000000000000, -0.000000000000000000 ) ) ;
#979 = FACE_OUTER_BOUND ( 'NONE', #1305, .T. ) ;
#980 = DIRECTION ( 'NONE',  ( 0.000000000000000000, 0.000000000000000000, 1.000000000000000000 ) ) ;
#981 = VERTEX_POINT ( 'NONE', #448 ) ;
#982 = EDGE_CURVE ( 'NONE', #1156, #283, #1778, .T. ) ;
#983 = ORIENTED_EDGE ( 'NONE', *, *, #794, .T. ) ;
#984 = LINE ( 'NONE', #1552, #1497 ) ;
#985 = CARTESIAN_POINT ( 'NONE',  ( 42.00000000000000000, 5.000000000000000000, -12.95000000000000284 ) ) ;
#986 = PLANE ( 'NONE',  #929 ) ;
#987 = CIRCLE ( 'NONE', #492, 4.499999999999997335 ) ;
#988 = FACE_OUTER_BOUND ( 'NONE', #655, .T. ) ;
#989 = ORIENTED_EDGE ( 'NONE', *, *, #653, .F. ) ;
#990 = VECTOR ( 'NONE', #879, 1000.000000000000000 ) ;
#991 = CIRCLE ( 'NONE', #961, 2.499999999999998668 ) ;
#992 = VERTEX_POINT ( 'NONE', #640 ) ;
#993 = ORIENTED_EDGE ( 'NONE', *, *, #726, .T. ) ;
#994 = CARTESIAN_POINT ( 'NONE',  ( 52.00000000000001421, 10.00000000000000000, -56.00000000000000000 ) ) ;
#995 = AXIS2_PLACEMENT_3D ( 'NONE', #137, #1105, #822 ) ;
#996 = DIRECTION ( 'NONE',  ( 0.000000000000000000, 0.000000000000000000, 1.000000000000000000 ) ) ;
#997 = DIRECTION ( 'NONE',  ( -1.000000000000000000, 0.000000000000000000, 0.000000000000000000 ) ) ;
#998 = ORIENTED_EDGE ( 'NONE', *, *, #340, .T. ) ;
#999 = ADVANCED_FACE ( 'NONE', ( #1484 ), #393, .F. ) ;
#1000 = ORIENTED_EDGE ( 'NONE', *, *, #1225, .F. ) ;
#1001 = EDGE_LOOP ( 'NONE', ( #1056, #243, #1187, #316, #282, #465, #537 ) ) ;
#1002 = DIRECTION ( 'NONE',  ( 0.000000000000000000, 0.000000000000000000, 1.000000000000000000 ) ) ;
#1003 = DIRECTION ( 'NONE',  ( 0.000000000000000000, 0.000000000000000000, -1.000000000000000000 ) ) ;
#1004 = FACE_BOUND ( 'NONE', #647, .T. ) ;
#1005 = CARTESIAN_POINT ( 'NONE',  ( 29.12500000000000711, 22.49999999999999645, -56.00000000000000000 ) ) ;
#1006 = EDGE_CURVE ( 'NONE', #1268, #1670, #1104, .T. ) ;
#1007 = VERTEX_POINT ( 'NONE', #906 ) ;
#1008 = DIRECTION ( 'NONE',  ( 1.239088197126290817E-16, 0.000000000000000000, -1.000000000000000000 ) ) ;
#1009 = CARTESIAN_POINT ( 'NONE',  ( 42.00000000000000000, 0.000000000000000000, -12.95000000000000284 ) ) ;
#1010 = DIRECTION ( 'NONE',  ( -0.000000000000000000, -0.000000000000000000, 1.000000000000000000 ) ) ;
#1011 = ORIENTED_EDGE ( 'NONE', *, *, #1168, .T. ) ;
#1012 = CARTESIAN_POINT ( 'NONE',  ( 10.00000000000000355, 5.000000000000000000, -45.99999999999999289 ) ) ;
#1013 = AXIS2_PLACEMENT_3D ( 'NONE', #621, #1191, #820 ) ;
#1014 = AXIS2_PLACEMENT_3D ( 'NONE', #1068, #1635, #379 ) ;
#1015 = LINE ( 'NONE', #877, #295 ) ;
#1016 = VERTEX_POINT ( 'NONE', #1192 ) ;
#1017 = DIRECTION ( 'NONE',  ( -0.000000000000000000, 1.000000000000000000, -0.000000000000000000 ) ) ;
#1018 = VECTOR ( 'NONE', #184, 1000.000000000000000 ) ;
#1019 = ORIENTED_EDGE ( 'NONE', *, *, #1737, .T. ) ;
#1020 = DIRECTION ( 'NONE',  ( 0.000000000000000000, -1.000000000000000000, 0.000000000000000000 ) ) ;
#1021 = CARTESIAN_POINT ( 'NONE',  ( 22.87500000000000711, 17.49999999999999645, -30.50000000000000000 ) ) ;
#1022 = VERTEX_POINT ( 'NONE', #1647 ) ;
#1023 = DIRECTION ( 'NONE',  ( 0.000000000000000000, 1.000000000000000000, 0.000000000000000000 ) ) ;
#1024 = FACE_BOUND ( 'NONE', #1043, .T. ) ;
#1025 = CARTESIAN_POINT ( 'NONE',  ( 42.00000000000000000, 5.000000000000000000, -5.500000000000002665 ) ) ;
#1026 = EDGE_CURVE ( 'NONE', #1787, #675, #914, .T. ) ;
#1027 = ORIENTED_EDGE ( 'NONE', *, *, #1223, .T. ) ;
#1028 = ADVANCED_FACE ( 'NONE', ( #1331 ), #1368, .F. ) ;
#1029 = DIRECTION ( 'NONE',  ( 0.000000000000000000, 0.000000000000000000, -1.000000000000000000 ) ) ;
#1030 = CARTESIAN_POINT ( 'NONE',  ( 52.00000000000000711, 10.00000000000000000, 0.000000000000000000 ) ) ;
#1031 = FACE_BOUND ( 'NONE', #309, .T. ) ;
#1032 = ORIENTED_EDGE ( 'NONE', *, *, #202, .T. ) ;
#1033 = LINE ( 'NONE', #729, #1618 ) ;
#1034 = CARTESIAN_POINT ( 'NONE',  ( 52.00000000000001421, 10.00000000000000000, -30.50000000000000000 ) ) ;
#1035 = CARTESIAN_POINT ( 'NONE',  ( 42.00000000000000000, 10.00000000000000000, -10.00000000000000000 ) ) ;
#1036 = ORIENTED_EDGE ( 'NONE', *, *, #1124, .T. ) ;
#1037 = CARTESIAN_POINT ( 'NONE',  ( 29.12500000000000711, 22.50000000000000000, -25.50000000000000000 ) ) ;
#1038 = LINE ( 'NONE', #1052, #40 ) ;
#1039 = EDGE_LOOP ( 'NONE', ( #1596, #1397, #163, #1610 ) ) ;
#1040 = LINE ( 'NONE', #1005, #386 ) ;
#1041 = FACE_BOUND ( 'NONE', #1743, .T. ) ;
#1042 = DIRECTION ( 'NONE',  ( -0.000000000000000000, -1.000000000000000000, -0.000000000000000000 ) ) ;
#1043 = EDGE_LOOP ( 'NONE', ( #1076, #196, #29, #600 ) ) ;
#1044 = AXIS2_PLACEMENT_3D ( 'NONE', #180, #428, #1146 ) ;
#1045 = LINE ( 'NONE', #893, #293 ) ;
#1046 = ORIENTED_EDGE ( 'NONE', *, *, #678, .T. ) ;
#1047 = VECTOR ( 'NONE', #231, 1000.000000000000000 ) ;
#1048 = EDGE_CURVE ( 'NONE', #549, #1022, #1205, .T. ) ;
#1049 = VECTOR ( 'NONE', #1177, 1000.000000000000000 ) ;
#1050 = CARTESIAN_POINT ( 'NONE',  ( 34.12500000000000711, 22.49999999999999645, -56.00000000000000000 ) ) ;
#1051 = EDGE_CURVE ( 'NONE', #585, #1338, #1232, .T. ) ;
#1052 = CARTESIAN_POINT ( 'NONE',  ( 14.74999999999997158, 24.74999999999996803, 6.754889306633969689E-14 ) ) ;
#1053 = FACE_OUTER_BOUND ( 'NONE', #1431, .T. ) ;
#1054 = FACE_BOUND ( 'NONE', #610, .T. ) ;
#1055 = EDGE_CURVE ( 'NONE', #1345, #1639, #485, .T. ) ;
#1056 = ORIENTED_EDGE ( 'NONE', *, *, #423, .T. ) ;
#1057 = EDGE_CURVE ( 'NONE', #860, #1258, #1038, .T. ) ;
#1058 = DIRECTION ( 'NONE',  ( 0.000000000000000000, 1.000000000000000000, 0.000000000000000000 ) ) ;
#1059 = AXIS2_PLACEMENT_3D ( 'NONE', #651, #401, #1220 ) ;
#1060 = ORIENTED_EDGE ( 'NONE', *, *, #791, .F. ) ;
#1061 = CARTESIAN_POINT ( 'NONE',  ( 17.87500000000001066, 10.00000000000000178, -51.00000000000000000 ) ) ;
#1062 = DIRECTION ( 'NONE',  ( 0.000000000000000000, 1.000000000000000000, 0.000000000000000000 ) ) ;
#1063 = CARTESIAN_POINT ( 'NONE',  ( 42.00000000000000000, 10.00000000000000000, -12.95000000000000284 ) ) ;
#1064 = CARTESIAN_POINT ( 'NONE',  ( 34.12500000000000711, 22.49999999999999645, -51.00000000000000000 ) ) ;
#1065 = EDGE_CURVE ( 'NONE', #580, #103, #355, .T. ) ;
#1066 = CARTESIAN_POINT ( 'NONE',  ( 14.75000000000001243, 30.00000000000000000, -56.00000000000000000 ) ) ;
#1067 = EDGE_LOOP ( 'NONE', ( #1278, #1660, #329, #878, #525, #1281, #1562 ) ) ;
#1068 = CARTESIAN_POINT ( 'NONE',  ( 10.00000000000000355, 5.000000000000000000, -10.00000000000000000 ) ) ;
#1069 = DIRECTION ( 'NONE',  ( 0.000000000000000000, 6.938893903907222461E-16, 1.000000000000000000 ) ) ;
#1070 = PLANE ( 'NONE',  #1792 ) ;
#1071 = DIRECTION ( 'NONE',  ( 0.000000000000000000, 0.000000000000000000, -1.000000000000000000 ) ) ;
#1072 = ORIENTED_EDGE ( 'NONE', *, *, #41, .T. ) ;
#1073 = EDGE_LOOP ( 'NONE', ( #817, #1239, #1217, #589 ) ) ;
#1074 = VECTOR ( 'NONE', #1626, 1000.000000000000000 ) ;
#1075 = AXIS2_PLACEMENT_3D ( 'NONE', #1214, #1533, #681 ) ;
#1076 = ORIENTED_EDGE ( 'NONE', *, *, #332, .F. ) ;
#1077 = AXIS2_PLACEMENT_3D ( 'NONE', #1303, #344, #1721 ) ;
#1078 = CARTESIAN_POINT ( 'NONE',  ( 14.75000000000001243, 30.00000000000000355, -30.50000000000000355 ) ) ;
#1079 = EDGE_CURVE ( 'NONE', #675, #1306, #1529, .T. ) ;
#1080 = CIRCLE ( 'NONE', #127, 2.500000000000002220 ) ;
#1081 = CARTESIAN_POINT ( 'NONE',  ( 42.00000000000000711, 5.000000000000000000, -45.99999999999999289 ) ) ;
#1082 = LINE ( 'NONE', #229, #500 ) ;
#1083 = LINE ( 'NONE', #786, #460 ) ;
#1084 = ORIENTED_EDGE ( 'NONE', *, *, #420, .T. ) ;
#1085 = VECTOR ( 'NONE', #1662, 1000.000000000000000 ) ;
#1086 = EDGE_LOOP ( 'NONE', ( #746, #1507, #1175, #1257, #339, #1094 ) ) ;
#1087 = EDGE_CURVE ( 'NONE', #1332, #869, #923, .T. ) ;
#1088 = DIRECTION ( 'NONE',  ( -0.000000000000000000, 1.000000000000000000, -0.000000000000000000 ) ) ;
#1089 = ADVANCED_FACE ( 'NONE', ( #95 ), #1769, .F. ) ;
#1090 = EDGE_CURVE ( 'NONE', #1363, #1142, #767, .T. ) ;
#1091 = LINE ( 'NONE', #238, #724 ) ;
#1092 = DIRECTION ( 'NONE',  ( -0.000000000000000000, 1.000000000000000000, 0.000000000000000000 ) ) ;
#1093 = ORIENTED_EDGE ( 'NONE', *, *, #17, .F. ) ;
#1094 = ORIENTED_EDGE ( 'NONE', *, *, #158, .T. ) ;
#1095 = DIRECTION ( 'NONE',  ( 0.000000000000000000, -1.000000000000000000, 0.000000000000000000 ) ) ;
#1096 = CARTESIAN_POINT ( 'NONE',  ( 22.87500000000000711, 22.49999999999999645, -25.50000000000000355 ) ) ;
#1097 = LINE ( 'NONE', #1771, #1118 ) ;
#1098 = CARTESIAN_POINT ( 'NONE',  ( 31.62500000000000711, 22.50000000000000000, -25.50000000000000355 ) ) ;
#1099 = ORIENTED_EDGE ( 'NONE', *, *, #1664, .T. ) ;
#1100 = VERTEX_POINT ( 'NONE', #1359 ) ;
#1101 = ORIENTED_EDGE ( 'NONE', *, *, #866, .F. ) ;
#1102 = FACE_OUTER_BOUND ( 'NONE', #1590, .T. ) ;
#1103 = AXIS2_PLACEMENT_3D ( 'NONE', #304, #581, #1427 ) ;
#1104 = CIRCLE ( 'NONE', #317, 4.499999999999999112 ) ;
#1105 = DIRECTION ( 'NONE',  ( 0.000000000000000000, 0.000000000000000000, 1.000000000000000000 ) ) ;
#1106 = CARTESIAN_POINT ( 'NONE',  ( -1.195038611718452082E-13, 9.999999999999984013, -25.50000000000000355 ) ) ;
#1107 = AXIS2_PLACEMENT_3D ( 'NONE', #569, #409, #1421 ) ;
#1108 = EDGE_CURVE ( 'NONE', #684, #1774, #107, .T. ) ;
#1109 = DIRECTION ( 'NONE',  ( -0.7071067811865441310, 0.7071067811865509034, -0.000000000000000000 ) ) ;
#1110 = ORIENTED_EDGE ( 'NONE', *, *, #646, .F. ) ;
#1111 = AXIS2_PLACEMENT_3D ( 'NONE', #1592, #1321, #1629 ) ;
#1112 = EDGE_CURVE ( 'NONE', #1336, #1363, #1636, .T. ) ;
#1113 = EDGE_CURVE ( 'NONE', #302, #1449, #1608, .T. ) ;
#1114 = EDGE_LOOP ( 'NONE', ( #634, #325 ) ) ;
#1115 = CIRCLE ( 'NONE', #995, 2.500000000000002220 ) ;
#1116 = ORIENTED_EDGE ( 'NONE', *, *, #917, .F. ) ;
#1117 = FACE_OUTER_BOUND ( 'NONE', #1605, .T. ) ;
#1118 = VECTOR ( 'NONE', #511, 1000.000000000000000 ) ;
#1119 = DIRECTION ( 'NONE',  ( -0.000000000000000000, -0.000000000000000000, 1.000000000000000000 ) ) ;
#1120 = CARTESIAN_POINT ( 'NONE',  ( 10.00000000000000355, 5.000000000000000000, -45.99999999999999289 ) ) ;
#1121 = EDGE_CURVE ( 'NONE', #920, #1345, #1219, .T. ) ;
#1122 = DIRECTION ( 'NONE',  ( 0.000000000000000000, 0.000000000000000000, -1.000000000000000000 ) ) ;
#1123 = VERTEX_POINT ( 'NONE', #1643 ) ;
#1124 = EDGE_CURVE ( 'NONE', #789, #580, #721, .T. ) ;
#1125 = ORIENTED_EDGE ( 'NONE', *, *, #1371, .T. ) ;
#1126 = ORIENTED_EDGE ( 'NONE', *, *, #1367, .T. ) ;
#1127 = CARTESIAN_POINT ( 'NONE',  ( 17.87500000000001066, 22.49999999999999645, -56.00000000000000000 ) ) ;
#1128 = DIRECTION ( 'NONE',  ( 0.000000000000000000, 0.000000000000000000, 1.000000000000000000 ) ) ;
#1129 = FACE_OUTER_BOUND ( 'NONE', #529, .T. ) ;
#1130 = LINE ( 'NONE', #139, #1499 ) ;
#1131 = VECTOR ( 'NONE', #1676, 1000.000000000000000 ) ;
#1132 = EDGE_LOOP ( 'NONE', ( #619, #970, #993, #7, #1 ) ) ;
#1133 = CIRCLE ( 'NONE', #1466, 2.950000000000001066 ) ;
#1134 = EDGE_CURVE ( 'NONE', #1338, #1472, #683, .T. ) ;
#1135 = CARTESIAN_POINT ( 'NONE',  ( 10.00000000000000355, 10.00000000000000000, -50.49999999999998579 ) ) ;
#1136 = CARTESIAN_POINT ( 'NONE',  ( 34.12500000000000711, 22.49999999999999645, -30.50000000000000000 ) ) ;
#1137 = VECTOR ( 'NONE', #1017, 1000.000000000000000 ) ;
#1138 = DIRECTION ( 'NONE',  ( -1.000000000000000000, 0.000000000000000000, -0.000000000000000000 ) ) ;
#1139 = CARTESIAN_POINT ( 'NONE',  ( 17.87500000000001066, 17.49999999999999645, -30.50000000000000355 ) ) ;
#1140 = VECTOR ( 'NONE', #232, 1000.000000000000000 ) ;
#1141 = AXIS2_PLACEMENT_3D ( 'NONE', #1723, #1155, #1571 ) ;
#1142 = VERTEX_POINT ( 'NONE', #972 ) ;
#1143 = VERTEX_POINT ( 'NONE', #360 ) ;
#1144 = EDGE_CURVE ( 'NONE', #1154, #853, #1015, .T. ) ;
#1145 = ADVANCED_FACE ( 'NONE', ( #83 ), #1572, .F. ) ;
#1146 = DIRECTION ( 'NONE',  ( 0.000000000000000000, 0.000000000000000000, -1.000000000000000000 ) ) ;
#1147 = VECTOR ( 'NONE', #1532, 1000.000000000000000 ) ;
#1148 = CARTESIAN_POINT ( 'NONE',  ( 42.00000000000000711, 0.000000000000000000, -45.99999999999999289 ) ) ;
#1149 = CARTESIAN_POINT ( 'NONE',  ( 42.00000000000000711, 5.000000000000000000, -43.04999999999999005 ) ) ;
#1150 = EDGE_LOOP ( 'NONE', ( #350, #702, #1528, #815 ) ) ;
#1151 = ORIENTED_EDGE ( 'NONE', *, *, #1574, .F. ) ;
#1152 = CYLINDRICAL_SURFACE ( 'NONE', #519, 2.950000000000002842 ) ;
#1153 = DIRECTION ( 'NONE',  ( 0.000000000000000000, 1.000000000000000000, -0.000000000000000000 ) ) ;
#1154 = VERTEX_POINT ( 'NONE', #1726 ) ;
#1155 = DIRECTION ( 'NONE',  ( -1.000000000000000000, 0.000000000000000000, -0.000000000000000000 ) ) ;
#1156 = VERTEX_POINT ( 'NONE', #1324 ) ;
#1157 = CARTESIAN_POINT ( 'NONE',  ( 14.75000000000001243, 30.00000000000000000, -56.00000000000000000 ) ) ;
#1158 = ORIENTED_EDGE ( 'NONE', *, *, #794, .F. ) ;
#1159 = CARTESIAN_POINT ( 'NONE',  ( 10.00000000000000355, 10.00001200000000168, -10.00000000000000000 ) ) ;
#1160 = DIRECTION ( 'NONE',  ( 1.239088197126290817E-16, 0.000000000000000000, -1.000000000000000000 ) ) ;
#1161 = CARTESIAN_POINT ( 'NONE',  ( 17.87500000000001066, 22.50000000000000000, -25.50000000000000355 ) ) ;
#1162 = ORIENTED_EDGE ( 'NONE', *, *, #1134, .F. ) ;
#1163 = CYLINDRICAL_SURFACE ( 'NONE', #754, 2.949999999999999289 ) ;
#1164 = CARTESIAN_POINT ( 'NONE',  ( -4.163336342344296637E-14, 10.00000000000004263, -56.00000000000000000 ) ) ;
#1165 = AXIS2_PLACEMENT_3D ( 'NONE', #1500, #113, #649 ) ;
#1166 = DIRECTION ( 'NONE',  ( 1.000000000000000000, -0.000000000000000000, 0.000000000000000000 ) ) ;
#1167 = ORIENTED_EDGE ( 'NONE', *, *, #1250, .F. ) ;
#1168 = EDGE_CURVE ( 'NONE', #476, #1016, #1756, .T. ) ;
#1169 = CARTESIAN_POINT ( 'NONE',  ( 17.87500000000001066, 10.00000000000000000, -30.50000000000000355 ) ) ;
#1170 = AXIS2_PLACEMENT_3D ( 'NONE', #1581, #874, #58 ) ;
#1171 = EDGE_CURVE ( 'NONE', #1475, #476, #396, .T. ) ;
#1172 = ORIENTED_EDGE ( 'NONE', *, *, #897, .F. ) ;
#1173 = CARTESIAN_POINT ( 'NONE',  ( 52.00000000000000711, 10.00000000000000000, 0.000000000000000000 ) ) ;
#1174 = FACE_OUTER_BOUND ( 'NONE', #387, .T. ) ;
#1175 = ORIENTED_EDGE ( 'NONE', *, *, #1121, .T. ) ;
#1176 = AXIS2_PLACEMENT_3D ( 'NONE', #1540, #1263, #1697 ) ;
#1177 = DIRECTION ( 'NONE',  ( 0.000000000000000000, 1.000000000000000000, 0.000000000000000000 ) ) ;
#1178 = FACE_BOUND ( 'NONE', #249, .T. ) ;
#1179 = ORIENTED_EDGE ( 'NONE', *, *, #1452, .F. ) ;
#1180 = PLANE ( 'NONE',  #1754 ) ;
#1181 = ORIENTED_EDGE ( 'NONE', *, *, #866, .T. ) ;
#1182 = CYLINDRICAL_SURFACE ( 'NONE', #6, 4.500000000000003553 ) ;
#1183 = DIRECTION ( 'NONE',  ( 1.000000000000000000, 0.000000000000000000, 0.000000000000000000 ) ) ;
#1184 = ORIENTED_EDGE ( 'NONE', *, *, #1554, .T. ) ;
#1185 = DIRECTION ( 'NONE',  ( 0.000000000000000000, 0.000000000000000000, -1.000000000000000000 ) ) ;
#1186 = LINE ( 'NONE', #1734, #1439 ) ;
#1187 = ORIENTED_EDGE ( 'NONE', *, *, #361, .F. ) ;
#1188 = DIRECTION ( 'NONE',  ( 0.000000000000000000, 1.000000000000000000, 0.000000000000000000 ) ) ;
#1189 = EDGE_CURVE ( 'NONE', #872, #973, #1516, .T. ) ;
#1190 = ORIENTED_EDGE ( 'NONE', *, *, #1478, .F. ) ;
#1191 = DIRECTION ( 'NONE',  ( 0.000000000000000000, -1.000000000000000000, 0.000000000000000000 ) ) ;
#1192 = CARTESIAN_POINT ( 'NONE',  ( 37.25000000000001421, 24.75000000000011369, -51.00000000000000000 ) ) ;
#1193 = ADVANCED_FACE ( 'NONE', ( #952 ), #257, .F. ) ;
#1194 = LINE ( 'NONE', #498, #105 ) ;
#1195 = LINE ( 'NONE', #909, #182 ) ;
#1196 = ORIENTED_EDGE ( 'NONE', *, *, #1686, .T. ) ;
#1197 = VECTOR ( 'NONE', #1316, 1000.000000000000000 ) ;
#1198 = CARTESIAN_POINT ( 'NONE',  ( 42.00000000000000711, 5.000000000000000000, -41.49999999999998579 ) ) ;
#1199 = AXIS2_PLACEMENT_3D ( 'NONE', #1705, #856, #1295 ) ;
#1200 = ORIENTED_EDGE ( 'NONE', *, *, #1372, .F. ) ;
#1201 = VECTOR ( 'NONE', #1535, 1000.000000000000000 ) ;
#1202 = ADVANCED_FACE ( 'NONE', ( #299 ), #429, .F. ) ;
#1203 = AXIS2_PLACEMENT_3D ( 'NONE', #769, #775, #1351 ) ;
#1204 = DIRECTION ( 'NONE',  ( 0.000000000000000000, 0.000000000000000000, -1.000000000000000000 ) ) ;
#1205 = LINE ( 'NONE', #88, #1382 ) ;
#1206 = DIRECTION ( 'NONE',  ( 0.7071067811865441310, -0.7071067811865510144, 9.813077866773545180E-16 ) ) ;
#1207 = DIRECTION ( 'NONE',  ( -0.000000000000000000, -1.000000000000000000, -0.000000000000000000 ) ) ;
#1208 = FACE_BOUND ( 'NONE', #1586, .T. ) ;
#1209 = EDGE_LOOP ( 'NONE', ( #322, #234, #446, #1709 ) ) ;
#1210 = CIRCLE ( 'NONE', #641, 2.950000000000003730 ) ;
#1211 = CARTESIAN_POINT ( 'NONE',  ( 42.00000000000000000, 5.000000000000000000, -10.00000000000000000 ) ) ;
#1212 = DIRECTION ( 'NONE',  ( -0.000000000000000000, 1.000000000000000000, -0.000000000000000000 ) ) ;
#1213 = DIRECTION ( 'NONE',  ( 1.000000000000000000, 0.000000000000000000, 0.000000000000000000 ) ) ;
#1214 = CARTESIAN_POINT ( 'NONE',  ( 37.24999999999997158, 24.75000000000009948, 7.033684150987384754E-14 ) ) ;
#1215 = ADVANCED_FACE ( 'NONE', ( #701, #306, #281 ), #1665, .F. ) ;
#1216 = VERTEX_POINT ( 'NONE', #1254 ) ;
#1217 = ORIENTED_EDGE ( 'NONE', *, *, #1796, .T. ) ;
#1218 = LINE ( 'NONE', #808, #1640 ) ;
#1219 = LINE ( 'NONE', #518, #214 ) ;
#1220 = DIRECTION ( 'NONE',  ( -0.000000000000000000, 0.000000000000000000, 1.000000000000000000 ) ) ;
#1221 = LINE ( 'NONE', #407, #1513 ) ;
#1222 = AXIS2_PLACEMENT_3D ( 'NONE', #1603, #347, #1780 ) ;
#1223 = EDGE_CURVE ( 'NONE', #1526, #1022, #710, .T. ) ;
#1224 = EDGE_CURVE ( 'NONE', #269, #303, #421, .T. ) ;
#1225 = EDGE_CURVE ( 'NONE', #221, #399, #841, .T. ) ;
#1226 = VERTEX_POINT ( 'NONE', #167 ) ;
#1227 = VECTOR ( 'NONE', #1160, 1000.000000000000000 ) ;
#1228 = EDGE_CURVE ( 'NONE', #1413, #472, #663, .T. ) ;
#1229 = EDGE_LOOP ( 'NONE', ( #267, #693 ) ) ;
#1230 = AXIS2_PLACEMENT_3D ( 'NONE', #900, #1337, #1747 ) ;
#1231 = PRESENTATION_STYLE_ASSIGNMENT (( #136 ) ) ;
#1232 = CIRCLE ( 'NONE', #241, 2.950000000000001066 ) ;
#1233 = FACE_OUTER_BOUND ( 'NONE', #514, .T. ) ;
#1234 = DIRECTION ( 'NONE',  ( -0.000000000000000000, -0.000000000000000000, 1.000000000000000000 ) ) ;
#1235 = DIRECTION ( 'NONE',  ( 0.000000000000000000, 6.938893903907222461E-16, 1.000000000000000000 ) ) ;
#1236 = VERTEX_POINT ( 'NONE', #1139 ) ;
#1237 = ORIENTED_EDGE ( 'NONE', *, *, #251, .T. ) ;
#1238 = VECTOR ( 'NONE', #1008, 1000.000000000000000 ) ;
#1239 = ORIENTED_EDGE ( 'NONE', *, *, #1704, .T. ) ;
#1240 =( NAMED_UNIT ( * ) PLANE_ANGLE_UNIT ( ) SI_UNIT ( $, .RADIAN. ) );
#1241 = DIRECTION ( 'NONE',  ( 1.000000000000000000, 0.000000000000000000, 0.000000000000000000 ) ) ;
#1242 = DIRECTION ( 'NONE',  ( -0.000000000000000000, -0.000000000000000000, 1.000000000000000000 ) ) ;
#1243 = LINE ( 'NONE', #1542, #904 ) ;
#1244 = ORIENTED_EDGE ( 'NONE', *, *, #703, .T. ) ;
#1245 = EDGE_CURVE ( 'NONE', #860, #872, #1286, .T. ) ;
#1246 = ORIENTED_EDGE ( 'NONE', *, *, #982, .T. ) ;
#1247 = ORIENTED_EDGE ( 'NONE', *, *, #1442, .F. ) ;
#1248 = EDGE_CURVE ( 'NONE', #1449, #269, #1725, .T. ) ;
#1249 = LINE ( 'NONE', #1672, #1137 ) ;
#1250 = EDGE_CURVE ( 'NONE', #303, #302, #1582, .T. ) ;
#1251 = CARTESIAN_POINT ( 'NONE',  ( 42.00000000000000711, 10.00000000000000000, -48.94999999999999574 ) ) ;
#1252 = DIRECTION ( 'NONE',  ( 1.000000000000000000, 0.000000000000000000, 0.000000000000000000 ) ) ;
#1253 = EDGE_CURVE ( 'NONE', #1568, #937, #844, .T. ) ;
#1254 = CARTESIAN_POINT ( 'NONE',  ( 22.87500000000000711, 17.49999999999999645, -56.00000000000000000 ) ) ;
#1255 = ORIENTED_EDGE ( 'NONE', *, *, #1573, .F. ) ;
#1256 = DIRECTION ( 'NONE',  ( -0.000000000000000000, -1.000000000000000000, -0.000000000000000000 ) ) ;
#1257 = ORIENTED_EDGE ( 'NONE', *, *, #256, .F. ) ;
#1258 = VERTEX_POINT ( 'NONE', #28 ) ;
#1259 = CARTESIAN_POINT ( 'NONE',  ( 52.00000000000000711, 10.00000000000000000, 0.000000000000000000 ) ) ;
#1260 = VECTOR ( 'NONE', #780, 1000.000000000000000 ) ;
#1261 = ADVANCED_FACE ( 'NONE', ( #673 ), #830, .F. ) ;
#1262 = CIRCLE ( 'NONE', #1294, 4.500000000000003553 ) ;
#1263 = DIRECTION ( 'NONE',  ( 0.000000000000000000, -1.000000000000000000, 0.000000000000000000 ) ) ;
#1264 = FACE_BOUND ( 'NONE', #1114, .T. ) ;
#1265 = EDGE_CURVE ( 'NONE', #1670, #276, #1243, .T. ) ;
#1266 = VECTOR ( 'NONE', #219, 1000.000000000000000 ) ;
#1267 = CARTESIAN_POINT ( 'NONE',  ( 0.000000000000000000, 10.00000000000000000, -56.00000000000000000 ) ) ;
#1268 = VERTEX_POINT ( 'NONE', #562 ) ;
#1269 = DIRECTION ( 'NONE',  ( 1.000000000000000000, 1.387778780781446464E-15, 0.000000000000000000 ) ) ;
#1270 = ORIENTED_EDGE ( 'NONE', *, *, #1048, .F. ) ;
#1271 = ORIENTED_EDGE ( 'NONE', *, *, #592, .T. ) ;
#1272 = PLANE ( 'NONE',  #1380 ) ;
#1273 = CARTESIAN_POINT ( 'NONE',  ( 10.00000000000000355, 5.000000000000000000, -10.00000000000000000 ) ) ;
#1274 = DIRECTION ( 'NONE',  ( 1.000000000000000000, 0.000000000000000000, 0.000000000000000000 ) ) ;
#1275 = CARTESIAN_POINT ( 'NONE',  ( 31.62500000000000711, 17.49999999999999645, -30.50000000000000000 ) ) ;
#1276 = ORIENTED_EDGE ( 'NONE', *, *, #921, .T. ) ;
#1277 = CARTESIAN_POINT ( 'NONE',  ( 42.00000000000000711, 10.00000000000000000, -43.04999999999999005 ) ) ;
#1278 = ORIENTED_EDGE ( 'NONE', *, *, #73, .T. ) ;
#1279 = AXIS2_PLACEMENT_3D ( 'NONE', #943, #1234, #1494 ) ;
#1280 = EDGE_CURVE ( 'NONE', #1735, #1803, #824, .T. ) ;
#1281 = ORIENTED_EDGE ( 'NONE', *, *, #836, .F. ) ;
#1282 = LINE ( 'NONE', #1450, #1578 ) ;
#1283 = DIRECTION ( 'NONE',  ( -1.000000000000000000, 0.000000000000000000, -0.000000000000000000 ) ) ;
#1284 = DIRECTION ( 'NONE',  ( 0.000000000000000000, 0.000000000000000000, -1.000000000000000000 ) ) ;
#1285 = ADVANCED_BREP_SHAPE_REPRESENTATION ( 'Raiser', ( #484, #18 ), #911 ) ;
#1286 = LINE ( 'NONE', #273, #630 ) ;
#1287 = ORIENTED_EDGE ( 'NONE', *, *, #512, .F. ) ;
#1288 = EDGE_CURVE ( 'NONE', #580, #1216, #1130, .T. ) ;
#1289 = VECTOR ( 'NONE', #337, 1000.000000000000000 ) ;
#1290 = ORIENTED_EDGE ( 'NONE', *, *, #1087, .T. ) ;
#1291 = PRODUCT_DEFINITION ( 'UNKNOWN', '', #419, #193 ) ;
#1292 =( GEOMETRIC_REPRESENTATION_CONTEXT ( 3 ) GLOBAL_UNCERTAINTY_ASSIGNED_CONTEXT ( ( #1583 ) ) GLOBAL_UNIT_ASSIGNED_CONTEXT ( ( #1491, #1240, #517 ) ) REPRESENTATION_CONTEXT ( 'NONE', 'WORKASPACE' ) );
#1293 = LINE ( 'NONE', #1541, #1553 ) ;
#1294 = AXIS2_PLACEMENT_3D ( 'NONE', #426, #277, #1418 ) ;
#1295 = DIRECTION ( 'NONE',  ( 1.000000000000000000, 0.000000000000000000, 0.000000000000000000 ) ) ;
#1296 = CARTESIAN_POINT ( 'NONE',  ( 20.37500000000000711, 17.49999999999999645, -30.50000000000000000 ) ) ;
#1297 = ORIENTED_EDGE ( 'NONE', *, *, #646, .T. ) ;
#1298 = VECTOR ( 'NONE', #1474, 1000.000000000000000 ) ;
#1299 = AXIS2_PLACEMENT_3D ( 'NONE', #1012, #1023, #1591 ) ;
#1300 = ORIENTED_EDGE ( 'NONE', *, *, #944, .T. ) ;
#1301 = ORIENTED_EDGE ( 'NONE', *, *, #678, .F. ) ;
#1302 = DIRECTION ( 'NONE',  ( -0.000000000000000000, -1.000000000000000000, -0.000000000000000000 ) ) ;
#1303 = CARTESIAN_POINT ( 'NONE',  ( 31.62500000000000711, 22.50000000000000000, -50.99999999999999289 ) ) ;
#1304 = DIRECTION ( 'NONE',  ( 1.000000000000000000, 0.000000000000000000, 1.239088197126291063E-16 ) ) ;
#1305 = EDGE_LOOP ( 'NONE', ( #1162, #1631, #1688, #508 ) ) ;
#1306 = VERTEX_POINT ( 'NONE', #1693 ) ;
#1307 = CYLINDRICAL_SURFACE ( 'NONE', #627, 2.950000000000001066 ) ;
#1308 = DIRECTION ( 'NONE',  ( 0.000000000000000000, -0.000000000000000000, -1.000000000000000000 ) ) ;
#1309 = ORIENTED_EDGE ( 'NONE', *, *, #1112, .T. ) ;
#1310 = DIRECTION ( 'NONE',  ( 1.000000000000000000, 1.387778780781444492E-15, 0.000000000000000000 ) ) ;
#1311 = DIRECTION ( 'NONE',  ( 0.000000000000000000, -1.000000000000000000, 0.000000000000000000 ) ) ;
#1312 = ADVANCED_FACE ( 'NONE', ( #988 ), #5, .T. ) ;
#1313 = EDGE_LOOP ( 'NONE', ( #1172, #38, #740, #645 ) ) ;
#1314 = CARTESIAN_POINT ( 'NONE',  ( 14.74999999999997158, 0.000000000000000000, 6.754889306633969689E-14 ) ) ;
#1315 = ORIENTED_EDGE ( 'NONE', *, *, #1055, .T. ) ;
#1316 = DIRECTION ( 'NONE',  ( 0.000000000000000000, -1.000000000000000000, 0.000000000000000000 ) ) ;
#1317 = EDGE_CURVE ( 'NONE', #807, #1363, #1403, .T. ) ;
#1318 = LINE ( 'NONE', #1445, #1527 ) ;
#1319 = ORIENTED_EDGE ( 'NONE', *, *, #557, .T. ) ;
#1320 = CARTESIAN_POINT ( 'NONE',  ( 20.37500000000000711, 22.50000000000000000, -30.50000000000000000 ) ) ;
#1321 = DIRECTION ( 'NONE',  ( 1.239088197126291063E-16, 0.000000000000000000, -1.000000000000000000 ) ) ;
#1322 = CIRCLE ( 'NONE', #1103, 4.499999999999999112 ) ;
#1323 = CIRCLE ( 'NONE', #522, 4.500000000000003553 ) ;
#1324 = CARTESIAN_POINT ( 'NONE',  ( 37.25000000000001421, 24.75000000000011369, -56.00000000000000000 ) ) ;
#1325 = CARTESIAN_POINT ( 'NONE',  ( 14.75000000000001243, 30.00000000000000000, -56.00000000000000000 ) ) ;
#1326 = VECTOR ( 'NONE', #69, 1000.000000000000000 ) ;
#1327 = ORIENTED_EDGE ( 'NONE', *, *, #784, .F. ) ;
#1328 = CARTESIAN_POINT ( 'NONE',  ( 0.000000000000000000, 0.000000000000000000, 0.000000000000000000 ) ) ;
#1329 = PLANE ( 'NONE',  #1495 ) ;
#1330 = APPLICATION_CONTEXT ( 'automotive_design' ) ;
#1331 = FACE_OUTER_BOUND ( 'NONE', #403, .T. ) ;
#1332 = VERTEX_POINT ( 'NONE', #577 ) ;
#1333 = VECTOR ( 'NONE', #978, 1000.000000000000000 ) ;
#1334 = CARTESIAN_POINT ( 'NONE',  ( 34.12500000000000711, 22.49999999999999645, -25.50000000000000355 ) ) ;
#1335 = DIRECTION ( 'NONE',  ( 0.000000000000000000, 1.000000000000000000, 0.000000000000000000 ) ) ;
#1336 = VERTEX_POINT ( 'NONE', #1464 ) ;
#1337 = DIRECTION ( 'NONE',  ( -0.000000000000000000, -0.000000000000000000, -1.000000000000000000 ) ) ;
#1338 = VERTEX_POINT ( 'NONE', #1149 ) ;
#1339 = EDGE_CURVE ( 'NONE', #160, #415, #1383, .T. ) ;
#1340 = CARTESIAN_POINT ( 'NONE',  ( 10.00000000000000355, 10.00001200000000168, -45.99999999999999289 ) ) ;
#1341 = CARTESIAN_POINT ( 'NONE',  ( 37.25000000000001421, 24.75000000000009948, -30.50000000000000000 ) ) ;
#1342 = LINE ( 'NONE', #1514, #268 ) ;
#1343 = DIRECTION ( 'NONE',  ( 0.000000000000000000, 0.000000000000000000, -1.000000000000000000 ) ) ;
#1344 = LINE ( 'NONE', #370, #385 ) ;
#1345 = VERTEX_POINT ( 'NONE', #887 ) ;
#1346 = EDGE_CURVE ( 'NONE', #787, #1332, #1786, .T. ) ;
#1347 = EDGE_CURVE ( 'NONE', #225, #1472, #574, .T. ) ;
#1348 = LINE ( 'NONE', #1598, #1227 ) ;
#1349 = CARTESIAN_POINT ( 'NONE',  ( 22.87500000000000711, 22.49999999999999645, -67.18033988749895968 ) ) ;
#1350 = LINE ( 'NONE', #374, #850 ) ;
#1351 = DIRECTION ( 'NONE',  ( 0.000000000000000000, 0.000000000000000000, -1.000000000000000000 ) ) ;
#1352 = AXIS2_PLACEMENT_3D ( 'NONE', #1558, #849, #855 ) ;
#1353 = CARTESIAN_POINT ( 'NONE',  ( 17.87500000000001066, 22.49999999999999645, -30.50000000000000000 ) ) ;
#1354 = AXIS2_PLACEMENT_3D ( 'NONE', #835, #12, #287 ) ;
#1355 = AXIS2_PLACEMENT_3D ( 'NONE', #254, #528, #1385 ) ;
#1356 = VERTEX_POINT ( 'NONE', #336 ) ;
#1357 = VECTOR ( 'NONE', #1235, 1000.000000000000000 ) ;
#1358 = CARTESIAN_POINT ( 'NONE',  ( 42.00000000000000000, 0.000000000000000000, -10.00000000000000000 ) ) ;
#1359 = CARTESIAN_POINT ( 'NONE',  ( 17.87500000000001066, 22.50000000000000000, -51.00000000000000000 ) ) ;
#1360 = CARTESIAN_POINT ( 'NONE',  ( 9.999999999999998224, 0.000000000000000000, -45.99999999999999289 ) ) ;
#1361 = FACE_OUTER_BOUND ( 'NONE', #538, .T. ) ;
#1362 = AXIS2_PLACEMENT_3D ( 'NONE', #1159, #612, #1029 ) ;
#1363 = VERTEX_POINT ( 'NONE', #908 ) ;
#1364 = ORIENTED_EDGE ( 'NONE', *, *, #703, .F. ) ;
#1365 = ORIENTED_EDGE ( 'NONE', *, *, #1339, .F. ) ;
#1366 = LINE ( 'NONE', #931, #240 ) ;
#1367 = EDGE_CURVE ( 'NONE', #1123, #22, #1040, .T. ) ;
#1368 = CYLINDRICAL_SURFACE ( 'NONE', #1671, 2.500000000000002220 ) ;
#1369 = LINE ( 'NONE', #1063, #814 ) ;
#1370 = CARTESIAN_POINT ( 'NONE',  ( 14.75000000000001243, 24.74999999999995381, -56.00000000000000000 ) ) ;
#1371 = EDGE_CURVE ( 'NONE', #22, #378, #1080, .T. ) ;
#1372 = EDGE_CURVE ( 'NONE', #269, #1413, #200, .T. ) ;
#1373 = EDGE_LOOP ( 'NONE', ( #666, #1544, #1247, #946 ) ) ;
#1374 = VERTEX_POINT ( 'NONE', #595 ) ;
#1375 = LINE ( 'NONE', #1078, #438 ) ;
#1376 = DIRECTION ( 'NONE',  ( 0.000000000000000000, -1.000000000000000000, 0.000000000000000000 ) ) ;
#1377 = CYLINDRICAL_SURFACE ( 'NONE', #382, 4.499999999999999112 ) ;
#1378 = ORIENTED_EDGE ( 'NONE', *, *, #781, .T. ) ;
#1379 = ORIENTED_EDGE ( 'NONE', *, *, #1108, .F. ) ;
#1380 = AXIS2_PLACEMENT_3D ( 'NONE', #1406, #1545, #23 ) ;
#1381 = ORIENTED_EDGE ( 'NONE', *, *, #1347, .T. ) ;
#1382 = VECTOR ( 'NONE', #773, 1000.000000000000000 ) ;
#1383 = CIRCLE ( 'NONE', #692, 2.950000000000003730 ) ;
#1384 = FACE_OUTER_BOUND ( 'NONE', #1313, .T. ) ;
#1385 = DIRECTION ( 'NONE',  ( 0.000000000000000000, 0.000000000000000000, -1.000000000000000000 ) ) ;
#1386 = ORIENTED_EDGE ( 'NONE', *, *, #515, .T. ) ;
#1387 = ADVANCED_FACE ( 'NONE', ( #716 ), #1733, .F. ) ;
#1388 = EDGE_LOOP ( 'NONE', ( #998, #112, #1190, #1396 ) ) ;
#1389 = CIRCLE ( 'NONE', #161, 2.949999999999998845 ) ;
#1390 = ORIENTED_EDGE ( 'NONE', *, *, #1614, .F. ) ;
#1391 = SURFACE_STYLE_FILL_AREA ( #638 ) ;
#1392 = ADVANCED_FACE ( 'NONE', ( #606 ), #1163, .F. ) ;
#1393 = CARTESIAN_POINT ( 'NONE',  ( 22.87500000000000711, 22.49999999999999645, -25.50000000000000355 ) ) ;
#1394 = DIRECTION ( 'NONE',  ( 0.000000000000000000, 1.000000000000000000, 0.000000000000000000 ) ) ;
#1395 = DIRECTION ( 'NONE',  ( 0.000000000000000000, 0.000000000000000000, 1.000000000000000000 ) ) ;
#1396 = ORIENTED_EDGE ( 'NONE', *, *, #1280, .F. ) ;
#1397 = ORIENTED_EDGE ( 'NONE', *, *, #1223, .F. ) ;
#1398 = EDGE_CURVE ( 'NONE', #1449, #472, #1744, .T. ) ;
#1399 = ORIENTED_EDGE ( 'NONE', *, *, #611, .T. ) ;
#1400 = CARTESIAN_POINT ( 'NONE',  ( 0.000000000000000000, 0.000000000000000000, 0.000000000000000000 ) ) ;
#1401 = DIRECTION ( 'NONE',  ( -0.000000000000000000, 0.000000000000000000, 1.000000000000000000 ) ) ;
#1402 = DIRECTION ( 'NONE',  ( 0.000000000000000000, -1.000000000000000000, 0.000000000000000000 ) ) ;
#1403 = LINE ( 'NONE', #312, #1018 ) ;
#1404 = EDGE_LOOP ( 'NONE', ( #1158, #123, #578, #1459 ) ) ;
#1405 = ORIENTED_EDGE ( 'NONE', *, *, #836, .T. ) ;
#1406 = CARTESIAN_POINT ( 'NONE',  ( 10.00000000000000355, 5.000000000000000000, -10.00000000000000000 ) ) ;
#1407 = AXIS2_PLACEMENT_3D ( 'NONE', #280, #1569, #418 ) ;
#1408 = AXIS2_PLACEMENT_3D ( 'NONE', #1757, #224, #74 ) ;
#1409 = DIRECTION ( 'NONE',  ( -0.000000000000000000, -0.000000000000000000, 1.000000000000000000 ) ) ;
#1410 = LINE ( 'NONE', #1703, #901 ) ;
#1411 = VECTOR ( 'NONE', #1750, 1000.000000000000000 ) ;
#1412 = DIRECTION ( 'NONE',  ( 0.000000000000000000, 0.000000000000000000, 1.000000000000000000 ) ) ;
#1413 = VERTEX_POINT ( 'NONE', #1334 ) ;
#1414 = EDGE_CURVE ( 'NONE', #869, #1236, #991, .T. ) ;
#1415 = EDGE_LOOP ( 'NONE', ( #544, #1519, #185, #1365 ) ) ;
#1416 = AXIS2_PLACEMENT_3D ( 'NONE', #165, #1119, #967 ) ;
#1417 = ORIENTED_EDGE ( 'NONE', *, *, #459, .T. ) ;
#1418 = DIRECTION ( 'NONE',  ( 0.000000000000000000, 0.000000000000000000, 1.000000000000000000 ) ) ;
#1419 = DIRECTION ( 'NONE',  ( 0.000000000000000000, 1.000000000000000000, 0.000000000000000000 ) ) ;
#1420 = DIRECTION ( 'NONE',  ( 0.000000000000000000, 0.000000000000000000, 1.000000000000000000 ) ) ;
#1421 = DIRECTION ( 'NONE',  ( -1.000000000000000000, 0.000000000000000000, 0.000000000000000000 ) ) ;
#1422 = ORIENTED_EDGE ( 'NONE', *, *, #1171, .T. ) ;
#1423 = EDGE_CURVE ( 'NONE', #1639, #141, #81, .T. ) ;
#1424 = ORIENTED_EDGE ( 'NONE', *, *, #891, .T. ) ;
#1425 = ORIENTED_EDGE ( 'NONE', *, *, #176, .T. ) ;
#1426 =( NAMED_UNIT ( * ) PLANE_ANGLE_UNIT ( ) SI_UNIT ( $, .RADIAN. ) );
#1427 = DIRECTION ( 'NONE',  ( 0.000000000000000000, 0.000000000000000000, -1.000000000000000000 ) ) ;
#1428 = FACE_BOUND ( 'NONE', #531, .T. ) ;
#1429 = DIRECTION ( 'NONE',  ( 0.000000000000000000, 0.000000000000000000, 1.000000000000000000 ) ) ;
#1430 = ORIENTED_EDGE ( 'NONE', *, *, #235, .F. ) ;
#1431 = EDGE_LOOP ( 'NONE', ( #111, #230, #1490, #731 ) ) ;
#1432 = DIRECTION ( 'NONE',  ( 0.000000000000000000, -0.000000000000000000, 1.000000000000000000 ) ) ;
#1433 = CIRCLE ( 'NONE', #354, 4.500000000000000000 ) ;
#1434 = CIRCLE ( 'NONE', #1355, 4.499999999999999112 ) ;
#1435 = PLANE ( 'NONE',  #1555 ) ;
#1436 = CARTESIAN_POINT ( 'NONE',  ( 29.12500000000000711, 22.49999999999999645, -30.50000000000000000 ) ) ;
#1437 = ORIENTED_EDGE ( 'NONE', *, *, #1372, .T. ) ;
#1438 = AXIS2_PLACEMENT_3D ( 'NONE', #1098, #1412, #857 ) ;
#1439 = VECTOR ( 'NONE', #1311, 1000.000000000000000 ) ;
#1440 = ORIENTED_EDGE ( 'NONE', *, *, #258, .F. ) ;
#1441 = AXIS2_PLACEMENT_3D ( 'NONE', #367, #915, #1213 ) ;
#1442 = EDGE_CURVE ( 'NONE', #1142, #1154, #863, .T. ) ;
#1443 = LINE ( 'NONE', #451, #1238 ) ;
#1444 = CARTESIAN_POINT ( 'NONE',  ( 29.12500000000000355, 17.49999999999999645, -67.18033988749895968 ) ) ;
#1445 = CARTESIAN_POINT ( 'NONE',  ( 22.87500000000000711, 17.49999999999999645, -67.18033988749895968 ) ) ;
#1446 = ORIENTED_EDGE ( 'NONE', *, *, #1414, .T. ) ;
#1447 = DIRECTION ( 'NONE',  ( 1.239088197126291063E-16, 0.000000000000000000, -1.000000000000000000 ) ) ;
#1448 = CARTESIAN_POINT ( 'NONE',  ( 22.87500000000000711, 22.49999999999999645, -51.00000000000000000 ) ) ;
#1449 = VERTEX_POINT ( 'NONE', #1436 ) ;
#1450 = CARTESIAN_POINT ( 'NONE',  ( 52.00000000000001421, 10.00000000000000000, -56.00000000000000000 ) ) ;
#1451 = ORIENTED_EDGE ( 'NONE', *, *, #722, .T. ) ;
#1452 = EDGE_CURVE ( 'NONE', #965, #907, #1033, .T. ) ;
#1453 = CYLINDRICAL_SURFACE ( 'NONE', #778, 4.499999999999997335 ) ;
#1454 = DIRECTION ( 'NONE',  ( 0.000000000000000000, -1.000000000000000000, 0.000000000000000000 ) ) ;
#1455 = ORIENTED_EDGE ( 'NONE', *, *, #639, .F. ) ;
#1456 = DIRECTION ( 'NONE',  ( -0.000000000000000000, -0.000000000000000000, -1.000000000000000000 ) ) ;
#1457 = CARTESIAN_POINT ( 'NONE',  ( 10.00000000000000355, 10.00000000000000000, -12.94999999999999929 ) ) ;
#1458 = DIRECTION ( 'NONE',  ( 0.000000000000000000, 1.000000000000000000, 0.000000000000000000 ) ) ;
#1459 = ORIENTED_EDGE ( 'NONE', *, *, #620, .F. ) ;
#1460 = APPLICATION_PROTOCOL_DEFINITION ( 'draft international standard', 'automotive_design', 1998, #9 ) ;
#1461 = FACE_OUTER_BOUND ( 'NONE', #371, .T. ) ;
#1462 = CARTESIAN_POINT ( 'NONE',  ( 49.49999999999995026, 12.50000000000003020, -25.50000000000000000 ) ) ;
#1463 = EDGE_LOOP ( 'NONE', ( #194, #555 ) ) ;
#1464 = CARTESIAN_POINT ( 'NONE',  ( 0.000000000000000000, 10.00000000000000000, -30.50000000000000711 ) ) ;
#1465 = ORIENTED_EDGE ( 'NONE', *, *, #1796, .F. ) ;
#1466 = AXIS2_PLACEMENT_3D ( 'NONE', #1530, #270, #372 ) ;
#1467 = AXIS2_PLACEMENT_3D ( 'NONE', #1589, #453, #172 ) ;
#1468 = EDGE_LOOP ( 'NONE', ( #324, #313, #1678, #939 ) ) ;
#1469 = ADVANCED_FACE ( 'NONE', ( #52 ), #1602, .T. ) ;
#1470 = LINE ( 'NONE', #1066, #352 ) ;
#1471 = VECTOR ( 'NONE', #851, 1000.000000000000000 ) ;
#1472 = VERTEX_POINT ( 'NONE', #895 ) ;
#1473 = LINE ( 'NONE', #1741, #956 ) ;
#1474 = DIRECTION ( 'NONE',  ( 0.000000000000000000, -1.000000000000000000, 0.000000000000000000 ) ) ;
#1475 = VERTEX_POINT ( 'NONE', #455 ) ;
#1476 = LINE ( 'NONE', #1504, #1537 ) ;
#1477 = DIRECTION ( 'NONE',  ( 0.000000000000000000, 1.000000000000000000, 0.000000000000000000 ) ) ;
#1478 = EDGE_CURVE ( 'NONE', #1803, #410, #1758, .T. ) ;
#1479 = ORIENTED_EDGE ( 'NONE', *, *, #859, .F. ) ;
#1480 = CARTESIAN_POINT ( 'NONE',  ( 9.999999999999998224, 5.000000000000000000, -48.94999999999999574 ) ) ;
#1481 = EDGE_CURVE ( 'NONE', #1363, #1764, #1082, .T. ) ;
#1482 = EDGE_LOOP ( 'NONE', ( #1646, #292, #461, #142, #1633, #1019 ) ) ;
#1483 = DIRECTION ( 'NONE',  ( 1.000000000000000000, 0.000000000000000000, 0.000000000000000000 ) ) ;
#1484 = FACE_OUTER_BOUND ( 'NONE', #170, .T. ) ;
#1485 = DIRECTION ( 'NONE',  ( -0.000000000000000000, -1.000000000000000000, -0.000000000000000000 ) ) ;
#1486 = CARTESIAN_POINT ( 'NONE',  ( 42.00000000000000000, 5.000000000000000000, -10.00000000000000000 ) ) ;
#1487 = DIRECTION ( 'NONE',  ( -0.000000000000000000, -1.000000000000000000, -0.000000000000000000 ) ) ;
#1488 = VERTEX_POINT ( 'NONE', #1493 ) ;
#1489 = PLANE ( 'NONE',  #1642 ) ;
#1490 = ORIENTED_EDGE ( 'NONE', *, *, #620, .T. ) ;
#1491 =( LENGTH_UNIT ( ) NAMED_UNIT ( * ) SI_UNIT ( .MILLI., .METRE. ) );
#1492 = DIRECTION ( 'NONE',  ( 1.000000000000000000, 0.000000000000000000, 0.000000000000000000 ) ) ;
#1493 = CARTESIAN_POINT ( 'NONE',  ( 29.12500000000000711, 22.50000000000000000, -51.00000000000000000 ) ) ;
#1494 = DIRECTION ( 'NONE',  ( 1.000000000000000000, 0.000000000000000000, 0.000000000000000000 ) ) ;
#1495 = AXIS2_PLACEMENT_3D ( 'NONE', #365, #333, #319 ) ;
#1496 = LINE ( 'NONE', #625, #1140 ) ;
#1497 = VECTOR ( 'NONE', #164, 1000.000000000000000 ) ;
#1498 = ORIENTED_EDGE ( 'NONE', *, *, #125, .F. ) ;
#1499 = VECTOR ( 'NONE', #682, 1000.000000000000000 ) ;
#1500 = CARTESIAN_POINT ( 'NONE',  ( 42.00000000000000711, 10.00000000000000000, -45.99999999999999289 ) ) ;
#1501 = EDGE_CURVE ( 'NONE', #1774, #399, #1091, .T. ) ;
#1502 = DIRECTION ( 'NONE',  ( -0.000000000000000000, -0.000000000000000000, 1.000000000000000000 ) ) ;
#1503 = EDGE_CURVE ( 'NONE', #1781, #415, #1369, .T. ) ;
#1504 = CARTESIAN_POINT ( 'NONE',  ( 42.00000000000000711, 10.00001200000000168, -50.49999999999999289 ) ) ;
#1505 = FACE_OUTER_BOUND ( 'NONE', #1209, .T. ) ;
#1506 = AXIS2_PLACEMENT_3D ( 'NONE', #1557, #1283, #1401 ) ;
#1507 = ORIENTED_EDGE ( 'NONE', *, *, #700, .T. ) ;
#1508 = ORIENTED_EDGE ( 'NONE', *, *, #1288, .F. ) ;
#1509 = EDGE_CURVE ( 'NONE', #213, #1568, #1342, .T. ) ;
#1510 = ORIENTED_EDGE ( 'NONE', *, *, #1641, .T. ) ;
#1511 = DIRECTION ( 'NONE',  ( 1.000000000000000000, 0.000000000000000000, 1.239088197126291063E-16 ) ) ;
#1512 = CARTESIAN_POINT ( 'NONE',  ( 10.00000000000000355, 10.00000000000000000, -10.00000000000000000 ) ) ;
#1513 = VECTOR ( 'NONE', #1649, 1000.000000000000000 ) ;
#1514 = CARTESIAN_POINT ( 'NONE',  ( 10.00000000000000355, 10.00000000000000000, -7.050000000000001599 ) ) ;
#1515 = CARTESIAN_POINT ( 'NONE',  ( 10.00000000000000355, 5.000000000000000000, -45.99999999999999289 ) ) ;
#1516 = LINE ( 'NONE', #1793, #1047 ) ;
#1517 = ORIENTED_EDGE ( 'NONE', *, *, #563, .T. ) ;
#1518 = ORIENTED_EDGE ( 'NONE', *, *, #1346, .F. ) ;
#1519 = ORIENTED_EDGE ( 'NONE', *, *, #413, .T. ) ;
#1520 = PLANE ( 'NONE',  #659 ) ;
#1521 = DIRECTION ( 'NONE',  ( 1.000000000000000000, 0.000000000000000000, 1.239088197126291063E-16 ) ) ;
#1522 = LINE ( 'NONE', #116, #291 ) ;
#1523 = CARTESIAN_POINT ( 'NONE',  ( 34.12500000000000711, 22.49999999999999645, -67.18033988749895968 ) ) ;
#1524 = EDGE_LOOP ( 'NONE', ( #98, #48, #1126, #1244 ) ) ;
#1525 = ADVANCED_FACE ( 'NONE', ( #115 ), #394, .F. ) ;
#1526 = VERTEX_POINT ( 'NONE', #802 ) ;
#1527 = VECTOR ( 'NONE', #305, 1000.000000000000000 ) ;
#1528 = ORIENTED_EDGE ( 'NONE', *, *, #19, .F. ) ;
#1529 = CIRCLE ( 'NONE', #868, 4.499999999999998224 ) ;
#1530 = CARTESIAN_POINT ( 'NONE',  ( 42.00000000000000711, 5.000000000000000000, -45.99999999999999289 ) ) ;
#1531 = AXIS2_PLACEMENT_3D ( 'NONE', #584, #1714, #346 ) ;
#1532 = DIRECTION ( 'NONE',  ( -0.000000000000000000, -0.000000000000000000, 1.000000000000000000 ) ) ;
#1533 = DIRECTION ( 'NONE',  ( 0.7071067811865510144, 0.7071067811865441310, 9.813077866773641816E-16 ) ) ;
#1534 = ADVANCED_FACE ( 'NONE', ( #934 ), #942, .F. ) ;
#1535 = DIRECTION ( 'NONE',  ( 0.000000000000000000, -1.000000000000000000, 0.000000000000000000 ) ) ;
#1536 = ORIENTED_EDGE ( 'NONE', *, *, #1189, .T. ) ;
#1537 = VECTOR ( 'NONE', #1376, 1000.000000000000000 ) ;
#1538 = EDGE_LOOP ( 'NONE', ( #1011, #46, #1451, #1422 ) ) ;
#1539 = LINE ( 'NONE', #599, #810 ) ;
#1540 = CARTESIAN_POINT ( 'NONE',  ( 10.00000000000000355, 10.00001200000000168, -10.00000000000000000 ) ) ;
#1541 = CARTESIAN_POINT ( 'NONE',  ( 17.87500000000001066, 22.49999999999999645, -67.18033988749895968 ) ) ;
#1542 = CARTESIAN_POINT ( 'NONE',  ( 10.00000000000000355, 10.00001200000000168, -14.49999999999999822 ) ) ;
#1543 = ORIENTED_EDGE ( 'NONE', *, *, #300, .F. ) ;
#1544 = ORIENTED_EDGE ( 'NONE', *, *, #1144, .F. ) ;
#1545 = DIRECTION ( 'NONE',  ( 0.000000000000000000, 1.000000000000000000, 0.000000000000000000 ) ) ;
#1546 = EDGE_CURVE ( 'NONE', #425, #1007, #1476, .T. ) ;
#1547 = CARTESIAN_POINT ( 'NONE',  ( 2.499999999999950706, 12.50000000000003020, -25.50000000000000355 ) ) ;
#1548 = CARTESIAN_POINT ( 'NONE',  ( 10.00000000000000355, 5.000000000000000000, -14.49999999999999822 ) ) ;
#1549 = DIRECTION ( 'NONE',  ( 0.000000000000000000, 1.000000000000000000, 0.000000000000000000 ) ) ;
#1550 = ORIENTED_EDGE ( 'NONE', *, *, #1346, .T. ) ;
#1551 = ORIENTED_EDGE ( 'NONE', *, *, #1740, .T. ) ;
#1552 = CARTESIAN_POINT ( 'NONE',  ( -1.157246421706100357E-13, 9.999999999999980460, -30.50000000000000711 ) ) ;
#1553 = VECTOR ( 'NONE', #14, 1000.000000000000000 ) ;
#1554 = EDGE_CURVE ( 'NONE', #31, #425, #470, .T. ) ;
#1555 = AXIS2_PLACEMENT_3D ( 'NONE', #51, #736, #444 ) ;
#1556 = EDGE_CURVE ( 'NONE', #1748, #285, #1679, .T. ) ;
#1557 = CARTESIAN_POINT ( 'NONE',  ( 17.87500000000001066, 22.49999999999999645, -67.18033988749895968 ) ) ;
#1558 = CARTESIAN_POINT ( 'NONE',  ( 9.999999999999998224, 10.00000000000000000, -45.99999999999999289 ) ) ;
#1559 = VECTOR ( 'NONE', #173, 1000.000000000000000 ) ;
#1560 = ADVANCED_FACE ( 'NONE', ( #1233 ), #642, .F. ) ;
#1561 = DIRECTION ( 'NONE',  ( -0.000000000000000000, 0.000000000000000000, 1.000000000000000000 ) ) ;
#1562 = ORIENTED_EDGE ( 'NONE', *, *, #1048, .T. ) ;
#1563 = ORIENTED_EDGE ( 'NONE', *, *, #258, .T. ) ;
#1564 = PLANE ( 'NONE',  #751 ) ;
#1565 = CARTESIAN_POINT ( 'NONE',  ( 0.000000000000000000, 0.000000000000000000, 0.000000000000000000 ) ) ;
#1566 = CARTESIAN_POINT ( 'NONE',  ( 42.00000000000000711, 10.00001200000000168, -45.99999999999999289 ) ) ;
#1567 = ORIENTED_EDGE ( 'NONE', *, *, #1224, .T. ) ;
#1568 = VERTEX_POINT ( 'NONE', #222 ) ;
#1569 = DIRECTION ( 'NONE',  ( 0.000000000000000000, -1.000000000000000000, 0.000000000000000000 ) ) ;
#1570 = LINE ( 'NONE', #604, #571 ) ;
#1571 = DIRECTION ( 'NONE',  ( -0.000000000000000000, 0.000000000000000000, 1.000000000000000000 ) ) ;
#1572 = PLANE ( 'NONE',  #441 ) ;
#1573 = EDGE_CURVE ( 'NONE', #920, #807, #768, .T. ) ;
#1574 = EDGE_CURVE ( 'NONE', #1488, #587, #1194, .T. ) ;
#1575 = ORIENTED_EDGE ( 'NONE', *, *, #611, .F. ) ;
#1576 = CIRCLE ( 'NONE', #264, 2.499999999999998668 ) ;
#1577 = DIRECTION ( 'NONE',  ( 0.000000000000000000, 0.000000000000000000, 1.000000000000000000 ) ) ;
#1578 = VECTOR ( 'NONE', #416, 1000.000000000000000 ) ;
#1579 = CARTESIAN_POINT ( 'NONE',  ( 0.000000000000000000, 0.000000000000000000, 0.000000000000000000 ) ) ;
#1580 = ORIENTED_EDGE ( 'NONE', *, *, #749, .T. ) ;
#1581 = CARTESIAN_POINT ( 'NONE',  ( 42.00000000000000711, 0.000000000000000000, -45.99999999999999289 ) ) ;
#1582 = CIRCLE ( 'NONE', #1755, 2.500000000000002220 ) ;
#1583 = UNCERTAINTY_MEASURE_WITH_UNIT (LENGTH_MEASURE( 1.000000000000000082E-05 ), #1491, 'distance_accuracy_value', 'NONE');
#1584 = ADVANCED_FACE ( 'NONE', ( #1053 ), #1622, .F. ) ;
#1585 = DIRECTION ( 'NONE',  ( 1.239088197126290817E-16, 0.000000000000000000, -1.000000000000000000 ) ) ;
#1586 = EDGE_LOOP ( 'NONE', ( #1101, #1479, #1795, #1151 ) ) ;
#1587 = CIRCLE ( 'NONE', #47, 2.950000000000001066 ) ;
#1588 = DIRECTION ( 'NONE',  ( 0.000000000000000000, 0.000000000000000000, -1.000000000000000000 ) ) ;
#1589 = CARTESIAN_POINT ( 'NONE',  ( 20.37500000000000711, 17.49999999999999645, -51.00000000000000000 ) ) ;
#1590 = EDGE_LOOP ( 'NONE', ( #390, #777, #1036, #1681 ) ) ;
#1591 = DIRECTION ( 'NONE',  ( 0.000000000000000000, 0.000000000000000000, 1.000000000000000000 ) ) ;
#1592 = CARTESIAN_POINT ( 'NONE',  ( 14.75000000000001243, 10.00000000000000000, -30.50000000000000355 ) ) ;
#1593 = CIRCLE ( 'NONE', #1673, 2.949999999999998845 ) ;
#1594 = ORIENTED_EDGE ( 'NONE', *, *, #255, .F. ) ;
#1595 = LINE ( 'NONE', #338, #151 ) ;
#1596 = ORIENTED_EDGE ( 'NONE', *, *, #73, .F. ) ;
#1597 = CARTESIAN_POINT ( 'NONE',  ( 9.999999999999998224, 10.00000000000000000, -48.94999999999999574 ) ) ;
#1598 = CARTESIAN_POINT ( 'NONE',  ( 52.00000000000000711, 0.000000000000000000, 0.000000000000000000 ) ) ;
#1599 = CARTESIAN_POINT ( 'NONE',  ( 10.00000000000000355, 0.000000000000000000, -12.94999999999999929 ) ) ;
#1600 = EDGE_CURVE ( 'NONE', #1639, #63, #1350, .T. ) ;
#1601 = EDGE_LOOP ( 'NONE', ( #1237, #368 ) ) ;
#1602 = PLANE ( 'NONE',  #1531 ) ;
#1603 = CARTESIAN_POINT ( 'NONE',  ( 14.75000000000000533, 10.00000000000000000, -25.50000000000000355 ) ) ;
#1604 = DIRECTION ( 'NONE',  ( 0.000000000000000000, -1.000000000000000000, 0.000000000000000000 ) ) ;
#1605 = EDGE_LOOP ( 'NONE', ( #1271, #80 ) ) ;
#1606 = FACE_OUTER_BOUND ( 'NONE', #1794, .T. ) ;
#1607 = ADVANCED_FACE ( 'NONE', ( #97 ), #1070, .F. ) ;
#1608 = LINE ( 'NONE', #244, #11 ) ;
#1609 = VECTOR ( 'NONE', #197, 1000.000000000000000 ) ;
#1610 = ORIENTED_EDGE ( 'NONE', *, *, #953, .F. ) ;
#1611 = CARTESIAN_POINT ( 'NONE',  ( 10.00000000000000355, 10.00000000000000000, -10.00000000000000000 ) ) ;
#1612 = ORIENTED_EDGE ( 'NONE', *, *, #158, .F. ) ;
#1613 = AXIS2_PLACEMENT_3D ( 'NONE', #568, #1138, #334 ) ;
#1614 = EDGE_CURVE ( 'NONE', #103, #1100, #217, .T. ) ;
#1615 = VECTOR ( 'NONE', #1256, 1000.000000000000000 ) ;
#1616 = ORIENTED_EDGE ( 'NONE', *, *, #791, .T. ) ;
#1617 = DIRECTION ( 'NONE',  ( -1.387778780781445478E-15, 0.000000000000000000, 1.000000000000000000 ) ) ;
#1618 = VECTOR ( 'NONE', #1304, 1000.000000000000000 ) ;
#1619 = EDGE_LOOP ( 'NONE', ( #898, #1776 ) ) ;
#1620 = CARTESIAN_POINT ( 'NONE',  ( 22.87500000000000711, 22.49999999999999645, -67.18033988749895968 ) ) ;
#1621 = CARTESIAN_POINT ( 'NONE',  ( 42.00000000000000000, 5.000000000000000000, -10.00000000000000000 ) ) ;
#1622 = CYLINDRICAL_SURFACE ( 'NONE', #1441, 2.500000000000002220 ) ;
#1623 = FACE_BOUND ( 'NONE', #798, .T. ) ;
#1624 = DIRECTION ( 'NONE',  ( -0.000000000000000000, 1.000000000000000000, -0.000000000000000000 ) ) ;
#1625 = ORIENTED_EDGE ( 'NONE', *, *, #700, .F. ) ;
#1626 = DIRECTION ( 'NONE',  ( 0.000000000000000000, 1.000000000000000000, 0.000000000000000000 ) ) ;
#1627 = DIRECTION ( 'NONE',  ( -0.000000000000000000, -0.000000000000000000, 1.000000000000000000 ) ) ;
#1628 = CYLINDRICAL_SURFACE ( 'NONE', #77, 2.500000000000002220 ) ;
#1629 = DIRECTION ( 'NONE',  ( -1.000000000000000000, 0.000000000000000000, -1.239088197126291063E-16 ) ) ;
#1630 = ADVANCED_FACE ( 'NONE', ( #383 ), #1628, .F. ) ;
#1631 = ORIENTED_EDGE ( 'NONE', *, *, #564, .T. ) ;
#1632 = PLANE ( 'NONE',  #1408 ) ;
#1633 = ORIENTED_EDGE ( 'NONE', *, *, #1452, .T. ) ;
#1634 = EDGE_CURVE ( 'NONE', #587, #771, #132, .T. ) ;
#1635 = DIRECTION ( 'NONE',  ( 0.000000000000000000, 1.000000000000000000, 0.000000000000000000 ) ) ;
#1636 = LINE ( 'NONE', #380, #782 ) ;
#1637 = CARTESIAN_POINT ( 'NONE',  ( 20.37500000000000711, 22.50000000000000000, -51.00000000000000000 ) ) ;
#1638 = FACE_OUTER_BOUND ( 'NONE', #1708, .T. ) ;
#1639 = VERTEX_POINT ( 'NONE', #1800 ) ;
#1640 = VECTOR ( 'NONE', #1799, 1000.000000000000000 ) ;
#1641 = EDGE_CURVE ( 'NONE', #981, #1702, #811, .T. ) ;
#1642 = AXIS2_PLACEMENT_3D ( 'NONE', #1325, #635, #204 ) ;
#1643 = CARTESIAN_POINT ( 'NONE',  ( 29.12500000000000711, 17.49999999999999645, -56.00000000000000000 ) ) ;
#1644 = ORIENTED_EDGE ( 'NONE', *, *, #247, .F. ) ;
#1645 = VECTOR ( 'NONE', #1487, 1000.000000000000000 ) ;
#1646 = ORIENTED_EDGE ( 'NONE', *, *, #1168, .F. ) ;
#1647 = CARTESIAN_POINT ( 'NONE',  ( 0.000000000000000000, 0.000000000000000000, -56.00000000000000000 ) ) ;
#1648 = CARTESIAN_POINT ( 'NONE',  ( 22.87500000000000711, 22.49999999999999645, -67.18033988749895968 ) ) ;
#1649 = DIRECTION ( 'NONE',  ( -0.000000000000000000, -1.000000000000000000, -0.000000000000000000 ) ) ;
#1650 = EDGE_LOOP ( 'NONE', ( #1378, #845, #1713, #685 ) ) ;
#1651 = ORIENTED_EDGE ( 'NONE', *, *, #27, .F. ) ;
#1652 = ORIENTED_EDGE ( 'NONE', *, *, #1398, .F. ) ;
#1653 = CARTESIAN_POINT ( 'NONE',  ( 34.12500000000000711, 17.49999999999999645, -67.18033988749895968 ) ) ;
#1654 = DIRECTION ( 'NONE',  ( -0.000000000000000000, -0.000000000000000000, 1.000000000000000000 ) ) ;
#1655 = LINE ( 'NONE', #1106, #1783 ) ;
#1656 = EDGE_CURVE ( 'NONE', #1332, #1702, #262, .T. ) ;
#1657 = EDGE_LOOP ( 'NONE', ( #1390, #92, #1116, #826 ) ) ;
#1658 = CARTESIAN_POINT ( 'NONE',  ( 20.37500000000000711, 22.50000000000000000, -56.00000000000000000 ) ) ;
#1659 = EDGE_LOOP ( 'NONE', ( #1386, #1060, #704, #1032 ) ) ;
#1660 = ORIENTED_EDGE ( 'NONE', *, *, #233, .F. ) ;
#1661 = SURFACE_SIDE_STYLE ('',( #1391 ) ) ;
#1662 = DIRECTION ( 'NONE',  ( -0.000000000000000000, -0.000000000000000000, 1.000000000000000000 ) ) ;
#1663 = DIRECTION ( 'NONE',  ( -0.000000000000000000, -1.000000000000000000, -0.000000000000000000 ) ) ;
#1664 = EDGE_CURVE ( 'NONE', #378, #68, #417, .T. ) ;
#1665 = PLANE ( 'NONE',  #179 ) ;
#1666 = ORIENTED_EDGE ( 'NONE', *, *, #816, .F. ) ;
#1667 = AXIS2_PLACEMENT_3D ( 'NONE', #1749, #227, #1577 ) ;
#1668 = ORIENTED_EDGE ( 'NONE', *, *, #597, .T. ) ;
#1669 = AXIS2_PLACEMENT_3D ( 'NONE', #1565, #1454, #1308 ) ;
#1670 = VERTEX_POINT ( 'NONE', #540 ) ;
#1671 = AXIS2_PLACEMENT_3D ( 'NONE', #1742, #933, #1492 ) ;
#1672 = CARTESIAN_POINT ( 'NONE',  ( 34.12500000000000711, 22.49999999999999645, -25.50000000000000355 ) ) ;
#1673 = AXIS2_PLACEMENT_3D ( 'NONE', #478, #1477, #624 ) ;
#1674 = PRODUCT ( 'Raiser', 'Raiser', '', ( #713 ) ) ;
#1675 = CARTESIAN_POINT ( 'NONE',  ( 22.87500000000000711, 22.49999999999999645, -67.18033988749895968 ) ) ;
#1676 = DIRECTION ( 'NONE',  ( 1.000000000000000000, 0.000000000000000000, 1.239088197126291063E-16 ) ) ;
#1677 = CARTESIAN_POINT ( 'NONE',  ( 0.000000000000000000, 0.000000000000000000, -56.00000000000000000 ) ) ;
#1678 = ORIENTED_EDGE ( 'NONE', *, *, #1090, .T. ) ;
#1679 = CIRCLE ( 'NONE', #873, 2.950000000000001066 ) ;
#1680 = EDGE_LOOP ( 'NONE', ( #846, #730, #648, #705 ) ) ;
#1681 = ORIENTED_EDGE ( 'NONE', *, *, #1065, .T. ) ;
#1682 = CARTESIAN_POINT ( 'NONE',  ( 10.00000000000000355, 10.00001200000000168, -41.49999999999999289 ) ) ;
#1683 = DIRECTION ( 'NONE',  ( 0.000000000000000000, 0.000000000000000000, 1.000000000000000000 ) ) ;
#1684 = CYLINDRICAL_SURFACE ( 'NONE', #1044, 2.950000000000002842 ) ;
#1685 = DIRECTION ( 'NONE',  ( 0.000000000000000000, 0.000000000000000000, -1.000000000000000000 ) ) ;
#1686 = EDGE_CURVE ( 'NONE', #547, #1374, #1115, .T. ) ;
#1687 = ADVANCED_FACE ( 'NONE', ( #708 ), #406, .F. ) ;
#1688 = ORIENTED_EDGE ( 'NONE', *, *, #1739, .T. ) ;
#1689 = FACE_OUTER_BOUND ( 'NONE', #833, .T. ) ;
#1690 = ADVANCED_FACE ( 'NONE', ( #3 ), #435, .F. ) ;
#1691 = CARTESIAN_POINT ( 'NONE',  ( 14.75000000000001243, 30.00000000000000355, -51.00000000000000000 ) ) ;
#1692 = DIRECTION ( 'NONE',  ( 0.000000000000000000, 0.000000000000000000, 1.000000000000000000 ) ) ;
#1693 = CARTESIAN_POINT ( 'NONE',  ( 42.00000000000000000, 5.000000000000000000, -14.49999999999999822 ) ) ;
#1694 = EDGE_LOOP ( 'NONE', ( #712, #274, #487, #1616 ) ) ;
#1695 = CIRCLE ( 'NONE', #1014, 4.500000000000000000 ) ;
#1696 = AXIS2_PLACEMENT_3D ( 'NONE', #1148, #862, #996 ) ;
#1697 = DIRECTION ( 'NONE',  ( 0.000000000000000000, 0.000000000000000000, -1.000000000000000000 ) ) ;
#1698 = DIRECTION ( 'NONE',  ( -0.000000000000000000, -1.000000000000000000, -0.000000000000000000 ) ) ;
#1699 = CARTESIAN_POINT ( 'NONE',  ( 14.75000000000000533, 30.00000000000000355, -25.50000000000000355 ) ) ;
#1700 = DIRECTION ( 'NONE',  ( 1.239088197126291063E-16, 0.000000000000000000, -1.000000000000000000 ) ) ;
#1701 = ORIENTED_EDGE ( 'NONE', *, *, #255, .T. ) ;
#1702 = VERTEX_POINT ( 'NONE', #1393 ) ;
#1703 = CARTESIAN_POINT ( 'NONE',  ( 29.12500000000000711, 22.49999999999999645, -25.50000000000000355 ) ) ;
#1704 = EDGE_CURVE ( 'NONE', #677, #757, #1587, .T. ) ;
#1705 = CARTESIAN_POINT ( 'NONE',  ( 20.37500000000000711, 17.49999999999999645, -25.50000000000000355 ) ) ;
#1706 = DIRECTION ( 'NONE',  ( 0.000000000000000000, 1.000000000000000000, 0.000000000000000000 ) ) ;
#1707 = ADVANCED_FACE ( 'NONE', ( #1384 ), #671, .F. ) ;
#1708 = EDGE_LOOP ( 'NONE', ( #414, #695, #1536, #1759 ) ) ;
#1709 = ORIENTED_EDGE ( 'NONE', *, *, #1079, .F. ) ;
#1710 = FACE_OUTER_BOUND ( 'NONE', #1680, .T. ) ;
#1711 = CARTESIAN_POINT ( 'NONE',  ( 9.999999999999998224, 5.000000000000000000, -45.99999999999999289 ) ) ;
#1712 = DIRECTION ( 'NONE',  ( 0.000000000000000000, -1.000000000000000000, 0.000000000000000000 ) ) ;
#1713 = ORIENTED_EDGE ( 'NONE', *, *, #251, .F. ) ;
#1714 = DIRECTION ( 'NONE',  ( 1.000000000000000000, 0.000000000000000000, 0.000000000000000000 ) ) ;
#1715 = ORIENTED_EDGE ( 'NONE', *, *, #1087, .F. ) ;
#1716 = CARTESIAN_POINT ( 'NONE',  ( 14.75000000000000533, 12.50000000000003020, -25.50000000000000355 ) ) ;
#1717 = ORIENTED_EDGE ( 'NONE', *, *, #722, .F. ) ;
#1718 = AXIS2_PLACEMENT_3D ( 'NONE', #744, #603, #772 ) ;
#1719 = DIRECTION ( 'NONE',  ( -0.000000000000000000, -1.000000000000000000, -0.000000000000000000 ) ) ;
#1720 = VECTOR ( 'NONE', #1585, 1000.000000000000000 ) ;
#1721 = DIRECTION ( 'NONE',  ( 1.000000000000000000, 0.000000000000000000, 0.000000000000000000 ) ) ;
#1722 = ORIENTED_EDGE ( 'NONE', *, *, #1317, .F. ) ;
#1723 = CARTESIAN_POINT ( 'NONE',  ( 17.87500000000001066, 22.49999999999999645, -67.18033988749895968 ) ) ;
#1724 = FACE_OUTER_BOUND ( 'NONE', #1468, .T. ) ;
#1725 = CIRCLE ( 'NONE', #1107, 2.500000000000002220 ) ;
#1726 = CARTESIAN_POINT ( 'NONE',  ( 52.00000000000000711, 10.00000000000000000, 0.000000000000000000 ) ) ;
#1727 = LINE ( 'NONE', #1169, #930 ) ;
#1728 = EDGE_LOOP ( 'NONE', ( #186, #1425, #1287, #894 ) ) ;
#1729 = EDGE_CURVE ( 'NONE', #1216, #1143, #848, .T. ) ;
#1730 = CARTESIAN_POINT ( 'NONE',  ( 14.75000000000001243, 24.74999999999995381, -51.00000000000000000 ) ) ;
#1731 = CARTESIAN_POINT ( 'NONE',  ( 52.00000000000000711, 10.00000000000000000, 0.000000000000000000 ) ) ;
#1732 = EDGE_LOOP ( 'NONE', ( #10, #657, #491, #356 ) ) ;
#1733 = PLANE ( 'NONE',  #1141 ) ;
#1734 = CARTESIAN_POINT ( 'NONE',  ( 42.00000000000000711, 10.00001200000000168, -41.49999999999998579 ) ) ;
#1735 = VERTEX_POINT ( 'NONE', #1135 ) ;
#1736 = DIRECTION ( 'NONE',  ( -0.000000000000000000, -0.000000000000000000, 1.000000000000000000 ) ) ;
#1737 = EDGE_CURVE ( 'NONE', #907, #1016, #13, .T. ) ;
#1738 = EDGE_LOOP ( 'NONE', ( #1290, #294, #1510, #150 ) ) ;
#1739 = EDGE_CURVE ( 'NONE', #585, #225, #958, .T. ) ;
#1740 = EDGE_CURVE ( 'NONE', #1143, #103, #145, .T. ) ;
#1741 = CARTESIAN_POINT ( 'NONE',  ( 29.12500000000000355, 17.49999999999999645, -67.18033988749895968 ) ) ;
#1742 = CARTESIAN_POINT ( 'NONE',  ( 31.62500000000000711, 22.50000000000000000, -67.18033988749895968 ) ) ;
#1743 = EDGE_LOOP ( 'NONE', ( #1543, #119 ) ) ;
#1744 = LINE ( 'NONE', #488, #1559 ) ;
#1745 = LINE ( 'NONE', #489, #963 ) ;
#1746 = ORIENTED_EDGE ( 'NONE', *, *, #1501, .F. ) ;
#1747 = DIRECTION ( 'NONE',  ( 1.000000000000000000, 0.000000000000000000, 0.000000000000000000 ) ) ;
#1748 = VERTEX_POINT ( 'NONE', #566 ) ;
#1749 = CARTESIAN_POINT ( 'NONE',  ( 42.00000000000000000, 5.000000000000000000, -10.00000000000000000 ) ) ;
#1750 = DIRECTION ( 'NONE',  ( 1.387778780781445478E-15, 0.000000000000000000, -1.000000000000000000 ) ) ;
#1751 = VECTOR ( 'NONE', #735, 1000.000000000000000 ) ;
#1752 = DIRECTION ( 'NONE',  ( 0.000000000000000000, -1.000000000000000000, 0.000000000000000000 ) ) ;
#1753 = DIRECTION ( 'NONE',  ( 0.000000000000000000, 0.000000000000000000, -1.000000000000000000 ) ) ;
#1754 = AXIS2_PLACEMENT_3D ( 'NONE', #362, #348, #1617 ) ;
#1755 = AXIS2_PLACEMENT_3D ( 'NONE', #1275, #1700, #997 ) ;
#1756 = LINE ( 'NONE', #664, #1645 ) ;
#1757 = CARTESIAN_POINT ( 'NONE',  ( 14.75000000000001243, 10.00000000000000178, -51.00000000000000000 ) ) ;
#1758 = CIRCLE ( 'NONE', #1299, 4.499999999999997335 ) ;
#1759 = ORIENTED_EDGE ( 'NONE', *, *, #117, .T. ) ;
#1760 = FACE_BOUND ( 'NONE', #690, .T. ) ;
#1761 = CARTESIAN_POINT ( 'NONE',  ( 26.00000000000024514, 35.99999999999998579, -56.00000000000000000 ) ) ;
#1762 = DIRECTION ( 'NONE',  ( 1.387778780781445478E-15, 0.000000000000000000, -1.000000000000000000 ) ) ;
#1763 = FACE_OUTER_BOUND ( 'NONE', #947, .T. ) ;
#1764 = VERTEX_POINT ( 'NONE', #1547 ) ;
#1765 = EDGE_CURVE ( 'NONE', #1774, #476, #156, .T. ) ;
#1766 = CARTESIAN_POINT ( 'NONE',  ( 34.12500000000000711, 22.49999999999999645, -56.00000000000000000 ) ) ;
#1767 = ORIENTED_EDGE ( 'NONE', *, *, #235, .T. ) ;
#1768 = DIRECTION ( 'NONE',  ( 0.000000000000000000, -0.000000000000000000, 1.000000000000000000 ) ) ;
#1769 = CYLINDRICAL_SURFACE ( 'NONE', #318, 2.499999999999998668 ) ;
#1770 = DIRECTION ( 'NONE',  ( 0.7071067811865441310, -0.7071067811865510144, 8.761676666762096376E-17 ) ) ;
#1771 = CARTESIAN_POINT ( 'NONE',  ( 42.00000000000000000, 10.00000000000000000, -7.049999999999996270 ) ) ;
#1772 = EDGE_CURVE ( 'NONE', #965, #1336, #288, .T. ) ;
#1773 = EDGE_CURVE ( 'NONE', #800, #213, #1389, .T. ) ;
#1774 = VERTEX_POINT ( 'NONE', #1691 ) ;
#1775 = EDGE_LOOP ( 'NONE', ( #1446, #1668, #203, #307 ) ) ;
#1776 = ORIENTED_EDGE ( 'NONE', *, *, #1704, .F. ) ;
#1777 = DIRECTION ( 'NONE',  ( 0.000000000000000000, 0.000000000000000000, 1.000000000000000000 ) ) ;
#1778 = LINE ( 'NONE', #1761, #411 ) ;
#1779 = DIRECTION ( 'NONE',  ( -0.000000000000000000, 1.000000000000000000, -0.000000000000000000 ) ) ;
#1780 = DIRECTION ( 'NONE',  ( 1.000000000000000000, 0.000000000000000000, 1.239088197126291063E-16 ) ) ;
#1781 = VERTEX_POINT ( 'NONE', #985 ) ;
#1782 = COLOUR_RGB ( '',0.7921568627450980005, 0.8196078431372548767, 0.9333333333333333481 ) ;
#1783 = VECTOR ( 'NONE', #246, 1000.000000000000000 ) ;
#1784 = CIRCLE ( 'NONE', #1165, 4.500000000000003553 ) ;
#1785 = EDGE_LOOP ( 'NONE', ( #1567, #1300, #1046, #1200 ) ) ;
#1786 = CIRCLE ( 'NONE', #932, 2.499999999999998668 ) ;
#1787 = VERTEX_POINT ( 'NONE', #473 ) ;
#1788 = CARTESIAN_POINT ( 'NONE',  ( 22.87500000000000711, 22.49999999999999645, -56.00000000000000000 ) ) ;
#1789 = ADVANCED_FACE ( 'NONE', ( #1710 ), #854, .F. ) ;
#1790 = DIRECTION ( 'NONE',  ( 1.000000000000000000, 0.000000000000000000, 0.000000000000000000 ) ) ;
#1791 = LINE ( 'NONE', #121, #707 ) ;
#1792 = AXIS2_PLACEMENT_3D ( 'NONE', #632, #1206, #1762 ) ;
#1793 = CARTESIAN_POINT ( 'NONE',  ( 14.75000000000000533, 30.00000000000000355, -25.50000000000000355 ) ) ;
#1794 = EDGE_LOOP ( 'NONE', ( #1455, #1517, #792, #1498 ) ) ;
#1795 = ORIENTED_EDGE ( 'NONE', *, *, #1634, .F. ) ;
#1796 = EDGE_CURVE ( 'NONE', #757, #285, #207, .T. ) ;
#1797 = ORIENTED_EDGE ( 'NONE', *, *, #644, .T. ) ;
#1798 = EDGE_CURVE ( 'NONE', #1154, #807, #1443, .T. ) ;
#1799 = DIRECTION ( 'NONE',  ( -0.000000000000000000, -1.000000000000000000, -0.000000000000000000 ) ) ;
#1800 = CARTESIAN_POINT ( 'NONE',  ( 37.25000000000001421, 24.75000000000009948, -30.50000000000000000 ) ) ;
#1801 = CARTESIAN_POINT ( 'NONE',  ( 14.75000000000001243, 0.000000000000000000, -4.615603534295433275E-15 ) ) ;
#1802 = DIRECTION ( 'NONE',  ( 0.000000000000000000, -1.000000000000000000, 0.000000000000000000 ) ) ;
#1803 = VERTEX_POINT ( 'NONE', #743 ) ;
#1804 = ORIENTED_EDGE ( 'NONE', *, *, #1065, .F. ) ;
ENDSEC;
END-ISO-10303-21;
