ISO-10303-21;
HEADER;
FILE_DESCRIPTION (( 'STEP AP214' ),
    '1' );
FILE_NAME ('Z Housing 2.STEP',
    '2026-03-17T06:03:24',
    ( '' ),
    ( '' ),
    'SwSTEP 2.0',
    'SolidWorks 2025',
    '' );
FILE_SCHEMA (( 'AUTOMOTIVE_DESIGN' ));
ENDSEC;

DATA;
#1 = ORIENTED_EDGE ( 'NONE', *, *, #3597, .F. ) ;
#2 = AXIS2_PLACEMENT_3D ( 'NONE', #706, #311, #775 ) ;
#3 = CARTESIAN_POINT ( 'NONE',  ( -3.469446951953614189E-14, 4.999999999999997335, -98.62399999999941258 ) ) ;
#4 = VERTEX_POINT ( 'NONE', #688 ) ;
#5 = CYLINDRICAL_SURFACE ( 'NONE', #3044, 2.750000000000009326 ) ;
#6 = DIRECTION ( 'NONE',  ( -1.000000000000000000, 0.000000000000000000, 3.469446951953617147E-16 ) ) ;
#7 = DIRECTION ( 'NONE',  ( -3.469446951953619612E-16, 0.000000000000000000, -1.000000000000000000 ) ) ;
#8 = ORIENTED_EDGE ( 'NONE', *, *, #4390, .F. ) ;
#9 = CARTESIAN_POINT ( 'NONE',  ( -4.067926551165612636E-14, 16.20799999999999841, -118.2899999999995231 ) ) ;
#10 = EDGE_CURVE ( 'NONE', #3012, #43, #2008, .T. ) ;
#11 = DIRECTION ( 'NONE',  ( -1.000000000000000000, 0.000000000000000000, 3.469446951953616654E-16 ) ) ;
#12 = DIRECTION ( 'NONE',  ( 0.000000000000000000, 1.000000000000000000, 0.000000000000000000 ) ) ;
#13 = CARTESIAN_POINT ( 'NONE',  ( -9.525000000000023448, 61.04000000000002046, -64.99999999999998579 ) ) ;
#14 = EDGE_LOOP ( 'NONE', ( #3286, #4418, #3366, #278 ) ) ;
#15 = CIRCLE ( 'NONE', #2790, 2.750000000000002665 ) ;
#16 = CARTESIAN_POINT ( 'NONE',  ( -2.949029909160572061E-14, 49.83200000000000074, -87.41599999999988313 ) ) ;
#17 = CYLINDRICAL_SURFACE ( 'NONE', #5077, 2.599999999999994760 ) ;
#18 = ADVANCED_FACE ( 'NONE', ( #4275 ), #763, .F. ) ;
#19 = ORIENTED_EDGE ( 'NONE', *, *, #4013, .T. ) ;
#20 = CIRCLE ( 'NONE', #23, 2.750000000000002665 ) ;
#21 = EDGE_LOOP ( 'NONE', ( #484, #1239, #2690, #2356 ) ) ;
#22 = AXIS2_PLACEMENT_3D ( 'NONE', #1995, #1117, #288 ) ;
#23 = AXIS2_PLACEMENT_3D ( 'NONE', #3702, #1633, #4844 ) ;
#24 = CARTESIAN_POINT ( 'NONE',  ( -1.433357200257028352E-14, 36.31370849898480202, -41.31370849898474518 ) ) ;
#25 = AXIS2_PLACEMENT_3D ( 'NONE', #2190, #1426, #1804 ) ;
#26 = CARTESIAN_POINT ( 'NONE',  ( 48.00000000000000000, 9.525000000000000355, -9.500000000000005329 ) ) ;
#27 = CARTESIAN_POINT ( 'NONE',  ( -2.697495005143935347E-14, 38.62400000000000233, -78.95799999999975682 ) ) ;
#28 = AXIS2_PLACEMENT_3D ( 'NONE', #1850, #579, #2119 ) ;
#29 = ORIENTED_EDGE ( 'NONE', *, *, #2081, .F. ) ;
#30 = DIRECTION ( 'NONE',  ( -1.000000000000000000, 0.000000000000000000, 3.469446951953616654E-16 ) ) ;
#31 = ADVANCED_FACE ( 'NONE', ( #2627 ), #1094, .F. ) ;
#32 = DIRECTION ( 'NONE',  ( 0.000000000000000000, 0.000000000000000000, -1.000000000000000000 ) ) ;
#33 = LINE ( 'NONE', #1638, #3347 ) ;
#34 = DIRECTION ( 'NONE',  ( -1.000000000000000000, 0.000000000000000000, 3.469446951953616654E-16 ) ) ;
#35 = ORIENTED_EDGE ( 'NONE', *, *, #228, .F. ) ;
#36 = EDGE_CURVE ( 'NONE', #224, #2107, #5000, .T. ) ;
#37 = CARTESIAN_POINT ( 'NONE',  ( -9.524999999999996803, 56.58999999999999631, 9.450000000000034817 ) ) ;
#38 = CARTESIAN_POINT ( 'NONE',  ( -9.524999999999998579, 9.450000000000045475, 6.850000000000029843 ) ) ;
#39 = DIRECTION ( 'NONE',  ( 3.469446951953615175E-16, 0.000000000000000000, 1.000000000000000000 ) ) ;
#40 = ORIENTED_EDGE ( 'NONE', *, *, #4107, .F. ) ;
#41 = DIRECTION ( 'NONE',  ( -3.469446951953616654E-16, 0.000000000000000000, -1.000000000000000000 ) ) ;
#42 = DIRECTION ( 'NONE',  ( 0.000000000000000000, 0.000000000000000000, 1.000000000000000000 ) ) ;
#43 = VERTEX_POINT ( 'NONE', #1954 ) ;
#44 = EDGE_CURVE ( 'NONE', #2441, #4895, #2913, .T. ) ;
#45 = FACE_BOUND ( 'NONE', #1142, .T. ) ;
#46 = DIRECTION ( 'NONE',  ( 3.469446951953615175E-16, 0.000000000000000000, 1.000000000000000000 ) ) ;
#47 = DIRECTION ( 'NONE',  ( 3.469446951953617640E-16, -1.892294191711369702E-16, 1.000000000000000000 ) ) ;
#48 = EDGE_LOOP ( 'NONE', ( #2739, #3767, #2703, #969 ) ) ;
#49 = ORIENTED_EDGE ( 'NONE', *, *, #2112, .T. ) ;
#50 = DIRECTION ( 'NONE',  ( 0.000000000000000000, 0.000000000000000000, 1.000000000000000000 ) ) ;
#51 = CARTESIAN_POINT ( 'NONE',  ( -9.525000000000042988, 5.898059818321144121E-14, -126.0399999999999920 ) ) ;
#52 = EDGE_LOOP ( 'NONE', ( #2909, #2088, #4804, #4953 ) ) ;
#53 = AXIS2_PLACEMENT_3D ( 'NONE', #1334, #3374, #4464 ) ;
#54 = CARTESIAN_POINT ( 'NONE',  ( -9.525000000000021672, 63.11106781186552439, -57.07106781186539735 ) ) ;
#55 = DIRECTION ( 'NONE',  ( 0.000000000000000000, 0.000000000000000000, -1.000000000000000000 ) ) ;
#56 = DIRECTION ( 'NONE',  ( 6.308085367188383338E-16, 0.000000000000000000, 1.000000000000000000 ) ) ;
#57 = CIRCLE ( 'NONE', #3728, 2.750000000000002665 ) ;
#58 = ORIENTED_EDGE ( 'NONE', *, *, #4134, .T. ) ;
#59 = CYLINDRICAL_SURFACE ( 'NONE', #911, 4.500000000000000888 ) ;
#60 = EDGE_CURVE ( 'NONE', #3475, #3516, #1478, .T. ) ;
#61 = CARTESIAN_POINT ( 'NONE',  ( -4.199418590644655876E-14, 61.04000000000007020, -121.0399999999999778 ) ) ;
#62 = EDGE_CURVE ( 'NONE', #3424, #1274, #2501, .T. ) ;
#63 = DIRECTION ( 'NONE',  ( 0.000000000000000000, 0.000000000000000000, 1.000000000000000000 ) ) ;
#64 = DIRECTION ( 'NONE',  ( 0.000000000000000000, 1.000000000000000000, 0.000000000000000000 ) ) ;
#65 = AXIS2_PLACEMENT_3D ( 'NONE', #2097, #3251, #3697 ) ;
#66 = ORIENTED_EDGE ( 'NONE', *, *, #2904, .F. ) ;
#67 = CARTESIAN_POINT ( 'NONE',  ( -4.163336342344337027E-14, 16.20799999999999841, -121.0399999999995231 ) ) ;
#68 = CIRCLE ( 'NONE', #3905, 2.750000000000009326 ) ;
#69 = AXIS2_PLACEMENT_3D ( 'NONE', #3808, #5007, #852 ) ;
#70 = CARTESIAN_POINT ( 'NONE',  ( -2.853620117981847670E-14, 16.20799999999999841, -84.66599999999951365 ) ) ;
#71 = DIRECTION ( 'NONE',  ( -1.000000000000000000, 0.000000000000000000, 3.469446951953617147E-16 ) ) ;
#72 = VERTEX_POINT ( 'NONE', #401 ) ;
#73 = AXIS2_PLACEMENT_3D ( 'NONE', #3076, #1567, #4659 ) ;
#74 =( NAMED_UNIT ( * ) PLANE_ANGLE_UNIT ( ) SI_UNIT ( $, .RADIAN. ) );
#75 = EDGE_LOOP ( 'NONE', ( #4885, #4213 ) ) ;
#76 = CARTESIAN_POINT ( 'NONE',  ( 0.000000000000000000, 57.09132099187863219, -5.219421218791788659E-32 ) ) ;
#77 = CYLINDRICAL_SURFACE ( 'NONE', #953, 2.750000000000002665 ) ;
#78 = ORIENTED_EDGE ( 'NONE', *, *, #2915, .F. ) ;
#79 = EDGE_CURVE ( 'NONE', #122, #4773, #1857, .T. ) ;
#80 = PRODUCT ( 'Z Housing 2', 'Z Housing 2', '', ( #1299 ) ) ;
#81 = CARTESIAN_POINT ( 'NONE',  ( -9.525000000000037659, 16.20799999999999841, -101.3739999999995263 ) ) ;
#82 = DIRECTION ( 'NONE',  ( -0.000000000000000000, 1.000000000000000000, -0.000000000000000000 ) ) ;
#83 = FACE_BOUND ( 'NONE', #721, .T. ) ;
#84 = ORIENTED_EDGE ( 'NONE', *, *, #2292, .F. ) ;
#85 = DIRECTION ( 'NONE',  ( 0.000000000000000000, 0.000000000000000000, 1.000000000000000000 ) ) ;
#86 = DIRECTION ( 'NONE',  ( -1.000000000000000000, 0.000000000000000000, 3.469446951953616161E-16 ) ) ;
#87 = FACE_OUTER_BOUND ( 'NONE', #3550, .T. ) ;
#88 = EDGE_LOOP ( 'NONE', ( #5001, #3721 ) ) ;
#89 = EDGE_CURVE ( 'NONE', #1555, #3336, #1282, .T. ) ;
#90 = FACE_BOUND ( 'NONE', #4996, .T. ) ;
#91 = DIRECTION ( 'NONE',  ( -1.000000000000000000, 0.000000000000000000, 3.469446951953616654E-16 ) ) ;
#92 = CIRCLE ( 'NONE', #3111, 2.750000000000002665 ) ;
#93 = DIRECTION ( 'NONE',  ( 0.000000000000000000, 0.000000000000000000, 1.000000000000000000 ) ) ;
#94 = ORIENTED_EDGE ( 'NONE', *, *, #1695, .T. ) ;
#95 = ADVANCED_FACE ( 'NONE', ( #5083 ), #1552, .F. ) ;
#96 = VECTOR ( 'NONE', #666, 1000.000000000000000 ) ;
#97 = AXIS2_PLACEMENT_3D ( 'NONE', #1067, #3700, #5002 ) ;
#98 = CYLINDRICAL_SURFACE ( 'NONE', #3392, 2.750000000000002665 ) ;
#99 = EDGE_LOOP ( 'NONE', ( #1560, #4353 ) ) ;
#100 = CARTESIAN_POINT ( 'NONE',  ( -2.506675422786485936E-14, 49.83200000000000074, -73.45799999999987051 ) ) ;
#101 = CARTESIAN_POINT ( 'NONE',  ( -4.163336342344337027E-14, 38.62400000000000233, -121.0399999999997647 ) ) ;
#102 = ORIENTED_EDGE ( 'NONE', *, *, #1639, .F. ) ;
#103 = VECTOR ( 'NONE', #1364, 1000.000000000000000 ) ;
#104 = DIRECTION ( 'NONE',  ( 3.469446951953618133E-16, 0.000000000000000000, 1.000000000000000000 ) ) ;
#105 = EDGE_CURVE ( 'NONE', #3336, #5076, #2268, .T. ) ;
#106 = CARTESIAN_POINT ( 'NONE',  ( -9.525000000000041211, 4.999999999999997335, -112.5819999999994252 ) ) ;
#107 = CARTESIAN_POINT ( 'NONE',  ( -2.506675422786485936E-14, 38.62400000000000233, -73.45799999999974261 ) ) ;
#108 = EDGE_LOOP ( 'NONE', ( #4102, #2369, #4457, #3680 ) ) ;
#109 = EDGE_CURVE ( 'NONE', #3763, #812, #4223, .T. ) ;
#110 = CARTESIAN_POINT ( 'NONE',  ( -9.525000000000011013, 24.99999999999999645, -29.99999999999999289 ) ) ;
#111 = DIRECTION ( 'NONE',  ( 3.414809992080328530E-16, 5.253553833969736532E-17, 1.000000000000000000 ) ) ;
#112 = DIRECTION ( 'NONE',  ( -1.000000000000000000, 0.000000000000000000, 3.469446951953617147E-16 ) ) ;
#113 = ORIENTED_EDGE ( 'NONE', *, *, #1171, .F. ) ;
#114 = DIRECTION ( 'NONE',  ( 0.000000000000000000, 0.000000000000000000, 1.000000000000000000 ) ) ;
#115 = DIRECTION ( 'NONE',  ( 3.469446951953615175E-16, 0.000000000000000000, 1.000000000000000000 ) ) ;
#116 = CARTESIAN_POINT ( 'NONE',  ( 2.567390744445676077E-15, 56.58999999999999631, 6.850000000000036948 ) ) ;
#117 = EDGE_CURVE ( 'NONE', #2491, #274, #317, .T. ) ;
#118 = ORIENTED_EDGE ( 'NONE', *, *, #708, .T. ) ;
#119 = DIRECTION ( 'NONE',  ( -1.000000000000000000, 0.000000000000000000, 3.469446951953616654E-16 ) ) ;
#120 = PLANE ( 'NONE',  #2590 ) ;
#121 = EDGE_CURVE ( 'NONE', #2641, #246, #2680, .T. ) ;
#122 = VERTEX_POINT ( 'NONE', #2027 ) ;
#123 = EDGE_CURVE ( 'NONE', #3735, #4964, #385, .T. ) ;
#124 = DIRECTION ( 'NONE',  ( 3.469446951953618133E-16, 0.000000000000000000, 1.000000000000000000 ) ) ;
#125 = ORIENTED_EDGE ( 'NONE', *, *, #1676, .F. ) ;
#126 = DIRECTION ( 'NONE',  ( 1.000000000000000000, -0.000000000000000000, -3.469446951953617147E-16 ) ) ;
#127 = ORIENTED_EDGE ( 'NONE', *, *, #3527, .T. ) ;
#128 = AXIS2_PLACEMENT_3D ( 'NONE', #4273, #1904, #3463 ) ;
#129 = FACE_OUTER_BOUND ( 'NONE', #4924, .T. ) ;
#130 = FACE_OUTER_BOUND ( 'NONE', #4873, .T. ) ;
#131 = EDGE_LOOP ( 'NONE', ( #1188, #3947, #2133, #3678, #360, #3845, #3287, #3393, #4120, #3445, #669, #4340, #1798, #2640, #1414, #4927 ) ) ;
#132 = ADVANCED_FACE ( 'NONE', ( #4399 ), #4009, .F. ) ;
#133 = AXIS2_PLACEMENT_3D ( 'NONE', #2925, #4135, #681 ) ;
#134 = DIRECTION ( 'NONE',  ( 3.469446951953615175E-16, 0.000000000000000000, 1.000000000000000000 ) ) ;
#135 = DIRECTION ( 'NONE',  ( 3.469446951953611724E-16, 0.000000000000000000, 1.000000000000000000 ) ) ;
#136 = VECTOR ( 'NONE', #639, 1000.000000000000000 ) ;
#137 = ORIENTED_EDGE ( 'NONE', *, *, #4994, .T. ) ;
#138 = CARTESIAN_POINT ( 'NONE',  ( -1.357904489828428804E-14, 45.17893218813456713, -39.13893218813460351 ) ) ;
#139 = AXIS2_PLACEMENT_3D ( 'NONE', #3080, #4665, #1143 ) ;
#140 = DIRECTION ( 'NONE',  ( 3.469446951953615175E-16, 0.000000000000000000, 1.000000000000000000 ) ) ;
#141 = EDGE_LOOP ( 'NONE', ( #3220, #541 ) ) ;
#142 = CARTESIAN_POINT ( 'NONE',  ( -2.159730727591124517E-14, 61.04000000000002046, -62.24999999999997868 ) ) ;
#143 = DIRECTION ( 'NONE',  ( -1.000000000000000000, 0.000000000000000000, 3.469446951953617147E-16 ) ) ;
#144 = ORIENTED_EDGE ( 'NONE', *, *, #663, .F. ) ;
#145 = VECTOR ( 'NONE', #904, 1000.000000000000000 ) ;
#146 = ORIENTED_EDGE ( 'NONE', *, *, #4670, .T. ) ;
#147 = EDGE_CURVE ( 'NONE', #2135, #1507, #1450, .T. ) ;
#148 = VECTOR ( 'NONE', #816, 1000.000000000000000 ) ;
#149 = CARTESIAN_POINT ( 'NONE',  ( -9.524999999999982592, 9.450000000000045475, 53.98999999999999488 ) ) ;
#150 = ORIENTED_EDGE ( 'NONE', *, *, #121, .F. ) ;
#151 = CARTESIAN_POINT ( 'NONE',  ( -9.525000000000014566, 36.31370849898480202, -43.56370849898475939 ) ) ;
#152 = EDGE_LOOP ( 'NONE', ( #1541, #2555 ) ) ;
#153 = CARTESIAN_POINT ( 'NONE',  ( -9.525000000000042988, 5.000000000000000000, -121.0399999999999778 ) ) ;
#154 = DIRECTION ( 'NONE',  ( 6.308085367188383338E-16, 0.000000000000000000, 1.000000000000000000 ) ) ;
#155 = DIRECTION ( 'NONE',  ( 3.469446951953618133E-16, 0.000000000000000000, 1.000000000000000000 ) ) ;
#156 = EDGE_LOOP ( 'NONE', ( #1568, #458, #3804, #2148 ) ) ;
#157 = EDGE_CURVE ( 'NONE', #3640, #2249, #2179, .T. ) ;
#158 = DIRECTION ( 'NONE',  ( -1.000000000000000000, 0.000000000000000000, 3.469446951953616654E-16 ) ) ;
#159 = DIRECTION ( 'NONE',  ( -1.000000000000000000, 0.000000000000000000, 3.469446951953617147E-16 ) ) ;
#160 = ORIENTED_EDGE ( 'NONE', *, *, #4501, .T. ) ;
#161 = ORIENTED_EDGE ( 'NONE', *, *, #571, .T. ) ;
#162 = VERTEX_POINT ( 'NONE', #2047 ) ;
#163 = ORIENTED_EDGE ( 'NONE', *, *, #3953, .F. ) ;
#164 = VECTOR ( 'NONE', #4722, 1000.000000000000000 ) ;
#165 = SHAPE_DEFINITION_REPRESENTATION ( #1304, #263 ) ;
#166 = ORIENTED_EDGE ( 'NONE', *, *, #4416, .F. ) ;
#167 = CIRCLE ( 'NONE', #3852, 2.750000000000002665 ) ;
#168 = LINE ( 'NONE', #1301, #1968 ) ;
#169 = DIRECTION ( 'NONE',  ( 3.469446951953616161E-16, 0.000000000000000000, 1.000000000000000000 ) ) ;
#170 = VERTEX_POINT ( 'NONE', #853 ) ;
#171 = AXIS2_PLACEMENT_3D ( 'NONE', #2987, #1069, #4563 ) ;
#172 = CIRCLE ( 'NONE', #1969, 2.750000000000009326 ) ;
#173 = EDGE_LOOP ( 'NONE', ( #4153, #5042, #3903, #1802 ) ) ;
#174 = ORIENTED_EDGE ( 'NONE', *, *, #851, .F. ) ;
#175 = FACE_OUTER_BOUND ( 'NONE', #2779, .T. ) ;
#176 = VECTOR ( 'NONE', #4059, 1000.000000000000000 ) ;
#177 = AXIS2_PLACEMENT_3D ( 'NONE', #67, #2948, #4877 ) ;
#178 = DIRECTION ( 'NONE',  ( -1.000000000000000000, -0.000000000000000000, 3.469446951953616654E-16 ) ) ;
#179 = ORIENTED_EDGE ( 'NONE', *, *, #722, .F. ) ;
#180 = VECTOR ( 'NONE', #5080, 1000.000000000000000 ) ;
#181 = FACE_BOUND ( 'NONE', #4618, .T. ) ;
#182 = EDGE_CURVE ( 'NONE', #3519, #5012, #2696, .T. ) ;
#183 = LINE ( 'NONE', #4111, #4477 ) ;
#184 = CARTESIAN_POINT ( 'NONE',  ( -4.163336342344337027E-14, 49.83200000000000074, -121.0399999999998784 ) ) ;
#185 = EDGE_CURVE ( 'NONE', #4173, #3827, #1291, .T. ) ;
#186 = CYLINDRICAL_SURFACE ( 'NONE', #1047, 2.750000000000002665 ) ;
#187 = VERTEX_POINT ( 'NONE', #4787 ) ;
#188 = DIRECTION ( 'NONE',  ( 6.308085367188383338E-16, 0.000000000000000000, 1.000000000000000000 ) ) ;
#189 = FACE_OUTER_BOUND ( 'NONE', #3338, .T. ) ;
#190 = ORIENTED_EDGE ( 'NONE', *, *, #4943, .F. ) ;
#191 = EDGE_LOOP ( 'NONE', ( #836, #696, #2670, #3837 ) ) ;
#192 = EDGE_CURVE ( 'NONE', #3296, #1454, #797, .T. ) ;
#193 = CARTESIAN_POINT ( 'NONE',  ( 1.944278071874806969E-14, 66.04000000000004889, 56.03999999999999204 ) ) ;
#194 = VERTEX_POINT ( 'NONE', #4810 ) ;
#195 = LINE ( 'NONE', #4975, #824 ) ;
#196 = CYLINDRICAL_SURFACE ( 'NONE', #3732, 2.750000000000009326 ) ;
#197 = EDGE_LOOP ( 'NONE', ( #3684, #3621 ) ) ;
#198 = ORIENTED_EDGE ( 'NONE', *, *, #3297, .T. ) ;
#199 = EDGE_CURVE ( 'NONE', #516, #846, #2515, .T. ) ;
#200 = ORIENTED_EDGE ( 'NONE', *, *, #3249, .T. ) ;
#201 = CARTESIAN_POINT ( 'NONE',  ( -3.044439700339296451E-14, 27.41600000000000392, -90.16599999999965576 ) ) ;
#202 = VERTEX_POINT ( 'NONE', #952 ) ;
#203 = CARTESIAN_POINT ( 'NONE',  ( -2.697495005143935347E-14, 16.20799999999999841, -78.95799999999952945 ) ) ;
#204 = ORIENTED_EDGE ( 'NONE', *, *, #2225, .F. ) ;
#205 = CARTESIAN_POINT ( 'NONE',  ( 12.00000000000000000, 9.525000000000000355, -46.00000000000000000 ) ) ;
#206 = FACE_BOUND ( 'NONE', #512, .T. ) ;
#207 = CARTESIAN_POINT ( 'NONE',  ( -2.853620117981847670E-14, 27.41600000000000392, -84.66599999999964155 ) ) ;
#208 = DIRECTION ( 'NONE',  ( 3.469446951953611724E-16, 0.000000000000000000, 1.000000000000000000 ) ) ;
#209 = CIRCLE ( 'NONE', #4143, 2.250000000000015987 ) ;
#210 = VERTEX_POINT ( 'NONE', #4008 ) ;
#211 = VECTOR ( 'NONE', #4065, 1000.000000000000000 ) ;
#212 = ADVANCED_FACE ( 'NONE', ( #4499 ), #3246, .F. ) ;
#213 = DIRECTION ( 'NONE',  ( 6.308085367188383338E-16, 0.000000000000000000, 1.000000000000000000 ) ) ;
#214 = CARTESIAN_POINT ( 'NONE',  ( -9.525000000000030553, 38.62400000000000233, -87.41599999999975523 ) ) ;
#215 = ORIENTED_EDGE ( 'NONE', *, *, #473, .T. ) ;
#216 = ORIENTED_EDGE ( 'NONE', *, *, #2508, .T. ) ;
#217 = AXIS2_PLACEMENT_3D ( 'NONE', #3146, #3197, #822 ) ;
#218 = DIRECTION ( 'NONE',  ( -1.000000000000000000, 0.000000000000000000, 3.469446951953616654E-16 ) ) ;
#219 = AXIS2_PLACEMENT_3D ( 'NONE', #2260, #863, #3581 ) ;
#220 = EDGE_LOOP ( 'NONE', ( #1246, #2186, #216, #255 ) ) ;
#221 = DIRECTION ( 'NONE',  ( -1.000000000000000000, 0.000000000000000000, 3.469446951953617147E-16 ) ) ;
#222 = DIRECTION ( 'NONE',  ( -1.000000000000000000, 0.000000000000000000, 3.469446951953616654E-16 ) ) ;
#223 = VERTEX_POINT ( 'NONE', #4470 ) ;
#224 = VERTEX_POINT ( 'NONE', #2464 ) ;
#225 = ORIENTED_EDGE ( 'NONE', *, *, #2769, .T. ) ;
#226 = DIRECTION ( 'NONE',  ( 3.469446951953618133E-16, 0.000000000000000000, 1.000000000000000000 ) ) ;
#227 = VECTOR ( 'NONE', #316, 1000.000000000000000 ) ;
#228 = EDGE_CURVE ( 'NONE', #43, #1837, #4034, .T. ) ;
#229 = EDGE_LOOP ( 'NONE', ( #610, #4883 ) ) ;
#230 = FACE_OUTER_BOUND ( 'NONE', #4252, .T. ) ;
#231 = ORIENTED_EDGE ( 'NONE', *, *, #4752, .T. ) ;
#232 = AXIS2_PLACEMENT_3D ( 'NONE', #3171, #3566, #2413 ) ;
#233 = CARTESIAN_POINT ( 'NONE',  ( 2.255140518769849223E-14, 3.469446951953614189E-15, 66.04000000000000625 ) ) ;
#234 = CARTESIAN_POINT ( 'NONE',  ( -9.525000000000035882, 4.999999999999997335, -98.62399999999941258 ) ) ;
#235 = FACE_OUTER_BOUND ( 'NONE', #796, .T. ) ;
#236 = EDGE_LOOP ( 'NONE', ( #8, #3008 ) ) ;
#237 = CYLINDRICAL_SURFACE ( 'NONE', #1000, 2.750000000000009326 ) ;
#238 = FACE_OUTER_BOUND ( 'NONE', #3788, .T. ) ;
#239 = EDGE_LOOP ( 'NONE', ( #788, #1851, #3242, #1331 ) ) ;
#240 = ADVANCED_FACE ( 'NONE', ( #1314 ), #186, .F. ) ;
#241 = DIRECTION ( 'NONE',  ( -6.891185695247819126E-16, -1.000000000000000000, -0.000000000000000000 ) ) ;
#242 = CARTESIAN_POINT ( 'NONE',  ( -3.564856743132338579E-14, 61.03999999999999915, -101.3739999999999952 ) ) ;
#243 = DIRECTION ( 'NONE',  ( 1.000000000000000000, 0.000000000000000000, -1.224646799147353207E-16 ) ) ;
#244 = DIRECTION ( 'NONE',  ( -1.000000000000000000, 0.000000000000000000, 3.469446951953617147E-16 ) ) ;
#245 = ORIENTED_EDGE ( 'NONE', *, *, #3153, .F. ) ;
#246 = VERTEX_POINT ( 'NONE', #2732 ) ;
#247 = EDGE_CURVE ( 'NONE', #368, #1437, #3166, .T. ) ;
#248 = DIRECTION ( 'NONE',  ( -1.000000000000000000, 0.000000000000000000, 3.469446951953616161E-16 ) ) ;
#249 = EDGE_LOOP ( 'NONE', ( #2139, #4957, #231, #1754 ) ) ;
#250 = CIRCLE ( 'NONE', #672, 2.750000000000002665 ) ;
#251 = DIRECTION ( 'NONE',  ( -1.000000000000000000, 0.000000000000000000, 3.469446951953616654E-16 ) ) ;
#252 = ORIENTED_EDGE ( 'NONE', *, *, #627, .T. ) ;
#253 = AXIS2_PLACEMENT_3D ( 'NONE', #1195, #3477, #2725 ) ;
#254 = CARTESIAN_POINT ( 'NONE',  ( -4.163336342344337027E-14, 27.41600000000000392, -121.0399999999996510 ) ) ;
#255 = ORIENTED_EDGE ( 'NONE', *, *, #3669, .F. ) ;
#256 = EDGE_CURVE ( 'NONE', #5076, #1351, #4492, .T. ) ;
#257 = CIRCLE ( 'NONE', #2048, 2.750000000000009326 ) ;
#258 = DIRECTION ( 'NONE',  ( 0.000000000000000000, 1.000000000000000000, -2.101421533587893380E-16 ) ) ;
#259 = CARTESIAN_POINT ( 'NONE',  ( -2.159730727591124517E-14, 5.000000000000000000, -62.24999999999939604 ) ) ;
#260 = CYLINDRICAL_SURFACE ( 'NONE', #1945, 2.750000000000002665 ) ;
#261 = AXIS2_PLACEMENT_3D ( 'NONE', #1721, #2001, #3572 ) ;
#262 = ORIENTED_EDGE ( 'NONE', *, *, #4271, .F. ) ;
#263 = ADVANCED_BREP_SHAPE_REPRESENTATION ( 'Z Housing 2', ( #685, #2581 ), #4805 ) ;
#264 = CARTESIAN_POINT ( 'NONE',  ( -9.524999999999982592, 56.59000000000000341, 53.98999999999998778 ) ) ;
#265 = DIRECTION ( 'NONE',  ( 3.469446951953615175E-16, 0.000000000000000000, 1.000000000000000000 ) ) ;
#266 = ORIENTED_EDGE ( 'NONE', *, *, #4720, .T. ) ;
#267 = VERTEX_POINT ( 'NONE', #4269 ) ;
#268 = DIRECTION ( 'NONE',  ( 0.000000000000000000, 0.000000000000000000, 1.000000000000000000 ) ) ;
#269 = EDGE_LOOP ( 'NONE', ( #1724, #5009, #1416, #4799 ) ) ;
#270 = DIRECTION ( 'NONE',  ( 1.000000000000000000, -0.000000000000000000, -3.469446951953616654E-16 ) ) ;
#271 = DIRECTION ( 'NONE',  ( -3.469446951953611231E-16, 0.000000000000000000, -1.000000000000000000 ) ) ;
#272 = ORIENTED_EDGE ( 'NONE', *, *, #3983, .T. ) ;
#273 = EDGE_CURVE ( 'NONE', #1745, #4293, #4903, .T. ) ;
#274 = VERTEX_POINT ( 'NONE', #3870 ) ;
#275 = EDGE_CURVE ( 'NONE', #1378, #2665, #4684, .T. ) ;
#276 = EDGE_CURVE ( 'NONE', #4190, #4983, #888, .T. ) ;
#277 = DIRECTION ( 'NONE',  ( 3.469446951953615175E-16, 0.000000000000000000, 1.000000000000000000 ) ) ;
#278 = ORIENTED_EDGE ( 'NONE', *, *, #694, .F. ) ;
#279 = VERTEX_POINT ( 'NONE', #1586 ) ;
#280 = CARTESIAN_POINT ( 'NONE',  ( -3.564856743132338579E-14, 49.83200000000000074, -101.3739999999998815 ) ) ;
#281 = LINE ( 'NONE', #3820, #3574 ) ;
#282 = CARTESIAN_POINT ( 'NONE',  ( 48.00000000000000000, 4.525000000000000355, -14.00000000000000355 ) ) ;
#283 = ORIENTED_EDGE ( 'NONE', *, *, #1175, .T. ) ;
#284 = FACE_OUTER_BOUND ( 'NONE', #4180, .T. ) ;
#285 = CARTESIAN_POINT ( 'NONE',  ( -2.255140518769849223E-14, 16.20799999999999841, -64.99999999999953104 ) ) ;
#286 = VERTEX_POINT ( 'NONE', #1204 ) ;
#287 = VERTEX_POINT ( 'NONE', #1738 ) ;
#288 = DIRECTION ( 'NONE',  ( -3.469446951953619612E-16, 0.000000000000000000, -1.000000000000000000 ) ) ;
#289 = AXIS2_PLACEMENT_3D ( 'NONE', #2409, #3971, #2017 ) ;
#290 = DIRECTION ( 'NONE',  ( -1.000000000000000000, 0.000000000000000000, 3.469446951953617147E-16 ) ) ;
#291 = VERTEX_POINT ( 'NONE', #4370 ) ;
#292 = DIRECTION ( 'NONE',  ( 2.453269466693412919E-16, 0.7071067811865440200, 0.7071067811865511255 ) ) ;
#293 = CARTESIAN_POINT ( 'NONE',  ( -3.374037160774889799E-14, 4.999999999999997335, -95.87399999999939837 ) ) ;
#294 = DIRECTION ( 'NONE',  ( 0.000000000000000000, 0.000000000000000000, 1.000000000000000000 ) ) ;
#295 = VECTOR ( 'NONE', #396, 1000.000000000000000 ) ;
#296 = ORIENTED_EDGE ( 'NONE', *, *, #3206, .F. ) ;
#297 = VERTEX_POINT ( 'NONE', #3018 ) ;
#298 = CARTESIAN_POINT ( 'NONE',  ( 2.255140518769849223E-14, 42.25000000000000000, -7.500000000000000000 ) ) ;
#299 = ORIENTED_EDGE ( 'NONE', *, *, #276, .T. ) ;
#300 = VECTOR ( 'NONE', #441, 1000.000000000000000 ) ;
#301 = AXIS2_PLACEMENT_3D ( 'NONE', #897, #1608, #4023 ) ;
#302 = ORIENTED_EDGE ( 'NONE', *, *, #2940, .T. ) ;
#303 = CARTESIAN_POINT ( 'NONE',  ( -4.067926551165612636E-14, 16.20799999999999841, -118.2899999999995231 ) ) ;
#304 = EDGE_LOOP ( 'NONE', ( #825, #2062 ) ) ;
#305 = EDGE_LOOP ( 'NONE', ( #179, #4150, #2049, #467 ) ) ;
#306 = EDGE_CURVE ( 'NONE', #4534, #2042, #3499, .T. ) ;
#307 = DIRECTION ( 'NONE',  ( -0.000000000000000000, -1.000000000000000000, -0.000000000000000000 ) ) ;
#308 = AXIS2_PLACEMENT_3D ( 'NONE', #1522, #1574, #1973 ) ;
#309 = CARTESIAN_POINT ( 'NONE',  ( -4.163336342344337027E-14, 27.41600000000000392, -121.0399999999996510 ) ) ;
#310 = DIRECTION ( 'NONE',  ( -1.000000000000000000, 0.000000000000000000, 3.469446951953616654E-16 ) ) ;
#311 = DIRECTION ( 'NONE',  ( -1.000000000000000000, 0.000000000000000000, 3.469446951953617147E-16 ) ) ;
#312 = AXIS2_PLACEMENT_3D ( 'NONE', #1647, #951, #63 ) ;
#313 = EDGE_CURVE ( 'NONE', #3461, #2933, #746, .T. ) ;
#314 = EDGE_CURVE ( 'NONE', #3701, #3779, #1834, .T. ) ;
#315 = CARTESIAN_POINT ( 'NONE',  ( -4.163336342344337027E-14, 49.83200000000000074, -121.0399999999998784 ) ) ;
#316 = DIRECTION ( 'NONE',  ( 3.414809992080329516E-16, -5.253553833969737764E-17, 1.000000000000000000 ) ) ;
#317 = LINE ( 'NONE', #5029, #2591 ) ;
#318 = ORIENTED_EDGE ( 'NONE', *, *, #4783, .T. ) ;
#319 = ADVANCED_FACE ( 'NONE', ( #5060 ), #3979, .F. ) ;
#320 = DIRECTION ( 'NONE',  ( 0.000000000000000000, 1.000000000000000000, 0.000000000000000000 ) ) ;
#321 = ORIENTED_EDGE ( 'NONE', *, *, #2291, .F. ) ;
#322 = CARTESIAN_POINT ( 'NONE',  ( -9.525000000000025224, 38.62400000000000233, -73.45799999999974261 ) ) ;
#323 = DIRECTION ( 'NONE',  ( -0.8779095519917469170, 0.4788265014821655452, 0.000000000000000000 ) ) ;
#324 = VERTEX_POINT ( 'NONE', #4376 ) ;
#325 = DIRECTION ( 'NONE',  ( 1.156482317317871232E-16, -0.000000000000000000, 1.000000000000000000 ) ) ;
#326 = VERTEX_POINT ( 'NONE', #1074 ) ;
#327 = EDGE_CURVE ( 'NONE', #4, #3672, #2094, .T. ) ;
#328 = VERTEX_POINT ( 'NONE', #354 ) ;
#329 = DIRECTION ( 'NONE',  ( 0.000000000000000000, 0.000000000000000000, 1.000000000000000000 ) ) ;
#330 = PRODUCT_RELATED_PRODUCT_CATEGORY ( 'part', '', ( #80 ) ) ;
#331 = ORIENTED_EDGE ( 'NONE', *, *, #1986, .T. ) ;
#332 = AXIS2_PLACEMENT_3D ( 'NONE', #1257, #2822, #815 ) ;
#333 = CARTESIAN_POINT ( 'NONE',  ( -2.697495005143935347E-14, 38.62400000000000233, -78.95799999999975682 ) ) ;
#334 = CYLINDRICAL_SURFACE ( 'NONE', #2041, 10.00000000000000000 ) ;
#335 = DIRECTION ( 'NONE',  ( 6.308085367188383338E-16, 0.000000000000000000, 1.000000000000000000 ) ) ;
#336 = CIRCLE ( 'NONE', #820, 4.499999999999999112 ) ;
#337 = EDGE_CURVE ( 'NONE', #3980, #3475, #2771, .T. ) ;
#338 = CIRCLE ( 'NONE', #22, 2.250000000000001776 ) ;
#339 = CYLINDRICAL_SURFACE ( 'NONE', #1531, 2.750000000000002665 ) ;
#340 = DIRECTION ( 'NONE',  ( 0.000000000000000000, 1.000000000000000000, 0.000000000000000000 ) ) ;
#341 = AXIS2_PLACEMENT_3D ( 'NONE', #4124, #270, #4177 ) ;
#342 = AXIS2_PLACEMENT_3D ( 'NONE', #3038, #4621, #2714 ) ;
#343 = CARTESIAN_POINT ( 'NONE',  ( -9.525000000000016342, 25.00000000000001776, -45.99999999999998579 ) ) ;
#344 = EDGE_CURVE ( 'NONE', #4460, #661, #1102, .T. ) ;
#345 = EDGE_CURVE ( 'NONE', #3996, #3701, #1237, .T. ) ;
#346 = DIRECTION ( 'NONE',  ( 6.308085367188383338E-16, 0.000000000000000000, 1.000000000000000000 ) ) ;
#347 = ADVANCED_FACE ( 'NONE', ( #3473 ), #1532, .F. ) ;
#348 = CARTESIAN_POINT ( 'NONE',  ( -3.044439700339296451E-14, 16.20799999999999841, -90.16599999999952786 ) ) ;
#349 = ORIENTED_EDGE ( 'NONE', *, *, #4265, .F. ) ;
#350 = CARTESIAN_POINT ( 'NONE',  ( 60.00000000000000000, 9.525000000000000355, -59.99999999999998579 ) ) ;
#351 = ORIENTED_EDGE ( 'NONE', *, *, #89, .F. ) ;
#352 = FACE_BOUND ( 'NONE', #2241, .T. ) ;
#353 = DIRECTION ( 'NONE',  ( 1.000000000000000000, -5.473822126268817899E-48, -3.469446951953616654E-16 ) ) ;
#354 = CARTESIAN_POINT ( 'NONE',  ( -9.525000000000041211, 38.62400000000000233, -112.5819999999997663 ) ) ;
#355 = EDGE_CURVE ( 'NONE', #3739, #3996, #4208, .T. ) ;
#356 = ORIENTED_EDGE ( 'NONE', *, *, #2214, .T. ) ;
#357 = VERTEX_POINT ( 'NONE', #3503 ) ;
#358 = CYLINDRICAL_SURFACE ( 'NONE', #3850, 2.750000000000002665 ) ;
#359 = ORIENTED_EDGE ( 'NONE', *, *, #3161, .F. ) ;
#360 = ORIENTED_EDGE ( 'NONE', *, *, #4209, .T. ) ;
#361 = LINE ( 'NONE', #4160, #1806 ) ;
#362 = LINE ( 'NONE', #1495, #4152 ) ;
#363 = FACE_OUTER_BOUND ( 'NONE', #4793, .T. ) ;
#364 = CARTESIAN_POINT ( 'NONE',  ( 60.00000000000000000, 9.525000000000000355, -52.49999999999998579 ) ) ;
#365 = ORIENTED_EDGE ( 'NONE', *, *, #838, .F. ) ;
#366 = DIRECTION ( 'NONE',  ( 1.000000000000000000, -0.000000000000000000, -3.469446951953616654E-16 ) ) ;
#367 = DIRECTION ( 'NONE',  ( -1.000000000000000000, 0.000000000000000000, 3.469446951953617147E-16 ) ) ;
#368 = VERTEX_POINT ( 'NONE', #3422 ) ;
#369 = DIRECTION ( 'NONE',  ( 3.469446951953615175E-16, 0.000000000000000000, 1.000000000000000000 ) ) ;
#370 = CARTESIAN_POINT ( 'NONE',  ( -3.816391647148975608E-14, 27.41600000000000392, -109.8319999999996384 ) ) ;
#371 = ORIENTED_EDGE ( 'NONE', *, *, #3738, .F. ) ;
#372 = ADVANCED_FACE ( 'NONE', ( #3088 ), #1486, .T. ) ;
#373 = CARTESIAN_POINT ( 'NONE',  ( -3.816391647148975608E-14, 27.41600000000000392, -109.8319999999996384 ) ) ;
#374 = ORIENTED_EDGE ( 'NONE', *, *, #4064, .T. ) ;
#375 = CARTESIAN_POINT ( 'NONE',  ( -2.506675422786485936E-14, 27.41600000000000392, -73.45799999999962893 ) ) ;
#376 = CARTESIAN_POINT ( 'NONE',  ( -2.255140518769849223E-14, 5.000000000000000000, -64.99999999999940314 ) ) ;
#377 = ORIENTED_EDGE ( 'NONE', *, *, #2315, .T. ) ;
#378 = DIRECTION ( 'NONE',  ( -3.469446951953613696E-16, 0.000000000000000000, -1.000000000000000000 ) ) ;
#379 = DIRECTION ( 'NONE',  ( 3.469446951953611724E-16, 0.000000000000000000, 1.000000000000000000 ) ) ;
#380 = CIRCLE ( 'NONE', #948, 2.250000000000001776 ) ;
#381 = ORIENTED_EDGE ( 'NONE', *, *, #1836, .F. ) ;
#382 = DIRECTION ( 'NONE',  ( -1.000000000000000000, 0.000000000000000000, 3.469446951953617147E-16 ) ) ;
#383 = AXIS2_PLACEMENT_3D ( 'NONE', #773, #3536, #3889 ) ;
#384 = VECTOR ( 'NONE', #1876, 1000.000000000000000 ) ;
#385 = CIRCLE ( 'NONE', #3228, 2.750000000000002665 ) ;
#386 = VECTOR ( 'NONE', #4391, 1000.000000000000000 ) ;
#387 = CARTESIAN_POINT ( 'NONE',  ( -1.433357200257028352E-14, 36.31370849898480202, -41.31370849898474518 ) ) ;
#388 = DIRECTION ( 'NONE',  ( 3.469446951953611724E-16, 0.000000000000000000, 1.000000000000000000 ) ) ;
#389 = VECTOR ( 'NONE', #243, 1000.000000000000000 ) ;
#390 = VECTOR ( 'NONE', #1044, 1000.000000000000000 ) ;
#391 = CARTESIAN_POINT ( 'NONE',  ( -4.076600168545501405E-15, 25.00000000000002132, -11.75000000000000711 ) ) ;
#392 = ORIENTED_EDGE ( 'NONE', *, *, #4116, .T. ) ;
#393 = VECTOR ( 'NONE', #4969, 1000.000000000000000 ) ;
#394 = DIRECTION ( 'NONE',  ( 6.308085367188383338E-16, 0.000000000000000000, 1.000000000000000000 ) ) ;
#395 = LINE ( 'NONE', #4320, #3112 ) ;
#396 = DIRECTION ( 'NONE',  ( -1.000000000000000000, 0.000000000000000000, 3.469446951953617147E-16 ) ) ;
#397 = ORIENTED_EDGE ( 'NONE', *, *, #3548, .T. ) ;
#398 = CARTESIAN_POINT ( 'NONE',  ( 47.99999999999998579, 9.525000000000000355, -46.00000000000000711 ) ) ;
#399 = AXIS2_PLACEMENT_3D ( 'NONE', #4609, #4879, #1797 ) ;
#400 = VECTOR ( 'NONE', #1913, 1000.000000000000000 ) ;
#401 = CARTESIAN_POINT ( 'NONE',  ( -9.525000000000023448, 66.04000000000007731, -64.14213562373090838 ) ) ;
#402 = ORIENTED_EDGE ( 'NONE', *, *, #442, .F. ) ;
#403 = CIRCLE ( 'NONE', #1057, 2.599999999999994760 ) ;
#404 = DIRECTION ( 'NONE',  ( 4.012354050806745922E-32, -1.000000000000000000, 1.156482317317872218E-16 ) ) ;
#405 = DIRECTION ( 'NONE',  ( 6.308085367188383338E-16, 0.000000000000000000, 1.000000000000000000 ) ) ;
#406 = EDGE_CURVE ( 'NONE', #4260, #1872, #2605, .T. ) ;
#407 = DIRECTION ( 'NONE',  ( 6.308085367188383338E-16, 0.000000000000000000, 1.000000000000000000 ) ) ;
#408 = DIRECTION ( 'NONE',  ( -1.000000000000000000, 0.000000000000000000, 3.469446951953616161E-16 ) ) ;
#409 = ORIENTED_EDGE ( 'NONE', *, *, #1666, .T. ) ;
#410 = LINE ( 'NONE', #5065, #164 ) ;
#411 = DIRECTION ( 'NONE',  ( 3.469446951953618133E-16, 0.000000000000000000, 1.000000000000000000 ) ) ;
#412 = EDGE_CURVE ( 'NONE', #3069, #1890, #1699, .T. ) ;
#413 = CARTESIAN_POINT ( 'NONE',  ( -9.525000000000041211, 61.03999999999999915, -112.5819999999999936 ) ) ;
#414 = CARTESIAN_POINT ( 'NONE',  ( -2.853620117981847670E-14, 38.62400000000000233, -84.66599999999975523 ) ) ;
#415 = CARTESIAN_POINT ( 'NONE',  ( -9.525000000000023448, 38.62400000000000233, -64.99999999999975842 ) ) ;
#416 = AXIS2_PLACEMENT_3D ( 'NONE', #3258, #2109, #124 ) ;
#417 = DIRECTION ( 'NONE',  ( 3.469446951953615175E-16, 0.000000000000000000, 1.000000000000000000 ) ) ;
#418 = VERTEX_POINT ( 'NONE', #4698 ) ;
#419 = EDGE_CURVE ( 'NONE', #1507, #2713, #2329, .T. ) ;
#420 = FACE_OUTER_BOUND ( 'NONE', #2202, .T. ) ;
#421 = FACE_BOUND ( 'NONE', #1918, .T. ) ;
#422 = AXIS2_PLACEMENT_3D ( 'NONE', #3372, #1078, #226 ) ;
#423 = CIRCLE ( 'NONE', #1072, 2.750000000000002665 ) ;
#424 = CARTESIAN_POINT ( 'NONE',  ( -2.949029909160572061E-14, 27.41600000000000392, -87.41599999999964155 ) ) ;
#425 = DIRECTION ( 'NONE',  ( 3.469446951953615175E-16, 0.000000000000000000, 1.000000000000000000 ) ) ;
#426 = CARTESIAN_POINT ( 'NONE',  ( -9.525000000000007461, 13.68629150101525660, -18.68629150101529035 ) ) ;
#427 = AXIS2_PLACEMENT_3D ( 'NONE', #3790, #5040, #999 ) ;
#428 = VERTEX_POINT ( 'NONE', #4647 ) ;
#429 = AXIS2_PLACEMENT_3D ( 'NONE', #3990, #2474, #3279 ) ;
#430 = CARTESIAN_POINT ( 'NONE',  ( 2.255140518769849223E-14, 56.04000000000004889, 66.03999999999999204 ) ) ;
#431 = EDGE_CURVE ( 'NONE', #1303, #4898, #1946, .T. ) ;
#432 = VECTOR ( 'NONE', #221, 1000.000000000000000 ) ;
#433 = CARTESIAN_POINT ( 'NONE',  ( -9.524999999999980815, 56.59000000000000341, 56.58999999999998209 ) ) ;
#434 = AXIS2_PLACEMENT_3D ( 'NONE', #1506, #1577, #3468 ) ;
#435 = DIRECTION ( 'NONE',  ( 3.469446951953617640E-16, -1.892294191711369702E-16, 1.000000000000000000 ) ) ;
#436 = CARTESIAN_POINT ( 'NONE',  ( -3.469446951953614189E-14, 16.20799999999999841, -98.62399999999951206 ) ) ;
#437 = ORIENTED_EDGE ( 'NONE', *, *, #123, .T. ) ;
#438 = AXIS2_PLACEMENT_3D ( 'NONE', #4117, #1827, #2597 ) ;
#439 = ORIENTED_EDGE ( 'NONE', *, *, #228, .T. ) ;
#440 = CYLINDRICAL_SURFACE ( 'NONE', #754, 2.950000000000001066 ) ;
#441 = DIRECTION ( 'NONE',  ( -1.000000000000000000, 0.000000000000000000, 3.469446951953617147E-16 ) ) ;
#442 = EDGE_CURVE ( 'NONE', #4383, #4904, #2686, .T. ) ;
#443 = EDGE_CURVE ( 'NONE', #2708, #4860, #4733, .T. ) ;
#444 = DIRECTION ( 'NONE',  ( 3.469446951953626515E-16, 0.000000000000000000, 1.000000000000000000 ) ) ;
#445 = DIRECTION ( 'NONE',  ( 3.469446951953611724E-16, 0.000000000000000000, 1.000000000000000000 ) ) ;
#446 = LINE ( 'NONE', #3193, #1704 ) ;
#447 = EDGE_LOOP ( 'NONE', ( #3602, #3083, #1037, #2068 ) ) ;
#448 = DIRECTION ( 'NONE',  ( -1.000000000000000000, 0.000000000000000000, 3.469446951953617640E-16 ) ) ;
#449 = CARTESIAN_POINT ( 'NONE',  ( -1.016177485260170011E-15, 63.11106781186555281, -2.928932188134389936 ) ) ;
#450 = CARTESIAN_POINT ( 'NONE',  ( -3.469446951953614189E-14, 61.03999999999999915, -98.62399999999999523 ) ) ;
#451 = EDGE_LOOP ( 'NONE', ( #2520, #3925, #4255, #3752 ) ) ;
#452 = CARTESIAN_POINT ( 'NONE',  ( -2.350550309948573928E-14, 27.41600000000000392, -67.74999999999964473 ) ) ;
#453 = EDGE_CURVE ( 'NONE', #187, #326, #3488, .T. ) ;
#454 = DIRECTION ( 'NONE',  ( -1.000000000000000000, 0.000000000000000000, 3.469446951953616654E-16 ) ) ;
#455 = FACE_OUTER_BOUND ( 'NONE', #3235, .T. ) ;
#456 = ORIENTED_EDGE ( 'NONE', *, *, #4994, .F. ) ;
#457 = CYLINDRICAL_SURFACE ( 'NONE', #1520, 2.750000000000002665 ) ;
#458 = ORIENTED_EDGE ( 'NONE', *, *, #4679, .F. ) ;
#459 = LINE ( 'NONE', #2700, #3610 ) ;
#460 = LINE ( 'NONE', #3939, #1198 ) ;
#461 = EDGE_LOOP ( 'NONE', ( #1703, #1976, #4892, #2099 ) ) ;
#462 = AXIS2_PLACEMENT_3D ( 'NONE', #254, #3314, #573 ) ;
#463 = DIRECTION ( 'NONE',  ( -1.000000000000000000, 0.000000000000000000, 3.469446951953616654E-16 ) ) ;
#464 = CARTESIAN_POINT ( 'NONE',  ( -9.525000000000025224, 49.83200000000000074, -73.45799999999987051 ) ) ;
#465 = CARTESIAN_POINT ( 'NONE',  ( -3.374037160774889799E-14, 16.20799999999999841, -95.87399999999951206 ) ) ;
#466 = EDGE_CURVE ( 'NONE', #3652, #648, #1535, .T. ) ;
#467 = ORIENTED_EDGE ( 'NONE', *, *, #2698, .T. ) ;
#468 = FACE_BOUND ( 'NONE', #519, .T. ) ;
#469 = VECTOR ( 'NONE', #169, 1000.000000000000000 ) ;
#470 = AXIS2_PLACEMENT_3D ( 'NONE', #2844, #463, #2063 ) ;
#471 = DIRECTION ( 'NONE',  ( 3.384826294588897856E-16, 0.000000000000000000, 1.000000000000000000 ) ) ;
#472 = DIRECTION ( 'NONE',  ( 0.000000000000000000, 0.000000000000000000, 1.000000000000000000 ) ) ;
#473 = EDGE_CURVE ( 'NONE', #1454, #3296, #5071, .T. ) ;
#474 = ORIENTED_EDGE ( 'NONE', *, *, #2024, .F. ) ;
#475 = FACE_BOUND ( 'NONE', #700, .T. ) ;
#476 = DIRECTION ( 'NONE',  ( 3.469446951953617640E-16, 0.000000000000000000, 1.000000000000000000 ) ) ;
#477 = CIRCLE ( 'NONE', #2279, 2.750000000000002665 ) ;
#478 = CARTESIAN_POINT ( 'NONE',  ( -9.525000000000014566, 36.31370849898480202, -41.31370849898474518 ) ) ;
#479 = CARTESIAN_POINT ( 'NONE',  ( -9.525000000000034106, 49.83200000000000074, -95.87399999999988154 ) ) ;
#480 = ORIENTED_EDGE ( 'NONE', *, *, #1639, .T. ) ;
#481 = CIRCLE ( 'NONE', #2095, 2.750000000000002665 ) ;
#482 = EDGE_CURVE ( 'NONE', #1051, #3980, #3213, .T. ) ;
#483 = DIRECTION ( 'NONE',  ( -1.000000000000000000, 0.000000000000000000, 3.469446951953616654E-16 ) ) ;
#484 = ORIENTED_EDGE ( 'NONE', *, *, #1563, .F. ) ;
#485 = CARTESIAN_POINT ( 'NONE',  ( -9.525000000000016342, 25.00000000000001776, -48.24999999999998579 ) ) ;
#486 = FACE_OUTER_BOUND ( 'NONE', #3128, .T. ) ;
#487 = ORIENTED_EDGE ( 'NONE', *, *, #3878, .T. ) ;
#488 = UNCERTAINTY_MEASURE_WITH_UNIT (LENGTH_MEASURE( 1.000000000000000082E-05 ), #3992, 'distance_accuracy_value', 'NONE');
#489 = EDGE_LOOP ( 'NONE', ( #5051, #4516, #2867, #4544 ) ) ;
#490 = EDGE_CURVE ( 'NONE', #4046, #4237, #2820, .T. ) ;
#491 = DIRECTION ( 'NONE',  ( 6.308085367188367561E-16, 0.000000000000000000, 1.000000000000000000 ) ) ;
#492 = FACE_OUTER_BOUND ( 'NONE', #2559, .T. ) ;
#493 = CARTESIAN_POINT ( 'NONE',  ( -2.602085213965210642E-14, 4.999999999999997335, -76.20799999999941576 ) ) ;
#494 = DIRECTION ( 'NONE',  ( -3.414809992080329516E-16, -0.000000000000000000, -1.000000000000000000 ) ) ;
#495 = ORIENTED_EDGE ( 'NONE', *, *, #4291, .T. ) ;
#496 = ORIENTED_EDGE ( 'NONE', *, *, #577, .T. ) ;
#497 = DIRECTION ( 'NONE',  ( -1.000000000000000000, 0.000000000000000000, 3.469446951953616654E-16 ) ) ;
#498 = LINE ( 'NONE', #2046, #4165 ) ;
#499 = DIRECTION ( 'NONE',  ( 0.000000000000000000, 1.000000000000000000, 0.000000000000000000 ) ) ;
#500 = DIRECTION ( 'NONE',  ( 3.469446951953615175E-16, 0.000000000000000000, 1.000000000000000000 ) ) ;
#501 = ORIENTED_EDGE ( 'NONE', *, *, #2529, .F. ) ;
#502 = ADVANCED_FACE ( 'NONE', ( #2014, #2038, #4754, #3586, #2455 ), #3612, .T. ) ;
#503 = VECTOR ( 'NONE', #4706, 1000.000000000000000 ) ;
#504 = ADVANCED_FACE ( 'NONE', ( #521 ), #3162, .F. ) ;
#505 = ADVANCED_FACE ( 'NONE', ( #4800 ), #868, .F. ) ;
#506 = FACE_BOUND ( 'NONE', #2618, .T. ) ;
#507 = CARTESIAN_POINT ( 'NONE',  ( -9.525000000000023448, 27.41600000000000392, -64.99999999999964473 ) ) ;
#508 = VECTOR ( 'NONE', #3427, 1000.000000000000000 ) ;
#509 = ORIENTED_EDGE ( 'NONE', *, *, #2902, .T. ) ;
#510 = DIRECTION ( 'NONE',  ( 1.000000000000000000, -0.000000000000000000, -3.469446951953617147E-16 ) ) ;
#511 = AXIS2_PLACEMENT_3D ( 'NONE', #4760, #3949, #848 ) ;
#512 = EDGE_LOOP ( 'NONE', ( #2960, #2066 ) ) ;
#513 = AXIS2_PLACEMENT_3D ( 'NONE', #1272, #1347, #3253 ) ;
#514 = CIRCLE ( 'NONE', #3777, 2.249999999999998668 ) ;
#515 = ADVANCED_FACE ( 'NONE', ( #492 ), #2407, .F. ) ;
#516 = VERTEX_POINT ( 'NONE', #1277 ) ;
#517 = DIRECTION ( 'NONE',  ( 6.308085367188383338E-16, 0.000000000000000000, 1.000000000000000000 ) ) ;
#518 = DIRECTION ( 'NONE',  ( -0.000000000000000000, 1.000000000000000000, -0.000000000000000000 ) ) ;
#519 = EDGE_LOOP ( 'NONE', ( #3051, #4029 ) ) ;
#520 = CIRCLE ( 'NONE', #683, 5.000000000000004441 ) ;
#521 = FACE_OUTER_BOUND ( 'NONE', #1751, .T. ) ;
#522 = CARTESIAN_POINT ( 'NONE',  ( -9.525000000000037659, 4.999999999999997335, -101.3739999999994126 ) ) ;
#523 = EDGE_CURVE ( 'NONE', #665, #4784, #4980, .T. ) ;
#524 = EDGE_LOOP ( 'NONE', ( #1307, #2766 ) ) ;
#525 = CARTESIAN_POINT ( 'NONE',  ( -3.469446951953614189E-14, 38.62400000000000233, -98.62399999999976785 ) ) ;
#526 = VERTEX_POINT ( 'NONE', #81 ) ;
#527 = FACE_OUTER_BOUND ( 'NONE', #3421, .T. ) ;
#528 = DIRECTION ( 'NONE',  ( 6.308085367188383338E-16, 0.000000000000000000, 1.000000000000000000 ) ) ;
#529 = CARTESIAN_POINT ( 'NONE',  ( -2.949029909160572061E-14, 27.41600000000000392, -87.41599999999964155 ) ) ;
#530 = VERTEX_POINT ( 'NONE', #1200 ) ;
#531 = DIRECTION ( 'NONE',  ( -3.469446951953611231E-16, 5.551115123125777969E-15, -1.000000000000000000 ) ) ;
#532 = DIRECTION ( 'NONE',  ( 1.000000000000000000, -0.000000000000000000, -3.469446951953616654E-16 ) ) ;
#533 = ORIENTED_EDGE ( 'NONE', *, *, #737, .T. ) ;
#534 = ADVANCED_FACE ( 'NONE', ( #2773 ), #4336, .T. ) ;
#535 = ORIENTED_EDGE ( 'NONE', *, *, #4646, .T. ) ;
#536 = CARTESIAN_POINT ( 'NONE',  ( -2.602085213965207881E-15, 57.09132099187863219, -7.499999999999995559 ) ) ;
#537 = ORIENTED_EDGE ( 'NONE', *, *, #1903, .F. ) ;
#538 = DIRECTION ( 'NONE',  ( -1.000000000000000000, 0.000000000000000000, 3.469446951953617147E-16 ) ) ;
#539 = DIRECTION ( 'NONE',  ( 3.469446951953615175E-16, 0.000000000000000000, 1.000000000000000000 ) ) ;
#540 = EDGE_LOOP ( 'NONE', ( #4119, #3590, #3172, #200 ) ) ;
#541 = ORIENTED_EDGE ( 'NONE', *, *, #431, .F. ) ;
#542 = CARTESIAN_POINT ( 'NONE',  ( -3.374037160774889799E-14, 61.03999999999999915, -95.87399999999998101 ) ) ;
#543 = VERTEX_POINT ( 'NONE', #3074 ) ;
#544 = CARTESIAN_POINT ( 'NONE',  ( -6.483109709151427650E-15, 13.68629150101525660, -18.68629150101529390 ) ) ;
#545 = ORIENTED_EDGE ( 'NONE', *, *, #1062, .F. ) ;
#546 = CIRCLE ( 'NONE', #462, 2.750000000000002665 ) ;
#547 = DIRECTION ( 'NONE',  ( -1.000000000000000000, 0.000000000000000000, 3.469446951953617147E-16 ) ) ;
#548 = EDGE_CURVE ( 'NONE', #2249, #3640, #3316, .T. ) ;
#549 = AXIS2_PLACEMENT_3D ( 'NONE', #3294, #1769, #1441 ) ;
#550 = DIRECTION ( 'NONE',  ( 3.469446951953615175E-16, 0.000000000000000000, 1.000000000000000000 ) ) ;
#551 = CARTESIAN_POINT ( 'NONE',  ( 3.469446951953614189E-15, 9.450000000000045475, 9.450000000000020606 ) ) ;
#552 = DIRECTION ( 'NONE',  ( 3.469446951953626515E-16, 0.000000000000000000, 1.000000000000000000 ) ) ;
#553 = EDGE_LOOP ( 'NONE', ( #614, #3670, #840, #1350 ) ) ;
#554 = VECTOR ( 'NONE', #4991, 1000.000000000000000 ) ;
#555 = EDGE_CURVE ( 'NONE', #3323, #812, #5067, .T. ) ;
#556 = FACE_OUTER_BOUND ( 'NONE', #1066, .T. ) ;
#557 = FACE_OUTER_BOUND ( 'NONE', #1345, .T. ) ;
#558 = AXIS2_PLACEMENT_3D ( 'NONE', #2445, #4014, #135 ) ;
#559 = ORIENTED_EDGE ( 'NONE', *, *, #1961, .T. ) ;
#560 = AXIS2_PLACEMENT_3D ( 'NONE', #4808, #4033, #4420 ) ;
#561 =( NAMED_UNIT ( * ) SI_UNIT ( $, .STERADIAN. ) SOLID_ANGLE_UNIT ( ) );
#562 = EDGE_CURVE ( 'NONE', #4449, #4184, #4289, .T. ) ;
#563 = ORIENTED_EDGE ( 'NONE', *, *, #1155, .F. ) ;
#564 = LINE ( 'NONE', #4094, #3037 ) ;
#565 = CYLINDRICAL_SURFACE ( 'NONE', #2173, 2.750000000000002665 ) ;
#566 = ORIENTED_EDGE ( 'NONE', *, *, #3872, .T. ) ;
#567 = VECTOR ( 'NONE', #3795, 1000.000000000000000 ) ;
#568 = AXIS2_PLACEMENT_3D ( 'NONE', #1585, #4314, #3919 ) ;
#569 = EDGE_CURVE ( 'NONE', #1321, #2263, #362, .T. ) ;
#570 = CARTESIAN_POINT ( 'NONE',  ( -9.525000000000041211, 38.62400000000000233, -118.2899999999997505 ) ) ;
#571 = EDGE_CURVE ( 'NONE', #1916, #2263, #1854, .T. ) ;
#572 = ORIENTED_EDGE ( 'NONE', *, *, #4704, .F. ) ;
#573 = DIRECTION ( 'NONE',  ( 3.469446951953615175E-16, 0.000000000000000000, 1.000000000000000000 ) ) ;
#574 = VERTEX_POINT ( 'NONE', #413 ) ;
#575 = DIRECTION ( 'NONE',  ( 3.469446951953626515E-16, 0.000000000000000000, 1.000000000000000000 ) ) ;
#576 = DIRECTION ( 'NONE',  ( 3.469446951953615175E-16, 0.000000000000000000, 1.000000000000000000 ) ) ;
#577 = EDGE_CURVE ( 'NONE', #3156, #2841, #2588, .T. ) ;
#578 = ORIENTED_EDGE ( 'NONE', *, *, #4602, .F. ) ;
#579 = DIRECTION ( 'NONE',  ( -1.000000000000000000, 0.000000000000000000, 3.469446951953616654E-16 ) ) ;
#580 = CARTESIAN_POINT ( 'NONE',  ( -2.255140518769849223E-14, 38.62400000000000233, -64.99999999999975842 ) ) ;
#581 = VERTEX_POINT ( 'NONE', #3430 ) ;
#582 = EDGE_LOOP ( 'NONE', ( #1734, #603 ) ) ;
#583 = AXIS2_PLACEMENT_3D ( 'NONE', #1278, #3681, #2943 ) ;
#584 = AXIS2_PLACEMENT_3D ( 'NONE', #1791, #2229, #4235 ) ;
#585 = CARTESIAN_POINT ( 'NONE',  ( -4.067926551165612636E-14, 27.41600000000000392, -118.2899999999996510 ) ) ;
#586 = VERTEX_POINT ( 'NONE', #3137 ) ;
#587 = AXIS2_PLACEMENT_3D ( 'NONE', #1231, #901, #3974 ) ;
#588 = CARTESIAN_POINT ( 'NONE',  ( -1.040834085586084257E-14, 52.25000000000000711, -32.06786437626909958 ) ) ;
#589 = DIRECTION ( 'NONE',  ( 3.469446951953615175E-16, 0.000000000000000000, 1.000000000000000000 ) ) ;
#590 = ORIENTED_EDGE ( 'NONE', *, *, #2297, .T. ) ;
#591 = VECTOR ( 'NONE', #2521, 1000.000000000000000 ) ;
#592 = CYLINDRICAL_SURFACE ( 'NONE', #416, 2.750000000000009326 ) ;
#593 = AXIS2_PLACEMENT_3D ( 'NONE', #478, #2030, #2443 ) ;
#594 = AXIS2_PLACEMENT_3D ( 'NONE', #4605, #1086, #2288 ) ;
#595 = ORIENTED_EDGE ( 'NONE', *, *, #5053, .F. ) ;
#596 = CYLINDRICAL_SURFACE ( 'NONE', #2830, 12.25000000000000355 ) ;
#597 = ORIENTED_EDGE ( 'NONE', *, *, #4741, .T. ) ;
#598 = EDGE_CURVE ( 'NONE', #2674, #4869, #1687, .T. ) ;
#599 = AXIS2_PLACEMENT_3D ( 'NONE', #3489, #709, #2321 ) ;
#600 = FACE_BOUND ( 'NONE', #915, .T. ) ;
#601 = DIRECTION ( 'NONE',  ( -1.000000000000000000, 0.000000000000000000, 3.469446951953616654E-16 ) ) ;
#602 = CARTESIAN_POINT ( 'NONE',  ( -9.525000000000007461, 36.31370849898480202, -20.93629150101525127 ) ) ;
#603 = ORIENTED_EDGE ( 'NONE', *, *, #4515, .T. ) ;
#604 = EDGE_CURVE ( 'NONE', #3827, #4628, #3917, .T. ) ;
#605 = CARTESIAN_POINT ( 'NONE',  ( -9.525000000000014566, 13.68629150101525305, -43.56370849898470254 ) ) ;
#606 = DIRECTION ( 'NONE',  ( 3.469446951953626515E-16, 0.000000000000000000, 1.000000000000000000 ) ) ;
#607 = ORIENTED_EDGE ( 'NONE', *, *, #548, .F. ) ;
#608 = EDGE_CURVE ( 'NONE', #2841, #3156, #3402, .T. ) ;
#609 = CARTESIAN_POINT ( 'NONE',  ( -3.374037160774889799E-14, 16.20799999999999841, -95.87399999999951206 ) ) ;
#610 = ORIENTED_EDGE ( 'NONE', *, *, #4947, .F. ) ;
#611 = CARTESIAN_POINT ( 'NONE',  ( 1.214306433183764966E-14, 33.02000000000002444, 33.01999999999999602 ) ) ;
#612 = CARTESIAN_POINT ( 'NONE',  ( -3.469446951953614189E-14, 4.999999999999997335, -98.62399999999941258 ) ) ;
#613 = VERTEX_POINT ( 'NONE', #703 ) ;
#614 = ORIENTED_EDGE ( 'NONE', *, *, #4646, .F. ) ;
#615 = ORIENTED_EDGE ( 'NONE', *, *, #1635, .F. ) ;
#616 = FACE_OUTER_BOUND ( 'NONE', #3081, .T. ) ;
#617 = EDGE_LOOP ( 'NONE', ( #809, #3540 ) ) ;
#618 = DIRECTION ( 'NONE',  ( 6.308085367188383338E-16, 0.000000000000000000, 1.000000000000000000 ) ) ;
#619 = ORIENTED_EDGE ( 'NONE', *, *, #4993, .F. ) ;
#620 = FACE_BOUND ( 'NONE', #141, .T. ) ;
#621 = ADVANCED_FACE ( 'NONE', ( #1873 ), #1897, .F. ) ;
#622 = DIRECTION ( 'NONE',  ( -1.000000000000000000, 0.000000000000000000, 3.469446951953616654E-16 ) ) ;
#623 = CARTESIAN_POINT ( 'NONE',  ( 48.00000000000000000, 4.525000000000000355, -16.95000000000000639 ) ) ;
#624 = CIRCLE ( 'NONE', #3888, 2.750000000000002665 ) ;
#625 = ORIENTED_EDGE ( 'NONE', *, *, #2440, .T. ) ;
#626 = VECTOR ( 'NONE', #1092, 1000.000000000000000 ) ;
#627 = EDGE_CURVE ( 'NONE', #4004, #3362, #2258, .T. ) ;
#628 = DIRECTION ( 'NONE',  ( 3.469446951953618133E-16, 0.000000000000000000, 1.000000000000000000 ) ) ;
#629 = DIRECTION ( 'NONE',  ( -1.000000000000000000, 0.000000000000000000, 3.469446951953617147E-16 ) ) ;
#630 = ORIENTED_EDGE ( 'NONE', *, *, #4720, .F. ) ;
#631 = ORIENTED_EDGE ( 'NONE', *, *, #2851, .F. ) ;
#632 = CIRCLE ( 'NONE', #4480, 2.750000000000002665 ) ;
#633 = AXIS2_PLACEMENT_3D ( 'NONE', #1100, #1070, #4541 ) ;
#634 = DIRECTION ( 'NONE',  ( 6.308085367188383338E-16, 0.000000000000000000, 1.000000000000000000 ) ) ;
#635 = AXIS2_PLACEMENT_3D ( 'NONE', #3108, #47, #4330 ) ;
#636 = ORIENTED_EDGE ( 'NONE', *, *, #783, .F. ) ;
#637 = DIRECTION ( 'NONE',  ( 3.469446951953617147E-16, 0.000000000000000000, 1.000000000000000000 ) ) ;
#638 = DIRECTION ( 'NONE',  ( -0.000000000000000000, -1.000000000000000000, -0.000000000000000000 ) ) ;
#639 = DIRECTION ( 'NONE',  ( -1.000000000000000000, 0.000000000000000000, 3.469446951953617147E-16 ) ) ;
#640 = EDGE_LOOP ( 'NONE', ( #3521, #5034 ) ) ;
#641 = VERTEX_POINT ( 'NONE', #4266 ) ;
#642 = EDGE_CURVE ( 'NONE', #4521, #4073, #990, .T. ) ;
#643 = CIRCLE ( 'NONE', #4666, 2.599999999999991207 ) ;
#644 = ORIENTED_EDGE ( 'NONE', *, *, #4509, .F. ) ;
#645 = DIRECTION ( 'NONE',  ( -1.000000000000000000, 0.000000000000000000, 3.469446951953617147E-16 ) ) ;
#646 = AXIS2_PLACEMENT_3D ( 'NONE', #4837, #1718, #3267 ) ;
#647 = VECTOR ( 'NONE', #1865, 1000.000000000000000 ) ;
#648 = VERTEX_POINT ( 'NONE', #2222 ) ;
#649 = CARTESIAN_POINT ( 'NONE',  ( -9.525000000000039435, 49.83200000000000074, -109.8319999999998799 ) ) ;
#650 = EDGE_CURVE ( 'NONE', #1378, #4046, #5073, .T. ) ;
#651 = ORIENTED_EDGE ( 'NONE', *, *, #1562, .F. ) ;
#652 = AXIS2_PLACEMENT_3D ( 'NONE', #3120, #4707, #1181 ) ;
#653 = DIRECTION ( 'NONE',  ( 3.469446951953615175E-16, 0.000000000000000000, 1.000000000000000000 ) ) ;
#654 = CYLINDRICAL_SURFACE ( 'NONE', #2007, 2.599999999999994760 ) ;
#655 = LINE ( 'NONE', #4963, #1209 ) ;
#656 = VERTEX_POINT ( 'NONE', #1785 ) ;
#657 = DIRECTION ( 'NONE',  ( -1.000000000000000000, 0.000000000000000000, 3.469446951953616654E-16 ) ) ;
#658 = DIRECTION ( 'NONE',  ( -1.000000000000000000, 0.000000000000000000, 3.469446951953617147E-16 ) ) ;
#659 = VERTEX_POINT ( 'NONE', #1375 ) ;
#660 = EDGE_CURVE ( 'NONE', #3877, #3071, #4922, .T. ) ;
#661 = VERTEX_POINT ( 'NONE', #1043 ) ;
#662 = EDGE_CURVE ( 'NONE', #246, #1454, #2964, .T. ) ;
#663 = EDGE_CURVE ( 'NONE', #291, #1049, #2842, .T. ) ;
#664 = LINE ( 'NONE', #2935, #1325 ) ;
#665 = VERTEX_POINT ( 'NONE', #1017 ) ;
#666 = DIRECTION ( 'NONE',  ( -1.000000000000000000, 0.000000000000000000, 3.469446951953617147E-16 ) ) ;
#667 =( NAMED_UNIT ( * ) PLANE_ANGLE_UNIT ( ) SI_UNIT ( $, .RADIAN. ) );
#668 = LINE ( 'NONE', #3785, #4816 ) ;
#669 = ORIENTED_EDGE ( 'NONE', *, *, #997, .T. ) ;
#670 = ORIENTED_EDGE ( 'NONE', *, *, #2147, .F. ) ;
#671 = EDGE_LOOP ( 'NONE', ( #4630, #631, #3434, #161 ) ) ;
#672 = AXIS2_PLACEMENT_3D ( 'NONE', #2620, #4961, #2675 ) ;
#673 = CARTESIAN_POINT ( 'NONE',  ( -2.697495005143935347E-14, 61.03999999999999915, -78.95799999999998420 ) ) ;
#674 = ORIENTED_EDGE ( 'NONE', *, *, #1559, .T. ) ;
#675 = CIRCLE ( 'NONE', #1318, 2.750000000000002665 ) ;
#676 = ORIENTED_EDGE ( 'NONE', *, *, #3331, .F. ) ;
#677 = AXIS2_PLACEMENT_3D ( 'NONE', #862, #119, #1327 ) ;
#678 = AXIS2_PLACEMENT_3D ( 'NONE', #24, #4694, #3904 ) ;
#679 = EDGE_CURVE ( 'NONE', #267, #4260, #2576, .T. ) ;
#680 = CARTESIAN_POINT ( 'NONE',  ( -9.525000000000035882, 49.83200000000000074, -98.62399999999988154 ) ) ;
#681 = DIRECTION ( 'NONE',  ( 0.000000000000000000, 0.000000000000000000, 1.000000000000000000 ) ) ;
#682 = DIRECTION ( 'NONE',  ( 6.308085367188383338E-16, 0.000000000000000000, 1.000000000000000000 ) ) ;
#683 = AXIS2_PLACEMENT_3D ( 'NONE', #4473, #2397, #531 ) ;
#684 = EDGE_LOOP ( 'NONE', ( #3408, #4920 ) ) ;
#685 = MANIFOLD_SOLID_BREP ( 'Fillet3', #5070 ) ;
#686 = LINE ( 'NONE', #4535, #4941 ) ;
#687 = CYLINDRICAL_SURFACE ( 'NONE', #4412, 2.750000000000002665 ) ;
#688 = CARTESIAN_POINT ( 'NONE',  ( -3.720981855970251218E-14, 38.62400000000000233, -107.0819999999997663 ) ) ;
#689 = EDGE_LOOP ( 'NONE', ( #3755, #572, #865, #1871 ) ) ;
#690 = DIRECTION ( 'NONE',  ( -1.000000000000000000, 0.000000000000000000, 3.469446951953616654E-16 ) ) ;
#691 = EDGE_LOOP ( 'NONE', ( #4887, #4317, #3762, #1944 ) ) ;
#692 = CARTESIAN_POINT ( 'NONE',  ( -9.525000000000028777, 49.83200000000000074, -84.66599999999988313 ) ) ;
#693 = DIRECTION ( 'NONE',  ( -1.000000000000000000, 0.000000000000000000, 3.469446951953616654E-16 ) ) ;
#694 = EDGE_CURVE ( 'NONE', #2009, #3965, #1456, .T. ) ;
#695 = CARTESIAN_POINT ( 'NONE',  ( -3.044439700339296451E-14, 38.62400000000000233, -90.16599999999975523 ) ) ;
#696 = ORIENTED_EDGE ( 'NONE', *, *, #123, .F. ) ;
#697 = VERTEX_POINT ( 'NONE', #293 ) ;
#698 = DIRECTION ( 'NONE',  ( 1.000000000000000000, -0.000000000000000000, -3.469446951953616654E-16 ) ) ;
#699 = EDGE_CURVE ( 'NONE', #987, #4365, #2193, .T. ) ;
#700 = EDGE_LOOP ( 'NONE', ( #495, #3765 ) ) ;
#701 = VERTEX_POINT ( 'NONE', #1483 ) ;
#702 = LINE ( 'NONE', #3384, #826 ) ;
#703 = CARTESIAN_POINT ( 'NONE',  ( -9.525000000000034106, 16.20799999999999841, -95.87399999999951206 ) ) ;
#704 = CARTESIAN_POINT ( 'NONE',  ( -2.081668171172168513E-14, 5.551115123125782702E-14, -59.99999999999999289 ) ) ;
#705 = DIRECTION ( 'NONE',  ( 3.469446951953626515E-16, 0.000000000000000000, 1.000000000000000000 ) ) ;
#706 = CARTESIAN_POINT ( 'NONE',  ( -2.949029909160572061E-14, 4.999999999999997335, -87.41599999999941417 ) ) ;
#707 = ORIENTED_EDGE ( 'NONE', *, *, #2448, .T. ) ;
#708 = EDGE_CURVE ( 'NONE', #286, #3071, #3041, .T. ) ;
#709 = DIRECTION ( 'NONE',  ( 0.000000000000000000, 1.000000000000000000, 0.000000000000000000 ) ) ;
#710 = CARTESIAN_POINT ( 'NONE',  ( -9.525000000000034106, 61.03999999999999915, -95.87399999999998101 ) ) ;
#711 = CARTESIAN_POINT ( 'NONE',  ( -4.067926551165612636E-14, 61.04000000000002046, -118.2900000000000347 ) ) ;
#712 = ORIENTED_EDGE ( 'NONE', *, *, #1902, .F. ) ;
#713 = ADVANCED_FACE ( 'NONE', ( #4132 ), #2140, .F. ) ;
#714 = CIRCLE ( 'NONE', #2080, 2.750000000000002665 ) ;
#715 = DIRECTION ( 'NONE',  ( 3.469446951953615175E-16, 0.000000000000000000, 1.000000000000000000 ) ) ;
#716 = ORIENTED_EDGE ( 'NONE', *, *, #1843, .T. ) ;
#717 = LINE ( 'NONE', #2608, #96 ) ;
#718 = CARTESIAN_POINT ( 'NONE',  ( 47.99999999999998579, 0.000000000000000000, -46.00000000000000711 ) ) ;
#719 = CIRCLE ( 'NONE', #2423, 2.750000000000002665 ) ;
#720 = DIRECTION ( 'NONE',  ( -0.8779095519917469170, 0.4788265014821655452, 0.000000000000000000 ) ) ;
#721 = EDGE_LOOP ( 'NONE', ( #174, #1147 ) ) ;
#722 = EDGE_CURVE ( 'NONE', #4206, #3017, #3740, .T. ) ;
#723 = CIRCLE ( 'NONE', #219, 2.750000000000002665 ) ;
#724 = ORIENTED_EDGE ( 'NONE', *, *, #1992, .T. ) ;
#725 = CARTESIAN_POINT ( 'NONE',  ( -1.112577543159087759E-14, 42.25000000000000711, -32.06786437626909958 ) ) ;
#726 = AXIS2_PLACEMENT_3D ( 'NONE', #3624, #2490, #3203 ) ;
#727 = ADVANCED_FACE ( 'NONE', ( #1336, #2485, #4467, #946, #4081, #1740, #3292, #1357, #3694, #1746, #4965, #2541, #2149, #4913, #2955, #1009, #2180, #4556, #2069, #468, #2021, #3923, #421, #1970, #3541, #1589, #4373, #3195, #1262, #4396, #3141, #1994, #876, #2389, #3563, #1614, #3975, #3169, #847, #4759, #1683, #1867, #2163, #2580, #1212, #1623, #475, #2365, #5079 ), #1615, .T. ) ;
#728 = ORIENTED_EDGE ( 'NONE', *, *, #3236, .F. ) ;
#729 = EDGE_CURVE ( 'NONE', #1512, #2484, #2795, .T. ) ;
#730 = EDGE_CURVE ( 'NONE', #1310, #3851, #2723, .T. ) ;
#731 = DIRECTION ( 'NONE',  ( -1.000000000000000000, 0.000000000000000000, 3.469446951953616161E-16 ) ) ;
#732 = AXIS2_PLACEMENT_3D ( 'NONE', #398, #1953, #1114 ) ;
#733 = FACE_OUTER_BOUND ( 'NONE', #1333, .T. ) ;
#734 = DIRECTION ( 'NONE',  ( -1.000000000000000000, 0.000000000000000000, 3.469446951953616161E-16 ) ) ;
#735 = DIRECTION ( 'NONE',  ( -1.000000000000000000, 0.000000000000000000, 3.469446951953616654E-16 ) ) ;
#736 = CIRCLE ( 'NONE', #3587, 2.750000000000009326 ) ;
#737 = EDGE_CURVE ( 'NONE', #3763, #1979, #2379, .T. ) ;
#738 = CARTESIAN_POINT ( 'NONE',  ( -9.525000000000032330, 38.62400000000000233, -90.16599999999975523 ) ) ;
#739 = CARTESIAN_POINT ( 'NONE',  ( -3.911801438327699998E-14, 27.41600000000000392, -112.5819999999996384 ) ) ;
#740 = CARTESIAN_POINT ( 'NONE',  ( -2.949029909160572061E-14, 4.999999999999997335, -87.41599999999941417 ) ) ;
#741 = ORIENTED_EDGE ( 'NONE', *, *, #523, .F. ) ;
#742 = CARTESIAN_POINT ( 'NONE',  ( -9.525000000000037659, 49.83200000000000074, -101.3739999999998815 ) ) ;
#743 = ORIENTED_EDGE ( 'NONE', *, *, #3608, .F. ) ;
#744 = CARTESIAN_POINT ( 'NONE',  ( -9.525000000000039435, 27.41600000000000392, -109.8319999999996384 ) ) ;
#745 = DIRECTION ( 'NONE',  ( 2.453269466693388267E-16, -0.7071067811865510144, 0.7071067811865440200 ) ) ;
#746 = LINE ( 'NONE', #695, #3747 ) ;
#747 = ORIENTED_EDGE ( 'NONE', *, *, #2940, .F. ) ;
#748 = DIRECTION ( 'NONE',  ( 0.000000000000000000, 1.000000000000000000, 0.000000000000000000 ) ) ;
#749 = EDGE_LOOP ( 'NONE', ( #545, #2167, #4500, #3330 ) ) ;
#750 = DIRECTION ( 'NONE',  ( 3.469446951953615175E-16, 0.000000000000000000, 1.000000000000000000 ) ) ;
#751 = ORIENTED_EDGE ( 'NONE', *, *, #4390, .T. ) ;
#752 = AXIS2_PLACEMENT_3D ( 'NONE', #4901, #4490, #3708 ) ;
#753 = CARTESIAN_POINT ( 'NONE',  ( 12.00000000000000000, 0.000000000000000000, -48.95000000000000284 ) ) ;
#754 = AXIS2_PLACEMENT_3D ( 'NONE', #1984, #1605, #3157 ) ;
#755 = VECTOR ( 'NONE', #1050, 1000.000000000000000 ) ;
#756 = DIRECTION ( 'NONE',  ( 3.469446951953626515E-16, 0.000000000000000000, 1.000000000000000000 ) ) ;
#757 = CARTESIAN_POINT ( 'NONE',  ( -9.525000000000042988, 38.62400000000000233, -121.0399999999997647 ) ) ;
#758 = EDGE_CURVE ( 'NONE', #1925, #3789, #338, .T. ) ;
#759 = ORIENTED_EDGE ( 'NONE', *, *, #3067, .F. ) ;
#760 = AXIS2_PLACEMENT_3D ( 'NONE', #4070, #4774, #4043 ) ;
#761 = FACE_BOUND ( 'NONE', #1729, .T. ) ;
#762 = LINE ( 'NONE', #2294, #2927 ) ;
#763 = CYLINDRICAL_SURFACE ( 'NONE', #3404, 20.49999999999996447 ) ;
#764 = EDGE_LOOP ( 'NONE', ( #1933, #374, #2650, #2699 ) ) ;
#765 = FACE_BOUND ( 'NONE', #236, .T. ) ;
#766 = ORIENTED_EDGE ( 'NONE', *, *, #4220, .T. ) ;
#767 = FACE_OUTER_BOUND ( 'NONE', #3115, .T. ) ;
#768 = CARTESIAN_POINT ( 'NONE',  ( 47.99999999999998579, 4.525000000000000355, -43.05000000000000426 ) ) ;
#769 = DIRECTION ( 'NONE',  ( -1.000000000000000000, 0.000000000000000000, 3.469446951953616161E-16 ) ) ;
#770 = ADVANCED_FACE ( 'NONE', ( #3981 ), #2679, .T. ) ;
#771 = ORIENTED_EDGE ( 'NONE', *, *, #555, .F. ) ;
#772 = CYLINDRICAL_SURFACE ( 'NONE', #4021, 2.750000000000002665 ) ;
#773 = CARTESIAN_POINT ( 'NONE',  ( -9.525000000000014566, 13.68629150101525305, -41.31370849898469544 ) ) ;
#774 = FACE_OUTER_BOUND ( 'NONE', #489, .T. ) ;
#775 = DIRECTION ( 'NONE',  ( 3.469446951953615175E-16, 0.000000000000000000, 1.000000000000000000 ) ) ;
#776 = ORIENTED_EDGE ( 'NONE', *, *, #2572, .F. ) ;
#777 = ADVANCED_FACE ( 'NONE', ( #1697 ), #2238, .F. ) ;
#778 = CARTESIAN_POINT ( 'NONE',  ( -3.720981855970251218E-14, 38.62400000000000233, -107.0819999999997663 ) ) ;
#779 = ORIENTED_EDGE ( 'NONE', *, *, #3844, .T. ) ;
#780 = LINE ( 'NONE', #739, #1942 ) ;
#781 = DIRECTION ( 'NONE',  ( 1.000000000000000000, -0.000000000000000000, -3.469446951953617147E-16 ) ) ;
#782 = ORIENTED_EDGE ( 'NONE', *, *, #2181, .T. ) ;
#783 = EDGE_CURVE ( 'NONE', #428, #2136, #3922, .T. ) ;
#784 = FACE_OUTER_BOUND ( 'NONE', #3381, .T. ) ;
#785 = PLANE ( 'NONE',  #3853 ) ;
#786 = DIRECTION ( 'NONE',  ( 3.469446951953615175E-16, 0.000000000000000000, 1.000000000000000000 ) ) ;
#787 = CIRCLE ( 'NONE', #3644, 2.250000000000001776 ) ;
#788 = ORIENTED_EDGE ( 'NONE', *, *, #934, .F. ) ;
#789 = CYLINDRICAL_SURFACE ( 'NONE', #4522, 2.750000000000002665 ) ;
#790 = EDGE_CURVE ( 'NONE', #1733, #5043, #361, .T. ) ;
#791 = DIRECTION ( 'NONE',  ( -1.000000000000000000, 0.000000000000000000, 3.469446951953616654E-16 ) ) ;
#792 = DIRECTION ( 'NONE',  ( -1.000000000000000000, 0.000000000000000000, 3.469446951953616654E-16 ) ) ;
#793 = CIRCLE ( 'NONE', #2178, 2.750000000000002665 ) ;
#794 = EDGE_CURVE ( 'NONE', #3456, #2296, #4692, .T. ) ;
#795 = CYLINDRICAL_SURFACE ( 'NONE', #568, 2.750000000000002665 ) ;
#796 = EDGE_LOOP ( 'NONE', ( #3302, #4677, #2625, #1991 ) ) ;
#797 = CIRCLE ( 'NONE', #2355, 2.950000000000001066 ) ;
#798 = CARTESIAN_POINT ( 'NONE',  ( 0.000000000000000000, 9.525000000000000355, 0.000000000000000000 ) ) ;
#799 = ORIENTED_EDGE ( 'NONE', *, *, #419, .F. ) ;
#800 = CARTESIAN_POINT ( 'NONE',  ( -9.525000000000019895, 63.11106781186552439, -57.07106781186540445 ) ) ;
#801 = CIRCLE ( 'NONE', #3661, 2.750000000000002665 ) ;
#802 = ORIENTED_EDGE ( 'NONE', *, *, #3665, .F. ) ;
#803 = CIRCLE ( 'NONE', #4997, 2.750000000000002665 ) ;
#804 = CARTESIAN_POINT ( 'NONE',  ( 5.030698080332749251E-15, 33.02000000000002444, 12.52000000000003155 ) ) ;
#805 = CARTESIAN_POINT ( 'NONE',  ( -9.525000000000014566, 13.68629150101525305, -43.56370849898470254 ) ) ;
#806 = EDGE_CURVE ( 'NONE', #526, #613, #167, .T. ) ;
#807 = CARTESIAN_POINT ( 'NONE',  ( -1.674008154317619477E-14, 25.00000000000001776, -48.24999999999998579 ) ) ;
#808 = EDGE_CURVE ( 'NONE', #4184, #2619, #3035, .T. ) ;
#809 = ORIENTED_EDGE ( 'NONE', *, *, #3064, .F. ) ;
#810 = CARTESIAN_POINT ( 'NONE',  ( -9.525000000000032330, 49.83200000000000074, -90.16599999999988313 ) ) ;
#811 = CARTESIAN_POINT ( 'NONE',  ( -9.525000000000012790, 45.17893218813456713, -39.13893218813461061 ) ) ;
#812 = VERTEX_POINT ( 'NONE', #2754 ) ;
#813 = ORIENTED_EDGE ( 'NONE', *, *, #1234, .F. ) ;
#814 = DIRECTION ( 'NONE',  ( -1.000000000000000000, 0.000000000000000000, 3.469446951953616654E-16 ) ) ;
#815 = DIRECTION ( 'NONE',  ( 3.469446951953626515E-16, 0.000000000000000000, 1.000000000000000000 ) ) ;
#816 = DIRECTION ( 'NONE',  ( -1.000000000000000000, 0.000000000000000000, 3.469446951953617147E-16 ) ) ;
#817 = AXIS2_PLACEMENT_3D ( 'NONE', #3138, #3482, #3969 ) ;
#818 = VERTEX_POINT ( 'NONE', #3144 ) ;
#819 = ADVANCED_FACE ( 'NONE', ( #4734 ), #2390, .F. ) ;
#820 = AXIS2_PLACEMENT_3D ( 'NONE', #1561, #3070, #4333 ) ;
#821 = CIRCLE ( 'NONE', #587, 2.750000000000009326 ) ;
#822 = DIRECTION ( 'NONE',  ( 3.469446951953615175E-16, 0.000000000000000000, 1.000000000000000000 ) ) ;
#823 = CARTESIAN_POINT ( 'NONE',  ( -9.525000000000027001, 49.83200000000000074, -76.20799999999987051 ) ) ;
#824 = VECTOR ( 'NONE', #3387, 1000.000000000000000 ) ;
#825 = ORIENTED_EDGE ( 'NONE', *, *, #3363, .F. ) ;
#826 = VECTOR ( 'NONE', #2603, 1000.000000000000000 ) ;
#827 = AXIS2_PLACEMENT_3D ( 'NONE', #4423, #4381, #134 ) ;
#828 = FACE_BOUND ( 'NONE', #88, .T. ) ;
#829 = CIRCLE ( 'NONE', #177, 2.750000000000002665 ) ;
#830 = STYLED_ITEM ( 'NONE', ( #4228 ), #685 ) ;
#831 = DIRECTION ( 'NONE',  ( -1.000000000000000000, 0.000000000000000000, 3.469446951953617147E-16 ) ) ;
#832 = DIRECTION ( 'NONE',  ( 3.469446951953615175E-16, 0.000000000000000000, 1.000000000000000000 ) ) ;
#833 = VERTEX_POINT ( 'NONE', #1549 ) ;
#834 = CIRCLE ( 'NONE', #2134, 2.599999999999994760 ) ;
#835 = EDGE_CURVE ( 'NONE', #4015, #2330, #395, .T. ) ;
#836 = ORIENTED_EDGE ( 'NONE', *, *, #903, .F. ) ;
#837 = DIRECTION ( 'NONE',  ( 3.469446951953615175E-16, 0.000000000000000000, 1.000000000000000000 ) ) ;
#838 = EDGE_CURVE ( 'NONE', #1013, #3561, #3635, .T. ) ;
#839 = DIRECTION ( 'NONE',  ( -1.000000000000000000, 0.000000000000000000, 3.469446951953617147E-16 ) ) ;
#840 = ORIENTED_EDGE ( 'NONE', *, *, #663, .T. ) ;
#841 = DIRECTION ( 'NONE',  ( 0.000000000000000000, 1.000000000000000000, 0.000000000000000000 ) ) ;
#842 = EDGE_CURVE ( 'NONE', #4864, #3056, #821, .T. ) ;
#843 = CARTESIAN_POINT ( 'NONE',  ( -9.525000000000035882, 61.03999999999999915, -98.62399999999999523 ) ) ;
#844 = ADVANCED_FACE ( 'NONE', ( #4052 ), #1691, .F. ) ;
#845 = DIRECTION ( 'NONE',  ( 6.308085367188383338E-16, 0.000000000000000000, 1.000000000000000000 ) ) ;
#846 = VERTEX_POINT ( 'NONE', #875 ) ;
#847 = FACE_BOUND ( 'NONE', #5055, .T. ) ;
#848 = DIRECTION ( 'NONE',  ( 3.469446951953615175E-16, 0.000000000000000000, 1.000000000000000000 ) ) ;
#849 = CARTESIAN_POINT ( 'NONE',  ( -2.602085213965210642E-14, 61.03999999999999915, -76.20799999999998420 ) ) ;
#850 = DIRECTION ( 'NONE',  ( -3.469446951953616161E-16, -1.156482317317871971E-16, -1.000000000000000000 ) ) ;
#851 = EDGE_CURVE ( 'NONE', #3895, #3811, #3442, .T. ) ;
#852 = DIRECTION ( 'NONE',  ( 0.000000000000000000, 0.000000000000000000, 1.000000000000000000 ) ) ;
#853 = CARTESIAN_POINT ( 'NONE',  ( -3.564856743132338579E-14, 38.62400000000000233, -101.3739999999997679 ) ) ;
#854 = ORIENTED_EDGE ( 'NONE', *, *, #729, .T. ) ;
#855 = FACE_BOUND ( 'NONE', #2128, .T. ) ;
#856 = CARTESIAN_POINT ( 'NONE',  ( 48.00000000000000000, 0.000000000000000000, -16.95000000000000639 ) ) ;
#857 = DIRECTION ( 'NONE',  ( -1.000000000000000000, 0.000000000000000000, 3.469446951953616654E-16 ) ) ;
#858 = EDGE_CURVE ( 'NONE', #3649, #3851, #1643, .T. ) ;
#859 = EDGE_LOOP ( 'NONE', ( #2860, #4234 ) ) ;
#860 = DIRECTION ( 'NONE',  ( -1.000000000000000000, 0.000000000000000000, 3.469446951953616654E-16 ) ) ;
#861 = ORIENTED_EDGE ( 'NONE', *, *, #3844, .F. ) ;
#862 = CARTESIAN_POINT ( 'NONE',  ( -9.525000000000039435, 4.999999999999997335, -109.8319999999994110 ) ) ;
#863 = DIRECTION ( 'NONE',  ( -1.000000000000000000, 0.000000000000000000, 3.469446951953616654E-16 ) ) ;
#864 = VECTOR ( 'NONE', #2504, 1000.000000000000000 ) ;
#865 = ORIENTED_EDGE ( 'NONE', *, *, #2118, .T. ) ;
#866 = CIRCLE ( 'NONE', #128, 12.25000000000000000 ) ;
#867 = DIRECTION ( 'NONE',  ( -1.000000000000000000, 0.000000000000000000, 3.469446951953616654E-16 ) ) ;
#868 = CYLINDRICAL_SURFACE ( 'NONE', #2838, 2.750000000000002665 ) ;
#869 = CYLINDRICAL_SURFACE ( 'NONE', #3846, 2.750000000000002665 ) ;
#870 = ADVANCED_FACE ( 'NONE', ( #3660 ), #59, .F. ) ;
#871 = FACE_OUTER_BOUND ( 'NONE', #2989, .T. ) ;
#872 = AXIS2_PLACEMENT_3D ( 'NONE', #3124, #4710, #1185 ) ;
#873 = ORIENTED_EDGE ( 'NONE', *, *, #3000, .T. ) ;
#874 = ADVANCED_FACE ( 'NONE', ( #2995 ), #3398, .F. ) ;
#875 = CARTESIAN_POINT ( 'NONE',  ( -2.350550309948573928E-14, 49.83200000000000074, -67.74999999999987210 ) ) ;
#876 = FACE_BOUND ( 'NONE', #3485, .T. ) ;
#877 = VECTOR ( 'NONE', #3377, 1000.000000000000000 ) ;
#878 = CYLINDRICAL_SURFACE ( 'NONE', #2170, 2.599999999999994760 ) ;
#879 = CYLINDRICAL_SURFACE ( 'NONE', #4584, 4.500000000000003553 ) ;
#880 = CARTESIAN_POINT ( 'NONE',  ( 12.00000000000000000, 0.000000000000000000, -46.00000000000000000 ) ) ;
#881 = DIRECTION ( 'NONE',  ( -0.000000000000000000, 1.000000000000000000, -0.000000000000000000 ) ) ;
#882 = AXIS2_PLACEMENT_3D ( 'NONE', #2518, #1342, #93 ) ;
#883 = ORIENTED_EDGE ( 'NONE', *, *, #2632, .F. ) ;
#884 = AXIS2_PLACEMENT_3D ( 'NONE', #450, #3568, #500 ) ;
#885 = FACE_BOUND ( 'NONE', #1322, .T. ) ;
#886 = CIRCLE ( 'NONE', #2093, 2.750000000000002665 ) ;
#887 = ORIENTED_EDGE ( 'NONE', *, *, #4072, .F. ) ;
#888 = CIRCLE ( 'NONE', #2280, 2.750000000000002665 ) ;
#889 = CARTESIAN_POINT ( 'NONE',  ( -3.911801438327699998E-14, 61.03999999999999915, -112.5819999999999936 ) ) ;
#890 = CYLINDRICAL_SURFACE ( 'NONE', #558, 2.599999999999991207 ) ;
#891 = EDGE_LOOP ( 'NONE', ( #2616, #923, #2557, #2028 ) ) ;
#892 = VECTOR ( 'NONE', #4007, 1000.000000000000000 ) ;
#893 = ORIENTED_EDGE ( 'NONE', *, *, #4421, .T. ) ;
#894 = DIRECTION ( 'NONE',  ( 3.469446951953615175E-16, 0.000000000000000000, 1.000000000000000000 ) ) ;
#895 = FACE_OUTER_BOUND ( 'NONE', #2342, .T. ) ;
#896 = ORIENTED_EDGE ( 'NONE', *, *, #4215, .T. ) ;
#897 = CARTESIAN_POINT ( 'NONE',  ( 0.000000000000000000, 0.000000000000000000, 0.000000000000000000 ) ) ;
#898 = CARTESIAN_POINT ( 'NONE',  ( 2.567390744445676077E-15, 9.450000000000045475, 6.850000000000026290 ) ) ;
#899 = CARTESIAN_POINT ( 'NONE',  ( -2.949029909160572061E-14, 61.03999999999999915, -87.41599999999999682 ) ) ;
#900 = EDGE_LOOP ( 'NONE', ( #4636, #58, #4114, #3786 ) ) ;
#901 = DIRECTION ( 'NONE',  ( -1.000000000000000000, 0.000000000000000000, 3.469446951953616654E-16 ) ) ;
#902 = DIRECTION ( 'NONE',  ( 3.469446951953615175E-16, 0.000000000000000000, 1.000000000000000000 ) ) ;
#903 = EDGE_CURVE ( 'NONE', #4964, #4049, #1474, .T. ) ;
#904 = DIRECTION ( 'NONE',  ( -0.000000000000000000, -1.000000000000000000, -0.000000000000000000 ) ) ;
#905 = DIRECTION ( 'NONE',  ( 3.469446951953626515E-16, 0.000000000000000000, 1.000000000000000000 ) ) ;
#906 = ORIENTED_EDGE ( 'NONE', *, *, #3646, .F. ) ;
#907 = CIRCLE ( 'NONE', #4016, 2.750000000000002665 ) ;
#908 = CARTESIAN_POINT ( 'NONE',  ( -2.602085213965210642E-14, 4.999999999999997335, -76.20799999999941576 ) ) ;
#909 = VERTEX_POINT ( 'NONE', #38 ) ;
#910 = DIRECTION ( 'NONE',  ( -1.000000000000000000, 0.000000000000000000, 3.469446951953617147E-16 ) ) ;
#911 = AXIS2_PLACEMENT_3D ( 'NONE', #4782, #1260, #4159 ) ;
#912 = ORIENTED_EDGE ( 'NONE', *, *, #3872, .F. ) ;
#913 = AXIS2_PLACEMENT_3D ( 'NONE', #3, #1554, #715 ) ;
#914 = CARTESIAN_POINT ( 'NONE',  ( -9.525000000000005684, 25.00000000000002132, -16.25000000000000711 ) ) ;
#915 = EDGE_LOOP ( 'NONE', ( #2252, #728 ) ) ;
#916 = DIRECTION ( 'NONE',  ( -1.000000000000000000, -0.000000000000000000, 3.469446951953616654E-16 ) ) ;
#917 = FACE_OUTER_BOUND ( 'NONE', #4199, .T. ) ;
#918 = VERTEX_POINT ( 'NONE', #1590 ) ;
#919 = CIRCLE ( 'NONE', #2549, 2.750000000000002665 ) ;
#920 = EDGE_CURVE ( 'NONE', #1778, #3358, #1566, .T. ) ;
#921 = EDGE_LOOP ( 'NONE', ( #2270, #4627 ) ) ;
#922 = DIRECTION ( 'NONE',  ( -1.000000000000000000, 0.000000000000000000, 3.469446951953617147E-16 ) ) ;
#923 = ORIENTED_EDGE ( 'NONE', *, *, #722, .T. ) ;
#924 = DIRECTION ( 'NONE',  ( -1.000000000000000000, 0.000000000000000000, 3.469446951953616654E-16 ) ) ;
#925 = VERTEX_POINT ( 'NONE', #4552 ) ;
#926 = CARTESIAN_POINT ( 'NONE',  ( -3.374037160774889799E-14, 49.83200000000000074, -95.87399999999988154 ) ) ;
#927 = DIRECTION ( 'NONE',  ( -1.000000000000000000, 0.000000000000000000, 3.469446951953616654E-16 ) ) ;
#928 = DIRECTION ( 'NONE',  ( -1.000000000000000000, 0.000000000000000000, 3.469446951953616654E-16 ) ) ;
#929 = EDGE_LOOP ( 'NONE', ( #1573, #4931 ) ) ;
#930 = CARTESIAN_POINT ( 'NONE',  ( -9.525000000000030553, 16.20799999999999841, -87.41599999999952786 ) ) ;
#931 = CARTESIAN_POINT ( 'NONE',  ( -9.525000000000030553, 27.41600000000000392, -87.41599999999964155 ) ) ;
#932 = ORIENTED_EDGE ( 'NONE', *, *, #934, .T. ) ;
#933 = ORIENTED_EDGE ( 'NONE', *, *, #4817, .T. ) ;
#934 = EDGE_CURVE ( 'NONE', #326, #287, #4580, .T. ) ;
#935 = CARTESIAN_POINT ( 'NONE',  ( -3.469446951953614189E-14, 4.999999999999997335, -98.62399999999941258 ) ) ;
#936 = ORIENTED_EDGE ( 'NONE', *, *, #2318, .T. ) ;
#937 = CARTESIAN_POINT ( 'NONE',  ( -8.673617379884035472E-15, 42.25000000000001421, -23.79000000000014126 ) ) ;
#938 = LINE ( 'NONE', #4071, #469 ) ;
#939 = ORIENTED_EDGE ( 'NONE', *, *, #4215, .F. ) ;
#940 = ORIENTED_EDGE ( 'NONE', *, *, #1219, .T. ) ;
#941 = ADVANCED_FACE ( 'NONE', ( #1023 ), #5066, .F. ) ;
#942 = CARTESIAN_POINT ( 'NONE',  ( -9.525000000000014566, 36.31370849898480202, -39.06370849898473097 ) ) ;
#943 = CARTESIAN_POINT ( 'NONE',  ( -9.525000000000035882, 38.62400000000000233, -98.62399999999976785 ) ) ;
#944 = VERTEX_POINT ( 'NONE', #116 ) ;
#945 = CIRCLE ( 'NONE', #2262, 2.750000000000002665 ) ;
#946 = FACE_BOUND ( 'NONE', #2242, .T. ) ;
#947 = EDGE_CURVE ( 'NONE', #2655, #4206, #3528, .T. ) ;
#948 = AXIS2_PLACEMENT_3D ( 'NONE', #2412, #86, #2486 ) ;
#949 = VECTOR ( 'NONE', #4302, 1000.000000000000000 ) ;
#950 = LINE ( 'NONE', #1796, #3155 ) ;
#951 = DIRECTION ( 'NONE',  ( 0.000000000000000000, 1.000000000000000000, 0.000000000000000000 ) ) ;
#952 = CARTESIAN_POINT ( 'NONE',  ( -9.525000000000014566, 24.99999999999999645, -42.24999999999999289 ) ) ;
#953 = AXIS2_PLACEMENT_3D ( 'NONE', #2768, #1606, #4634 ) ;
#954 = DIRECTION ( 'NONE',  ( -1.000000000000000000, 0.000000000000000000, 3.469446951953616654E-16 ) ) ;
#955 = DIRECTION ( 'NONE',  ( -1.000000000000000000, 0.000000000000000000, 3.469446951953617147E-16 ) ) ;
#956 = AXIS2_PLACEMENT_3D ( 'NONE', #2692, #745, #353 ) ;
#957 = VERTEX_POINT ( 'NONE', #138 ) ;
#958 = ORIENTED_EDGE ( 'NONE', *, *, #36, .F. ) ;
#959 = LINE ( 'NONE', #3339, #755 ) ;
#960 = AXIS2_PLACEMENT_3D ( 'NONE', #2854, #2463, #528 ) ;
#961 = EDGE_CURVE ( 'NONE', #2864, #4214, #1320, .T. ) ;
#962 = DIRECTION ( 'NONE',  ( -1.000000000000000000, 0.000000000000000000, 3.469446951953617147E-16 ) ) ;
#963 = DIRECTION ( 'NONE',  ( -1.000000000000000000, 0.000000000000000000, 3.469446951953616654E-16 ) ) ;
#964 = LINE ( 'NONE', #1302, #3988 ) ;
#965 = ORIENTED_EDGE ( 'NONE', *, *, #4013, .F. ) ;
#966 = EDGE_CURVE ( 'NONE', #1665, #1343, #1298, .T. ) ;
#967 = CIRCLE ( 'NONE', #399, 2.750000000000002665 ) ;
#968 = ORIENTED_EDGE ( 'NONE', *, *, #3731, .F. ) ;
#969 = ORIENTED_EDGE ( 'NONE', *, *, #482, .F. ) ;
#970 = FACE_OUTER_BOUND ( 'NONE', #4437, .T. ) ;
#971 = ORIENTED_EDGE ( 'NONE', *, *, #2234, .T. ) ;
#972 = DIRECTION ( 'NONE',  ( 3.469446951953615175E-16, 0.000000000000000000, 1.000000000000000000 ) ) ;
#973 = ORIENTED_EDGE ( 'NONE', *, *, #608, .F. ) ;
#974 = CARTESIAN_POINT ( 'NONE',  ( 47.99999999999998579, 4.525000000000000355, -46.00000000000000711 ) ) ;
#975 = CARTESIAN_POINT ( 'NONE',  ( -2.853620117981847670E-14, 61.03999999999999915, -84.66599999999999682 ) ) ;
#976 = DIRECTION ( 'NONE',  ( 3.469446951953615175E-16, 0.000000000000000000, 1.000000000000000000 ) ) ;
#977 = ORIENTED_EDGE ( 'NONE', *, *, #851, .T. ) ;
#978 = EDGE_CURVE ( 'NONE', #2135, #659, #959, .T. ) ;
#979 = DIRECTION ( 'NONE',  ( -1.000000000000000000, 0.000000000000000000, 3.469446951953617147E-16 ) ) ;
#980 = CARTESIAN_POINT ( 'NONE',  ( -2.255140518769849223E-14, 61.04000000000002046, -64.99999999999998579 ) ) ;
#981 = EDGE_LOOP ( 'NONE', ( #2892, #2837 ) ) ;
#982 = ORIENTED_EDGE ( 'NONE', *, *, #1656, .T. ) ;
#983 = EDGE_LOOP ( 'NONE', ( #595, #985, #4838, #3285 ) ) ;
#984 = CIRCLE ( 'NONE', #583, 25.00000000000000000 ) ;
#985 = ORIENTED_EDGE ( 'NONE', *, *, #3196, .T. ) ;
#986 = CARTESIAN_POINT ( 'NONE',  ( -4.067926551165612636E-14, 38.62400000000000233, -118.2899999999997505 ) ) ;
#987 = VERTEX_POINT ( 'NONE', #1826 ) ;
#988 = AXIS2_PLACEMENT_3D ( 'NONE', #4854, #3562, #4833 ) ;
#989 = DIRECTION ( 'NONE',  ( -1.000000000000000000, 0.000000000000000000, 3.469446951953617147E-16 ) ) ;
#990 = LINE ( 'NONE', #3726, #1938 ) ;
#991 = CYLINDRICAL_SURFACE ( 'NONE', #4891, 4.500000000000003553 ) ;
#992 = EDGE_LOOP ( 'NONE', ( #1128, #4946, #2248, #3490 ) ) ;
#993 = ORIENTED_EDGE ( 'NONE', *, *, #3211, .F. ) ;
#994 = CIRCLE ( 'NONE', #3935, 5.000000000000004441 ) ;
#995 = AXIS2_PLACEMENT_3D ( 'NONE', #4591, #4507, #1372 ) ;
#996 = ORIENTED_EDGE ( 'NONE', *, *, #3592, .T. ) ;
#997 = EDGE_CURVE ( 'NONE', #1872, #3965, #4794, .T. ) ;
#998 = ORIENTED_EDGE ( 'NONE', *, *, #3830, .F. ) ;
#999 = DIRECTION ( 'NONE',  ( 6.308085367188383338E-16, 0.000000000000000000, 1.000000000000000000 ) ) ;
#1000 = AXIS2_PLACEMENT_3D ( 'NONE', #1476, #2517, #628 ) ;
#1001 = ORIENTED_EDGE ( 'NONE', *, *, #2081, .T. ) ;
#1002 = DIRECTION ( 'NONE',  ( 1.000000000000000000, -0.000000000000000000, -3.469446951953616654E-16 ) ) ;
#1003 = ORIENTED_EDGE ( 'NONE', *, *, #1992, .F. ) ;
#1004 = EDGE_CURVE ( 'NONE', #2547, #833, #3915, .T. ) ;
#1005 = FACE_BOUND ( 'NONE', #1024, .T. ) ;
#1006 = DIRECTION ( 'NONE',  ( -1.000000000000000000, 0.000000000000000000, 3.469446951953617147E-16 ) ) ;
#1007 = CARTESIAN_POINT ( 'NONE',  ( -2.697495005143935347E-14, 49.83200000000000074, -78.95799999999987051 ) ) ;
#1008 = ORIENTED_EDGE ( 'NONE', *, *, #3211, .T. ) ;
#1009 = FACE_BOUND ( 'NONE', #4640, .T. ) ;
#1010 = EDGE_CURVE ( 'NONE', #1343, #2659, #1082, .T. ) ;
#1011 = DIRECTION ( 'NONE',  ( -1.000000000000000000, 0.000000000000000000, 3.469446951953617640E-16 ) ) ;
#1012 = DIRECTION ( 'NONE',  ( -1.000000000000000000, 0.000000000000000000, 3.469446951953616654E-16 ) ) ;
#1013 = VERTEX_POINT ( 'NONE', #2857 ) ;
#1014 = CARTESIAN_POINT ( 'NONE',  ( 1.944278071874807285E-14, 10.00000000000000000, 56.04000000000000625 ) ) ;
#1015 = EDGE_LOOP ( 'NONE', ( #1410, #759, #3271, #2398 ) ) ;
#1016 = CARTESIAN_POINT ( 'NONE',  ( 1.214306433183764966E-14, 33.02000000000002444, 33.01999999999999602 ) ) ;
#1017 = CARTESIAN_POINT ( 'NONE',  ( -3.564856743132338579E-14, 16.20799999999999841, -101.3739999999995263 ) ) ;
#1018 = CARTESIAN_POINT ( 'NONE',  ( -9.690906280130880118E-15, 42.25000000000001421, -27.93213562373107806 ) ) ;
#1019 = EDGE_LOOP ( 'NONE', ( #2602, #392 ) ) ;
#1020 = ORIENTED_EDGE ( 'NONE', *, *, #1184, .F. ) ;
#1021 = EDGE_LOOP ( 'NONE', ( #3212, #1001, #854, #1783 ) ) ;
#1022 = CARTESIAN_POINT ( 'NONE',  ( -3.816391647148975608E-14, 16.20799999999999841, -109.8319999999995247 ) ) ;
#1023 = FACE_OUTER_BOUND ( 'NONE', #3277, .T. ) ;
#1024 = EDGE_LOOP ( 'NONE', ( #1868, #4703 ) ) ;
#1025 = DIRECTION ( 'NONE',  ( -3.469446951953616161E-16, 0.000000000000000000, -1.000000000000000000 ) ) ;
#1026 = ORIENTED_EDGE ( 'NONE', *, *, #4326, .T. ) ;
#1027 = ADVANCED_FACE ( 'NONE', ( #420 ), #1199, .F. ) ;
#1028 = CARTESIAN_POINT ( 'NONE',  ( 12.00000000000000000, 4.525000000000000355, -18.50000000000000000 ) ) ;
#1029 = EDGE_CURVE ( 'NONE', #5012, #1792, #4959, .T. ) ;
#1030 = DIRECTION ( 'NONE',  ( 3.469446951953615175E-16, 0.000000000000000000, 1.000000000000000000 ) ) ;
#1031 = DIRECTION ( 'NONE',  ( -1.000000000000000000, 0.000000000000000000, 3.469446951953616654E-16 ) ) ;
#1032 = ORIENTED_EDGE ( 'NONE', *, *, #4357, .F. ) ;
#1033 = VECTOR ( 'NONE', #448, 1000.000000000000000 ) ;
#1034 = CARTESIAN_POINT ( 'NONE',  ( 13.02933746294586115, 35.14358219208495626, -5.865202828858440385E-15 ) ) ;
#1035 = DIRECTION ( 'NONE',  ( -1.000000000000000000, 0.000000000000000000, 3.469446951953616654E-16 ) ) ;
#1036 = VERTEX_POINT ( 'NONE', #4576 ) ;
#1037 = ORIENTED_EDGE ( 'NONE', *, *, #466, .F. ) ;
#1038 = AXIS2_PLACEMENT_3D ( 'NONE', #2938, #3254, #4512 ) ;
#1039 = AXIS2_PLACEMENT_3D ( 'NONE', #2295, #3492, #1503 ) ;
#1040 = DIRECTION ( 'NONE',  ( -1.000000000000000000, 0.000000000000000000, 3.469446951953616161E-16 ) ) ;
#1041 = ORIENTED_EDGE ( 'NONE', *, *, #3361, .T. ) ;
#1042 = CARTESIAN_POINT ( 'NONE',  ( -3.044439700339296451E-14, 61.03999999999999915, -90.16599999999999682 ) ) ;
#1043 = CARTESIAN_POINT ( 'NONE',  ( -9.525000000000042988, 16.20799999999999841, -123.7899999999995231 ) ) ;
#1044 = DIRECTION ( 'NONE',  ( -1.000000000000000000, 0.000000000000000000, 3.469446951953617147E-16 ) ) ;
#1045 = VERTEX_POINT ( 'NONE', #1842 ) ;
#1046 = CIRCLE ( 'NONE', #3745, 2.750000000000002665 ) ;
#1047 = AXIS2_PLACEMENT_3D ( 'NONE', #529, #2880, #417 ) ;
#1048 = ADVANCED_FACE ( 'NONE', ( #1417 ), #3167, .F. ) ;
#1049 = VERTEX_POINT ( 'NONE', #3998 ) ;
#1050 = DIRECTION ( 'NONE',  ( 1.000000000000000000, -0.000000000000000000, -3.469446951953616654E-16 ) ) ;
#1051 = VERTEX_POINT ( 'NONE', #430 ) ;
#1052 = DIRECTION ( 'NONE',  ( -1.000000000000000000, 0.000000000000000000, 3.469446951953616654E-16 ) ) ;
#1053 = VECTOR ( 'NONE', #850, 1000.000000000000000 ) ;
#1054 = VECTOR ( 'NONE', #3066, 1000.000000000000000 ) ;
#1055 = ORIENTED_EDGE ( 'NONE', *, *, #842, .F. ) ;
#1056 = ORIENTED_EDGE ( 'NONE', *, *, #3861, .T. ) ;
#1057 = AXIS2_PLACEMENT_3D ( 'NONE', #1545, #4683, #1877 ) ;
#1058 = CARTESIAN_POINT ( 'NONE',  ( 1.908195823574487804E-14, 9.450000000000045475, 56.58999999999998920 ) ) ;
#1059 = FACE_OUTER_BOUND ( 'NONE', #4968, .T. ) ;
#1060 = DIRECTION ( 'NONE',  ( 3.469446951953615175E-16, 0.000000000000000000, 1.000000000000000000 ) ) ;
#1061 = ORIENTED_EDGE ( 'NONE', *, *, #4884, .T. ) ;
#1062 = EDGE_CURVE ( 'NONE', #1431, #4004, #4026, .T. ) ;
#1063 = CYLINDRICAL_SURFACE ( 'NONE', #5031, 2.750000000000002665 ) ;
#1064 = ORIENTED_EDGE ( 'NONE', *, *, #1562, .T. ) ;
#1065 = CARTESIAN_POINT ( 'NONE',  ( 47.99999999999998579, 9.525000000000000355, -48.95000000000000995 ) ) ;
#1066 = EDGE_LOOP ( 'NONE', ( #4455, #2615, #3019, #3609 ) ) ;
#1067 = CARTESIAN_POINT ( 'NONE',  ( 47.99999999999998579, 4.525000000000000355, -46.00000000000000711 ) ) ;
#1068 = ORIENTED_EDGE ( 'NONE', *, *, #431, .T. ) ;
#1069 = DIRECTION ( 'NONE',  ( -1.000000000000000000, 0.000000000000000000, 3.469446951953617147E-16 ) ) ;
#1070 = DIRECTION ( 'NONE',  ( -1.000000000000000000, 0.000000000000000000, 3.469446951953616654E-16 ) ) ;
#1071 = DIRECTION ( 'NONE',  ( -1.000000000000000000, 0.000000000000000000, 3.469446951953616654E-16 ) ) ;
#1072 = AXIS2_PLACEMENT_3D ( 'NONE', #4829, #2502, #1663 ) ;
#1073 = ORIENTED_EDGE ( 'NONE', *, *, #1903, .T. ) ;
#1074 = CARTESIAN_POINT ( 'NONE',  ( -2.350550309948573928E-14, 16.20799999999999841, -67.74999999999953104 ) ) ;
#1075 = CIRCLE ( 'NONE', #2378, 2.599999999999991207 ) ;
#1076 = ORIENTED_EDGE ( 'NONE', *, *, #5057, .F. ) ;
#1077 = ORIENTED_EDGE ( 'NONE', *, *, #4857, .F. ) ;
#1078 = DIRECTION ( 'NONE',  ( -1.000000000000000000, 0.000000000000000000, 3.469446951953616654E-16 ) ) ;
#1079 = EDGE_CURVE ( 'NONE', #1507, #2135, #514, .T. ) ;
#1080 = VERTEX_POINT ( 'NONE', #4447 ) ;
#1081 = AXIS2_PLACEMENT_3D ( 'NONE', #4386, #3184, #4822 ) ;
#1082 = CIRCLE ( 'NONE', #1399, 12.25000000000000000 ) ;
#1083 = AXIS2_PLACEMENT_3D ( 'NONE', #2059, #2104, #2078 ) ;
#1084 = CARTESIAN_POINT ( 'NONE',  ( -9.525000000000014566, 13.68629150101525305, -41.31370849898469544 ) ) ;
#1085 = AXIS2_PLACEMENT_3D ( 'NONE', #2573, #1040, #268 ) ;
#1086 = DIRECTION ( 'NONE',  ( 0.000000000000000000, 1.000000000000000000, 0.000000000000000000 ) ) ;
#1087 = CARTESIAN_POINT ( 'NONE',  ( -6.483109709151411084E-15, 36.31370849898480202, -18.68629150101524772 ) ) ;
#1088 = EDGE_CURVE ( 'NONE', #1152, #2914, #3955, .T. ) ;
#1089 = DIRECTION ( 'NONE',  ( 6.672013369141587897E-16, 0.000000000000000000, 1.000000000000000000 ) ) ;
#1090 = CIRCLE ( 'NONE', #2883, 2.750000000000009326 ) ;
#1091 = ORIENTED_EDGE ( 'NONE', *, *, #185, .F. ) ;
#1092 = DIRECTION ( 'NONE',  ( 3.469446951953615175E-16, -0.000000000000000000, 1.000000000000000000 ) ) ;
#1093 = DIRECTION ( 'NONE',  ( 0.000000000000000000, 1.000000000000000000, 0.000000000000000000 ) ) ;
#1094 = CYLINDRICAL_SURFACE ( 'NONE', #4067, 2.750000000000009326 ) ;
#1095 = ORIENTED_EDGE ( 'NONE', *, *, #3436, .T. ) ;
#1096 = FACE_OUTER_BOUND ( 'NONE', #3862, .T. ) ;
#1097 = ORIENTED_EDGE ( 'NONE', *, *, #4115, .T. ) ;
#1098 = FACE_OUTER_BOUND ( 'NONE', #1230, .T. ) ;
#1099 = EDGE_CURVE ( 'NONE', #2789, #2296, #702, .T. ) ;
#1100 = CARTESIAN_POINT ( 'NONE',  ( -9.525000000000035882, 27.41600000000000392, -98.62399999999963995 ) ) ;
#1101 = LINE ( 'NONE', #2276, #390 ) ;
#1102 = LINE ( 'NONE', #4259, #2189 ) ;
#1103 = EDGE_CURVE ( 'NONE', #1810, #2607, #3356, .T. ) ;
#1104 = ORIENTED_EDGE ( 'NONE', *, *, #1088, .T. ) ;
#1105 = ORIENTED_EDGE ( 'NONE', *, *, #3153, .T. ) ;
#1106 = CARTESIAN_POINT ( 'NONE',  ( -9.525000000000016342, 25.00000000000001776, -43.74999999999998579 ) ) ;
#1107 = ORIENTED_EDGE ( 'NONE', *, *, #2377, .F. ) ;
#1108 = EDGE_CURVE ( 'NONE', #5012, #3519, #2227, .T. ) ;
#1109 = LINE ( 'NONE', #704, #2388 ) ;
#1110 = LINE ( 'NONE', #3185, #300 ) ;
#1111 = CARTESIAN_POINT ( 'NONE',  ( -4.163336342344337027E-14, 38.62400000000000233, -121.0399999999997647 ) ) ;
#1112 = EDGE_CURVE ( 'NONE', #3262, #1778, #3013, .T. ) ;
#1113 = CARTESIAN_POINT ( 'NONE',  ( -4.163336342344337027E-14, 16.20799999999999841, -121.0399999999995231 ) ) ;
#1114 = DIRECTION ( 'NONE',  ( 0.000000000000000000, 0.000000000000000000, 1.000000000000000000 ) ) ;
#1115 = DIRECTION ( 'NONE',  ( -1.000000000000000000, 0.000000000000000000, 3.469446951953616654E-16 ) ) ;
#1116 = EDGE_LOOP ( 'NONE', ( #4549, #1940, #4715, #4595 ) ) ;
#1117 = DIRECTION ( 'NONE',  ( -1.000000000000000000, 0.000000000000000000, 3.469446951953616161E-16 ) ) ;
#1118 = CIRCLE ( 'NONE', #4971, 2.750000000000002665 ) ;
#1119 = CARTESIAN_POINT ( 'NONE',  ( -9.525000000000007461, 13.68629150101525660, -18.68629150101529035 ) ) ;
#1120 = VERTEX_POINT ( 'NONE', #986 ) ;
#1121 = DIRECTION ( 'NONE',  ( -1.000000000000000000, 0.000000000000000000, 3.469446951953617147E-16 ) ) ;
#1122 = CARTESIAN_POINT ( 'NONE',  ( -2.506675422786485936E-14, 16.20799999999999841, -73.45799999999952945 ) ) ;
#1123 = AXIS2_PLACEMENT_3D ( 'NONE', #3847, #2755, #39 ) ;
#1124 = CARTESIAN_POINT ( 'NONE',  ( -9.525000000000023448, 38.62400000000000233, -64.99999999999975842 ) ) ;
#1125 = EDGE_LOOP ( 'NONE', ( #2984, #1547 ) ) ;
#1126 = CIRCLE ( 'NONE', #1689, 2.750000000000009326 ) ;
#1127 = EDGE_CURVE ( 'NONE', #3373, #1907, #1493, .T. ) ;
#1128 = ORIENTED_EDGE ( 'NONE', *, *, #2386, .F. ) ;
#1129 = DIRECTION ( 'NONE',  ( 3.469446951953626515E-16, 0.000000000000000000, 1.000000000000000000 ) ) ;
#1130 = EDGE_CURVE ( 'NONE', #1696, #4832, #2127, .T. ) ;
#1131 = AXIS2_PLACEMENT_3D ( 'NONE', #3987, #159, #3642 ) ;
#1132 = AXIS2_PLACEMENT_3D ( 'NONE', #426, #1975, #1595 ) ;
#1133 = EDGE_LOOP ( 'NONE', ( #2724, #2623, #3426, #2743 ) ) ;
#1134 = DIRECTION ( 'NONE',  ( -1.000000000000000000, 0.000000000000000000, 3.469446951953617147E-16 ) ) ;
#1135 = CIRCLE ( 'NONE', #3238, 10.00000000000000178 ) ;
#1136 = DIRECTION ( 'NONE',  ( 0.000000000000000000, 0.000000000000000000, 1.000000000000000000 ) ) ;
#1137 = DIRECTION ( 'NONE',  ( 3.469446951953615175E-16, 0.000000000000000000, 1.000000000000000000 ) ) ;
#1138 = CARTESIAN_POINT ( 'NONE',  ( 1.998401444325281457E-14, 9.450000000000045475, 59.18999999999997641 ) ) ;
#1139 = AXIS2_PLACEMENT_3D ( 'NONE', #1900, #735, #4728 ) ;
#1140 = EDGE_LOOP ( 'NONE', ( #607, #1681, #4568, #3546 ) ) ;
#1141 = DIRECTION ( 'NONE',  ( 3.469446951953615175E-16, 0.000000000000000000, 1.000000000000000000 ) ) ;
#1142 = EDGE_LOOP ( 'NONE', ( #3395, #1210 ) ) ;
#1143 = DIRECTION ( 'NONE',  ( 0.000000000000000000, 0.000000000000000000, 1.000000000000000000 ) ) ;
#1144 = EDGE_CURVE ( 'NONE', #3475, #5068, #4144, .T. ) ;
#1145 = ORIENTED_EDGE ( 'NONE', *, *, #660, .F. ) ;
#1146 = FACE_OUTER_BOUND ( 'NONE', #3782, .T. ) ;
#1147 = ORIENTED_EDGE ( 'NONE', *, *, #3907, .F. ) ;
#1148 = CARTESIAN_POINT ( 'NONE',  ( -3.469446951953614189E-14, 4.999999999999997335, -98.62399999999941258 ) ) ;
#1149 = DIRECTION ( 'NONE',  ( 3.469446951953618133E-16, 0.000000000000000000, 1.000000000000000000 ) ) ;
#1150 = ORIENTED_EDGE ( 'NONE', *, *, #3298, .T. ) ;
#1151 = CARTESIAN_POINT ( 'NONE',  ( 24.99999999999997868, 57.09132099187863219, -59.99999999999998579 ) ) ;
#1152 = VERTEX_POINT ( 'NONE', #3332 ) ;
#1153 = ORIENTED_EDGE ( 'NONE', *, *, #4587, .T. ) ;
#1154 = DIRECTION ( 'NONE',  ( -1.000000000000000000, 0.000000000000000000, 3.469446951953616654E-16 ) ) ;
#1155 = EDGE_CURVE ( 'NONE', #2374, #3617, #1753, .T. ) ;
#1156 = ORIENTED_EDGE ( 'NONE', *, *, #642, .T. ) ;
#1157 = CIRCLE ( 'NONE', #332, 2.750000000000002665 ) ;
#1158 = CARTESIAN_POINT ( 'NONE',  ( -9.525000000000042988, 61.04000000000002046, -121.0400000000000347 ) ) ;
#1159 = DIRECTION ( 'NONE',  ( 1.000000000000000000, -5.473822126268817899E-48, -3.469446951953616654E-16 ) ) ;
#1160 = AXIS2_PLACEMENT_3D ( 'NONE', #2647, #3454, #1893 ) ;
#1161 = VECTOR ( 'NONE', #2564, 1000.000000000000000 ) ;
#1162 = DIRECTION ( 'NONE',  ( 3.469446951953615175E-16, 0.000000000000000000, 1.000000000000000000 ) ) ;
#1163 = ORIENTED_EDGE ( 'NONE', *, *, #2482, .F. ) ;
#1164 = EDGE_CURVE ( 'NONE', #4912, #1632, #4615, .T. ) ;
#1165 = AXIS2_PLACEMENT_3D ( 'NONE', #4867, #963, #2816 ) ;
#1166 = CIRCLE ( 'NONE', #25, 2.750000000000002665 ) ;
#1167 = DIRECTION ( 'NONE',  ( 3.469446951953615175E-16, 0.000000000000000000, 1.000000000000000000 ) ) ;
#1168 = AXIS2_PLACEMENT_3D ( 'NONE', #908, #4839, #1627 ) ;
#1169 = CARTESIAN_POINT ( 'NONE',  ( -4.163336342344337027E-14, 61.04000000000002046, -121.0400000000000347 ) ) ;
#1170 = EDGE_LOOP ( 'NONE', ( #1362, #2574 ) ) ;
#1171 = EDGE_CURVE ( 'NONE', #1907, #3373, #1166, .T. ) ;
#1172 = DIRECTION ( 'NONE',  ( 0.000000000000000000, 0.000000000000000000, -1.000000000000000000 ) ) ;
#1173 = DIRECTION ( 'NONE',  ( -1.000000000000000000, 0.000000000000000000, 3.469446951953616654E-16 ) ) ;
#1174 = FACE_OUTER_BOUND ( 'NONE', #173, .T. ) ;
#1175 = EDGE_CURVE ( 'NONE', #2136, #2330, #4695, .T. ) ;
#1176 = EDGE_LOOP ( 'NONE', ( #3579, #3205 ) ) ;
#1177 = CARTESIAN_POINT ( 'NONE',  ( 47.99999999999998579, 0.000000000000000000, -43.05000000000000426 ) ) ;
#1178 = CARTESIAN_POINT ( 'NONE',  ( -2.255140518769849223E-14, 49.83200000000000074, -64.99999999999985789 ) ) ;
#1179 = ORIENTED_EDGE ( 'NONE', *, *, #3878, .F. ) ;
#1180 = DIRECTION ( 'NONE',  ( 0.000000000000000000, 0.000000000000000000, 1.000000000000000000 ) ) ;
#1181 = DIRECTION ( 'NONE',  ( 3.469446951953615175E-16, 0.000000000000000000, 1.000000000000000000 ) ) ;
#1182 = EDGE_LOOP ( 'NONE', ( #302, #1801, #3754, #4653 ) ) ;
#1183 = EDGE_CURVE ( 'NONE', #162, #1892, #3781, .T. ) ;
#1184 = EDGE_CURVE ( 'NONE', #4068, #4545, #664, .T. ) ;
#1185 = DIRECTION ( 'NONE',  ( 0.000000000000000000, 0.000000000000000000, 1.000000000000000000 ) ) ;
#1186 = EDGE_LOOP ( 'NONE', ( #578, #1463 ) ) ;
#1187 = DIRECTION ( 'NONE',  ( -1.000000000000000000, 0.000000000000000000, 3.469446951953616654E-16 ) ) ;
#1188 = ORIENTED_EDGE ( 'NONE', *, *, #3329, .T. ) ;
#1189 = CARTESIAN_POINT ( 'NONE',  ( 1.913659519561816350E-14, 2.944091568556640721E-15, 56.04000000000000625 ) ) ;
#1190 = CARTESIAN_POINT ( 'NONE',  ( -2.350550309948573928E-14, 49.83200000000000074, -67.74999999999987210 ) ) ;
#1191 = ORIENTED_EDGE ( 'NONE', *, *, #650, .T. ) ;
#1192 = DIRECTION ( 'NONE',  ( 6.308085367188383338E-16, 0.000000000000000000, 1.000000000000000000 ) ) ;
#1193 = AXIS2_PLACEMENT_3D ( 'NONE', #4497, #4163, #1742 ) ;
#1194 = ORIENTED_EDGE ( 'NONE', *, *, #182, .T. ) ;
#1195 = CARTESIAN_POINT ( 'NONE',  ( -3.469446951953614189E-14, 27.41600000000000392, -98.62399999999963995 ) ) ;
#1196 = DIRECTION ( 'NONE',  ( -1.000000000000000000, 0.000000000000000000, 3.469446951953616654E-16 ) ) ;
#1197 = AXIS2_PLACEMENT_3D ( 'NONE', #1084, #4632, #32 ) ;
#1198 = VECTOR ( 'NONE', #4361, 1000.000000000000000 ) ;
#1199 = CYLINDRICAL_SURFACE ( 'NONE', #4356, 2.250000000000001776 ) ;
#1200 = CARTESIAN_POINT ( 'NONE',  ( 1.925543058334254928E-14, 33.02000000000002444, 53.51999999999995339 ) ) ;
#1201 = DIRECTION ( 'NONE',  ( -1.000000000000000000, 0.000000000000000000, 3.469446951953616654E-16 ) ) ;
#1202 = AXIS2_PLACEMENT_3D ( 'NONE', #4088, #1723, #4815 ) ;
#1203 = LINE ( 'NONE', #4339, #1601 ) ;
#1204 = CARTESIAN_POINT ( 'NONE',  ( 60.00000000000000000, 9.525000000000000355, 0.000000000000000000 ) ) ;
#1205 = EDGE_LOOP ( 'NONE', ( #1882, #4385 ) ) ;
#1206 = CIRCLE ( 'NONE', #960, 2.750000000000002665 ) ;
#1207 = CARTESIAN_POINT ( 'NONE',  ( -9.525000000000032330, 16.20799999999999841, -90.16599999999952786 ) ) ;
#1208 = DIRECTION ( 'NONE',  ( 6.308085367188383338E-16, 0.000000000000000000, 1.000000000000000000 ) ) ;
#1209 = VECTOR ( 'NONE', #2622, 1000.000000000000000 ) ;
#1210 = ORIENTED_EDGE ( 'NONE', *, *, #1175, .F. ) ;
#1211 = EDGE_CURVE ( 'NONE', #4784, #613, #1397, .T. ) ;
#1212 = FACE_BOUND ( 'NONE', #152, .T. ) ;
#1213 = VECTOR ( 'NONE', #1923, 1000.000000000000000 ) ;
#1214 = FACE_BOUND ( 'NONE', #4700, .T. ) ;
#1215 = DIRECTION ( 'NONE',  ( 3.469446951953615175E-16, 0.000000000000000000, 1.000000000000000000 ) ) ;
#1216 = EDGE_LOOP ( 'NONE', ( #4185, #3495, #4562, #2815 ) ) ;
#1217 = CYLINDRICAL_SURFACE ( 'NONE', #3494, 2.750000000000002665 ) ;
#1218 = ORIENTED_EDGE ( 'NONE', *, *, #2332, .F. ) ;
#1219 = EDGE_CURVE ( 'NONE', #2715, #3709, #172, .T. ) ;
#1220 = EDGE_CURVE ( 'NONE', #574, #3518, #2467, .T. ) ;
#1221 = EDGE_LOOP ( 'NONE', ( #3132, #1061 ) ) ;
#1222 = DIRECTION ( 'NONE',  ( -1.000000000000000000, 0.000000000000000000, 3.469446951953616654E-16 ) ) ;
#1223 = DIRECTION ( 'NONE',  ( 3.469446951953626515E-16, 0.000000000000000000, 1.000000000000000000 ) ) ;
#1224 = VERTEX_POINT ( 'NONE', #2985 ) ;
#1225 = DIRECTION ( 'NONE',  ( -1.000000000000000000, 0.000000000000000000, 3.469446951953617147E-16 ) ) ;
#1226 = ADVANCED_FACE ( 'NONE', ( #4948 ), #2243, .T. ) ;
#1227 = LINE ( 'NONE', #2360, #3929 ) ;
#1228 = CARTESIAN_POINT ( 'NONE',  ( -3.911801438327699998E-14, 27.41600000000000392, -112.5819999999996384 ) ) ;
#1229 = CIRCLE ( 'NONE', #3605, 2.750000000000002665 ) ;
#1230 = EDGE_LOOP ( 'NONE', ( #1218, #4649, #4158, #1848 ) ) ;
#1231 = CARTESIAN_POINT ( 'NONE',  ( -9.525000000000023448, 49.83200000000000074, -64.99999999999985789 ) ) ;
#1232 = VECTOR ( 'NONE', #698, 1000.000000000000000 ) ;
#1233 = AXIS2_PLACEMENT_3D ( 'NONE', #3591, #4445, #85 ) ;
#1234 = EDGE_CURVE ( 'NONE', #4763, #2570, #3615, .T. ) ;
#1235 = DIRECTION ( 'NONE',  ( -0.000000000000000000, -1.000000000000000000, -0.000000000000000000 ) ) ;
#1236 = PLANE ( 'NONE',  #1292 ) ;
#1237 = LINE ( 'NONE', #4978, #400 ) ;
#1238 = AXIS2_PLACEMENT_3D ( 'NONE', #1528, #831, #3857 ) ;
#1239 = ORIENTED_EDGE ( 'NONE', *, *, #3345, .F. ) ;
#1240 = VECTOR ( 'NONE', #4122, 1000.000000000000000 ) ;
#1241 = CIRCLE ( 'NONE', #4200, 2.750000000000009326 ) ;
#1242 = DIRECTION ( 'NONE',  ( 0.000000000000000000, 0.000000000000000000, 1.000000000000000000 ) ) ;
#1243 = LINE ( 'NONE', #4037, #176 ) ;
#1244 = ADVANCED_FACE ( 'NONE', ( #3803 ), #1829, .F. ) ;
#1245 = DIRECTION ( 'NONE',  ( 0.000000000000000000, 1.000000000000000000, 0.000000000000000000 ) ) ;
#1246 = ORIENTED_EDGE ( 'NONE', *, *, #3337, .F. ) ;
#1247 = EDGE_CURVE ( 'NONE', #3301, #170, #1894, .T. ) ;
#1248 = DIRECTION ( 'NONE',  ( -1.000000000000000000, 0.000000000000000000, 3.469446951953617147E-16 ) ) ;
#1249 = ORIENTED_EDGE ( 'NONE', *, *, #2744, .T. ) ;
#1250 = CARTESIAN_POINT ( 'NONE',  ( -3.564856743132338579E-14, 61.03999999999999915, -101.3739999999999952 ) ) ;
#1251 = CARTESIAN_POINT ( 'NONE',  ( -2.602085213965210642E-14, 27.41600000000000392, -76.20799999999964314 ) ) ;
#1252 = ADVANCED_FACE ( 'NONE', ( #1096 ), #2370, .F. ) ;
#1253 = EDGE_LOOP ( 'NONE', ( #998, #4444 ) ) ;
#1254 = EDGE_CURVE ( 'NONE', #2819, #3362, #4851, .T. ) ;
#1255 = UNCERTAINTY_MEASURE_WITH_UNIT (LENGTH_MEASURE( 1.000000000000000082E-05 ), #1428, 'distance_accuracy_value', 'NONE');
#1256 = DIRECTION ( 'NONE',  ( -1.000000000000000000, 1.094764425253763580E-47, 3.469446951953617147E-16 ) ) ;
#1257 = CARTESIAN_POINT ( 'NONE',  ( -2.602085213965210642E-14, 61.03999999999999915, -76.20799999999998420 ) ) ;
#1258 = CARTESIAN_POINT ( 'NONE',  ( -3.720981855970251218E-14, 61.03999999999999915, -107.0819999999999794 ) ) ;
#1259 = ORIENTED_EDGE ( 'NONE', *, *, #2753, .T. ) ;
#1260 = DIRECTION ( 'NONE',  ( -0.000000000000000000, 1.000000000000000000, -0.000000000000000000 ) ) ;
#1261 = ADVANCED_FACE ( 'NONE', ( #1146 ), #3930, .F. ) ;
#1262 = FACE_BOUND ( 'NONE', #1403, .T. ) ;
#1263 = CARTESIAN_POINT ( 'NONE',  ( 47.99999999999998579, 9.525000000000000355, -46.00000000000000711 ) ) ;
#1264 = DIRECTION ( 'NONE',  ( 0.000000000000000000, 0.000000000000000000, 1.000000000000000000 ) ) ;
#1265 = CARTESIAN_POINT ( 'NONE',  ( -2.602085213965210642E-14, 16.20799999999999841, -76.20799999999952945 ) ) ;
#1266 = ORIENTED_EDGE ( 'NONE', *, *, #598, .F. ) ;
#1267 = CARTESIAN_POINT ( 'NONE',  ( -6.483109709151427650E-15, 13.68629150101525660, -18.68629150101529390 ) ) ;
#1268 = LINE ( 'NONE', #3623, #2803 ) ;
#1269 = CARTESIAN_POINT ( 'NONE',  ( 47.99999999999998579, 4.525000000000000355, -48.95000000000000995 ) ) ;
#1270 = DIRECTION ( 'NONE',  ( 6.672013369141579022E-16, 0.000000000000000000, 1.000000000000000000 ) ) ;
#1271 = ORIENTED_EDGE ( 'NONE', *, *, #737, .F. ) ;
#1272 = CARTESIAN_POINT ( 'NONE',  ( -3.816391647148975608E-14, 49.83200000000000074, -109.8319999999998799 ) ) ;
#1273 = DIRECTION ( 'NONE',  ( -0.000000000000000000, 1.000000000000000000, -0.000000000000000000 ) ) ;
#1274 = VERTEX_POINT ( 'NONE', #3547 ) ;
#1275 = AXIS2_PLACEMENT_3D ( 'NONE', #4374, #927, #2853 ) ;
#1276 = ADVANCED_FACE ( 'NONE', ( #1480 ), #2271, .F. ) ;
#1277 = CARTESIAN_POINT ( 'NONE',  ( -2.159730727591124517E-14, 49.83200000000000074, -62.24999999999985079 ) ) ;
#1278 = CARTESIAN_POINT ( 'NONE',  ( 25.00000000000000000, 57.09132099187863219, -3.061616997868382254E-15 ) ) ;
#1279 = VECTOR ( 'NONE', #307, 1000.000000000000000 ) ;
#1280 = LINE ( 'NONE', #2067, #4586 ) ;
#1281 = AXIS2_PLACEMENT_3D ( 'NONE', #234, #622, #3743 ) ;
#1282 = CIRCLE ( 'NONE', #4569, 10.00000000000000178 ) ;
#1283 = ORIENTED_EDGE ( 'NONE', *, *, #3608, .T. ) ;
#1284 = CARTESIAN_POINT ( 'NONE',  ( -3.911801438327699998E-14, 16.20799999999999841, -112.5819999999995247 ) ) ;
#1285 = AXIS2_PLACEMENT_3D ( 'NONE', #2553, #2246, #2609 ) ;
#1286 = AXIS2_PLACEMENT_3D ( 'NONE', #4565, #244, #1864 ) ;
#1287 = DIRECTION ( 'NONE',  ( -1.000000000000000000, -0.000000000000000000, 3.469446951953616654E-16 ) ) ;
#1288 = LINE ( 'NONE', #4498, #4907 ) ;
#1289 = AXIS2_PLACEMENT_3D ( 'NONE', #980, #629, #2183 ) ;
#1290 = ORIENTED_EDGE ( 'NONE', *, *, #4795, .F. ) ;
#1291 = CIRCLE ( 'NONE', #2600, 2.750000000000002665 ) ;
#1292 = AXIS2_PLACEMENT_3D ( 'NONE', #3663, #3978, #1312 ) ;
#1293 = AXIS2_PLACEMENT_3D ( 'NONE', #3043, #4626, #2667 ) ;
#1294 = EDGE_CURVE ( 'NONE', #697, #3899, #2882, .T. ) ;
#1295 = CARTESIAN_POINT ( 'NONE',  ( 47.99999999999998579, 0.000000000000000000, -48.95000000000000995 ) ) ;
#1296 = LINE ( 'NONE', #4425, #1860 ) ;
#1297 = AXIS2_PLACEMENT_3D ( 'NONE', #2731, #4635, #756 ) ;
#1298 = LINE ( 'NONE', #2861, #1965 ) ;
#1299 = PRODUCT_CONTEXT ( 'NONE', #4086, 'mechanical' ) ;
#1300 = EDGE_LOOP ( 'NONE', ( #636, #262, #4258, #3599 ) ) ;
#1301 = CARTESIAN_POINT ( 'NONE',  ( -9.525000000000021672, 66.04000000000007731, -59.99999999999999289 ) ) ;
#1302 = CARTESIAN_POINT ( 'NONE',  ( -4.067926551165612636E-14, 4.999999999999997335, -118.2899999999994094 ) ) ;
#1303 = VERTEX_POINT ( 'NONE', #3879 ) ;
#1304 = PRODUCT_DEFINITION_SHAPE ( 'NONE', 'NONE',  #3462 ) ;
#1305 = ORIENTED_EDGE ( 'NONE', *, *, #419, .T. ) ;
#1306 = CARTESIAN_POINT ( 'NONE',  ( -4.258746133523061417E-14, 38.62400000000000233, -123.7899999999997647 ) ) ;
#1307 = ORIENTED_EDGE ( 'NONE', *, *, #4679, .T. ) ;
#1308 = EDGE_CURVE ( 'NONE', #2619, #4184, #1727, .T. ) ;
#1309 = CARTESIAN_POINT ( 'NONE',  ( -9.525000000000041211, 27.41600000000000392, -118.2899999999996510 ) ) ;
#1310 = VERTEX_POINT ( 'NONE', #742 ) ;
#1311 = FACE_OUTER_BOUND ( 'NONE', #2959, .T. ) ;
#1312 = DIRECTION ( 'NONE',  ( 1.000000000000000000, 0.000000000000000000, -1.156482317317871232E-16 ) ) ;
#1313 = ADVANCED_FACE ( 'NONE', ( #2740, #3828, #4225, #765, #784 ), #2325, .F. ) ;
#1314 = FACE_OUTER_BOUND ( 'NONE', #3954, .T. ) ;
#1315 = VERTEX_POINT ( 'NONE', #2660 ) ;
#1316 = AXIS2_PLACEMENT_3D ( 'NONE', #4657, #4989, #1821 ) ;
#1317 = CYLINDRICAL_SURFACE ( 'NONE', #593, 2.250000000000015987 ) ;
#1318 = AXIS2_PLACEMENT_3D ( 'NONE', #2617, #2166, #277 ) ;
#1319 = CARTESIAN_POINT ( 'NONE',  ( 47.99999999999998579, 4.525000000000000355, -46.00000000000000711 ) ) ;
#1320 = CIRCLE ( 'NONE', #429, 2.750000000000002665 ) ;
#1321 = VERTEX_POINT ( 'NONE', #804 ) ;
#1322 = EDGE_LOOP ( 'NONE', ( #113, #4270 ) ) ;
#1323 = EDGE_CURVE ( 'NONE', #4773, #122, #2958, .T. ) ;
#1324 = AXIS2_PLACEMENT_3D ( 'NONE', #3209, #3994, #2477 ) ;
#1325 = VECTOR ( 'NONE', #241, 1000.000000000000000 ) ;
#1326 = ORIENTED_EDGE ( 'NONE', *, *, #1563, .T. ) ;
#1327 = DIRECTION ( 'NONE',  ( 6.308085367188383338E-16, 0.000000000000000000, 1.000000000000000000 ) ) ;
#1328 = CARTESIAN_POINT ( 'NONE',  ( 0.000000000000000000, 9.525000000000000355, -52.49999999999998579 ) ) ;
#1329 = EDGE_LOOP ( 'NONE', ( #563, #912, #127, #4121 ) ) ;
#1330 = CIRCLE ( 'NONE', #1817, 2.750000000000009326 ) ;
#1331 = ORIENTED_EDGE ( 'NONE', *, *, #4602, .T. ) ;
#1332 = CARTESIAN_POINT ( 'NONE',  ( -3.044439700339296451E-14, 4.999999999999997335, -90.16599999999941417 ) ) ;
#1333 = EDGE_LOOP ( 'NONE', ( #4952, #5052, #3657, #1515 ) ) ;
#1334 = CARTESIAN_POINT ( 'NONE',  ( 24.99999999999999645, 57.09132099187863219, -7.500000000000000000 ) ) ;
#1335 = ORIENTED_EDGE ( 'NONE', *, *, #2214, .F. ) ;
#1336 = FACE_BOUND ( 'NONE', #3698, .T. ) ;
#1337 = DIRECTION ( 'NONE',  ( 2.832201593431521726E-16, 0.000000000000000000, 1.000000000000000000 ) ) ;
#1338 = DIRECTION ( 'NONE',  ( 6.308085367188383338E-16, 0.000000000000000000, 1.000000000000000000 ) ) ;
#1339 = EDGE_CURVE ( 'NONE', #4869, #2674, #4282, .T. ) ;
#1340 = ADVANCED_FACE ( 'NONE', ( #3444 ), #1956, .F. ) ;
#1341 = DIRECTION ( 'NONE',  ( 6.308085367188383338E-16, 0.000000000000000000, 1.000000000000000000 ) ) ;
#1342 = DIRECTION ( 'NONE',  ( -0.000000000000000000, 1.000000000000000000, -0.000000000000000000 ) ) ;
#1343 = VERTEX_POINT ( 'NONE', #4714 ) ;
#1344 = ORIENTED_EDGE ( 'NONE', *, *, #4072, .T. ) ;
#1345 = EDGE_LOOP ( 'NONE', ( #4238, #2224, #3629, #3328 ) ) ;
#1346 = ORIENTED_EDGE ( 'NONE', *, *, #699, .F. ) ;
#1347 = DIRECTION ( 'NONE',  ( -1.000000000000000000, 0.000000000000000000, 3.469446951953616654E-16 ) ) ;
#1348 = CARTESIAN_POINT ( 'NONE',  ( -9.525000000000021672, 5.000000000000000000, -62.24999999999939604 ) ) ;
#1349 = ORIENTED_EDGE ( 'NONE', *, *, #3970, .T. ) ;
#1350 = ORIENTED_EDGE ( 'NONE', *, *, #2895, .F. ) ;
#1351 = VERTEX_POINT ( 'NONE', #1189 ) ;
#1352 = ORIENTED_EDGE ( 'NONE', *, *, #3206, .T. ) ;
#1353 = CARTESIAN_POINT ( 'NONE',  ( -3.720981855970251218E-14, 27.41600000000000392, -107.0819999999996384 ) ) ;
#1354 = ORIENTED_EDGE ( 'NONE', *, *, #1635, .T. ) ;
#1355 = FACE_OUTER_BOUND ( 'NONE', #2072, .T. ) ;
#1356 = ORIENTED_EDGE ( 'NONE', *, *, #4020, .T. ) ;
#1357 = FACE_BOUND ( 'NONE', #582, .T. ) ;
#1358 = FACE_BOUND ( 'NONE', #3429, .T. ) ;
#1359 = CARTESIAN_POINT ( 'NONE',  ( 13.02933746294585049, 35.14358219208496337, -52.49999999999996447 ) ) ;
#1360 = CYLINDRICAL_SURFACE ( 'NONE', #3504, 2.750000000000002665 ) ;
#1361 = DIRECTION ( 'NONE',  ( 0.000000000000000000, 0.000000000000000000, 1.000000000000000000 ) ) ;
#1362 = ORIENTED_EDGE ( 'NONE', *, *, #3249, .F. ) ;
#1363 = AXIS2_PLACEMENT_3D ( 'NONE', #5044, #2287, #3510 ) ;
#1364 = DIRECTION ( 'NONE',  ( -1.000000000000000000, 0.000000000000000000, 3.469446951953617147E-16 ) ) ;
#1365 = CARTESIAN_POINT ( 'NONE',  ( -4.163336342344337027E-14, 27.41600000000000392, -121.0399999999996510 ) ) ;
#1366 = CIRCLE ( 'NONE', #1453, 2.750000000000002665 ) ;
#1367 = ORIENTED_EDGE ( 'NONE', *, *, #2448, .F. ) ;
#1368 = EDGE_LOOP ( 'NONE', ( #3177, #3659, #4749, #751 ) ) ;
#1369 = ORIENTED_EDGE ( 'NONE', *, *, #344, .T. ) ;
#1370 = ADVANCED_FACE ( 'NONE', ( #3061 ), #4641, .F. ) ;
#1371 = AXIS2_PLACEMENT_3D ( 'NONE', #4344, #3952, #3438 ) ;
#1372 = DIRECTION ( 'NONE',  ( 0.000000000000000000, 0.000000000000000000, 1.000000000000000000 ) ) ;
#1373 = ORIENTED_EDGE ( 'NONE', *, *, #4278, .F. ) ;
#1374 = DIRECTION ( 'NONE',  ( 0.000000000000000000, 0.000000000000000000, -1.000000000000000000 ) ) ;
#1375 = CARTESIAN_POINT ( 'NONE',  ( -7.263735273340991631E-15, 13.68629150101525660, -20.93629150101529035 ) ) ;
#1376 = PLANE ( 'NONE',  #4243 ) ;
#1377 = ORIENTED_EDGE ( 'NONE', *, *, #1987, .T. ) ;
#1378 = VERTEX_POINT ( 'NONE', #2298 ) ;
#1379 = AXIS2_PLACEMENT_3D ( 'NONE', #4056, #2511, #2827 ) ;
#1380 = EDGE_CURVE ( 'NONE', #3986, #1890, #3854, .T. ) ;
#1381 = EDGE_CURVE ( 'NONE', #1665, #202, #4611, .T. ) ;
#1382 = DIRECTION ( 'NONE',  ( 1.000000000000000000, 0.000000000000000000, -3.469446951953616654E-16 ) ) ;
#1383 = DIRECTION ( 'NONE',  ( -2.832201593431520740E-16, 0.000000000000000000, -1.000000000000000000 ) ) ;
#1384 = VERTEX_POINT ( 'NONE', #4672 ) ;
#1385 = EDGE_CURVE ( 'NONE', #4460, #2125, #829, .T. ) ;
#1386 = FACE_BOUND ( 'NONE', #3807, .T. ) ;
#1387 = CARTESIAN_POINT ( 'NONE',  ( -9.525000000000027001, 38.62400000000000233, -76.20799999999974261 ) ) ;
#1388 = DIRECTION ( 'NONE',  ( -1.000000000000000000, 0.000000000000000000, 3.469446951953616654E-16 ) ) ;
#1389 = EDGE_LOOP ( 'NONE', ( #3569, #779, #1356, #3280, #3936, #1145, #893, #597 ) ) ;
#1390 = ADVANCED_FACE ( 'NONE', ( #4348 ), #4790, .F. ) ;
#1391 = DIRECTION ( 'NONE',  ( -1.000000000000000000, 0.000000000000000000, 3.469446951953617147E-16 ) ) ;
#1392 = LINE ( 'NONE', #1447, #1613 ) ;
#1393 = ORIENTED_EDGE ( 'NONE', *, *, #2633, .F. ) ;
#1394 = EDGE_LOOP ( 'NONE', ( #84, #4668, #356, #1373 ) ) ;
#1395 = AXIS2_PLACEMENT_3D ( 'NONE', #2137, #4048, #3613 ) ;
#1396 = VECTOR ( 'NONE', #2039, 1000.000000000000000 ) ;
#1397 = LINE ( 'NONE', #609, #4109 ) ;
#1398 = EDGE_LOOP ( 'NONE', ( #1592, #982 ) ) ;
#1399 = AXIS2_PLACEMENT_3D ( 'NONE', #2669, #408, #4331 ) ;
#1400 = FACE_OUTER_BOUND ( 'NONE', #2747, .T. ) ;
#1401 = CARTESIAN_POINT ( 'NONE',  ( 0.000000000000000000, 0.000000000000000000, 0.000000000000000000 ) ) ;
#1402 = CARTESIAN_POINT ( 'NONE',  ( -9.525000000000042988, 4.999999999999997335, -123.7899999999994094 ) ) ;
#1403 = EDGE_LOOP ( 'NONE', ( #1488, #3833 ) ) ;
#1404 = ORIENTED_EDGE ( 'NONE', *, *, #3189, .F. ) ;
#1405 = CIRCLE ( 'NONE', #4279, 2.750000000000002665 ) ;
#1406 = AXIS2_PLACEMENT_3D ( 'NONE', #373, #1883, #3496 ) ;
#1407 = EDGE_CURVE ( 'NONE', #659, #2713, #3693, .T. ) ;
#1408 = VERTEX_POINT ( 'NONE', #2172 ) ;
#1409 = EDGE_CURVE ( 'NONE', #2715, #2434, #3956, .T. ) ;
#1410 = ORIENTED_EDGE ( 'NONE', *, *, #1961, .F. ) ;
#1411 = CYLINDRICAL_SURFACE ( 'NONE', #4350, 2.750000000000002665 ) ;
#1412 = ADVANCED_FACE ( 'NONE', ( #3622, #4110, #4529, #600, #1005, #4133, #4742, #2831, #2396, #2565, #181, #3571, #2924, #1741, #1626, #885, #3318, #828, #2000, #2141, #3175, #3712, #1386, #4496, #206, #1214, #4765, #1767, #620, #2811, #4379, #855, #3293, #2416, #4402, #45, #2029, #1597, #3598, #1358, #90, #1652, #3201, #2442, #4011, #3151, #2783, #2053, #506 ), #2587, .F. ) ;
#1413 = VECTOR ( 'NONE', #3719, 1000.000000000000000 ) ;
#1414 = ORIENTED_EDGE ( 'NONE', *, *, #2251, .T. ) ;
#1415 = CARTESIAN_POINT ( 'NONE',  ( -4.336808689942017736E-14, 5.000000000000000000, -126.0399999999999920 ) ) ;
#1416 = ORIENTED_EDGE ( 'NONE', *, *, #790, .T. ) ;
#1417 = FACE_OUTER_BOUND ( 'NONE', #1604, .T. ) ;
#1418 = LINE ( 'NONE', #280, #4604 ) ;
#1419 = CARTESIAN_POINT ( 'NONE',  ( -2.853620117981847670E-14, 27.41600000000000392, -84.66599999999964155 ) ) ;
#1420 = CARTESIAN_POINT ( 'NONE',  ( -3.469446951953614189E-14, 49.83200000000000074, -98.62399999999988154 ) ) ;
#1421 = ORIENTED_EDGE ( 'NONE', *, *, #3567, .F. ) ;
#1422 = CYLINDRICAL_SURFACE ( 'NONE', #4699, 2.750000000000002665 ) ;
#1423 = DIRECTION ( 'NONE',  ( 0.000000000000000000, 0.000000000000000000, 1.000000000000000000 ) ) ;
#1424 = VERTEX_POINT ( 'NONE', #3024 ) ;
#1425 = VERTEX_POINT ( 'NONE', #4186 ) ;
#1426 = DIRECTION ( 'NONE',  ( -1.000000000000000000, 0.000000000000000000, 3.469446951953616654E-16 ) ) ;
#1427 = DIRECTION ( 'NONE',  ( -1.000000000000000000, 0.000000000000000000, 3.469446951953617147E-16 ) ) ;
#1428 =( LENGTH_UNIT ( ) NAMED_UNIT ( * ) SI_UNIT ( .MILLI., .METRE. ) );
#1429 = DIRECTION ( 'NONE',  ( -1.000000000000000000, 0.000000000000000000, 3.469446951953616161E-16 ) ) ;
#1430 = ORIENTED_EDGE ( 'NONE', *, *, #3174, .T. ) ;
#1431 = VERTEX_POINT ( 'NONE', #2259 ) ;
#1432 = ORIENTED_EDGE ( 'NONE', *, *, #2147, .T. ) ;
#1433 = ORIENTED_EDGE ( 'NONE', *, *, #1219, .F. ) ;
#1434 = LINE ( 'NONE', #4982, #1232 ) ;
#1435 = EDGE_LOOP ( 'NONE', ( #3357, #4308, #1068, #3866 ) ) ;
#1436 = CYLINDRICAL_SURFACE ( 'NONE', #2421, 2.750000000000002665 ) ;
#1437 = VERTEX_POINT ( 'NONE', #3841 ) ;
#1438 = EDGE_CURVE ( 'NONE', #2607, #1810, #2804, .T. ) ;
#1439 = DIRECTION ( 'NONE',  ( -0.000000000000000000, 1.000000000000000000, -0.000000000000000000 ) ) ;
#1440 = DIRECTION ( 'NONE',  ( -1.000000000000000000, 0.000000000000000000, 3.469446951953616654E-16 ) ) ;
#1441 = DIRECTION ( 'NONE',  ( 3.469446951953615175E-16, 0.000000000000000000, 1.000000000000000000 ) ) ;
#1442 = PLANE ( 'NONE',  #2701 ) ;
#1443 = AXIS2_PLACEMENT_3D ( 'NONE', #899, #3240, #4831 ) ;
#1444 = CIRCLE ( 'NONE', #4566, 2.750000000000002665 ) ;
#1445 = DIRECTION ( 'NONE',  ( 0.000000000000000000, 1.000000000000000000, 0.000000000000000000 ) ) ;
#1446 = ORIENTED_EDGE ( 'NONE', *, *, #2037, .F. ) ;
#1447 = CARTESIAN_POINT ( 'NONE',  ( 12.00000000000000000, 9.525000000000000355, -43.04999999999999716 ) ) ;
#1448 = ORIENTED_EDGE ( 'NONE', *, *, #4342, .F. ) ;
#1449 = CIRCLE ( 'NONE', #4401, 4.500000000000000888 ) ;
#1450 = CIRCLE ( 'NONE', #1132, 2.249999999999998668 ) ;
#1451 = EDGE_CURVE ( 'NONE', #3899, #1835, #3818, .T. ) ;
#1452 = DIRECTION ( 'NONE',  ( 3.469446951953615175E-16, 0.000000000000000000, 1.000000000000000000 ) ) ;
#1453 = AXIS2_PLACEMENT_3D ( 'NONE', #2399, #3959, #407 ) ;
#1454 = VERTEX_POINT ( 'NONE', #753 ) ;
#1455 = CARTESIAN_POINT ( 'NONE',  ( 47.99999999999998579, 9.525000000000000355, -43.05000000000000426 ) ) ;
#1456 = LINE ( 'NONE', #2663, #3352 ) ;
#1457 = LINE ( 'NONE', #4951, #3991 ) ;
#1458 = VERTEX_POINT ( 'NONE', #1028 ) ;
#1459 = CARTESIAN_POINT ( 'NONE',  ( -9.525000000000005684, 25.00000000000002132, -14.00000000000000533 ) ) ;
#1460 = CIRCLE ( 'NONE', #2599, 4.499999999999997335 ) ;
#1461 = AXIS2_PLACEMENT_3D ( 'NONE', #757, #3121, #3946 ) ;
#1462 = VERTEX_POINT ( 'NONE', #3742 ) ;
#1463 = ORIENTED_EDGE ( 'NONE', *, *, #2181, .F. ) ;
#1464 = LINE ( 'NONE', #303, #508 ) ;
#1465 = AXIS2_PLACEMENT_3D ( 'NONE', #2926, #1823, #1089 ) ;
#1466 = ORIENTED_EDGE ( 'NONE', *, *, #1381, .T. ) ;
#1467 = ORIENTED_EDGE ( 'NONE', *, *, #44, .F. ) ;
#1468 = AXIS2_PLACEMENT_3D ( 'NONE', #3538, #34, #1162 ) ;
#1469 = EDGE_CURVE ( 'NONE', #274, #3069, #1109, .T. ) ;
#1470 = LINE ( 'NONE', #4779, #503 ) ;
#1471 = EDGE_CURVE ( 'NONE', #170, #3301, #250, .T. ) ;
#1472 = CARTESIAN_POINT ( 'NONE',  ( -4.067926551165612636E-14, 4.999999999999997335, -118.2899999999994094 ) ) ;
#1473 = DIRECTION ( 'NONE',  ( 6.308085367188367561E-16, 0.000000000000000000, 1.000000000000000000 ) ) ;
#1474 = LINE ( 'NONE', #3867, #1645 ) ;
#1475 = EDGE_CURVE ( 'NONE', #1696, #1152, #3769, .T. ) ;
#1476 = CARTESIAN_POINT ( 'NONE',  ( -2.255140518769849223E-14, 49.83200000000000074, -64.99999999999985789 ) ) ;
#1477 = DIRECTION ( 'NONE',  ( -1.000000000000000000, 0.000000000000000000, 3.469446951953616654E-16 ) ) ;
#1478 = LINE ( 'NONE', #3876, #949 ) ;
#1479 = ORIENTED_EDGE ( 'NONE', *, *, #604, .T. ) ;
#1480 = FACE_OUTER_BOUND ( 'NONE', #1329, .T. ) ;
#1481 = ORIENTED_EDGE ( 'NONE', *, *, #1559, .F. ) ;
#1482 = CARTESIAN_POINT ( 'NONE',  ( -3.816391647148975608E-14, 27.41600000000000392, -109.8319999999996384 ) ) ;
#1483 = CARTESIAN_POINT ( 'NONE',  ( -9.525000000000041211, 4.999999999999997335, -118.2899999999994094 ) ) ;
#1484 = CARTESIAN_POINT ( 'NONE',  ( -2.602085213965210642E-14, 49.83200000000000074, -76.20799999999987051 ) ) ;
#1485 = AXIS2_PLACEMENT_3D ( 'NONE', #2314, #1564, #388 ) ;
#1486 = PLANE ( 'NONE',  #1293 ) ;
#1487 = EDGE_CURVE ( 'NONE', #3851, #1310, #3109, .T. ) ;
#1488 = ORIENTED_EDGE ( 'NONE', *, *, #62, .T. ) ;
#1489 = AXIS2_PLACEMENT_3D ( 'NONE', #205, #2947, #2171 ) ;
#1490 = ORIENTED_EDGE ( 'NONE', *, *, #2232, .T. ) ;
#1491 = LINE ( 'NONE', #3764, #4932 ) ;
#1492 = CIRCLE ( 'NONE', #1165, 2.750000000000009326 ) ;
#1493 = CIRCLE ( 'NONE', #5023, 2.750000000000002665 ) ;
#1494 = VERTEX_POINT ( 'NONE', #1844 ) ;
#1495 = CARTESIAN_POINT ( 'NONE',  ( 5.030698080332747674E-15, 33.02000000000002444, 12.52000000000003155 ) ) ;
#1496 = CYLINDRICAL_SURFACE ( 'NONE', #1316, 2.950000000000001066 ) ;
#1497 = CARTESIAN_POINT ( 'NONE',  ( -3.564856743132338579E-14, 27.41600000000000392, -101.3739999999996400 ) ) ;
#1498 = CARTESIAN_POINT ( 'NONE',  ( -9.525000000000028777, 38.62400000000000233, -78.95799999999975682 ) ) ;
#1499 = VECTOR ( 'NONE', #367, 1000.000000000000000 ) ;
#1500 = ORIENTED_EDGE ( 'NONE', *, *, #842, .T. ) ;
#1501 = DIRECTION ( 'NONE',  ( -1.000000000000000000, 0.000000000000000000, 3.469446951953616654E-16 ) ) ;
#1502 = CARTESIAN_POINT ( 'NONE',  ( -9.524999999999998579, 56.04000000000004889, 4.142135623731057592 ) ) ;
#1503 = DIRECTION ( 'NONE',  ( 3.469446951953615175E-16, 0.000000000000000000, 1.000000000000000000 ) ) ;
#1504 = ORIENTED_EDGE ( 'NONE', *, *, #2291, .T. ) ;
#1505 = EDGE_CURVE ( 'NONE', #3604, #3692, #907, .T. ) ;
#1506 = CARTESIAN_POINT ( 'NONE',  ( -4.163336342344337027E-14, 16.20799999999999841, -121.0399999999995231 ) ) ;
#1507 = VERTEX_POINT ( 'NONE', #3431 ) ;
#1508 = CARTESIAN_POINT ( 'NONE',  ( 25.00000000000000000, 57.09132099187863219, 2.129740131122089308E-15 ) ) ;
#1509 = DIRECTION ( 'NONE',  ( 3.469446951953626515E-16, 0.000000000000000000, 1.000000000000000000 ) ) ;
#1510 = DIRECTION ( 'NONE',  ( 1.000000000000000000, -0.000000000000000000, -3.469446951953616654E-16 ) ) ;
#1511 = ORIENTED_EDGE ( 'NONE', *, *, #2563, .F. ) ;
#1512 = VERTEX_POINT ( 'NONE', #2206 ) ;
#1513 = CARTESIAN_POINT ( 'NONE',  ( -9.525000000000028777, 4.999999999999997335, -84.66599999999941417 ) ) ;
#1514 = CARTESIAN_POINT ( 'NONE',  ( -2.350550309948573928E-14, 16.20799999999999841, -67.74999999999953104 ) ) ;
#1515 = ORIENTED_EDGE ( 'NONE', *, *, #2843, .F. ) ;
#1516 = ADVANCED_FACE ( 'NONE', ( #733 ), #334, .T. ) ;
#1517 = FACE_OUTER_BOUND ( 'NONE', #4084, .T. ) ;
#1518 = DIRECTION ( 'NONE',  ( -0.000000000000000000, -1.000000000000000000, -0.000000000000000000 ) ) ;
#1519 = EDGE_LOOP ( 'NONE', ( #4042, #1305, #4129, #1824 ) ) ;
#1520 = AXIS2_PLACEMENT_3D ( 'NONE', #935, #1248, #3645 ) ;
#1521 = CARTESIAN_POINT ( 'NONE',  ( -2.159730727591124517E-14, 61.04000000000002046, -62.24999999999997868 ) ) ;
#1522 = CARTESIAN_POINT ( 'NONE',  ( -9.525000000000007461, 36.31370849898480202, -18.68629150101524417 ) ) ;
#1523 = DIRECTION ( 'NONE',  ( 3.469446951953615175E-16, 0.000000000000000000, 1.000000000000000000 ) ) ;
#1524 = ORIENTED_EDGE ( 'NONE', *, *, #1999, .T. ) ;
#1525 = CIRCLE ( 'NONE', #1123, 2.750000000000002665 ) ;
#1526 = DIRECTION ( 'NONE',  ( -1.000000000000000000, 0.000000000000000000, 3.469446951953616161E-16 ) ) ;
#1527 = ORIENTED_EDGE ( 'NONE', *, *, #3435, .T. ) ;
#1528 = CARTESIAN_POINT ( 'NONE',  ( -2.949029909160572061E-14, 38.62400000000000233, -87.41599999999975523 ) ) ;
#1529 = EDGE_CURVE ( 'NONE', #5076, #1051, #5045, .T. ) ;
#1530 = CARTESIAN_POINT ( 'NONE',  ( 13.02933746294587181, 35.14358219208494916, -7.500000000000000000 ) ) ;
#1531 = AXIS2_PLACEMENT_3D ( 'NONE', #1899, #4723, #589 ) ;
#1532 = CYLINDRICAL_SURFACE ( 'NONE', #3911, 2.250000000000001776 ) ;
#1533 = ORIENTED_EDGE ( 'NONE', *, *, #1155, .T. ) ;
#1534 = AXIS2_PLACEMENT_3D ( 'NONE', #1087, #734, #2289 ) ;
#1535 = CIRCLE ( 'NONE', #4069, 9.999999999999998224 ) ;
#1536 = ORIENTED_EDGE ( 'NONE', *, *, #1029, .T. ) ;
#1537 = CARTESIAN_POINT ( 'NONE',  ( -2.602085213965210642E-14, 16.20799999999999841, -76.20799999999952945 ) ) ;
#1538 = DIRECTION ( 'NONE',  ( -1.000000000000000000, 0.000000000000000000, 3.469446951953617147E-16 ) ) ;
#1539 = ADVANCED_FACE ( 'NONE', ( #1517 ), #1496, .F. ) ;
#1540 = AXIS2_PLACEMENT_3D ( 'NONE', #4352, #1628, #3934 ) ;
#1541 = ORIENTED_EDGE ( 'NONE', *, *, #4098, .T. ) ;
#1542 = AXIS2_PLACEMENT_3D ( 'NONE', #4945, #1477, #2598 ) ;
#1543 = VECTOR ( 'NONE', #4316, 1000.000000000000000 ) ;
#1544 = DIRECTION ( 'NONE',  ( 3.469446951953626515E-16, 0.000000000000000000, 1.000000000000000000 ) ) ;
#1545 = CARTESIAN_POINT ( 'NONE',  ( 3.469446951953614189E-15, 56.58999999999999631, 9.450000000000031264 ) ) ;
#1546 = VECTOR ( 'NONE', #2145, 1000.000000000000000 ) ;
#1547 = ORIENTED_EDGE ( 'NONE', *, *, #598, .T. ) ;
#1548 = ADVANCED_FACE ( 'NONE', ( #3793 ), #3052, .T. ) ;
#1549 = CARTESIAN_POINT ( 'NONE',  ( -9.525000000000025224, 27.41600000000000392, -73.45799999999962893 ) ) ;
#1550 = CYLINDRICAL_SURFACE ( 'NONE', #2343, 2.750000000000002665 ) ;
#1551 = CARTESIAN_POINT ( 'NONE',  ( -4.258746133523061417E-14, 49.83200000000000074, -123.7899999999998926 ) ) ;
#1552 = CYLINDRICAL_SURFACE ( 'NONE', #3816, 10.00000000000000178 ) ;
#1553 = ORIENTED_EDGE ( 'NONE', *, *, #3861, .F. ) ;
#1554 = DIRECTION ( 'NONE',  ( -1.000000000000000000, 0.000000000000000000, 3.469446951953616654E-16 ) ) ;
#1555 = VERTEX_POINT ( 'NONE', #4267 ) ;
#1556 = CARTESIAN_POINT ( 'NONE',  ( -2.255140518769849223E-14, 38.62400000000000233, -64.99999999999975842 ) ) ;
#1557 = CARTESIAN_POINT ( 'NONE',  ( -9.525000000000030553, 38.62400000000000233, -87.41599999999975523 ) ) ;
#1558 = CARTESIAN_POINT ( 'NONE',  ( -3.816391647148975608E-14, 61.03999999999999915, -109.8319999999999794 ) ) ;
#1559 = EDGE_CURVE ( 'NONE', #368, #3327, #4686, .T. ) ;
#1560 = ORIENTED_EDGE ( 'NONE', *, *, #571, .F. ) ;
#1561 = CARTESIAN_POINT ( 'NONE',  ( 48.00000000000000000, 4.525000000000000355, -14.00000000000000355 ) ) ;
#1562 = EDGE_CURVE ( 'NONE', #3617, #701, #4928, .T. ) ;
#1563 = EDGE_CURVE ( 'NONE', #586, #1310, #1418, .T. ) ;
#1564 = DIRECTION ( 'NONE',  ( -1.000000000000000000, 0.000000000000000000, 3.469446951953616654E-16 ) ) ;
#1565 = CIRCLE ( 'NONE', #4434, 4.500000000000003553 ) ;
#1566 = CIRCLE ( 'NONE', #4192, 2.750000000000002665 ) ;
#1567 = DIRECTION ( 'NONE',  ( -1.000000000000000000, 0.000000000000000000, 3.469446951953616654E-16 ) ) ;
#1568 = ORIENTED_EDGE ( 'NONE', *, *, #2817, .F. ) ;
#1569 = AXIS2_PLACEMENT_3D ( 'NONE', #3015, #2637, #1807 ) ;
#1570 = AXIS2_PLACEMENT_3D ( 'NONE', #3724, #218, #4539 ) ;
#1571 = CYLINDRICAL_SURFACE ( 'NONE', #2500, 2.750000000000002665 ) ;
#1572 = CIRCLE ( 'NONE', #3273, 2.750000000000002665 ) ;
#1573 = ORIENTED_EDGE ( 'NONE', *, *, #4271, .T. ) ;
#1574 = DIRECTION ( 'NONE',  ( 1.000000000000000000, -0.000000000000000000, -3.469446951953616654E-16 ) ) ;
#1575 = CARTESIAN_POINT ( 'NONE',  ( -3.720981855970251218E-14, 16.20799999999999841, -107.0819999999995247 ) ) ;
#1576 = EDGE_LOOP ( 'NONE', ( #4287, #4942, #3014, #509 ) ) ;
#1577 = DIRECTION ( 'NONE',  ( -1.000000000000000000, 0.000000000000000000, 3.469446951953617147E-16 ) ) ;
#1578 = DIRECTION ( 'NONE',  ( -1.000000000000000000, 0.000000000000000000, 3.469446951953616654E-16 ) ) ;
#1579 = DIRECTION ( 'NONE',  ( 0.000000000000000000, 1.000000000000000000, 0.000000000000000000 ) ) ;
#1580 = EDGE_LOOP ( 'NONE', ( #2583, #1421, #2630, #3706 ) ) ;
#1581 = DIRECTION ( 'NONE',  ( 6.672013369141587897E-16, 0.000000000000000000, 1.000000000000000000 ) ) ;
#1582 = DIRECTION ( 'NONE',  ( -1.000000000000000000, 0.000000000000000000, 3.469446951953616654E-16 ) ) ;
#1583 = CARTESIAN_POINT ( 'NONE',  ( -2.602085213965210642E-14, 49.83200000000000074, -76.20799999999987051 ) ) ;
#1584 = CARTESIAN_POINT ( 'NONE',  ( -9.524999999999980815, 9.450000000000045475, 56.58999999999998920 ) ) ;
#1585 = CARTESIAN_POINT ( 'NONE',  ( -4.163336342344337027E-14, 4.999999999999997335, -121.0399999999994094 ) ) ;
#1586 = CARTESIAN_POINT ( 'NONE',  ( -9.525000000000032330, 27.41600000000000392, -90.16599999999965576 ) ) ;
#1587 = EDGE_CURVE ( 'NONE', #648, #4260, #1470, .T. ) ;
#1588 = ORIENTED_EDGE ( 'NONE', *, *, #247, .T. ) ;
#1589 = FACE_BOUND ( 'NONE', #1019, .T. ) ;
#1590 = CARTESIAN_POINT ( 'NONE',  ( -9.525000000000021672, 61.04000000000002046, -62.24999999999997868 ) ) ;
#1591 = DIRECTION ( 'NONE',  ( -1.000000000000000000, 0.000000000000000000, 3.469446951953617147E-16 ) ) ;
#1592 = ORIENTED_EDGE ( 'NONE', *, *, #3067, .T. ) ;
#1593 = CARTESIAN_POINT ( 'NONE',  ( -2.506675422786485936E-14, 38.62400000000000233, -73.45799999999974261 ) ) ;
#1594 = EDGE_CURVE ( 'NONE', #1462, #2480, #1227, .T. ) ;
#1595 = DIRECTION ( 'NONE',  ( 0.000000000000000000, 0.000000000000000000, 1.000000000000000000 ) ) ;
#1596 = ORIENTED_EDGE ( 'NONE', *, *, #1875, .F. ) ;
#1597 = FACE_BOUND ( 'NONE', #617, .T. ) ;
#1598 = CARTESIAN_POINT ( 'NONE',  ( -9.525000000000041211, 49.83200000000000074, -112.5819999999998799 ) ) ;
#1599 = DIRECTION ( 'NONE',  ( -1.000000000000000000, 0.000000000000000000, 3.469446951953617147E-16 ) ) ;
#1600 = ORIENTED_EDGE ( 'NONE', *, *, #2851, .T. ) ;
#1601 = VECTOR ( 'NONE', #3945, 1000.000000000000000 ) ;
#1602 = ADVANCED_FACE ( 'NONE', ( #363 ), #5072, .F. ) ;
#1603 = AXIS2_PLACEMENT_3D ( 'NONE', #2592, #3348, #575 ) ;
#1604 = EDGE_LOOP ( 'NONE', ( #968, #3333, #252, #1841 ) ) ;
#1605 = DIRECTION ( 'NONE',  ( -0.000000000000000000, -1.000000000000000000, -0.000000000000000000 ) ) ;
#1606 = DIRECTION ( 'NONE',  ( -1.000000000000000000, 0.000000000000000000, 3.469446951953617147E-16 ) ) ;
#1607 = ORIENTED_EDGE ( 'NONE', *, *, #2225, .T. ) ;
#1608 = DIRECTION ( 'NONE',  ( 0.000000000000000000, -1.000000000000000000, 0.000000000000000000 ) ) ;
#1609 = FACE_OUTER_BOUND ( 'NONE', #3379, .T. ) ;
#1610 = VECTOR ( 'NONE', #1832, 1000.000000000000114 ) ;
#1611 = LINE ( 'NONE', #3165, #3479 ) ;
#1612 = VERTEX_POINT ( 'NONE', #4727 ) ;
#1613 = VECTOR ( 'NONE', #2626, 1000.000000000000000 ) ;
#1614 = FACE_BOUND ( 'NONE', #3367, .T. ) ;
#1615 = PLANE ( 'NONE',  #4934 ) ;
#1616 = ADVANCED_FACE ( 'NONE', ( #3558 ), #2749, .F. ) ;
#1617 = DIRECTION ( 'NONE',  ( -0.000000000000000000, -1.000000000000000000, -0.000000000000000000 ) ) ;
#1618 = CYLINDRICAL_SURFACE ( 'NONE', #232, 2.750000000000002665 ) ;
#1619 = AXIS2_PLACEMENT_3D ( 'NONE', #2261, #340, #3512 ) ;
#1620 = DIRECTION ( 'NONE',  ( 0.000000000000000000, 0.000000000000000000, 1.000000000000000000 ) ) ;
#1621 = EDGE_LOOP ( 'NONE', ( #3027, #2213 ) ) ;
#1622 = ADVANCED_FACE ( 'NONE', ( #774 ), #1988, .F. ) ;
#1623 = FACE_BOUND ( 'NONE', #4232, .T. ) ;
#1624 = EDGE_CURVE ( 'NONE', #3827, #4173, #1716, .T. ) ;
#1625 = ADVANCED_FACE ( 'NONE', ( #4682 ), #4392, .F. ) ;
#1626 = FACE_BOUND ( 'NONE', #2165, .T. ) ;
#1627 = DIRECTION ( 'NONE',  ( 3.469446951953626515E-16, 0.000000000000000000, 1.000000000000000000 ) ) ;
#1628 = DIRECTION ( 'NONE',  ( -1.000000000000000000, 0.000000000000000000, 3.469446951953617147E-16 ) ) ;
#1629 = ORIENTED_EDGE ( 'NONE', *, *, #708, .F. ) ;
#1630 = DIRECTION ( 'NONE',  ( -1.000000000000000000, 0.000000000000000000, 3.469446951953616654E-16 ) ) ;
#1631 = LINE ( 'NONE', #2475, #211 ) ;
#1632 = VERTEX_POINT ( 'NONE', #3164 ) ;
#1633 = DIRECTION ( 'NONE',  ( -1.000000000000000000, 0.000000000000000000, 3.469446951953616654E-16 ) ) ;
#1634 = CARTESIAN_POINT ( 'NONE',  ( -9.525000000000032330, 61.03999999999999915, -90.16599999999999682 ) ) ;
#1635 = EDGE_CURVE ( 'NONE', #3327, #368, #4517, .T. ) ;
#1636 = ORIENTED_EDGE ( 'NONE', *, *, #3665, .T. ) ;
#1637 = DIRECTION ( 'NONE',  ( -1.000000000000000000, -0.000000000000000000, 3.469446951953616654E-16 ) ) ;
#1638 = CARTESIAN_POINT ( 'NONE',  ( 12.00000000000000000, 4.525000000000000355, -41.49999999999999289 ) ) ;
#1639 = EDGE_CURVE ( 'NONE', #1612, #1425, #33, .T. ) ;
#1640 = DIRECTION ( 'NONE',  ( -1.000000000000000000, 0.000000000000000000, 3.469446951953617147E-16 ) ) ;
#1641 = CIRCLE ( 'NONE', #1395, 2.750000000000002665 ) ;
#1642 = ORIENTED_EDGE ( 'NONE', *, *, #2589, .F. ) ;
#1643 = LINE ( 'NONE', #926, #1891 ) ;
#1644 = CIRCLE ( 'NONE', #3773, 2.750000000000002665 ) ;
#1645 = VECTOR ( 'NONE', #1919, 1000.000000000000000 ) ;
#1646 = CYLINDRICAL_SURFACE ( 'NONE', #217, 2.750000000000002665 ) ;
#1647 = CARTESIAN_POINT ( 'NONE',  ( 48.00000000000000000, 4.525000000000000355, -14.00000000000000355 ) ) ;
#1648 = DIRECTION ( 'NONE',  ( -1.000000000000000000, 0.000000000000000000, 3.469446951953616654E-16 ) ) ;
#1649 = CIRCLE ( 'NONE', #677, 2.750000000000002665 ) ;
#1650 = ORIENTED_EDGE ( 'NONE', *, *, #4908, .F. ) ;
#1651 = AXIS2_PLACEMENT_3D ( 'NONE', #3105, #2345, #5033 ) ;
#1652 = FACE_BOUND ( 'NONE', #3989, .T. ) ;
#1653 = DIRECTION ( 'NONE',  ( 6.308085367188367561E-16, 0.000000000000000000, 1.000000000000000000 ) ) ;
#1654 = CYLINDRICAL_SURFACE ( 'NONE', #1131, 2.750000000000002665 ) ;
#1655 = EDGE_LOOP ( 'NONE', ( #4179, #1448, #4513, #2802 ) ) ;
#1656 = EDGE_CURVE ( 'NONE', #2526, #1462, #1157, .T. ) ;
#1657 = CARTESIAN_POINT ( 'NONE',  ( 2.255140518769849223E-14, 10.00000000000000178, 66.04000000000000625 ) ) ;
#1658 = ORIENTED_EDGE ( 'NONE', *, *, #4990, .T. ) ;
#1659 = DIRECTION ( 'NONE',  ( 0.000000000000000000, 0.000000000000000000, 1.000000000000000000 ) ) ;
#1660 = DIRECTION ( 'NONE',  ( -1.000000000000000000, 0.000000000000000000, 3.469446951953617147E-16 ) ) ;
#1661 = ORIENTED_EDGE ( 'NONE', *, *, #1715, .T. ) ;
#1662 = DIRECTION ( 'NONE',  ( 0.000000000000000000, 0.000000000000000000, 1.000000000000000000 ) ) ;
#1663 = DIRECTION ( 'NONE',  ( 6.308085367188383338E-16, 0.000000000000000000, 1.000000000000000000 ) ) ;
#1664 = CARTESIAN_POINT ( 'NONE',  ( -9.525000000000042988, 16.20799999999999841, -121.0399999999995231 ) ) ;
#1665 = VERTEX_POINT ( 'NONE', #2730 ) ;
#1666 = EDGE_CURVE ( 'NONE', #3986, #2491, #4338, .T. ) ;
#1667 = DIRECTION ( 'NONE',  ( 3.469446951953626515E-16, 0.000000000000000000, 1.000000000000000000 ) ) ;
#1668 = CARTESIAN_POINT ( 'NONE',  ( 12.00000000000000000, 9.525000000000000355, -9.499999999999998224 ) ) ;
#1669 = DIRECTION ( 'NONE',  ( -1.000000000000000000, 0.000000000000000000, 3.469446951953616654E-16 ) ) ;
#1670 = ORIENTED_EDGE ( 'NONE', *, *, #192, .T. ) ;
#1671 = DIRECTION ( 'NONE',  ( 6.308085367188383338E-16, 0.000000000000000000, 1.000000000000000000 ) ) ;
#1672 = DIRECTION ( 'NONE',  ( 0.000000000000000000, 0.000000000000000000, 1.000000000000000000 ) ) ;
#1673 = ORIENTED_EDGE ( 'NONE', *, *, #2318, .F. ) ;
#1674 = DIRECTION ( 'NONE',  ( -1.000000000000000000, 0.000000000000000000, 3.469446951953617147E-16 ) ) ;
#1675 = CARTESIAN_POINT ( 'NONE',  ( 0.000000000000000000, 0.000000000000000000, 0.000000000000000000 ) ) ;
#1676 = EDGE_CURVE ( 'NONE', #1884, #1437, #3028, .T. ) ;
#1677 = ORIENTED_EDGE ( 'NONE', *, *, #275, .F. ) ;
#1678 = CARTESIAN_POINT ( 'NONE',  ( -4.857225732735065386E-15, 25.00000000000002132, -14.00000000000000888 ) ) ;
#1679 = CARTESIAN_POINT ( 'NONE',  ( 0.000000000000000000, 9.525000000000000355, 0.000000000000000000 ) ) ;
#1680 = AXIS2_PLACEMENT_3D ( 'NONE', #4841, #860, #1270 ) ;
#1681 = ORIENTED_EDGE ( 'NONE', *, *, #2377, .T. ) ;
#1682 = ORIENTED_EDGE ( 'NONE', *, *, #608, .T. ) ;
#1683 = FACE_BOUND ( 'NONE', #3928, .T. ) ;
#1684 = ADVANCED_FACE ( 'NONE', ( #1609 ), #2797, .F. ) ;
#1685 = CARTESIAN_POINT ( 'NONE',  ( -2.697495005143935347E-14, 49.83200000000000074, -78.95799999999987051 ) ) ;
#1686 = ORIENTED_EDGE ( 'NONE', *, *, #1747, .T. ) ;
#1687 = CIRCLE ( 'NONE', #4567, 2.250000000000015987 ) ;
#1688 = DIRECTION ( 'NONE',  ( -1.000000000000000000, 0.000000000000000000, 3.469446951953616654E-16 ) ) ;
#1689 = AXIS2_PLACEMENT_3D ( 'NONE', #2907, #1071, #4594 ) ;
#1690 = ORIENTED_EDGE ( 'NONE', *, *, #1247, .F. ) ;
#1691 = CYLINDRICAL_SURFACE ( 'NONE', #988, 2.250000000000008882 ) ;
#1692 = VECTOR ( 'NONE', #532, 1000.000000000000000 ) ;
#1693 = DIRECTION ( 'NONE',  ( 3.469446951953615175E-16, 0.000000000000000000, 1.000000000000000000 ) ) ;
#1694 = CARTESIAN_POINT ( 'NONE',  ( -9.525000000000042988, 16.20799999999999841, -121.0399999999995231 ) ) ;
#1695 = EDGE_CURVE ( 'NONE', #4123, #4573, #15, .T. ) ;
#1696 = VERTEX_POINT ( 'NONE', #3511 ) ;
#1697 = FACE_OUTER_BOUND ( 'NONE', #1133, .T. ) ;
#1698 = CIRCLE ( 'NONE', #646, 2.750000000000009326 ) ;
#1699 = CIRCLE ( 'NONE', #3505, 24.99999999999999645 ) ;
#1700 = DIRECTION ( 'NONE',  ( 3.469446951953618133E-16, 0.000000000000000000, 1.000000000000000000 ) ) ;
#1701 = CARTESIAN_POINT ( 'NONE',  ( -9.525000000000007461, 36.31370849898480202, -16.43629150101523351 ) ) ;
#1702 = ORIENTED_EDGE ( 'NONE', *, *, #157, .F. ) ;
#1703 = ORIENTED_EDGE ( 'NONE', *, *, #3029, .F. ) ;
#1704 = VECTOR ( 'NONE', #3658, 1000.000000000000000 ) ;
#1705 = LINE ( 'NONE', #536, #2338 ) ;
#1706 = DIRECTION ( 'NONE',  ( -1.000000000000000000, 0.000000000000000000, 3.469446951953616654E-16 ) ) ;
#1707 = DIRECTION ( 'NONE',  ( 3.469446951953615175E-16, 0.000000000000000000, 1.000000000000000000 ) ) ;
#1708 = EDGE_LOOP ( 'NONE', ( #3134, #2968, #3778, #3855 ) ) ;
#1709 = CARTESIAN_POINT ( 'NONE',  ( 13.02933746294585049, 35.14358219208496337, -59.99999999999998579 ) ) ;
#1710 = VERTEX_POINT ( 'NONE', #464 ) ;
#1711 = EDGE_CURVE ( 'NONE', #4832, #2914, #3183, .T. ) ;
#1712 = DIRECTION ( 'NONE',  ( 3.469446951953617640E-16, 0.000000000000000000, 1.000000000000000000 ) ) ;
#1713 = DIRECTION ( 'NONE',  ( -1.000000000000000000, 0.000000000000000000, 3.469446951953617147E-16 ) ) ;
#1714 = ORIENTED_EDGE ( 'NONE', *, *, #2817, .T. ) ;
#1715 = EDGE_CURVE ( 'NONE', #1892, #2562, #2872, .T. ) ;
#1716 = CIRCLE ( 'NONE', #2113, 2.750000000000002665 ) ;
#1717 = CARTESIAN_POINT ( 'NONE',  ( -9.524999999999998579, 3.019999999999771756, 3.019999999999802842 ) ) ;
#1718 = DIRECTION ( 'NONE',  ( -1.000000000000000000, 0.000000000000000000, 3.469446951953616654E-16 ) ) ;
#1719 = CARTESIAN_POINT ( 'NONE',  ( -3.911801438327699998E-14, 4.999999999999997335, -112.5819999999994252 ) ) ;
#1720 = AXIS2_PLACEMENT_3D ( 'NONE', #3632, #2065, #3237 ) ;
#1721 = CARTESIAN_POINT ( 'NONE',  ( 2.255140518769849223E-14, 3.469446951953614189E-15, 66.04000000000000625 ) ) ;
#1722 = VECTOR ( 'NONE', #989, 1000.000000000000000 ) ;
#1723 = DIRECTION ( 'NONE',  ( -1.000000000000000000, 0.000000000000000000, 3.469446951953616161E-16 ) ) ;
#1724 = ORIENTED_EDGE ( 'NONE', *, *, #313, .F. ) ;
#1725 = VERTEX_POINT ( 'NONE', #2775 ) ;
#1726 = DIRECTION ( 'NONE',  ( 3.469446951953615175E-16, 0.000000000000000000, 1.000000000000000000 ) ) ;
#1727 = CIRCLE ( 'NONE', #3192, 2.950000000000001066 ) ;
#1728 = DIRECTION ( 'NONE',  ( 3.469446951953615175E-16, 0.000000000000000000, 1.000000000000000000 ) ) ;
#1729 = EDGE_LOOP ( 'NONE', ( #3677, #2646 ) ) ;
#1730 = CARTESIAN_POINT ( 'NONE',  ( -2.506675422786485936E-14, 4.999999999999997335, -73.45799999999941576 ) ) ;
#1731 = DIRECTION ( 'NONE',  ( -1.000000000000000000, 0.000000000000000000, 1.224646799147353454E-16 ) ) ;
#1732 = ORIENTED_EDGE ( 'NONE', *, *, #3625, .T. ) ;
#1733 = VERTEX_POINT ( 'NONE', #414 ) ;
#1734 = ORIENTED_EDGE ( 'NONE', *, *, #3345, .T. ) ;
#1735 = DIRECTION ( 'NONE',  ( 3.469446951953615175E-16, 0.000000000000000000, 1.000000000000000000 ) ) ;
#1736 = EDGE_LOOP ( 'NONE', ( #939, #3469 ) ) ;
#1737 = CARTESIAN_POINT ( 'NONE',  ( -1.435980566446501516E-15, 63.11106781186555281, -2.928932188134392156 ) ) ;
#1738 = CARTESIAN_POINT ( 'NONE',  ( -9.525000000000025224, 16.20799999999999841, -67.74999999999953104 ) ) ;
#1739 = EDGE_LOOP ( 'NONE', ( #29, #4489, #1377, #4954 ) ) ;
#1740 = FACE_BOUND ( 'NONE', #3276, .T. ) ;
#1741 = FACE_BOUND ( 'NONE', #1205, .T. ) ;
#1742 = DIRECTION ( 'NONE',  ( 3.469446951953618133E-16, 0.000000000000000000, 1.000000000000000000 ) ) ;
#1743 = EDGE_CURVE ( 'NONE', #3965, #3413, #1962, .T. ) ;
#1744 = CARTESIAN_POINT ( 'NONE',  ( -2.697495005143935347E-14, 4.999999999999997335, -78.95799999999941576 ) ) ;
#1745 = VERTEX_POINT ( 'NONE', #570 ) ;
#1746 = FACE_BOUND ( 'NONE', #3478, .T. ) ;
#1747 = EDGE_CURVE ( 'NONE', #3561, #2107, #423, .T. ) ;
#1748 = DIRECTION ( 'NONE',  ( 3.469446951953615175E-16, 0.000000000000000000, 1.000000000000000000 ) ) ;
#1749 = CARTESIAN_POINT ( 'NONE',  ( -9.525000000000005684, 25.00000000000002132, -11.75000000000000355 ) ) ;
#1750 = ORIENTED_EDGE ( 'NONE', *, *, #3180, .F. ) ;
#1751 = EDGE_LOOP ( 'NONE', ( #1107, #1702, #1910, #94 ) ) ;
#1752 = ORIENTED_EDGE ( 'NONE', *, *, #4136, .T. ) ;
#1753 = LINE ( 'NONE', #4919, #2799 ) ;
#1754 = ORIENTED_EDGE ( 'NONE', *, *, #1112, .F. ) ;
#1755 = FACE_OUTER_BOUND ( 'NONE', #108, .T. ) ;
#1756 = CYLINDRICAL_SURFACE ( 'NONE', #5069, 4.499999999999999112 ) ;
#1757 = ORIENTED_EDGE ( 'NONE', *, *, #961, .T. ) ;
#1758 = EDGE_LOOP ( 'NONE', ( #2420, #1481, #1588, #2758 ) ) ;
#1759 = ADVANCED_FACE ( 'NONE', ( #175 ), #592, .F. ) ;
#1760 = ORIENTED_EDGE ( 'NONE', *, *, #2678, .T. ) ;
#1761 = DIRECTION ( 'NONE',  ( -1.000000000000000000, 0.000000000000000000, 3.469446951953617147E-16 ) ) ;
#1762 = ORIENTED_EDGE ( 'NONE', *, *, #10, .F. ) ;
#1763 = CYLINDRICAL_SURFACE ( 'NONE', #3145, 2.750000000000002665 ) ;
#1764 = EDGE_CURVE ( 'NONE', #2124, #2111, #984, .T. ) ;
#1765 = ORIENTED_EDGE ( 'NONE', *, *, #1989, .F. ) ;
#1766 = AXIS2_PLACEMENT_3D ( 'NONE', #544, #2086, #1712 ) ;
#1767 = FACE_BOUND ( 'NONE', #4465, .T. ) ;
#1768 = AXIS2_PLACEMENT_3D ( 'NONE', #1263, #1235, #2462 ) ;
#1769 = DIRECTION ( 'NONE',  ( -1.000000000000000000, 0.000000000000000000, 3.469446951953617147E-16 ) ) ;
#1770 = DIRECTION ( 'NONE',  ( -1.000000000000000000, 0.000000000000000000, 3.469446951953616654E-16 ) ) ;
#1771 = ORIENTED_EDGE ( 'NONE', *, *, #1339, .F. ) ;
#1772 = AXIS2_PLACEMENT_3D ( 'NONE', #1251, #1582, #705 ) ;
#1773 = ADVANCED_FACE ( 'NONE', ( #970 ), #869, .F. ) ;
#1774 = LINE ( 'NONE', #3380, #103 ) ;
#1775 = DIRECTION ( 'NONE',  ( 6.308085367188383338E-16, 0.000000000000000000, 1.000000000000000000 ) ) ;
#1776 = ORIENTED_EDGE ( 'NONE', *, *, #1676, .T. ) ;
#1777 = EDGE_CURVE ( 'NONE', #2198, #4476, #1229, .T. ) ;
#1778 = VERTEX_POINT ( 'NONE', #2845 ) ;
#1779 = ORIENTED_EDGE ( 'NONE', *, *, #4136, .F. ) ;
#1780 = EDGE_CURVE ( 'NONE', #4206, #2655, #1641, .T. ) ;
#1781 = VECTOR ( 'NONE', #4558, 1000.000000000000000 ) ;
#1782 = DIRECTION ( 'NONE',  ( -3.469446951953616654E-16, 0.000000000000000000, -1.000000000000000000 ) ) ;
#1783 = ORIENTED_EDGE ( 'NONE', *, *, #1987, .F. ) ;
#1784 = CARTESIAN_POINT ( 'NONE',  ( -2.350550309948573928E-14, 38.62400000000000233, -67.74999999999975842 ) ) ;
#1785 = CARTESIAN_POINT ( 'NONE',  ( -9.525000000000042988, 61.04000000000006310, -126.0399999999999920 ) ) ;
#1786 = DIRECTION ( 'NONE',  ( 1.000000000000000000, 0.000000000000000000, -3.469446951953616654E-16 ) ) ;
#1787 = EDGE_LOOP ( 'NONE', ( #1290, #1032 ) ) ;
#1788 = AXIS2_PLACEMENT_3D ( 'NONE', #4786, #4448, #1264 ) ;
#1789 = ORIENTED_EDGE ( 'NONE', *, *, #3682, .F. ) ;
#1790 = EDGE_CURVE ( 'NONE', #122, #925, #3288, .T. ) ;
#1791 = CARTESIAN_POINT ( 'NONE',  ( 12.00000000000000000, 4.525000000000000355, -13.99999999999999822 ) ) ;
#1792 = VERTEX_POINT ( 'NONE', #2916 ) ;
#1793 = CARTESIAN_POINT ( 'NONE',  ( -2.602085213965210642E-14, 38.62400000000000233, -76.20799999999974261 ) ) ;
#1794 = EDGE_LOOP ( 'NONE', ( #2585, #1104, #4045, #2364 ) ) ;
#1795 = DIRECTION ( 'NONE',  ( -1.000000000000000000, 0.000000000000000000, 3.469446951953616654E-16 ) ) ;
#1796 = CARTESIAN_POINT ( 'NONE',  ( 1.925543058334255244E-14, 33.02000000000002444, 53.51999999999995339 ) ) ;
#1797 = DIRECTION ( 'NONE',  ( 6.308085367188383338E-16, 0.000000000000000000, 1.000000000000000000 ) ) ;
#1798 = ORIENTED_EDGE ( 'NONE', *, *, #3204, .T. ) ;
#1799 = LINE ( 'NONE', #3696, #1413 ) ;
#1800 = DIRECTION ( 'NONE',  ( -0.4788265014821655452, -0.8779095519917469170, 0.000000000000000000 ) ) ;
#1801 = ORIENTED_EDGE ( 'NONE', *, *, #4889, .T. ) ;
#1802 = ORIENTED_EDGE ( 'NONE', *, *, #4168, .F. ) ;
#1803 = AXIS2_PLACEMENT_3D ( 'NONE', #2235, #1136, #3376 ) ;
#1804 = DIRECTION ( 'NONE',  ( 6.308085367188383338E-16, 0.000000000000000000, 1.000000000000000000 ) ) ;
#1805 = EDGE_LOOP ( 'NONE', ( #4325, #1369, #2546, #4411 ) ) ;
#1806 = VECTOR ( 'NONE', #4631, 1000.000000000000000 ) ;
#1807 = DIRECTION ( 'NONE',  ( 6.308085367188367561E-16, 0.000000000000000000, 1.000000000000000000 ) ) ;
#1808 = SURFACE_SIDE_STYLE ('',( #3759 ) ) ;
#1809 = CARTESIAN_POINT ( 'NONE',  ( -4.199418590644656507E-14, 61.04000000000007020, -121.0399999999999778 ) ) ;
#1810 = VERTEX_POINT ( 'NONE', #4024 ) ;
#1811 = ADVANCED_FACE ( 'NONE', ( #4872 ), #4101, .T. ) ;
#1812 = ORIENTED_EDGE ( 'NONE', *, *, #2891, .F. ) ;
#1813 = VECTOR ( 'NONE', #292, 1000.000000000000000 ) ;
#1814 = VECTOR ( 'NONE', #4890, 1000.000000000000000 ) ;
#1815 = ORIENTED_EDGE ( 'NONE', *, *, #2201, .T. ) ;
#1816 = DIRECTION ( 'NONE',  ( 6.308085367188383338E-16, 0.000000000000000000, 1.000000000000000000 ) ) ;
#1817 = AXIS2_PLACEMENT_3D ( 'NONE', #4452, #91, #1653 ) ;
#1818 = VERTEX_POINT ( 'NONE', #201 ) ;
#1819 = DIRECTION ( 'NONE',  ( -1.000000000000000000, 0.000000000000000000, 3.469446951953617147E-16 ) ) ;
#1820 = ORIENTED_EDGE ( 'NONE', *, *, #1211, .T. ) ;
#1821 = DIRECTION ( 'NONE',  ( 0.000000000000000000, 0.000000000000000000, -1.000000000000000000 ) ) ;
#1822 = LINE ( 'NONE', #1717, #1849 ) ;
#1823 = DIRECTION ( 'NONE',  ( -1.000000000000000000, 0.000000000000000000, 3.469446951953616654E-16 ) ) ;
#1824 = ORIENTED_EDGE ( 'NONE', *, *, #978, .F. ) ;
#1825 = EDGE_CURVE ( 'NONE', #4433, #909, #4415, .T. ) ;
#1826 = CARTESIAN_POINT ( 'NONE',  ( 12.00000000000000000, 4.525000000000000355, -9.499999999999998224 ) ) ;
#1827 = DIRECTION ( 'NONE',  ( 1.000000000000000000, -7.741153488987257011E-48, -3.469446951953616161E-16 ) ) ;
#1828 = DIRECTION ( 'NONE',  ( -1.000000000000000000, 0.000000000000000000, 3.469446951953616654E-16 ) ) ;
#1829 = CYLINDRICAL_SURFACE ( 'NONE', #3532, 2.750000000000009326 ) ;
#1830 = VERTEX_POINT ( 'NONE', #3311 ) ;
#1831 = CYLINDRICAL_SURFACE ( 'NONE', #3191, 2.250000000000001776 ) ;
#1832 = DIRECTION ( 'NONE',  ( -0.8779095519917469170, 0.4788265014821655452, 0.000000000000000000 ) ) ;
#1833 = ORIENTED_EDGE ( 'NONE', *, *, #3297, .F. ) ;
#1834 = LINE ( 'NONE', #2414, #2847 ) ;
#1835 = VERTEX_POINT ( 'NONE', #522 ) ;
#1836 = EDGE_CURVE ( 'NONE', #3709, #4821, #2430, .T. ) ;
#1837 = VERTEX_POINT ( 'NONE', #106 ) ;
#1838 = DIRECTION ( 'NONE',  ( 3.469446951953615175E-16, 0.000000000000000000, 1.000000000000000000 ) ) ;
#1839 = ORIENTED_EDGE ( 'NONE', *, *, #4372, .F. ) ;
#1840 = ORIENTED_EDGE ( 'NONE', *, *, #275, .T. ) ;
#1841 = ORIENTED_EDGE ( 'NONE', *, *, #4508, .T. ) ;
#1842 = CARTESIAN_POINT ( 'NONE',  ( -9.525000000000025224, 4.999999999999997335, -73.45799999999941576 ) ) ;
#1843 = EDGE_CURVE ( 'NONE', #2649, #4068, #4276, .T. ) ;
#1844 = CARTESIAN_POINT ( 'NONE',  ( -9.525000000000016342, 25.00000000000001776, -43.74999999999998579 ) ) ;
#1845 = CARTESIAN_POINT ( 'NONE',  ( -9.525000000000028777, 49.83200000000000074, -78.95799999999987051 ) ) ;
#1846 = DIRECTION ( 'NONE',  ( 0.000000000000000000, 0.000000000000000000, 1.000000000000000000 ) ) ;
#1847 = VECTOR ( 'NONE', #494, 1000.000000000000000 ) ;
#1848 = ORIENTED_EDGE ( 'NONE', *, *, #3260, .F. ) ;
#1849 = VECTOR ( 'NONE', #2143, 1000.000000000000114 ) ;
#1850 = CARTESIAN_POINT ( 'NONE',  ( -2.949029909160572061E-14, 61.03999999999999915, -87.41599999999999682 ) ) ;
#1851 = ORIENTED_EDGE ( 'NONE', *, *, #453, .F. ) ;
#1852 = DIRECTION ( 'NONE',  ( -1.000000000000000000, 0.000000000000000000, 3.469446951953616654E-16 ) ) ;
#1853 = CARTESIAN_POINT ( 'NONE',  ( -2.255140518769849223E-14, 61.04000000000002046, -64.99999999999998579 ) ) ;
#1854 = CIRCLE ( 'NONE', #3896, 20.49999999999996447 ) ;
#1855 = CIRCLE ( 'NONE', #1772, 2.750000000000002665 ) ;
#1856 = VERTEX_POINT ( 'NONE', #1685 ) ;
#1857 = CIRCLE ( 'NONE', #4063, 2.750000000000002665 ) ;
#1858 = AXIS2_PLACEMENT_3D ( 'NONE', #4413, #3968, #4726 ) ;
#1859 = DIRECTION ( 'NONE',  ( 3.469446951953618133E-16, 0.000000000000000000, 1.000000000000000000 ) ) ;
#1860 = VECTOR ( 'NONE', #910, 1000.000000000000000 ) ;
#1861 = ORIENTED_EDGE ( 'NONE', *, *, #1004, .F. ) ;
#1862 = LINE ( 'NONE', #1455, #2798 ) ;
#1863 = CARTESIAN_POINT ( 'NONE',  ( 12.00000000000000000, 4.525000000000000355, -9.499999999999998224 ) ) ;
#1864 = DIRECTION ( 'NONE',  ( 3.469446951953615175E-16, 0.000000000000000000, 1.000000000000000000 ) ) ;
#1865 = DIRECTION ( 'NONE',  ( -6.891185695247819126E-16, -1.000000000000000000, 0.000000000000000000 ) ) ;
#1866 = VERTEX_POINT ( 'NONE', #1306 ) ;
#1867 = FACE_BOUND ( 'NONE', #4061, .T. ) ;
#1868 = ORIENTED_EDGE ( 'NONE', *, *, #147, .F. ) ;
#1869 = CYLINDRICAL_SURFACE ( 'NONE', #1160, 2.950000000000001066 ) ;
#1870 = CIRCLE ( 'NONE', #3094, 2.750000000000009326 ) ;
#1871 = ORIENTED_EDGE ( 'NONE', *, *, #273, .T. ) ;
#1872 = VERTEX_POINT ( 'NONE', #2869 ) ;
#1873 = FACE_OUTER_BOUND ( 'NONE', #3182, .T. ) ;
#1874 = CARTESIAN_POINT ( 'NONE',  ( -9.525000000000035882, 38.62400000000000233, -98.62399999999976785 ) ) ;
#1875 = EDGE_CURVE ( 'NONE', #1274, #3373, #4438, .T. ) ;
#1876 = DIRECTION ( 'NONE',  ( -1.000000000000000000, 0.000000000000000000, 3.469446951953617147E-16 ) ) ;
#1877 = DIRECTION ( 'NONE',  ( 3.469446951953615175E-16, 0.000000000000000000, 1.000000000000000000 ) ) ;
#1878 = EDGE_CURVE ( 'NONE', #3640, #4123, #2481, .T. ) ;
#1879 = CARTESIAN_POINT ( 'NONE',  ( 12.00000000000000000, 4.525000000000000355, -18.50000000000000000 ) ) ;
#1880 = FACE_OUTER_BOUND ( 'NONE', #1021, .T. ) ;
#1881 = DIRECTION ( 'NONE',  ( -1.000000000000000000, 0.000000000000000000, 3.469446951953617147E-16 ) ) ;
#1882 = ORIENTED_EDGE ( 'NONE', *, *, #794, .F. ) ;
#1883 = DIRECTION ( 'NONE',  ( -1.000000000000000000, 0.000000000000000000, 3.469446951953616654E-16 ) ) ;
#1884 = VERTEX_POINT ( 'NONE', #149 ) ;
#1885 = DIRECTION ( 'NONE',  ( 0.000000000000000000, -0.000000000000000000, 1.000000000000000000 ) ) ;
#1886 = CYLINDRICAL_SURFACE ( 'NONE', #4407, 2.250000000000015987 ) ;
#1887 = ORIENTED_EDGE ( 'NONE', *, *, #1234, .T. ) ;
#1888 = DIRECTION ( 'NONE',  ( 1.000000000000000000, 0.000000000000000000, 0.000000000000000000 ) ) ;
#1889 = AXIS2_PLACEMENT_3D ( 'NONE', #3553, #1154, #1960 ) ;
#1890 = VERTEX_POINT ( 'NONE', #1709 ) ;
#1891 = VECTOR ( 'NONE', #547, 1000.000000000000000 ) ;
#1892 = VERTEX_POINT ( 'NONE', #2893 ) ;
#1893 = DIRECTION ( 'NONE',  ( 0.000000000000000000, 0.000000000000000000, -1.000000000000000000 ) ) ;
#1894 = CIRCLE ( 'NONE', #3116, 2.750000000000002665 ) ;
#1895 = EDGE_LOOP ( 'NONE', ( #371, #4899, #2257, #245 ) ) ;
#1896 = CIRCLE ( 'NONE', #4030, 4.500000000000000888 ) ;
#1897 = CYLINDRICAL_SURFACE ( 'NONE', #2177, 2.750000000000002665 ) ;
#1898 = CARTESIAN_POINT ( 'NONE',  ( 1.437091981433219735E-15, 56.04000000000004889, 4.142135623731054039 ) ) ;
#1899 = CARTESIAN_POINT ( 'NONE',  ( -3.469446951953614189E-14, 27.41600000000000392, -98.62399999999963995 ) ) ;
#1900 = CARTESIAN_POINT ( 'NONE',  ( -4.163336342344337027E-14, 61.04000000000002046, -121.0400000000000347 ) ) ;
#1901 = ORIENTED_EDGE ( 'NONE', *, *, #2563, .T. ) ;
#1902 = EDGE_CURVE ( 'NONE', #4895, #2674, #4462, .T. ) ;
#1903 = EDGE_CURVE ( 'NONE', #1049, #291, #2875, .T. ) ;
#1904 = DIRECTION ( 'NONE',  ( -1.000000000000000000, 0.000000000000000000, 3.469446951953616161E-16 ) ) ;
#1905 = ORIENTED_EDGE ( 'NONE', *, *, #4294, .F. ) ;
#1906 = DIRECTION ( 'NONE',  ( -1.000000000000000000, 0.000000000000000000, 3.469446951953616654E-16 ) ) ;
#1907 = VERTEX_POINT ( 'NONE', #1513 ) ;
#1908 = EDGE_CURVE ( 'NONE', #1315, #4449, #2304, .T. ) ;
#1909 = DIRECTION ( 'NONE',  ( -0.8779095519917469170, 0.4788265014821655452, 0.000000000000000000 ) ) ;
#1910 = ORIENTED_EDGE ( 'NONE', *, *, #1878, .T. ) ;
#1911 = CARTESIAN_POINT ( 'NONE',  ( 12.00000000000000000, 9.525000000000000355, -46.00000000000000000 ) ) ;
#1912 = CYLINDRICAL_SURFACE ( 'NONE', #1540, 2.750000000000009326 ) ;
#1913 = DIRECTION ( 'NONE',  ( 1.000000000000000000, 0.000000000000000000, 0.000000000000000000 ) ) ;
#1914 = ORIENTED_EDGE ( 'NONE', *, *, #4236, .T. ) ;
#1915 = DIRECTION ( 'NONE',  ( -1.000000000000000000, 0.000000000000000000, 3.469446951953617147E-16 ) ) ;
#1916 = VERTEX_POINT ( 'NONE', #2582 ) ;
#1917 = FACE_OUTER_BOUND ( 'NONE', #4488, .T. ) ;
#1918 = EDGE_LOOP ( 'NONE', ( #4669, #1983 ) ) ;
#1919 = DIRECTION ( 'NONE',  ( -1.000000000000000000, 0.000000000000000000, 3.469446951953617147E-16 ) ) ;
#1920 = CARTESIAN_POINT ( 'NONE',  ( -9.524999999999987921, 33.02000000000002444, 33.01999999999999602 ) ) ;
#1921 = CARTESIAN_POINT ( 'NONE',  ( 48.00000000000000000, 9.525000000000000355, -14.00000000000000355 ) ) ;
#1922 = EDGE_CURVE ( 'NONE', #3461, #1733, #675, .T. ) ;
#1923 = DIRECTION ( 'NONE',  ( 0.000000000000000000, 0.000000000000000000, -1.000000000000000000 ) ) ;
#1924 = CARTESIAN_POINT ( 'NONE',  ( -3.469446951953614189E-14, 38.62400000000000233, -98.62399999999976785 ) ) ;
#1925 = VERTEX_POINT ( 'NONE', #3734 ) ;
#1926 = LINE ( 'NONE', #3491, #2513 ) ;
#1927 = DIRECTION ( 'NONE',  ( -1.000000000000000000, -0.000000000000000000, 3.469446951953616654E-16 ) ) ;
#1928 = ADVANCED_FACE ( 'NONE', ( #4519 ), #2971, .F. ) ;
#1929 = ORIENTED_EDGE ( 'NONE', *, *, #997, .F. ) ;
#1930 = EDGE_CURVE ( 'NONE', #4521, #2970, #4690, .T. ) ;
#1931 = CIRCLE ( 'NONE', #3893, 2.750000000000002665 ) ;
#1932 = CARTESIAN_POINT ( 'NONE',  ( -9.525000000000014566, 13.68629150101525305, -41.31370849898469544 ) ) ;
#1933 = ORIENTED_EDGE ( 'NONE', *, *, #4265, .T. ) ;
#1934 = LINE ( 'NONE', #4673, #2382 ) ;
#1935 = EDGE_CURVE ( 'NONE', #3518, #574, #1964, .T. ) ;
#1936 = CYLINDRICAL_SURFACE ( 'NONE', #635, 25.00000000000000000 ) ;
#1937 = DIRECTION ( 'NONE',  ( 0.000000000000000000, 0.000000000000000000, -1.000000000000000000 ) ) ;
#1938 = VECTOR ( 'NONE', #4511, 1000.000000000000000 ) ;
#1939 = AXIS2_PLACEMENT_3D ( 'NONE', #2554, #222, #3420 ) ;
#1940 = ORIENTED_EDGE ( 'NONE', *, *, #313, .T. ) ;
#1941 = DIRECTION ( 'NONE',  ( -0.000000000000000000, 1.000000000000000000, -0.000000000000000000 ) ) ;
#1942 = VECTOR ( 'NONE', #3848, 1000.000000000000000 ) ;
#1943 = AXIS2_PLACEMENT_3D ( 'NONE', #3639, #112, #905 ) ;
#1944 = ORIENTED_EDGE ( 'NONE', *, *, #1986, .F. ) ;
#1945 = AXIS2_PLACEMENT_3D ( 'NONE', #2115, #2175, #576 ) ;
#1946 = CIRCLE ( 'NONE', #4826, 2.750000000000009326 ) ;
#1947 = CARTESIAN_POINT ( 'NONE',  ( -4.163336342344337027E-14, 16.20799999999999841, -121.0399999999995231 ) ) ;
#1948 = DIRECTION ( 'NONE',  ( -1.000000000000000000, 0.000000000000000000, 3.469446951953616654E-16 ) ) ;
#1949 = CIRCLE ( 'NONE', #4828, 2.750000000000002665 ) ;
#1950 = ORIENTED_EDGE ( 'NONE', *, *, #1695, .F. ) ;
#1951 = EDGE_CURVE ( 'NONE', #1458, #987, #3440, .T. ) ;
#1952 = CARTESIAN_POINT ( 'NONE',  ( -4.336808689942017736E-14, 5.898059818321144121E-14, -126.0399999999999920 ) ) ;
#1953 = DIRECTION ( 'NONE',  ( 0.000000000000000000, 1.000000000000000000, 0.000000000000000000 ) ) ;
#1954 = CARTESIAN_POINT ( 'NONE',  ( -3.911801438327699998E-14, 4.999999999999997335, -112.5819999999994252 ) ) ;
#1955 = EDGE_LOOP ( 'NONE', ( #1527, #2685 ) ) ;
#1956 = CYLINDRICAL_SURFACE ( 'NONE', #434, 2.750000000000002665 ) ;
#1957 = DIRECTION ( 'NONE',  ( 6.308085367188383338E-16, 0.000000000000000000, 1.000000000000000000 ) ) ;
#1958 = CARTESIAN_POINT ( 'NONE',  ( -4.067926551165612636E-14, 61.04000000000002046, -118.2900000000000347 ) ) ;
#1959 = ORIENTED_EDGE ( 'NONE', *, *, #1112, .T. ) ;
#1960 = DIRECTION ( 'NONE',  ( 3.469446951953626515E-16, 0.000000000000000000, 1.000000000000000000 ) ) ;
#1961 = EDGE_CURVE ( 'NONE', #2526, #4730, #3838, .T. ) ;
#1962 = CIRCLE ( 'NONE', #4843, 10.00000000000000178 ) ;
#1963 = CARTESIAN_POINT ( 'NONE',  ( 12.00000000000000000, 9.525000000000000355, -46.00000000000000000 ) ) ;
#1964 = CIRCLE ( 'NONE', #2628, 2.750000000000002665 ) ;
#1965 = VECTOR ( 'NONE', #4428, 1000.000000000000000 ) ;
#1966 = LINE ( 'NONE', #3055, #4169 ) ;
#1967 = EDGE_LOOP ( 'NONE', ( #813, #5059 ) ) ;
#1968 = VECTOR ( 'NONE', #2865, 1000.000000000000000 ) ;
#1969 = AXIS2_PLACEMENT_3D ( 'NONE', #2156, #690, #1859 ) ;
#1970 = FACE_BOUND ( 'NONE', #3308, .T. ) ;
#1971 = CARTESIAN_POINT ( 'NONE',  ( -9.525000000000037659, 4.999999999999997335, -107.0819999999994110 ) ) ;
#1972 = CIRCLE ( 'NONE', #28, 2.750000000000002665 ) ;
#1973 = DIRECTION ( 'NONE',  ( 0.000000000000000000, 0.000000000000000000, -1.000000000000000000 ) ) ;
#1974 = ADVANCED_FACE ( 'NONE', ( #3341 ), #1869, .F. ) ;
#1975 = DIRECTION ( 'NONE',  ( -1.000000000000000000, 0.000000000000000000, 3.469446951953616161E-16 ) ) ;
#1976 = ORIENTED_EDGE ( 'NONE', *, *, #4532, .T. ) ;
#1977 = DIRECTION ( 'NONE',  ( 0.000000000000000000, 0.000000000000000000, 1.000000000000000000 ) ) ;
#1978 = DIRECTION ( 'NONE',  ( 1.000000000000000000, -0.000000000000000000, -3.469446951953616654E-16 ) ) ;
#1979 = VERTEX_POINT ( 'NONE', #2254 ) ;
#1980 = CARTESIAN_POINT ( 'NONE',  ( -2.949029909160572061E-14, 4.999999999999997335, -87.41599999999941417 ) ) ;
#1981 = ADVANCED_FACE ( 'NONE', ( #616 ), #1411, .F. ) ;
#1982 = EDGE_LOOP ( 'NONE', ( #1998, #4096 ) ) ;
#1983 = ORIENTED_EDGE ( 'NONE', *, *, #523, .T. ) ;
#1984 = CARTESIAN_POINT ( 'NONE',  ( 47.99999999999998579, 9.525000000000000355, -46.00000000000000711 ) ) ;
#1985 = LINE ( 'NONE', #1497, #384 ) ;
#1986 = EDGE_CURVE ( 'NONE', #202, #2659, #1434, .T. ) ;
#1987 = EDGE_CURVE ( 'NONE', #641, #2484, #1491, .T. ) ;
#1988 = CYLINDRICAL_SURFACE ( 'NONE', #4764, 2.950000000000001066 ) ;
#1989 = EDGE_CURVE ( 'NONE', #357, #4049, #2459, .T. ) ;
#1990 = FACE_OUTER_BOUND ( 'NONE', #249, .T. ) ;
#1991 = ORIENTED_EDGE ( 'NONE', *, *, #4900, .F. ) ;
#1992 = EDGE_CURVE ( 'NONE', #613, #526, #4103, .T. ) ;
#1993 = EDGE_CURVE ( 'NONE', #4784, #665, #92, .T. ) ;
#1994 = FACE_BOUND ( 'NONE', #3595, .T. ) ;
#1995 = CARTESIAN_POINT ( 'NONE',  ( -1.595945597898663158E-14, 25.00000000000001776, -45.99999999999998579 ) ) ;
#1996 = CYLINDRICAL_SURFACE ( 'NONE', #3077, 5.000000000000004441 ) ;
#1997 = LINE ( 'NONE', #3219, #892 ) ;
#1998 = ORIENTED_EDGE ( 'NONE', *, *, #1247, .T. ) ;
#1999 = EDGE_CURVE ( 'NONE', #2125, #3060, #1464, .T. ) ;
#2000 = FACE_BOUND ( 'NONE', #1186, .T. ) ;
#2001 = DIRECTION ( 'NONE',  ( 3.469446951953617147E-16, 2.101421533587893380E-16, 1.000000000000000000 ) ) ;
#2002 = CARTESIAN_POINT ( 'NONE',  ( -2.949029909160572061E-14, 16.20799999999999841, -87.41599999999952786 ) ) ;
#2003 = ORIENTED_EDGE ( 'NONE', *, *, #4040, .F. ) ;
#2004 = CIRCLE ( 'NONE', #53, 25.00000000000000000 ) ;
#2005 = EDGE_CURVE ( 'NONE', #1494, #1925, #3048, .T. ) ;
#2006 = CARTESIAN_POINT ( 'NONE',  ( 3.469446951953614189E-15, 56.58999999999999631, 9.450000000000031264 ) ) ;
#2007 = AXIS2_PLACEMENT_3D ( 'NONE', #4188, #3689, #1030 ) ;
#2008 = CIRCLE ( 'NONE', #1039, 2.750000000000002665 ) ;
#2009 = VERTEX_POINT ( 'NONE', #725 ) ;
#2010 = CARTESIAN_POINT ( 'NONE',  ( -9.525000000000007461, 36.31370849898480202, -18.68629150101524417 ) ) ;
#2011 = FACE_OUTER_BOUND ( 'NONE', #2285, .T. ) ;
#2012 = ORIENTED_EDGE ( 'NONE', *, *, #4809, .F. ) ;
#2013 = CIRCLE ( 'NONE', #2505, 2.750000000000002665 ) ;
#2014 = FACE_BOUND ( 'NONE', #4645, .T. ) ;
#2015 = CARTESIAN_POINT ( 'NONE',  ( -9.525000000000042988, 27.41600000000000392, -121.0399999999996510 ) ) ;
#2016 = AXIS2_PLACEMENT_3D ( 'NONE', #2032, #857, #2885 ) ;
#2017 = DIRECTION ( 'NONE',  ( 0.000000000000000000, 0.000000000000000000, 1.000000000000000000 ) ) ;
#2018 = ORIENTED_EDGE ( 'NONE', *, *, #4870, .T. ) ;
#2019 = CIRCLE ( 'NONE', #560, 2.250000000000001776 ) ;
#2020 = AXIS2_PLACEMENT_3D ( 'NONE', #4788, #64, #1620 ) ;
#2021 = FACE_BOUND ( 'NONE', #4475, .T. ) ;
#2022 = CARTESIAN_POINT ( 'NONE',  ( -9.525000000000030553, 61.03999999999999915, -87.41599999999999682 ) ) ;
#2023 = CARTESIAN_POINT ( 'NONE',  ( -3.816391647148975608E-14, 49.83200000000000074, -109.8319999999998799 ) ) ;
#2024 = EDGE_CURVE ( 'NONE', #1437, #1884, #1075, .T. ) ;
#2025 = DIRECTION ( 'NONE',  ( -1.000000000000000000, 0.000000000000000000, 3.469446951953616654E-16 ) ) ;
#2026 = CIRCLE ( 'NONE', #1788, 4.500000000000000888 ) ;
#2027 = CARTESIAN_POINT ( 'NONE',  ( -3.720981855970251218E-14, 27.41600000000000392, -107.0819999999996384 ) ) ;
#2028 = ORIENTED_EDGE ( 'NONE', *, *, #3636, .F. ) ;
#2029 = FACE_BOUND ( 'NONE', #4871, .T. ) ;
#2030 = DIRECTION ( 'NONE',  ( 1.000000000000000000, -0.000000000000000000, -3.469446951953616654E-16 ) ) ;
#2031 = EDGE_LOOP ( 'NONE', ( #883, #2196, #1820, #724 ) ) ;
#2032 = CARTESIAN_POINT ( 'NONE',  ( -3.816391647148975608E-14, 4.999999999999997335, -109.8319999999994110 ) ) ;
#2033 = ORIENTED_EDGE ( 'NONE', *, *, #4520, .T. ) ;
#2034 = CARTESIAN_POINT ( 'NONE',  ( -3.911801438327699998E-14, 49.83200000000000074, -112.5819999999998799 ) ) ;
#2035 = DIRECTION ( 'NONE',  ( -1.000000000000000000, 0.000000000000000000, 3.469446951953617147E-16 ) ) ;
#2036 = EDGE_LOOP ( 'NONE', ( #1194, #4724 ) ) ;
#2037 = EDGE_CURVE ( 'NONE', #3519, #1384, #2746, .T. ) ;
#2038 = FACE_BOUND ( 'NONE', #5010, .T. ) ;
#2039 = DIRECTION ( 'NONE',  ( -1.000000000000000000, 0.000000000000000000, 3.469446951953617147E-16 ) ) ;
#2040 = CYLINDRICAL_SURFACE ( 'NONE', #2363, 2.750000000000002665 ) ;
#2041 = AXIS2_PLACEMENT_3D ( 'NONE', #1898, #3768, #5015 ) ;
#2042 = VERTEX_POINT ( 'NONE', #4360 ) ;
#2043 = VECTOR ( 'NONE', #922, 1000.000000000000000 ) ;
#2044 = VECTOR ( 'NONE', #3419, 1000.000000000000000 ) ;
#2045 = DIRECTION ( 'NONE',  ( 3.469446951953616161E-16, 0.000000000000000000, 1.000000000000000000 ) ) ;
#2046 = CARTESIAN_POINT ( 'NONE',  ( 0.000000000000000000, 0.000000000000000000, -3.851859888774471706E-31 ) ) ;
#2047 = CARTESIAN_POINT ( 'NONE',  ( 48.00000000000000000, 4.525000000000000355, -18.50000000000000355 ) ) ;
#2048 = AXIS2_PLACEMENT_3D ( 'NONE', #4017, #3282, #4797 ) ;
#2049 = ORIENTED_EDGE ( 'NONE', *, *, #3636, .T. ) ;
#2050 = AXIS2_PLACEMENT_3D ( 'NONE', #2905, #2218, #1782 ) ;
#2051 = EDGE_CURVE ( 'NONE', #4476, #2198, #3351, .T. ) ;
#2052 = CIRCLE ( 'NONE', #3691, 2.750000000000002665 ) ;
#2053 = FACE_BOUND ( 'NONE', #3256, .T. ) ;
#2054 = DIRECTION ( 'NONE',  ( 6.308085367188367561E-16, 0.000000000000000000, 1.000000000000000000 ) ) ;
#2055 = CARTESIAN_POINT ( 'NONE',  ( -2.949029909160572061E-14, 61.03999999999999915, -87.41599999999999682 ) ) ;
#2056 = ADVANCED_FACE ( 'NONE', ( #3530 ), #772, .F. ) ;
#2057 = DIRECTION ( 'NONE',  ( -1.000000000000000000, 0.000000000000000000, 3.469446951953617147E-16 ) ) ;
#2058 = VERTEX_POINT ( 'NONE', #2331 ) ;
#2059 = CARTESIAN_POINT ( 'NONE',  ( -4.163336342344337027E-14, 4.999999999999997335, -121.0399999999994094 ) ) ;
#2060 = CARTESIAN_POINT ( 'NONE',  ( 47.99999999999998579, 4.525000000000000355, -41.50000000000000711 ) ) ;
#2061 = ORIENTED_EDGE ( 'NONE', *, *, #3005, .F. ) ;
#2062 = ORIENTED_EDGE ( 'NONE', *, *, #3298, .F. ) ;
#2063 = DIRECTION ( 'NONE',  ( 3.469446951953615175E-16, 0.000000000000000000, 1.000000000000000000 ) ) ;
#2064 = ADVANCED_FACE ( 'NONE', ( #3864 ), #3135, .F. ) ;
#2065 = DIRECTION ( 'NONE',  ( -0.000000000000000000, -0.000000000000000000, -1.000000000000000000 ) ) ;
#2066 = ORIENTED_EDGE ( 'NONE', *, *, #4236, .F. ) ;
#2067 = CARTESIAN_POINT ( 'NONE',  ( -3.911801438327699998E-14, 38.62400000000000233, -112.5819999999997663 ) ) ;
#2068 = ORIENTED_EDGE ( 'NONE', *, *, #4220, .F. ) ;
#2069 = FACE_BOUND ( 'NONE', #4131, .T. ) ;
#2070 = DIRECTION ( 'NONE',  ( 6.308085367188383338E-16, 0.000000000000000000, 1.000000000000000000 ) ) ;
#2071 = CARTESIAN_POINT ( 'NONE',  ( -9.525000000000014566, 13.68629150101525305, -39.06370849898469544 ) ) ;
#2072 = EDGE_LOOP ( 'NONE', ( #3717, #318, #1432, #4796 ) ) ;
#2073 = CARTESIAN_POINT ( 'NONE',  ( -1.465841337200402941E-14, 24.99999999999999645, -42.24999999999999289 ) ) ;
#2074 = FACE_OUTER_BOUND ( 'NONE', #1015, .T. ) ;
#2075 = ORIENTED_EDGE ( 'NONE', *, *, #1308, .T. ) ;
#2076 = EDGE_CURVE ( 'NONE', #3424, #1907, #410, .T. ) ;
#2077 = CARTESIAN_POINT ( 'NONE',  ( -9.525000000000028777, 38.62400000000000233, -84.66599999999975523 ) ) ;
#2078 = DIRECTION ( 'NONE',  ( 3.469446951953615175E-16, 0.000000000000000000, 1.000000000000000000 ) ) ;
#2079 = FACE_OUTER_BOUND ( 'NONE', #900, .T. ) ;
#2080 = AXIS2_PLACEMENT_3D ( 'NONE', #3215, #4050, #2824 ) ;
#2081 = EDGE_CURVE ( 'NONE', #944, #1512, #459, .T. ) ;
#2082 = EDGE_LOOP ( 'NONE', ( #674, #1354 ) ) ;
#2083 = ORIENTED_EDGE ( 'NONE', *, *, #355, .F. ) ;
#2084 = VECTOR ( 'NONE', #4553, 1000.000000000000000 ) ;
#2085 = DIRECTION ( 'NONE',  ( -1.000000000000000000, 0.000000000000000000, 3.469446951953616654E-16 ) ) ;
#2086 = DIRECTION ( 'NONE',  ( -1.000000000000000000, 0.000000000000000000, 3.469446951953616161E-16 ) ) ;
#2087 = AXIS2_PLACEMENT_3D ( 'NONE', #1484, #693, #1509 ) ;
#2088 = ORIENTED_EDGE ( 'NONE', *, *, #1144, .T. ) ;
#2089 = CIRCLE ( 'NONE', #65, 2.750000000000002665 ) ;
#2090 = CARTESIAN_POINT ( 'NONE',  ( -2.949029909160572061E-14, 27.41600000000000392, -87.41599999999964155 ) ) ;
#2091 = CARTESIAN_POINT ( 'NONE',  ( -9.525000000000027001, 4.999999999999997335, -76.20799999999941576 ) ) ;
#2092 = DIRECTION ( 'NONE',  ( -1.000000000000000000, 0.000000000000000000, 3.469446951953616654E-16 ) ) ;
#2093 = AXIS2_PLACEMENT_3D ( 'NONE', #2151, #3382, #606 ) ;
#2094 = CIRCLE ( 'NONE', #4988, 2.750000000000002665 ) ;
#2095 = AXIS2_PLACEMENT_3D ( 'NONE', #3744, #1388, #682 ) ;
#2096 = DIRECTION ( 'NONE',  ( 6.308085367188383338E-16, 0.000000000000000000, 1.000000000000000000 ) ) ;
#2097 = CARTESIAN_POINT ( 'NONE',  ( -4.163336342344337027E-14, 4.999999999999997335, -121.0399999999994094 ) ) ;
#2098 = ORIENTED_EDGE ( 'NONE', *, *, #3682, .T. ) ;
#2099 = ORIENTED_EDGE ( 'NONE', *, *, #1103, .F. ) ;
#2100 = ORIENTED_EDGE ( 'NONE', *, *, #4947, .T. ) ;
#2101 = VECTOR ( 'NONE', #2316, 1000.000000000000000 ) ;
#2102 = DIRECTION ( 'NONE',  ( -1.000000000000000000, 0.000000000000000000, 3.469446951953617147E-16 ) ) ;
#2103 = APPLICATION_PROTOCOL_DEFINITION ( 'draft international standard', 'automotive_design', 1998, #4086 ) ;
#2104 = DIRECTION ( 'NONE',  ( -1.000000000000000000, 0.000000000000000000, 3.469446951953616654E-16 ) ) ;
#2105 = CARTESIAN_POINT ( 'NONE',  ( 12.00000000000000000, 4.525000000000000355, -46.00000000000000000 ) ) ;
#2106 = VERTEX_POINT ( 'NONE', #1177 ) ;
#2107 = VERTEX_POINT ( 'NONE', #2791 ) ;
#2108 = ADVANCED_FACE ( 'NONE', ( #1917 ), #3886, .F. ) ;
#2109 = DIRECTION ( 'NONE',  ( -1.000000000000000000, 0.000000000000000000, 3.469446951953617147E-16 ) ) ;
#2110 = CARTESIAN_POINT ( 'NONE',  ( -9.525000000000014566, 36.31370849898480202, -39.06370849898473097 ) ) ;
#2111 = VERTEX_POINT ( 'NONE', #76 ) ;
#2112 = EDGE_CURVE ( 'NONE', #2570, #4763, #3932, .T. ) ;
#2113 = AXIS2_PLACEMENT_3D ( 'NONE', #3537, #792, #1544 ) ;
#2114 = CARTESIAN_POINT ( 'NONE',  ( -4.258746133523061417E-14, 38.62400000000000233, -123.7899999999997647 ) ) ;
#2115 = CARTESIAN_POINT ( 'NONE',  ( -3.816391647148975608E-14, 4.999999999999997335, -109.8319999999994110 ) ) ;
#2116 = ORIENTED_EDGE ( 'NONE', *, *, #806, .F. ) ;
#2117 = VECTOR ( 'NONE', #3400, 1000.000000000000000 ) ;
#2118 = EDGE_CURVE ( 'NONE', #1120, #1745, #4288, .T. ) ;
#2119 = DIRECTION ( 'NONE',  ( 3.469446951953615175E-16, 0.000000000000000000, 1.000000000000000000 ) ) ;
#2120 = AXIS2_PLACEMENT_3D ( 'NONE', #1678, #3230, #2426 ) ;
#2121 = CARTESIAN_POINT ( 'NONE',  ( 1.998401444325281457E-14, 56.59000000000000341, 59.18999999999996930 ) ) ;
#2122 = AXIS2_PLACEMENT_3D ( 'NONE', #4739, #3241, #379 ) ;
#2123 = ORIENTED_EDGE ( 'NONE', *, *, #1469, .F. ) ;
#2124 = VERTEX_POINT ( 'NONE', #3580 ) ;
#2125 = VERTEX_POINT ( 'NONE', #9 ) ;
#2126 = AXIS2_PLACEMENT_3D ( 'NONE', #2976, #3458, #4551 ) ;
#2127 = LINE ( 'NONE', #585, #1814 ) ;
#2128 = EDGE_LOOP ( 'NONE', ( #4493, #2921 ) ) ;
#2129 = EDGE_CURVE ( 'NONE', #2400, #162, #336, .T. ) ;
#2130 = CARTESIAN_POINT ( 'NONE',  ( -2.081668171172169460E-14, 66.04000000000013415, -59.99999999999999289 ) ) ;
#2131 = CARTESIAN_POINT ( 'NONE',  ( -2.255140518769849223E-14, 38.62400000000000233, -64.99999999999975842 ) ) ;
#2132 = ORIENTED_EDGE ( 'NONE', *, *, #2337, .F. ) ;
#2133 = ORIENTED_EDGE ( 'NONE', *, *, #3560, .T. ) ;
#2134 = AXIS2_PLACEMENT_3D ( 'NONE', #2366, #4637, #3437 ) ;
#2135 = VERTEX_POINT ( 'NONE', #4650 ) ;
#2136 = VERTEX_POINT ( 'NONE', #810 ) ;
#2137 = CARTESIAN_POINT ( 'NONE',  ( -2.949029909160572061E-14, 16.20799999999999841, -87.41599999999952786 ) ) ;
#2138 = CARTESIAN_POINT ( 'NONE',  ( -4.067926551165612636E-14, 49.83200000000000074, -118.2899999999998784 ) ) ;
#2139 = ORIENTED_EDGE ( 'NONE', *, *, #2769, .F. ) ;
#2140 = CYLINDRICAL_SURFACE ( 'NONE', #1489, 2.950000000000001066 ) ;
#2141 = FACE_BOUND ( 'NONE', #2787, .T. ) ;
#2142 = ADVANCED_FACE ( 'NONE', ( #3114 ), #358, .F. ) ;
#2143 = DIRECTION ( 'NONE',  ( -2.453269466693388760E-16, 0.7071067811865507924, -0.7071067811865442421 ) ) ;
#2144 = ADVANCED_FACE ( 'NONE', ( #4309 ), #789, .F. ) ;
#2145 = DIRECTION ( 'NONE',  ( 1.000000000000000000, -0.000000000000000000, -3.469446951953616654E-16 ) ) ;
#2146 = ADVANCED_FACE ( 'NONE', ( #3937 ), #440, .F. ) ;
#2147 = EDGE_CURVE ( 'NONE', #328, #297, #1644, .T. ) ;
#2148 = ORIENTED_EDGE ( 'NONE', *, *, #1935, .T. ) ;
#2149 = FACE_BOUND ( 'NONE', #1982, .T. ) ;
#2150 = LINE ( 'NONE', #1034, #3118 ) ;
#2151 = CARTESIAN_POINT ( 'NONE',  ( -2.602085213965210642E-14, 27.41600000000000392, -76.20799999999964314 ) ) ;
#2152 = EDGE_LOOP ( 'NONE', ( #1349, #3224 ) ) ;
#2153 = VERTEX_POINT ( 'NONE', #4409 ) ;
#2154 = EDGE_CURVE ( 'NONE', #1612, #418, #1565, .T. ) ;
#2155 = EDGE_LOOP ( 'NONE', ( #474, #125 ) ) ;
#2156 = CARTESIAN_POINT ( 'NONE',  ( -2.255140518769849223E-14, 27.41600000000000392, -64.99999999999964473 ) ) ;
#2157 = EDGE_LOOP ( 'NONE', ( #4709, #2018 ) ) ;
#2158 = FACE_OUTER_BOUND ( 'NONE', #2533, .T. ) ;
#2159 = DIRECTION ( 'NONE',  ( 3.469446951953615175E-16, 0.000000000000000000, 1.000000000000000000 ) ) ;
#2160 = ORIENTED_EDGE ( 'NONE', *, *, #4550, .F. ) ;
#2161 = ORIENTED_EDGE ( 'NONE', *, *, #1183, .T. ) ;
#2162 = EDGE_CURVE ( 'NONE', #3672, #4, #20, .T. ) ;
#2163 = FACE_BOUND ( 'NONE', #2157, .T. ) ;
#2164 = AXIS2_PLACEMENT_3D ( 'NONE', #4523, #4130, #618 ) ;
#2165 = EDGE_LOOP ( 'NONE', ( #2579, #5021 ) ) ;
#2166 = DIRECTION ( 'NONE',  ( -1.000000000000000000, 0.000000000000000000, 3.469446951953616654E-16 ) ) ;
#2167 = ORIENTED_EDGE ( 'NONE', *, *, #3731, .T. ) ;
#2168 = DIRECTION ( 'NONE',  ( -1.000000000000000000, 0.000000000000000000, 3.469446951953616654E-16 ) ) ;
#2169 = ORIENTED_EDGE ( 'NONE', *, *, #3117, .F. ) ;
#2170 = AXIS2_PLACEMENT_3D ( 'NONE', #4446, #3662, #550 ) ;
#2171 = DIRECTION ( 'NONE',  ( 0.000000000000000000, 0.000000000000000000, -1.000000000000000000 ) ) ;
#2172 = CARTESIAN_POINT ( 'NONE',  ( 12.00000000000000000, 9.525000000000000355, -50.50000000000000000 ) ) ;
#2173 = AXIS2_PLACEMENT_3D ( 'NONE', #101, #1660, #4798 ) ;
#2174 = FACE_OUTER_BOUND ( 'NONE', #1576, .T. ) ;
#2175 = DIRECTION ( 'NONE',  ( -1.000000000000000000, 0.000000000000000000, 3.469446951953617147E-16 ) ) ;
#2176 = VERTEX_POINT ( 'NONE', #100 ) ;
#2177 = AXIS2_PLACEMENT_3D ( 'NONE', #1583, #2651, #4216 ) ;
#2178 = AXIS2_PLACEMENT_3D ( 'NONE', #1557, #3551, #1192 ) ;
#2179 = CIRCLE ( 'NONE', #884, 2.750000000000002665 ) ;
#2180 = FACE_BOUND ( 'NONE', #640, .T. ) ;
#2181 = EDGE_CURVE ( 'NONE', #287, #2673, #2726, .T. ) ;
#2182 = DIRECTION ( 'NONE',  ( 6.308085367188383338E-16, 0.000000000000000000, 1.000000000000000000 ) ) ;
#2183 = DIRECTION ( 'NONE',  ( 3.469446951953618133E-16, 0.000000000000000000, 1.000000000000000000 ) ) ;
#2184 = VECTOR ( 'NONE', #71, 1000.000000000000000 ) ;
#2185 = ORIENTED_EDGE ( 'NONE', *, *, #3686, .F. ) ;
#2186 = ORIENTED_EDGE ( 'NONE', *, *, #903, .T. ) ;
#2187 = EDGE_LOOP ( 'NONE', ( #4747, #1779 ) ) ;
#2188 = CIRCLE ( 'NONE', #4819, 2.750000000000002665 ) ;
#2189 = VECTOR ( 'NONE', #2250, 1000.000000000000000 ) ;
#2190 = CARTESIAN_POINT ( 'NONE',  ( -9.525000000000030553, 4.999999999999997335, -87.41599999999941417 ) ) ;
#2191 = ORIENTED_EDGE ( 'NONE', *, *, #256, .T. ) ;
#2192 = DIRECTION ( 'NONE',  ( -0.000000000000000000, -1.000000000000000000, -0.000000000000000000 ) ) ;
#2193 = LINE ( 'NONE', #1863, #2044 ) ;
#2194 = FACE_OUTER_BOUND ( 'NONE', #540, .T. ) ;
#2195 = ORIENTED_EDGE ( 'NONE', *, *, #4310, .T. ) ;
#2196 = ORIENTED_EDGE ( 'NONE', *, *, #1993, .F. ) ;
#2197 = CIRCLE ( 'NONE', #73, 2.750000000000009326 ) ;
#2198 = VERTEX_POINT ( 'NONE', #1730 ) ;
#2199 = EDGE_LOOP ( 'NONE', ( #1467, #190 ) ) ;
#2200 = DIRECTION ( 'NONE',  ( -1.000000000000000000, 0.000000000000000000, 3.469446951953617147E-16 ) ) ;
#2201 = EDGE_CURVE ( 'NONE', #2277, #2450, #564, .T. ) ;
#2202 = EDGE_LOOP ( 'NONE', ( #3653, #971, #2890, #3722 ) ) ;
#2203 = DIRECTION ( 'NONE',  ( -1.000000000000000000, 0.000000000000000000, 3.469446951953616654E-16 ) ) ;
#2204 = ORIENTED_EDGE ( 'NONE', *, *, #2129, .T. ) ;
#2205 = CARTESIAN_POINT ( 'NONE',  ( 47.99999999999998579, 4.525000000000000355, -50.50000000000000000 ) ) ;
#2206 = CARTESIAN_POINT ( 'NONE',  ( -9.524999999999998579, 56.58999999999999631, 6.850000000000040501 ) ) ;
#2207 = DIRECTION ( 'NONE',  ( -1.000000000000000000, 0.000000000000000000, 3.469446951953617147E-16 ) ) ;
#2208 = DIRECTION ( 'NONE',  ( -1.000000000000000000, 0.000000000000000000, 3.469446951953617147E-16 ) ) ;
#2209 = ORIENTED_EDGE ( 'NONE', *, *, #2154, .F. ) ;
#2210 = CARTESIAN_POINT ( 'NONE',  ( -9.525000000000035882, 4.999999999999997335, -98.62399999999941258 ) ) ;
#2211 = ORIENTED_EDGE ( 'NONE', *, *, #109, .F. ) ;
#2212 = CARTESIAN_POINT ( 'NONE',  ( 0.000000000000000000, 0.000000000000000000, -3.851859888774471706E-31 ) ) ;
#2213 = ORIENTED_EDGE ( 'NONE', *, *, #3891, .F. ) ;
#2214 = EDGE_CURVE ( 'NONE', #909, #1830, #2465, .T. ) ;
#2215 = AXIS2_PLACEMENT_3D ( 'NONE', #2015, #3119, #3588 ) ;
#2216 = CARTESIAN_POINT ( 'NONE',  ( -4.258746133523061417E-14, 27.41600000000000392, -123.7899999999996510 ) ) ;
#2217 = VECTOR ( 'NONE', #2671, 1000.000000000000000 ) ;
#2218 = DIRECTION ( 'NONE',  ( 1.000000000000000000, 0.000000000000000000, -3.469446951953616654E-16 ) ) ;
#2219 = EDGE_LOOP ( 'NONE', ( #3453, #1815, #1658, #993 ) ) ;
#2220 =( GEOMETRIC_REPRESENTATION_CONTEXT ( 3 ) GLOBAL_UNCERTAINTY_ASSIGNED_CONTEXT ( ( #1255 ) ) GLOBAL_UNIT_ASSIGNED_CONTEXT ( ( #1428, #667, #2638 ) ) REPRESENTATION_CONTEXT ( 'NONE', 'WORKASPACE' ) );
#2221 = DIRECTION ( 'NONE',  ( -1.000000000000000000, 0.000000000000000000, 3.469446951953616654E-16 ) ) ;
#2222 = CARTESIAN_POINT ( 'NONE',  ( -7.657439894623823849E-15, 45.17893218813449607, -20.86106781186563097 ) ) ;
#2223 = CARTESIAN_POINT ( 'NONE',  ( 60.00000000000000000, 9.525000000000000355, -7.500000000000000000 ) ) ;
#2224 = ORIENTED_EDGE ( 'NONE', *, *, #182, .F. ) ;
#2225 = EDGE_CURVE ( 'NONE', #2374, #3389, #4771, .T. ) ;
#2226 = VECTOR ( 'NONE', #1427, 1000.000000000000000 ) ;
#2227 = CIRCLE ( 'NONE', #97, 4.499999999999997335 ) ;
#2228 = ORIENTED_EDGE ( 'NONE', *, *, #443, .F. ) ;
#2229 = DIRECTION ( 'NONE',  ( 0.000000000000000000, 1.000000000000000000, 0.000000000000000000 ) ) ;
#2230 = VECTOR ( 'NONE', #1978, 1000.000000000000000 ) ;
#2231 = EDGE_LOOP ( 'NONE', ( #4495, #559, #4429, #3090 ) ) ;
#2232 = EDGE_CURVE ( 'NONE', #2789, #3309, #257, .T. ) ;
#2233 = ORIENTED_EDGE ( 'NONE', *, *, #2255, .F. ) ;
#2234 = EDGE_CURVE ( 'NONE', #1494, #2273, #4936, .T. ) ;
#2235 = CARTESIAN_POINT ( 'NONE',  ( 0.000000000000000000, 0.000000000000000000, -52.49999999999998579 ) ) ;
#2236 = CARTESIAN_POINT ( 'NONE',  ( -9.525000000000030553, 49.83200000000000074, -87.41599999999988313 ) ) ;
#2237 = DIRECTION ( 'NONE',  ( -1.000000000000000000, 0.000000000000000000, 3.469446951953617147E-16 ) ) ;
#2238 = CYLINDRICAL_SURFACE ( 'NONE', #4022, 2.250000000000001776 ) ;
#2239 = DIRECTION ( 'NONE',  ( 3.469446951953616654E-16, -1.892294191711369455E-16, 1.000000000000000000 ) ) ;
#2240 = DIRECTION ( 'NONE',  ( -0.000000000000000000, -1.000000000000000000, -5.832616427580964936E-33 ) ) ;
#2241 = EDGE_LOOP ( 'NONE', ( #349, #150 ) ) ;
#2242 = EDGE_LOOP ( 'NONE', ( #2825, #225 ) ) ;
#2243 = CYLINDRICAL_SURFACE ( 'NONE', #3856, 9.999999999999994671 ) ;
#2244 = EDGE_LOOP ( 'NONE', ( #802, #2160, #3011, #2169 ) ) ;
#2245 = DIRECTION ( 'NONE',  ( 0.000000000000000000, 0.000000000000000000, -1.000000000000000000 ) ) ;
#2246 = DIRECTION ( 'NONE',  ( 1.000000000000000000, 0.000000000000000000, -3.469446951953616654E-16 ) ) ;
#2247 = CARTESIAN_POINT ( 'NONE',  ( -2.853620117981847670E-14, 16.20799999999999841, -84.66599999999951365 ) ) ;
#2248 = ORIENTED_EDGE ( 'NONE', *, *, #2337, .T. ) ;
#2249 = VERTEX_POINT ( 'NONE', #1250 ) ;
#2250 = DIRECTION ( 'NONE',  ( -1.000000000000000000, 0.000000000000000000, 3.469446951953617147E-16 ) ) ;
#2251 = EDGE_CURVE ( 'NONE', #72, #2058, #168, .T. ) ;
#2252 = ORIENTED_EDGE ( 'NONE', *, *, #3584, .F. ) ;
#2253 = ORIENTED_EDGE ( 'NONE', *, *, #4115, .F. ) ;
#2254 = CARTESIAN_POINT ( 'NONE',  ( -4.258746133523061417E-14, 61.04000000000002046, -123.7900000000000347 ) ) ;
#2255 = EDGE_CURVE ( 'NONE', #3709, #2715, #1492, .T. ) ;
#2256 = ORIENTED_EDGE ( 'NONE', *, *, #247, .F. ) ;
#2257 = ORIENTED_EDGE ( 'NONE', *, *, #4708, .T. ) ;
#2258 = LINE ( 'NONE', #3457, #2595 ) ;
#2259 = CARTESIAN_POINT ( 'NONE',  ( 1.817990202823694150E-14, 56.59000000000000341, 53.98999999999998778 ) ) ;
#2260 = CARTESIAN_POINT ( 'NONE',  ( -3.469446951953614189E-14, 49.83200000000000074, -98.62399999999988154 ) ) ;
#2261 = CARTESIAN_POINT ( 'NONE',  ( -2.081668171172168513E-14, 66.04000000000007731, -59.99999999999999289 ) ) ;
#2262 = AXIS2_PLACEMENT_3D ( 'NONE', #649, #2203, #3766 ) ;
#2263 = VERTEX_POINT ( 'NONE', #3627 ) ;
#2264 = CIRCLE ( 'NONE', #4655, 5.000000000000004441 ) ;
#2265 = VECTOR ( 'NONE', #3127, 1000.000000000000000 ) ;
#2266 = CARTESIAN_POINT ( 'NONE',  ( -3.374037160774889799E-14, 27.41600000000000392, -95.87399999999963995 ) ) ;
#2267 = CARTESIAN_POINT ( 'NONE',  ( -2.159730727591124517E-14, 38.62400000000000233, -62.24999999999974420 ) ) ;
#2268 = LINE ( 'NONE', #3439, #2424 ) ;
#2269 = AXIS2_PLACEMENT_3D ( 'NONE', #2403, #4244, #3554 ) ;
#2270 = ORIENTED_EDGE ( 'NONE', *, *, #2527, .T. ) ;
#2271 = CYLINDRICAL_SURFACE ( 'NONE', #342, 2.750000000000002665 ) ;
#2272 = CIRCLE ( 'NONE', #726, 2.750000000000002665 ) ;
#2273 = VERTEX_POINT ( 'NONE', #485 ) ;
#2274 = CARTESIAN_POINT ( 'NONE',  ( -4.258746133523061417E-14, 4.999999999999997335, -123.7899999999994094 ) ) ;
#2275 = CARTESIAN_POINT ( 'NONE',  ( 12.00000000000000000, 9.525000000000000355, -48.95000000000000284 ) ) ;
#2276 = CARTESIAN_POINT ( 'NONE',  ( -2.506675422786485936E-14, 16.20799999999999841, -73.45799999999952945 ) ) ;
#2277 = VERTEX_POINT ( 'NONE', #2034 ) ;
#2278 = DIRECTION ( 'NONE',  ( -3.469446951953613696E-16, 0.000000000000000000, -1.000000000000000000 ) ) ;
#2279 = AXIS2_PLACEMENT_3D ( 'NONE', #2657, #1012, #4141 ) ;
#2280 = AXIS2_PLACEMENT_3D ( 'NONE', #2362, #3920, #3539 ) ;
#2281 = VERTEX_POINT ( 'NONE', #3606 ) ;
#2282 = EDGE_LOOP ( 'NONE', ( #437, #2367 ) ) ;
#2283 = CARTESIAN_POINT ( 'NONE',  ( -9.524999999999980815, 9.450000000000045475, 56.58999999999998920 ) ) ;
#2284 = CIRCLE ( 'NONE', #1139, 2.750000000000002665 ) ;
#2285 = EDGE_LOOP ( 'NONE', ( #1750, #2033, #2661, #3809 ) ) ;
#2286 = EDGE_CURVE ( 'NONE', #2970, #918, #3650, .T. ) ;
#2287 = DIRECTION ( 'NONE',  ( -3.469446951953617147E-16, 0.000000000000000000, -1.000000000000000000 ) ) ;
#2288 = DIRECTION ( 'NONE',  ( 0.000000000000000000, 0.000000000000000000, 1.000000000000000000 ) ) ;
#2289 = DIRECTION ( 'NONE',  ( 3.469446951953619119E-16, 0.000000000000000000, 1.000000000000000000 ) ) ;
#2290 = DIRECTION ( 'NONE',  ( -1.000000000000000000, 0.000000000000000000, 3.469446951953616654E-16 ) ) ;
#2291 = EDGE_CURVE ( 'NONE', #4603, #2277, #4025, .T. ) ;
#2292 = EDGE_CURVE ( 'NONE', #4433, #3375, #4355, .T. ) ;
#2293 = DIRECTION ( 'NONE',  ( 3.469446951953615175E-16, 0.000000000000000000, 1.000000000000000000 ) ) ;
#2294 = CARTESIAN_POINT ( 'NONE',  ( -2.159730727591124517E-14, 5.000000000000000000, -62.24999999999939604 ) ) ;
#2295 = CARTESIAN_POINT ( 'NONE',  ( -3.816391647148975608E-14, 4.999999999999997335, -109.8319999999994110 ) ) ;
#2296 = VERTEX_POINT ( 'NONE', #2451 ) ;
#2297 = EDGE_CURVE ( 'NONE', #1837, #2887, #1649, .T. ) ;
#2298 = CARTESIAN_POINT ( 'NONE',  ( -2.223114232336850524E-14, 66.04000000000007731, -64.14213562373090838 ) ) ;
#2299 = VERTEX_POINT ( 'NONE', #4431 ) ;
#2300 = CARTESIAN_POINT ( 'NONE',  ( 12.00000000000000000, 4.525000000000000355, -46.00000000000000000 ) ) ;
#2301 = DIRECTION ( 'NONE',  ( 1.000000000000000000, -0.000000000000000000, -3.469446951953616654E-16 ) ) ;
#2302 = VECTOR ( 'NONE', #4849, 1000.000000000000000 ) ;
#2303 = DIRECTION ( 'NONE',  ( 3.469446951953615175E-16, 0.000000000000000000, 1.000000000000000000 ) ) ;
#2304 = CIRCLE ( 'NONE', #584, 2.950000000000001066 ) ;
#2305 = ORIENTED_EDGE ( 'NONE', *, *, #555, .T. ) ;
#2306 = AXIS2_PLACEMENT_3D ( 'NONE', #1178, #1538, #411 ) ;
#2307 = EDGE_CURVE ( 'NONE', #957, #2009, #3354, .T. ) ;
#2308 = ORIENTED_EDGE ( 'NONE', *, *, #808, .T. ) ;
#2309 = DIRECTION ( 'NONE',  ( -1.000000000000000000, 0.000000000000000000, 3.469446951953617147E-16 ) ) ;
#2310 = AXIS2_PLACEMENT_3D ( 'NONE', #4280, #404, #3522 ) ;
#2311 = ORIENTED_EDGE ( 'NONE', *, *, #1666, .F. ) ;
#2312 = AXIS2_PLACEMENT_3D ( 'NONE', #4193, #3299, #3030 ) ;
#2313 = CARTESIAN_POINT ( 'NONE',  ( -3.469446951953614189E-14, 61.03999999999999915, -98.62399999999999523 ) ) ;
#2314 = CARTESIAN_POINT ( 'NONE',  ( 1.908195823574487804E-14, 9.450000000000045475, 56.58999999999998920 ) ) ;
#2315 = EDGE_CURVE ( 'NONE', #4046, #957, #4483, .T. ) ;
#2316 = DIRECTION ( 'NONE',  ( 1.000000000000000000, -0.000000000000000000, -3.469446951953616654E-16 ) ) ;
#2317 = ORIENTED_EDGE ( 'NONE', *, *, #2776, .F. ) ;
#2318 = EDGE_CURVE ( 'NONE', #543, #4599, #4194, .T. ) ;
#2319 = DIRECTION ( 'NONE',  ( -1.000000000000000000, 0.000000000000000000, 3.469446951953617147E-16 ) ) ;
#2320 = EDGE_CURVE ( 'NONE', #648, #4912, #2888, .T. ) ;
#2321 = DIRECTION ( 'NONE',  ( 0.000000000000000000, -0.000000000000000000, 1.000000000000000000 ) ) ;
#2322 = FACE_OUTER_BOUND ( 'NONE', #2514, .T. ) ;
#2323 = DIRECTION ( 'NONE',  ( 3.469446951953618133E-16, 0.000000000000000000, 1.000000000000000000 ) ) ;
#2324 = EDGE_LOOP ( 'NONE', ( #4853, #1156, #1153, #5030 ) ) ;
#2325 = PLANE ( 'NONE',  #1651 ) ;
#2326 = ORIENTED_EDGE ( 'NONE', *, *, #4619, .T. ) ;
#2327 = DIRECTION ( 'NONE',  ( 1.000000000000000000, 0.000000000000000000, -3.469446951953618133E-16 ) ) ;
#2328 = CYLINDRICAL_SURFACE ( 'NONE', #4663, 2.750000000000002665 ) ;
#2329 = LINE ( 'NONE', #3449, #1054 ) ;
#2330 = VERTEX_POINT ( 'NONE', #692 ) ;
#2331 = CARTESIAN_POINT ( 'NONE',  ( -9.525000000000042988, 66.04000000000007731, -121.0399999999999778 ) ) ;
#2332 = EDGE_CURVE ( 'NONE', #1321, #530, #5022, .T. ) ;
#2333 = DIRECTION ( 'NONE',  ( -1.000000000000000000, 0.000000000000000000, 3.469446951953617147E-16 ) ) ;
#2334 = CARTESIAN_POINT ( 'NONE',  ( 1.908195823574487804E-14, 9.450000000000045475, 56.58999999999998920 ) ) ;
#2335 = CARTESIAN_POINT ( 'NONE',  ( -9.525000000000037659, 61.03999999999999915, -101.3739999999999952 ) ) ;
#2336 = ORIENTED_EDGE ( 'NONE', *, *, #2953, .F. ) ;
#2337 = EDGE_CURVE ( 'NONE', #2198, #1045, #195, .T. ) ;
#2338 = VECTOR ( 'NONE', #3281, 1000.000000000000000 ) ;
#2339 = LINE ( 'NONE', #1952, #3150 ) ;
#2340 = DIRECTION ( 'NONE',  ( -3.469446951953614189E-16, 5.551115123125782702E-15, -1.000000000000000000 ) ) ;
#2341 = ORIENTED_EDGE ( 'NONE', *, *, #44, .T. ) ;
#2342 = EDGE_LOOP ( 'NONE', ( #3284, #1091, #3317, #4471 ) ) ;
#2343 = AXIS2_PLACEMENT_3D ( 'NONE', #16, #3078, #3515 ) ;
#2344 = EDGE_CURVE ( 'NONE', #3811, #2106, #1862, .T. ) ;
#2345 = DIRECTION ( 'NONE',  ( 0.000000000000000000, -1.000000000000000000, 0.000000000000000000 ) ) ;
#2346 = CYLINDRICAL_SURFACE ( 'NONE', #1238, 2.750000000000002665 ) ;
#2347 = DIRECTION ( 'NONE',  ( -1.000000000000000000, 0.000000000000000000, 3.469446951953617147E-16 ) ) ;
#2348 = CIRCLE ( 'NONE', #3647, 2.250000000000001776 ) ;
#2349 = VERTEX_POINT ( 'NONE', #1784 ) ;
#2350 = CIRCLE ( 'NONE', #1202, 2.250000000000001776 ) ;
#2351 = ORIENTED_EDGE ( 'NONE', *, *, #2405, .F. ) ;
#2352 = CARTESIAN_POINT ( 'NONE',  ( -2.602085213965210642E-14, 4.999999999999997335, -76.20799999999941576 ) ) ;
#2353 = ORIENTED_EDGE ( 'NONE', *, *, #806, .T. ) ;
#2354 = CIRCLE ( 'NONE', #1371, 2.750000000000002665 ) ;
#2355 = AXIS2_PLACEMENT_3D ( 'NONE', #880, #499, #1361 ) ;
#2356 = ORIENTED_EDGE ( 'NONE', *, *, #1487, .T. ) ;
#2357 = DIRECTION ( 'NONE',  ( -3.469446951953611231E-16, 0.000000000000000000, -1.000000000000000000 ) ) ;
#2358 = AXIS2_PLACEMENT_3D ( 'NONE', #3295, #4083, #1473 ) ;
#2359 = ADVANCED_FACE ( 'NONE', ( #4146 ), #5004, .F. ) ;
#2360 = CARTESIAN_POINT ( 'NONE',  ( -2.506675422786485936E-14, 61.03999999999999915, -73.45799999999998420 ) ) ;
#2361 = CARTESIAN_POINT ( 'NONE',  ( 0.000000000000000000, 0.000000000000000000, -7.500000000000000000 ) ) ;
#2362 = CARTESIAN_POINT ( 'NONE',  ( -4.163336342344337027E-14, 49.83200000000000074, -121.0399999999998784 ) ) ;
#2363 = AXIS2_PLACEMENT_3D ( 'NONE', #525, #1640, #3633 ) ;
#2364 = ORIENTED_EDGE ( 'NONE', *, *, #1130, .F. ) ;
#2365 = FACE_BOUND ( 'NONE', #2082, .T. ) ;
#2366 = CARTESIAN_POINT ( 'NONE',  ( -9.524999999999996803, 9.450000000000045475, 9.450000000000024158 ) ) ;
#2367 = ORIENTED_EDGE ( 'NONE', *, *, #3337, .T. ) ;
#2368 = CARTESIAN_POINT ( 'NONE',  ( 1.944278071874806969E-14, 56.04000000000004889, 56.03999999999999204 ) ) ;
#2369 = ORIENTED_EDGE ( 'NONE', *, *, #3029, .T. ) ;
#2370 = CYLINDRICAL_SURFACE ( 'NONE', #4528, 2.250000000000001776 ) ;
#2371 = CARTESIAN_POINT ( 'NONE',  ( -4.163336342344337027E-14, 49.83200000000000074, -121.0399999999998784 ) ) ;
#2372 = ADVANCED_FACE ( 'NONE', ( #1755 ), #3783, .F. ) ;
#2373 = FACE_OUTER_BOUND ( 'NONE', #3972, .T. ) ;
#2374 = VERTEX_POINT ( 'NONE', #2274 ) ;
#2375 = DIRECTION ( 'NONE',  ( 3.469446951953626515E-16, 0.000000000000000000, 1.000000000000000000 ) ) ;
#2376 = CARTESIAN_POINT ( 'NONE',  ( 4.371503159461552300E-15, 9.450000000000045475, 12.05000000000001492 ) ) ;
#2377 = EDGE_CURVE ( 'NONE', #2249, #4573, #4203, .T. ) ;
#2378 = AXIS2_PLACEMENT_3D ( 'NONE', #2283, #30, #1581 ) ;
#2379 = CIRCLE ( 'NONE', #511, 2.750000000000002665 ) ;
#2380 = CARTESIAN_POINT ( 'NONE',  ( -2.602085213965210642E-14, 61.03999999999999915, -76.20799999999998420 ) ) ;
#2381 = DIRECTION ( 'NONE',  ( -0.000000000000000000, -1.000000000000000000, -0.000000000000000000 ) ) ;
#2382 = VECTOR ( 'NONE', #1121, 1000.000000000000000 ) ;
#2383 = AXIS2_PLACEMENT_3D ( 'NONE', #5054, #1526, #3084 ) ;
#2384 = DIRECTION ( 'NONE',  ( -1.000000000000000000, 0.000000000000000000, 3.469446951953617147E-16 ) ) ;
#2385 = ORIENTED_EDGE ( 'NONE', *, *, #3369, .F. ) ;
#2386 = EDGE_CURVE ( 'NONE', #4476, #1036, #2963, .T. ) ;
#2387 = AXIS2_PLACEMENT_3D ( 'NONE', #2371, #5056, #1215 ) ;
#2388 = VECTOR ( 'NONE', #2652, 1000.000000000000000 ) ;
#2389 = FACE_BOUND ( 'NONE', #1221, .T. ) ;
#2390 = CYLINDRICAL_SURFACE ( 'NONE', #5018, 2.750000000000009326 ) ;
#2391 = FACE_OUTER_BOUND ( 'NONE', #2244, .T. ) ;
#2392 = CIRCLE ( 'NONE', #4366, 2.750000000000002665 ) ;
#2393 = FACE_OUTER_BOUND ( 'NONE', #4442, .T. ) ;
#2394 = EDGE_LOOP ( 'NONE', ( #741, #4973, #2353, #4642 ) ) ;
#2395 = ADVANCED_FACE ( 'NONE', ( #2158 ), #1831, .F. ) ;
#2396 = FACE_BOUND ( 'NONE', #4300, .T. ) ;
#2397 = DIRECTION ( 'NONE',  ( -1.000000000000000000, -0.000000000000000000, 3.469446951953616654E-16 ) ) ;
#2398 = ORIENTED_EDGE ( 'NONE', *, *, #4263, .T. ) ;
#2399 = CARTESIAN_POINT ( 'NONE',  ( -9.525000000000042988, 27.41600000000000392, -121.0399999999996510 ) ) ;
#2400 = VERTEX_POINT ( 'NONE', #3418 ) ;
#2401 = ORIENTED_EDGE ( 'NONE', *, *, #4354, .F. ) ;
#2402 = DIRECTION ( 'NONE',  ( -1.000000000000000000, 0.000000000000000000, 3.469446951953616161E-16 ) ) ;
#2403 = CARTESIAN_POINT ( 'NONE',  ( -2.949029909160572061E-14, 38.62400000000000233, -87.41599999999975523 ) ) ;
#2404 = ORIENTED_EDGE ( 'NONE', *, *, #4138, .T. ) ;
#2405 = EDGE_CURVE ( 'NONE', #3796, #3358, #4921, .T. ) ;
#2406 = ADVANCED_FACE ( 'NONE', ( #1400 ), #4227, .F. ) ;
#2407 = CYLINDRICAL_SURFACE ( 'NONE', #1858, 2.750000000000009326 ) ;
#2408 = DIRECTION ( 'NONE',  ( -1.000000000000000000, 0.000000000000000000, 3.469446951953617147E-16 ) ) ;
#2409 = CARTESIAN_POINT ( 'NONE',  ( 12.00000000000000000, 4.525000000000000355, -46.00000000000000000 ) ) ;
#2410 = EDGE_LOOP ( 'NONE', ( #3023, #1326, #3772, #2901 ) ) ;
#2411 = CARTESIAN_POINT ( 'NONE',  ( 3.081487911019577365E-30, 0.000000000000000000, -1.069105884036879036E-45 ) ) ;
#2412 = CARTESIAN_POINT ( 'NONE',  ( -1.433357200257026774E-14, 13.68629150101525305, -41.31370849898469544 ) ) ;
#2413 = DIRECTION ( 'NONE',  ( 3.469446951953615175E-16, 0.000000000000000000, 1.000000000000000000 ) ) ;
#2414 = CARTESIAN_POINT ( 'NONE',  ( 60.00000000000000000, 9.525000000000000355, -7.500000000000000000 ) ) ;
#2415 = ORIENTED_EDGE ( 'NONE', *, *, #3646, .T. ) ;
#2416 = FACE_BOUND ( 'NONE', #3428, .T. ) ;
#2417 = ADVANCED_FACE ( 'NONE', ( #1098 ), #4540, .F. ) ;
#2418 = CARTESIAN_POINT ( 'NONE',  ( -1.355294643838071559E-14, 36.31370849898480202, -39.06370849898473097 ) ) ;
#2419 = DIRECTION ( 'NONE',  ( -1.000000000000000000, 0.000000000000000000, 3.469446951953617147E-16 ) ) ;
#2420 = ORIENTED_EDGE ( 'NONE', *, *, #3425, .F. ) ;
#2421 = AXIS2_PLACEMENT_3D ( 'NONE', #1793, #1819, #3343 ) ;
#2422 = CARTESIAN_POINT ( 'NONE',  ( 1.913659519561816350E-14, 66.04000000000004889, 56.03999999999999204 ) ) ;
#2423 = AXIS2_PLACEMENT_3D ( 'NONE', #849, #4343, #1667 ) ;
#2424 = VECTOR ( 'NONE', #781, 1000.000000000000000 ) ;
#2425 = EDGE_LOOP ( 'NONE', ( #3239, #1466, #331, #2910 ) ) ;
#2426 = DIRECTION ( 'NONE',  ( 3.469446951953616161E-16, 0.000000000000000000, 1.000000000000000000 ) ) ;
#2427 = DIRECTION ( 'NONE',  ( 0.000000000000000000, 0.000000000000000000, 1.000000000000000000 ) ) ;
#2428 = EDGE_LOOP ( 'NONE', ( #2003, #2523 ) ) ;
#2429 = DIRECTION ( 'NONE',  ( -1.000000000000000000, 0.000000000000000000, 3.469446951953617147E-16 ) ) ;
#2430 = LINE ( 'NONE', #4001, #1396 ) ;
#2431 = AXIS2_PLACEMENT_3D ( 'NONE', #718, #4644, #4125 ) ;
#2432 = DIRECTION ( 'NONE',  ( 1.000000000000000000, -0.000000000000000000, -3.469446951953616654E-16 ) ) ;
#2433 = EDGE_CURVE ( 'NONE', #1224, #210, #994, .T. ) ;
#2434 = VERTEX_POINT ( 'NONE', #3758 ) ;
#2435 = AXIS2_PLACEMENT_3D ( 'NONE', #1502, #4248, #2340 ) ;
#2436 = VECTOR ( 'NONE', #2512, 1000.000000000000000 ) ;
#2437 = CARTESIAN_POINT ( 'NONE',  ( -4.857225732735065386E-15, 25.00000000000002132, -14.00000000000000888 ) ) ;
#2438 = DIRECTION ( 'NONE',  ( -0.000000000000000000, 1.000000000000000000, -0.000000000000000000 ) ) ;
#2439 = CIRCLE ( 'NONE', #1379, 4.500000000000003553 ) ;
#2440 = EDGE_CURVE ( 'NONE', #3056, #4864, #4610, .T. ) ;
#2441 = VERTEX_POINT ( 'NONE', #2662 ) ;
#2442 = FACE_BOUND ( 'NONE', #4400, .T. ) ;
#2443 = DIRECTION ( 'NONE',  ( 0.000000000000000000, 0.000000000000000000, -1.000000000000000000 ) ) ;
#2444 = ORIENTED_EDGE ( 'NONE', *, *, #256, .F. ) ;
#2445 = CARTESIAN_POINT ( 'NONE',  ( 1.908195823574487804E-14, 56.59000000000000341, 56.58999999999998209 ) ) ;
#2446 = ADVANCED_FACE ( 'NONE', ( #3364 ), #4593, .F. ) ;
#2447 = ORIENTED_EDGE ( 'NONE', *, *, #4342, .T. ) ;
#2448 = EDGE_CURVE ( 'NONE', #1818, #279, #717, .T. ) ;
#2449 = DIRECTION ( 'NONE',  ( 3.469446951953615175E-16, 0.000000000000000000, 1.000000000000000000 ) ) ;
#2450 = VERTEX_POINT ( 'NONE', #1598 ) ;
#2451 = CARTESIAN_POINT ( 'NONE',  ( -9.525000000000025224, 5.000000000000000000, -67.74999999999940314 ) ) ;
#2452 = CARTESIAN_POINT ( 'NONE',  ( -9.525000000000037659, 61.03999999999999915, -107.0819999999999794 ) ) ;
#2453 = EDGE_LOOP ( 'NONE', ( #676, #4019, #1914, #1861 ) ) ;
#2454 = EDGE_CURVE ( 'NONE', #697, #1080, #1934, .T. ) ;
#2455 = FACE_BOUND ( 'NONE', #3122, .T. ) ;
#2456 = DIRECTION ( 'NONE',  ( -1.000000000000000000, 0.000000000000000000, 3.469446951953617147E-16 ) ) ;
#2457 = CARTESIAN_POINT ( 'NONE',  ( -9.525000000000021672, 49.83200000000000074, -62.24999999999985079 ) ) ;
#2458 = ORIENTED_EDGE ( 'NONE', *, *, #729, .F. ) ;
#2459 = CIRCLE ( 'NONE', #4606, 2.750000000000002665 ) ;
#2460 = ADVANCED_FACE ( 'NONE', ( #3881 ), #2346, .F. ) ;
#2461 = AXIS2_PLACEMENT_3D ( 'NONE', #4335, #748, #3950 ) ;
#2462 = DIRECTION ( 'NONE',  ( 0.000000000000000000, 0.000000000000000000, -1.000000000000000000 ) ) ;
#2463 = DIRECTION ( 'NONE',  ( -1.000000000000000000, 0.000000000000000000, 3.469446951953616654E-16 ) ) ;
#2464 = CARTESIAN_POINT ( 'NONE',  ( -3.720981855970251218E-14, 16.20799999999999841, -107.0819999999995247 ) ) ;
#2465 = CIRCLE ( 'NONE', #1324, 2.599999999999994760 ) ;
#2466 = EDGE_LOOP ( 'NONE', ( #78, #670 ) ) ;
#2467 = CIRCLE ( 'NONE', #1570, 2.750000000000002665 ) ;
#2468 = EDGE_CURVE ( 'NONE', #3899, #697, #3443, .T. ) ;
#2469 = ADVANCED_FACE ( 'NONE', ( #352, #3906 ), #785, .T. ) ;
#2470 = AXIS2_PLACEMENT_3D ( 'NONE', #1508, #435, #2327 ) ;
#2471 = FACE_OUTER_BOUND ( 'NONE', #2394, .T. ) ;
#2472 = CARTESIAN_POINT ( 'NONE',  ( -9.524999999999977263, 56.04000000000004889, 66.03999999999999204 ) ) ;
#2473 = ORIENTED_EDGE ( 'NONE', *, *, #3909, .T. ) ;
#2474 = DIRECTION ( 'NONE',  ( -1.000000000000000000, 0.000000000000000000, 3.469446951953616654E-16 ) ) ;
#2475 = CARTESIAN_POINT ( 'NONE',  ( -1.286161032255425460E-14, 45.17893218813456713, -39.13893218813460351 ) ) ;
#2476 = ORIENTED_EDGE ( 'NONE', *, *, #3054, .F. ) ;
#2477 = DIRECTION ( 'NONE',  ( 6.672013369141579022E-16, 0.000000000000000000, 1.000000000000000000 ) ) ;
#2478 = CYLINDRICAL_SURFACE ( 'NONE', #3403, 2.750000000000002665 ) ;
#2479 = ORIENTED_EDGE ( 'NONE', *, *, #562, .F. ) ;
#2480 = VERTEX_POINT ( 'NONE', #4643 ) ;
#2481 = LINE ( 'NONE', #542, #3526 ) ;
#2482 = EDGE_CURVE ( 'NONE', #3017, #3883, #2543, .T. ) ;
#2483 = DIRECTION ( 'NONE',  ( -1.000000000000000000, 0.000000000000000000, 3.469446951953617147E-16 ) ) ;
#2484 = VERTEX_POINT ( 'NONE', #3831 ) ;
#2485 = FACE_BOUND ( 'NONE', #524, .T. ) ;
#2486 = DIRECTION ( 'NONE',  ( -3.469446951953619612E-16, 0.000000000000000000, -1.000000000000000000 ) ) ;
#2487 = LINE ( 'NONE', #4858, #145 ) ;
#2488 = ORIENTED_EDGE ( 'NONE', *, *, #4770, .F. ) ;
#2489 = PLANE ( 'NONE',  #261 ) ;
#2490 = DIRECTION ( 'NONE',  ( -1.000000000000000000, 0.000000000000000000, 3.469446951953616654E-16 ) ) ;
#2491 = VERTEX_POINT ( 'NONE', #3500 ) ;
#2492 = EDGE_LOOP ( 'NONE', ( #2551, #4174 ) ) ;
#2493 = EDGE_CURVE ( 'NONE', #1408, #1425, #4527, .T. ) ;
#2494 = FACE_OUTER_BOUND ( 'NONE', #1140, .T. ) ;
#2495 = ORIENTED_EDGE ( 'NONE', *, *, #4085, .T. ) ;
#2496 = CARTESIAN_POINT ( 'NONE',  ( 12.00000000000000000, 4.525000000000000355, -46.00000000000000000 ) ) ;
#2497 = DIRECTION ( 'NONE',  ( -1.000000000000000000, 0.000000000000000000, 3.469446951953617147E-16 ) ) ;
#2498 = VECTOR ( 'NONE', #4104, 1000.000000000000000 ) ;
#2499 = ORIENTED_EDGE ( 'NONE', *, *, #4875, .F. ) ;
#2500 = AXIS2_PLACEMENT_3D ( 'NONE', #1924, #1591, #1141 ) ;
#2501 = CIRCLE ( 'NONE', #3982, 2.750000000000002665 ) ;
#2502 = DIRECTION ( 'NONE',  ( -1.000000000000000000, 0.000000000000000000, 3.469446951953616654E-16 ) ) ;
#2503 = ORIENTED_EDGE ( 'NONE', *, *, #1587, .T. ) ;
#2504 = DIRECTION ( 'NONE',  ( -1.000000000000000000, 0.000000000000000000, 3.469446951953617147E-16 ) ) ;
#2505 = AXIS2_PLACEMENT_3D ( 'NONE', #2653, #1196, #1223 ) ;
#2506 = AXIS2_PLACEMENT_3D ( 'NONE', #3557, #814, #104 ) ;
#2507 = EDGE_LOOP ( 'NONE', ( #977, #2917, #3104, #965 ) ) ;
#2508 = EDGE_CURVE ( 'NONE', #4049, #357, #1405, .T. ) ;
#2509 = AXIS2_PLACEMENT_3D ( 'NONE', #2742, #3524, #4746 ) ;
#2510 = PLANE ( 'NONE',  #4315 ) ;
#2511 = DIRECTION ( 'NONE',  ( 0.000000000000000000, 1.000000000000000000, 0.000000000000000000 ) ) ;
#2512 = DIRECTION ( 'NONE',  ( -1.000000000000000000, 0.000000000000000000, 3.469446951953617147E-16 ) ) ;
#2513 = VECTOR ( 'NONE', #3101, 1000.000000000000000 ) ;
#2514 = EDGE_LOOP ( 'NONE', ( #4537, #2098, #2305, #2211 ) ) ;
#2515 = CIRCLE ( 'NONE', #4667, 2.750000000000009326 ) ;
#2516 = AXIS2_PLACEMENT_3D ( 'NONE', #3349, #2237, #208 ) ;
#2517 = DIRECTION ( 'NONE',  ( -1.000000000000000000, 0.000000000000000000, 3.469446951953617147E-16 ) ) ;
#2518 = CARTESIAN_POINT ( 'NONE',  ( 47.99999999999998579, 4.525000000000000355, -46.00000000000000711 ) ) ;
#2519 = EDGE_LOOP ( 'NONE', ( #3967, #4303 ) ) ;
#2520 = ORIENTED_EDGE ( 'NONE', *, *, #1183, .F. ) ;
#2521 = DIRECTION ( 'NONE',  ( -1.000000000000000000, 0.000000000000000000, 3.469446951953617147E-16 ) ) ;
#2522 = ADVANCED_FACE ( 'NONE', ( #767 ), #4696, .F. ) ;
#2523 = ORIENTED_EDGE ( 'NONE', *, *, #3748, .F. ) ;
#2524 = DIRECTION ( 'NONE',  ( -3.469446951953616654E-16, 0.000000000000000000, -1.000000000000000000 ) ) ;
#2525 = CARTESIAN_POINT ( 'NONE',  ( -3.816391647148975608E-14, 27.41600000000000392, -109.8319999999996384 ) ) ;
#2526 = VERTEX_POINT ( 'NONE', #3086 ) ;
#2527 = EDGE_CURVE ( 'NONE', #987, #1458, #1896, .T. ) ;
#2528 = ORIENTED_EDGE ( 'NONE', *, *, #2255, .T. ) ;
#2529 = EDGE_CURVE ( 'NONE', #1424, #925, #3359, .T. ) ;
#2530 = DIRECTION ( 'NONE',  ( -3.469446951953613696E-16, 0.000000000000000000, -1.000000000000000000 ) ) ;
#2531 = ORIENTED_EDGE ( 'NONE', *, *, #1475, .F. ) ;
#2532 = DIRECTION ( 'NONE',  ( 6.308085367188383338E-16, 0.000000000000000000, 1.000000000000000000 ) ) ;
#2533 = EDGE_LOOP ( 'NONE', ( #3106, #496, #3034, #402 ) ) ;
#2534 = DIRECTION ( 'NONE',  ( -1.000000000000000000, 0.000000000000000000, 3.469446951953616161E-16 ) ) ;
#2535 = LINE ( 'NONE', #2114, #4062 ) ;
#2536 = CARTESIAN_POINT ( 'NONE',  ( 12.00000000000000000, 4.525000000000000355, -11.04999999999999716 ) ) ;
#2537 = ADVANCED_FACE ( 'NONE', ( #5035 ), #2741, .F. ) ;
#2538 = ORIENTED_EDGE ( 'NONE', *, *, #1790, .T. ) ;
#2539 = AXIS2_PLACEMENT_3D ( 'NONE', #1537, #2309, #1129 ) ;
#2540 = AXIS2_PLACEMENT_3D ( 'NONE', #3585, #867, #491 ) ;
#2541 = FACE_BOUND ( 'NONE', #75, .T. ) ;
#2542 = DIRECTION ( 'NONE',  ( 0.000000000000000000, 0.000000000000000000, 1.000000000000000000 ) ) ;
#2543 = CIRCLE ( 'NONE', #4439, 2.750000000000002665 ) ;
#2544 = DIRECTION ( 'NONE',  ( -1.000000000000000000, 0.000000000000000000, 3.469446951953616654E-16 ) ) ;
#2545 = AXIS2_PLACEMENT_3D ( 'NONE', #433, #2761, #3129 ) ;
#2546 = ORIENTED_EDGE ( 'NONE', *, *, #4357, .T. ) ;
#2547 = VERTEX_POINT ( 'NONE', #375 ) ;
#2548 = VERTEX_POINT ( 'NONE', #322 ) ;
#2549 = AXIS2_PLACEMENT_3D ( 'NONE', #3667, #158, #1671 ) ;
#2550 = CARTESIAN_POINT ( 'NONE',  ( -9.525000000000030553, 49.83200000000000074, -87.41599999999988313 ) ) ;
#2551 = ORIENTED_EDGE ( 'NONE', *, *, #1935, .F. ) ;
#2552 = DIRECTION ( 'NONE',  ( 3.469446951953615668E-16, 0.000000000000000000, 1.000000000000000000 ) ) ;
#2553 = CARTESIAN_POINT ( 'NONE',  ( -2.225377369315486345E-14, 56.04000000000007731, -64.14213562373090838 ) ) ;
#2554 = CARTESIAN_POINT ( 'NONE',  ( -2.949029909160572061E-14, 61.03999999999999915, -87.41599999999999682 ) ) ;
#2555 = ORIENTED_EDGE ( 'NONE', *, *, #1062, .T. ) ;
#2556 = EDGE_LOOP ( 'NONE', ( #2873, #2829 ) ) ;
#2557 = ORIENTED_EDGE ( 'NONE', *, *, #2482, .T. ) ;
#2558 = CARTESIAN_POINT ( 'NONE',  ( -3.469446951953614189E-14, 49.83200000000000074, -98.62399999999988154 ) ) ;
#2559 = EDGE_LOOP ( 'NONE', ( #1433, #4758, #1760, #381 ) ) ;
#2560 = ADVANCED_FACE ( 'NONE', ( #3523 ), #5, .F. ) ;
#2561 = DIRECTION ( 'NONE',  ( 0.000000000000000000, 0.000000000000000000, -1.000000000000000000 ) ) ;
#2562 = VERTEX_POINT ( 'NONE', #26 ) ;
#2563 = EDGE_CURVE ( 'NONE', #846, #3056, #3130, .T. ) ;
#2564 = DIRECTION ( 'NONE',  ( -0.000000000000000000, -1.000000000000000000, -0.000000000000000000 ) ) ;
#2565 = FACE_BOUND ( 'NONE', #1787, .T. ) ;
#2566 = DIRECTION ( 'NONE',  ( -1.000000000000000000, 0.000000000000000000, 3.469446951953617147E-16 ) ) ;
#2567 = CARTESIAN_POINT ( 'NONE',  ( -2.350550309948573928E-14, 61.04000000000002046, -67.74999999999998579 ) ) ;
#2568 = CARTESIAN_POINT ( 'NONE',  ( -9.525000000000030553, 27.41600000000000392, -87.41599999999964155 ) ) ;
#2569 = LINE ( 'NONE', #4614, #227 ) ;
#2570 = VERTEX_POINT ( 'NONE', #4329 ) ;
#2571 = ORIENTED_EDGE ( 'NONE', *, *, #3909, .F. ) ;
#2572 = EDGE_CURVE ( 'NONE', #2841, #4904, #2784, .T. ) ;
#2573 = CARTESIAN_POINT ( 'NONE',  ( -9.525000000000007461, 36.31370849898480202, -18.68629150101524417 ) ) ;
#2574 = ORIENTED_EDGE ( 'NONE', *, *, #2821, .F. ) ;
#2575 = DIRECTION ( 'NONE',  ( -1.000000000000000000, 0.000000000000000000, 3.469446951953617147E-16 ) ) ;
#2576 = LINE ( 'NONE', #2937, #3493 ) ;
#2577 = CARTESIAN_POINT ( 'NONE',  ( -9.525000000000034106, 38.62400000000000233, -95.87399999999976785 ) ) ;
#2578 = ORIENTED_EDGE ( 'NONE', *, *, #835, .F. ) ;
#2579 = ORIENTED_EDGE ( 'NONE', *, *, #2733, .F. ) ;
#2580 = FACE_BOUND ( 'NONE', #2152, .T. ) ;
#2581 = AXIS2_PLACEMENT_3D ( 'NONE', #1675, #4456, #3673 ) ;
#2582 = CARTESIAN_POINT ( 'NONE',  ( -9.524999999999980815, 33.02000000000002444, 53.51999999999995339 ) ) ;
#2583 = ORIENTED_EDGE ( 'NONE', *, *, #1099, .F. ) ;
#2584 = DIRECTION ( 'NONE',  ( -1.000000000000000000, 0.000000000000000000, 3.469446951953616161E-16 ) ) ;
#2585 = ORIENTED_EDGE ( 'NONE', *, *, #4884, .F. ) ;
#2586 = CIRCLE ( 'NONE', #3484, 20.49999999999996447 ) ;
#2587 = PLANE ( 'NONE',  #2126 ) ;
#2588 = CIRCLE ( 'NONE', #383, 2.250000000000001776 ) ;
#2589 = EDGE_CURVE ( 'NONE', #925, #1424, #3618, .T. ) ;
#2590 = AXIS2_PLACEMENT_3D ( 'NONE', #1679, #3231, #1731 ) ;
#2591 = VECTOR ( 'NONE', #2683, 1000.000000000000000 ) ;
#2592 = CARTESIAN_POINT ( 'NONE',  ( -2.602085213965210642E-14, 49.83200000000000074, -76.20799999999987051 ) ) ;
#2593 = CARTESIAN_POINT ( 'NONE',  ( 60.00000000000000000, 9.525000000000000355, -7.500000000000000000 ) ) ;
#2594 = ORIENTED_EDGE ( 'NONE', *, *, #4020, .F. ) ;
#2595 = VECTOR ( 'NONE', #1134, 1000.000000000000000 ) ;
#2596 = EDGE_CURVE ( 'NONE', #2058, #656, #520, .T. ) ;
#2597 = DIRECTION ( 'NONE',  ( -3.469446951953613696E-16, 0.000000000000000000, -1.000000000000000000 ) ) ;
#2598 = DIRECTION ( 'NONE',  ( 3.469446951953615175E-16, 0.000000000000000000, 1.000000000000000000 ) ) ;
#2599 = AXIS2_PLACEMENT_3D ( 'NONE', #4536, #1093, #1423 ) ;
#2600 = AXIS2_PLACEMENT_3D ( 'NONE', #4811, #1648, #552 ) ;
#2601 = ORIENTED_EDGE ( 'NONE', *, *, #4861, .T. ) ;
#2602 = ORIENTED_EDGE ( 'NONE', *, *, #453, .T. ) ;
#2603 = DIRECTION ( 'NONE',  ( -1.000000000000000000, 0.000000000000000000, 3.469446951953617147E-16 ) ) ;
#2604 = VECTOR ( 'NONE', #3638, 1000.000000000000000 ) ;
#2605 = CIRCLE ( 'NONE', #4167, 10.00000000000000178 ) ;
#2606 = DIRECTION ( 'NONE',  ( 1.000000000000000000, -0.000000000000000000, -3.469446951953617640E-16 ) ) ;
#2607 = VERTEX_POINT ( 'NONE', #856 ) ;
#2608 = CARTESIAN_POINT ( 'NONE',  ( -3.044439700339296451E-14, 27.41600000000000392, -90.16599999999965576 ) ) ;
#2609 = DIRECTION ( 'NONE',  ( -3.469446951953619119E-16, 0.000000000000000000, -1.000000000000000000 ) ) ;
#2610 = DIRECTION ( 'NONE',  ( -1.000000000000000000, 0.000000000000000000, 3.469446951953617147E-16 ) ) ;
#2611 = ORIENTED_EDGE ( 'NONE', *, *, #4801, .T. ) ;
#2612 = ORIENTED_EDGE ( 'NONE', *, *, #5024, .F. ) ;
#2613 = AXIS2_PLACEMENT_3D ( 'NONE', #1111, #2290, #1137 ) ;
#2614 = ADVANCED_FACE ( 'NONE', ( #556 ), #2489, .T. ) ;
#2615 = ORIENTED_EDGE ( 'NONE', *, *, #105, .T. ) ;
#2616 = ORIENTED_EDGE ( 'NONE', *, *, #1780, .F. ) ;
#2617 = CARTESIAN_POINT ( 'NONE',  ( -2.949029909160572061E-14, 38.62400000000000233, -87.41599999999975523 ) ) ;
#2618 = EDGE_LOOP ( 'NONE', ( #3232, #2850 ) ) ;
#2619 = VERTEX_POINT ( 'NONE', #3250 ) ;
#2620 = CARTESIAN_POINT ( 'NONE',  ( -3.469446951953614189E-14, 38.62400000000000233, -98.62399999999976785 ) ) ;
#2621 = LINE ( 'NONE', #1359, #4729 ) ;
#2622 = DIRECTION ( 'NONE',  ( 1.000000000000000000, -0.000000000000000000, -3.469446951953617147E-16 ) ) ;
#2623 = ORIENTED_EDGE ( 'NONE', *, *, #2005, .T. ) ;
#2624 = DIRECTION ( 'NONE',  ( 3.469446951953615175E-16, 0.000000000000000000, 1.000000000000000000 ) ) ;
#2625 = ORIENTED_EDGE ( 'NONE', *, *, #4297, .T. ) ;
#2626 = DIRECTION ( 'NONE',  ( -0.000000000000000000, -1.000000000000000000, -0.000000000000000000 ) ) ;
#2627 = FACE_OUTER_BOUND ( 'NONE', #2324, .T. ) ;
#2628 = AXIS2_PLACEMENT_3D ( 'NONE', #5011, #3021, #4600 ) ;
#2629 = EDGE_CURVE ( 'NONE', #4089, #2349, #1241, .T. ) ;
#2630 = ORIENTED_EDGE ( 'NONE', *, *, #4168, .T. ) ;
#2631 = AXIS2_PLACEMENT_3D ( 'NONE', #2334, #3190, #445 ) ;
#2632 = EDGE_CURVE ( 'NONE', #665, #526, #1243, .T. ) ;
#2633 = EDGE_CURVE ( 'NONE', #4573, #4123, #919, .T. ) ;
#2634 = DIRECTION ( 'NONE',  ( 6.308085367188383338E-16, 0.000000000000000000, 1.000000000000000000 ) ) ;
#2635 = VERTEX_POINT ( 'NONE', #1295 ) ;
#2636 = VECTOR ( 'NONE', #1915, 1000.000000000000000 ) ;
#2637 = DIRECTION ( 'NONE',  ( -1.000000000000000000, 0.000000000000000000, 3.469446951953616654E-16 ) ) ;
#2638 =( NAMED_UNIT ( * ) SI_UNIT ( $, .STERADIAN. ) SOLID_ANGLE_UNIT ( ) );
#2639 = CARTESIAN_POINT ( 'NONE',  ( -2.506675422786485936E-14, 49.83200000000000074, -73.45799999999987051 ) ) ;
#2640 = ORIENTED_EDGE ( 'NONE', *, *, #4908, .T. ) ;
#2641 = VERTEX_POINT ( 'NONE', #2832 ) ;
#2642 = DIRECTION ( 'NONE',  ( -1.000000000000000000, 0.000000000000000000, 3.469446951953616654E-16 ) ) ;
#2643 = AXIS2_PLACEMENT_3D ( 'NONE', #3305, #2192, #2245 ) ;
#2644 = VECTOR ( 'NONE', #1909, 1000.000000000000114 ) ;
#2645 = ORIENTED_EDGE ( 'NONE', *, *, #2493, .F. ) ;
#2646 = ORIENTED_EDGE ( 'NONE', *, *, #2996, .F. ) ;
#2647 = CARTESIAN_POINT ( 'NONE',  ( 12.00000000000000000, 9.525000000000000355, -13.99999999999999822 ) ) ;
#2648 = AXIS2_PLACEMENT_3D ( 'NONE', #3775, #657, #2182 ) ;
#2649 = VERTEX_POINT ( 'NONE', #2884 ) ;
#2650 = ORIENTED_EDGE ( 'NONE', *, *, #473, .F. ) ;
#2651 = DIRECTION ( 'NONE',  ( -1.000000000000000000, 0.000000000000000000, 3.469446951953617147E-16 ) ) ;
#2652 = DIRECTION ( 'NONE',  ( 0.000000000000000000, 1.000000000000000000, 0.000000000000000000 ) ) ;
#2653 = CARTESIAN_POINT ( 'NONE',  ( -2.602085213965210642E-14, 16.20799999999999841, -76.20799999999952945 ) ) ;
#2654 = CARTESIAN_POINT ( 'NONE',  ( -3.720981855970251218E-14, 49.83200000000000074, -107.0819999999998657 ) ) ;
#2655 = VERTEX_POINT ( 'NONE', #70 ) ;
#2656 = DIRECTION ( 'NONE',  ( -1.000000000000000000, 0.000000000000000000, 3.469446951953616654E-16 ) ) ;
#2657 = CARTESIAN_POINT ( 'NONE',  ( -9.525000000000039435, 4.999999999999997335, -109.8319999999994110 ) ) ;
#2658 = CARTESIAN_POINT ( 'NONE',  ( -9.525000000000011013, 52.25000000000001421, -27.93213562373107095 ) ) ;
#2659 = VERTEX_POINT ( 'NONE', #2073 ) ;
#2660 = CARTESIAN_POINT ( 'NONE',  ( 12.00000000000000000, 4.525000000000000355, -16.94999999999999929 ) ) ;
#2661 = ORIENTED_EDGE ( 'NONE', *, *, #2805, .T. ) ;
#2662 = CARTESIAN_POINT ( 'NONE',  ( -9.525000000000014566, 36.31370849898480202, -43.56370849898475939 ) ) ;
#2663 = CARTESIAN_POINT ( 'NONE',  ( -9.525000000000011013, 42.25000000000000711, -32.06786437626909958 ) ) ;
#2664 = LINE ( 'NONE', #3335, #5074 ) ;
#2665 = VERTEX_POINT ( 'NONE', #3641 ) ;
#2666 = ADVANCED_FACE ( 'NONE', ( #4766 ), #2812, .F. ) ;
#2667 = DIRECTION ( 'NONE',  ( 0.000000000000000000, 0.000000000000000000, 1.000000000000000000 ) ) ;
#2668 = ORIENTED_EDGE ( 'NONE', *, *, #4427, .F. ) ;
#2669 = CARTESIAN_POINT ( 'NONE',  ( -1.040834085586084730E-14, 24.99999999999999645, -29.99999999999999645 ) ) ;
#2670 = ORIENTED_EDGE ( 'NONE', *, *, #3669, .T. ) ;
#2671 = DIRECTION ( 'NONE',  ( 1.000000000000000000, -0.000000000000000000, -3.469446951953616654E-16 ) ) ;
#2672 = ADVANCED_FACE ( 'NONE', ( #4404 ), #3274, .F. ) ;
#2673 = VERTEX_POINT ( 'NONE', #3176 ) ;
#2674 = VERTEX_POINT ( 'NONE', #2418 ) ;
#2675 = DIRECTION ( 'NONE',  ( 3.469446951953615175E-16, 0.000000000000000000, 1.000000000000000000 ) ) ;
#2676 = DIRECTION ( 'NONE',  ( 0.000000000000000000, 0.000000000000000000, -1.000000000000000000 ) ) ;
#2677 = DIRECTION ( 'NONE',  ( -1.000000000000000000, 0.000000000000000000, 3.469446951953616654E-16 ) ) ;
#2678 = EDGE_CURVE ( 'NONE', #2434, #4821, #1090, .T. ) ;
#2679 = CYLINDRICAL_SURFACE ( 'NONE', #2954, 9.999999999999994671 ) ;
#2680 = CIRCLE ( 'NONE', #3648, 2.950000000000001066 ) ;
#2681 = CARTESIAN_POINT ( 'NONE',  ( -9.525000000000039435, 38.62400000000000233, -109.8319999999997663 ) ) ;
#2682 = DIRECTION ( 'NONE',  ( 6.308085367188367561E-16, 0.000000000000000000, 1.000000000000000000 ) ) ;
#2683 = DIRECTION ( 'NONE',  ( -1.000000000000000000, -0.000000000000000000, 1.156482317317870985E-16 ) ) ;
#2684 = AXIS2_PLACEMENT_3D ( 'NONE', #2313, #11, #4656 ) ;
#2685 = ORIENTED_EDGE ( 'NONE', *, *, #1922, .T. ) ;
#2686 = CIRCLE ( 'NONE', #3405, 2.250000000000001776 ) ;
#2687 = EDGE_CURVE ( 'NONE', #187, #2673, #1268, .T. ) ;
#2688 = DIRECTION ( 'NONE',  ( 0.000000000000000000, 0.000000000000000000, -1.000000000000000000 ) ) ;
#2689 = VECTOR ( 'NONE', #2419, 1000.000000000000000 ) ;
#2690 = ORIENTED_EDGE ( 'NONE', *, *, #858, .T. ) ;
#2691 = DIRECTION ( 'NONE',  ( -1.000000000000000000, 0.000000000000000000, 3.469446951953616654E-16 ) ) ;
#2692 = CARTESIAN_POINT ( 'NONE',  ( -9.525000000000009237, 42.25000000000001421, -23.79000000000013770 ) ) ;
#2693 = DIRECTION ( 'NONE',  ( -1.000000000000000000, 0.000000000000000000, 3.469446951953616654E-16 ) ) ;
#2694 = CARTESIAN_POINT ( 'NONE',  ( -9.525000000000007461, 13.68629150101525660, -18.68629150101529035 ) ) ;
#2695 = CIRCLE ( 'NONE', #4328, 2.750000000000002665 ) ;
#2696 = CIRCLE ( 'NONE', #2020, 4.499999999999997335 ) ;
#2697 = ORIENTED_EDGE ( 'NONE', *, *, #3269, .T. ) ;
#2698 = EDGE_CURVE ( 'NONE', #3883, #3017, #2052, .T. ) ;
#2699 = ORIENTED_EDGE ( 'NONE', *, *, #662, .F. ) ;
#2700 = CARTESIAN_POINT ( 'NONE',  ( 2.567390744445676077E-15, 56.58999999999999631, 6.850000000000036948 ) ) ;
#2701 = AXIS2_PLACEMENT_3D ( 'NONE', #2593, #3026, #3407 ) ;
#2702 = ADVANCED_FACE ( 'NONE', ( #2899 ), #1317, .F. ) ;
#2703 = ORIENTED_EDGE ( 'NONE', *, *, #337, .F. ) ;
#2704 = EDGE_CURVE ( 'NONE', #918, #4073, #1330, .T. ) ;
#2705 = DIRECTION ( 'NONE',  ( -1.000000000000000000, 0.000000000000000000, 3.469446951953616654E-16 ) ) ;
#2706 = PLANE ( 'NONE',  #4080 ) ;
#2707 = DIRECTION ( 'NONE',  ( 1.000000000000000000, 0.000000000000000000, -3.469446951953616654E-16 ) ) ;
#2708 = VERTEX_POINT ( 'NONE', #889 ) ;
#2709 = ADVANCED_FACE ( 'NONE', ( #3202 ), #4813, .F. ) ;
#2710 = LINE ( 'NONE', #3873, #1499 ) ;
#2711 = CARTESIAN_POINT ( 'NONE',  ( -2.949029909160572061E-14, 49.83200000000000074, -87.41599999999988313 ) ) ;
#2712 = ORIENTED_EDGE ( 'NONE', *, *, #3973, .F. ) ;
#2713 = VERTEX_POINT ( 'NONE', #3222 ) ;
#2714 = DIRECTION ( 'NONE',  ( 3.469446951953615175E-16, 0.000000000000000000, 1.000000000000000000 ) ) ;
#2715 = VERTEX_POINT ( 'NONE', #2858 ) ;
#2716 = ADVANCED_FACE ( 'NONE', ( #2471 ), #1422, .F. ) ;
#2717 = DIRECTION ( 'NONE',  ( 0.000000000000000000, 0.000000000000000000, 1.000000000000000000 ) ) ;
#2718 = FACE_OUTER_BOUND ( 'NONE', #4979, .T. ) ;
#2719 = VECTOR ( 'NONE', #258, 1000.000000000000000 ) ;
#2720 = DIRECTION ( 'NONE',  ( 6.308085367188367561E-16, 0.000000000000000000, 1.000000000000000000 ) ) ;
#2721 = AXIS2_PLACEMENT_3D ( 'NONE', #4956, #4629, #2992 ) ;
#2722 = ORIENTED_EDGE ( 'NONE', *, *, #1171, .T. ) ;
#2723 = CIRCLE ( 'NONE', #4607, 2.750000000000002665 ) ;
#2724 = ORIENTED_EDGE ( 'NONE', *, *, #4294, .T. ) ;
#2725 = DIRECTION ( 'NONE',  ( 3.469446951953615175E-16, 0.000000000000000000, 1.000000000000000000 ) ) ;
#2726 = CIRCLE ( 'NONE', #760, 2.750000000000009326 ) ;
#2727 = AXIS2_PLACEMENT_3D ( 'NONE', #2550, #3303, #634 ) ;
#2728 = ORIENTED_EDGE ( 'NONE', *, *, #2823, .F. ) ;
#2729 = AXIS2_PLACEMENT_3D ( 'NONE', #4791, #4012, #114 ) ;
#2730 = CARTESIAN_POINT ( 'NONE',  ( -9.525000000000007461, 24.99999999999999645, -17.74999999999999289 ) ) ;
#2731 = CARTESIAN_POINT ( 'NONE',  ( -2.602085213965210642E-14, 27.41600000000000392, -76.20799999999964314 ) ) ;
#2732 = CARTESIAN_POINT ( 'NONE',  ( 12.00000000000000000, 4.525000000000000355, -48.95000000000000284 ) ) ;
#2733 = EDGE_CURVE ( 'NONE', #1045, #1036, #1572, .T. ) ;
#2734 = ORIENTED_EDGE ( 'NONE', *, *, #961, .F. ) ;
#2735 = DIRECTION ( 'NONE',  ( -1.000000000000000000, 0.000000000000000000, 3.469446951953616654E-16 ) ) ;
#2736 = DIRECTION ( 'NONE',  ( -1.000000000000000000, 0.000000000000000000, 3.469446951953616654E-16 ) ) ;
#2737 = DIRECTION ( 'NONE',  ( -1.000000000000000000, 0.000000000000000000, 3.469446951953617147E-16 ) ) ;
#2738 = DIRECTION ( 'NONE',  ( 3.469446951953613696E-16, 0.000000000000000000, 1.000000000000000000 ) ) ;
#2739 = ORIENTED_EDGE ( 'NONE', *, *, #4198, .F. ) ;
#2740 = FACE_BOUND ( 'NONE', #1253, .T. ) ;
#2741 = CYLINDRICAL_SURFACE ( 'NONE', #2470, 25.00000000000000000 ) ;
#2742 = CARTESIAN_POINT ( 'NONE',  ( -3.816391647148975608E-14, 61.03999999999999915, -109.8319999999999794 ) ) ;
#2743 = ORIENTED_EDGE ( 'NONE', *, *, #3415, .F. ) ;
#2744 = EDGE_CURVE ( 'NONE', #3779, #2124, #2150, .T. ) ;
#2745 = ORIENTED_EDGE ( 'NONE', *, *, #4834, .F. ) ;
#2746 = LINE ( 'NONE', #4678, #4847 ) ;
#2747 = EDGE_LOOP ( 'NONE', ( #4388, #3761, #2538, #2974 ) ) ;
#2748 = DIRECTION ( 'NONE',  ( -3.469446951953616161E-16, -1.156482317317871971E-16, -1.000000000000000000 ) ) ;
#2749 = PLANE ( 'NONE',  #4347 ) ;
#2750 = FACE_OUTER_BOUND ( 'NONE', #4505, .T. ) ;
#2751 = CARTESIAN_POINT ( 'NONE',  ( -2.081668171172168513E-14, 66.04000000000007731, -59.99999999999999289 ) ) ;
#2752 = ORIENTED_EDGE ( 'NONE', *, *, #1930, .T. ) ;
#2753 = EDGE_CURVE ( 'NONE', #2106, #2635, #3941, .T. ) ;
#2754 = CARTESIAN_POINT ( 'NONE',  ( -9.525000000000041211, 61.04000000000002046, -118.2900000000000347 ) ) ;
#2755 = DIRECTION ( 'NONE',  ( -1.000000000000000000, 0.000000000000000000, 3.469446951953616654E-16 ) ) ;
#2756 = EDGE_LOOP ( 'NONE', ( #2941, #4363, #283, #2578 ) ) ;
#2757 = DIRECTION ( 'NONE',  ( -1.000000000000000000, 0.000000000000000000, 3.469446951953617147E-16 ) ) ;
#2758 = ORIENTED_EDGE ( 'NONE', *, *, #2024, .T. ) ;
#2759 = CIRCLE ( 'NONE', #1603, 2.750000000000002665 ) ;
#2760 = ADVANCED_FACE ( 'NONE', ( #284 ), #4967, .T. ) ;
#2761 = DIRECTION ( 'NONE',  ( -1.000000000000000000, 0.000000000000000000, 3.469446951953616654E-16 ) ) ;
#2762 = DIRECTION ( 'NONE',  ( -1.000000000000000000, 0.000000000000000000, 3.469446951953617147E-16 ) ) ;
#2763 = CYLINDRICAL_SURFACE ( 'NONE', #3902, 2.750000000000009326 ) ;
#2764 = CIRCLE ( 'NONE', #1939, 2.750000000000002665 ) ;
#2765 = AXIS2_PLACEMENT_3D ( 'NONE', #931, #4060, #3223 ) ;
#2766 = ORIENTED_EDGE ( 'NONE', *, *, #443, .T. ) ;
#2767 = CARTESIAN_POINT ( 'NONE',  ( -3.816391647148975608E-14, 49.83200000000000074, -109.8319999999998799 ) ) ;
#2768 = CARTESIAN_POINT ( 'NONE',  ( -2.602085213965210642E-14, 49.83200000000000074, -76.20799999999987051 ) ) ;
#2769 = EDGE_CURVE ( 'NONE', #3796, #3262, #1972, .T. ) ;
#2770 = AXIS2_PLACEMENT_3D ( 'NONE', #551, #928, #2808 ) ;
#2771 = CIRCLE ( 'NONE', #4744, 10.00000000000000178 ) ;
#2772 = DIRECTION ( 'NONE',  ( 6.308085367188383338E-16, 0.000000000000000000, 1.000000000000000000 ) ) ;
#2773 = FACE_OUTER_BOUND ( 'NONE', #1182, .T. ) ;
#2774 = AXIS2_PLACEMENT_3D ( 'NONE', #4531, #4992, #1060 ) ;
#2775 = CARTESIAN_POINT ( 'NONE',  ( -9.525000000000041211, 49.83200000000000074, -118.2899999999998784 ) ) ;
#2776 = EDGE_CURVE ( 'NONE', #701, #3617, #4613, .T. ) ;
#2777 = CARTESIAN_POINT ( 'NONE',  ( -9.525000000000007461, 36.31370849898480202, -20.93629150101525127 ) ) ;
#2778 = VECTOR ( 'NONE', #2432, 1000.000000000000000 ) ;
#2779 = EDGE_LOOP ( 'NONE', ( #4207, #2233, #3020, #896 ) ) ;
#2780 = CYLINDRICAL_SURFACE ( 'NONE', #1768, 2.950000000000001066 ) ;
#2781 = CARTESIAN_POINT ( 'NONE',  ( -9.525000000000009237, 45.17893218813449607, -20.86106781186562742 ) ) ;
#2782 = EDGE_LOOP ( 'NONE', ( #1600, #3874 ) ) ;
#2783 = FACE_BOUND ( 'NONE', #3733, .T. ) ;
#2784 = LINE ( 'NONE', #805, #2230 ) ;
#2785 = ADVANCED_FACE ( 'NONE', ( #4998 ), #237, .F. ) ;
#2786 = FACE_OUTER_BOUND ( 'NONE', #2031, .T. ) ;
#2787 = EDGE_LOOP ( 'NONE', ( #1765, #2967 ) ) ;
#2788 = ADVANCED_FACE ( 'NONE', ( #4557 ), #4170, .F. ) ;
#2789 = VERTEX_POINT ( 'NONE', #4881 ) ;
#2790 = AXIS2_PLACEMENT_3D ( 'NONE', #843, #1201, #3868 ) ;
#2791 = CARTESIAN_POINT ( 'NONE',  ( -9.525000000000037659, 16.20799999999999841, -107.0819999999995247 ) ) ;
#2792 = CARTESIAN_POINT ( 'NONE',  ( 1.817990202823694150E-14, 9.450000000000045475, 53.98999999999999488 ) ) ;
#2793 = ORIENTED_EDGE ( 'NONE', *, *, #2320, .F. ) ;
#2794 = VECTOR ( 'NONE', #645, 1000.000000000000000 ) ;
#2795 = CIRCLE ( 'NONE', #4105, 2.599999999999994760 ) ;
#2796 = DIRECTION ( 'NONE',  ( -3.469446951953618133E-16, 2.081668171172168908E-15, -1.000000000000000000 ) ) ;
#2797 = CYLINDRICAL_SURFACE ( 'NONE', #3679, 2.750000000000002665 ) ;
#2798 = VECTOR ( 'NONE', #4893, 1000.000000000000000 ) ;
#2799 = VECTOR ( 'NONE', #290, 1000.000000000000000 ) ;
#2800 = DIRECTION ( 'NONE',  ( 0.000000000000000000, -0.000000000000000000, 1.000000000000000000 ) ) ;
#2801 = DIRECTION ( 'NONE',  ( 3.469446951953611724E-16, 0.000000000000000000, 1.000000000000000000 ) ) ;
#2802 = ORIENTED_EDGE ( 'NONE', *, *, #2704, .T. ) ;
#2803 = VECTOR ( 'NONE', #3985, 1000.000000000000000 ) ;
#2804 = CIRCLE ( 'NONE', #594, 2.950000000000002842 ) ;
#2805 = EDGE_CURVE ( 'NONE', #3386, #1710, #4113, .T. ) ;
#2806 = CARTESIAN_POINT ( 'NONE',  ( 48.00000000000000000, 9.525000000000000355, -11.05000000000000071 ) ) ;
#2807 = AXIS2_PLACEMENT_3D ( 'NONE', #5026, #2736, #3543 ) ;
#2808 = DIRECTION ( 'NONE',  ( 3.469446951953615175E-16, 0.000000000000000000, 1.000000000000000000 ) ) ;
#2809 = CARTESIAN_POINT ( 'NONE',  ( -9.524999999999980815, 56.04000000000004889, 56.03999999999999204 ) ) ;
#2810 = VERTEX_POINT ( 'NONE', #4914 ) ;
#2811 = FACE_BOUND ( 'NONE', #304, .T. ) ;
#2812 = CYLINDRICAL_SURFACE ( 'NONE', #827, 2.750000000000002665 ) ;
#2813 = CARTESIAN_POINT ( 'NONE',  ( -3.720981855970251218E-14, 4.999999999999997335, -107.0819999999994110 ) ) ;
#2814 = DIRECTION ( 'NONE',  ( 3.469446951953615175E-16, 0.000000000000000000, 1.000000000000000000 ) ) ;
#2815 = ORIENTED_EDGE ( 'NONE', *, *, #2915, .T. ) ;
#2816 = DIRECTION ( 'NONE',  ( 3.469446951953618133E-16, 0.000000000000000000, 1.000000000000000000 ) ) ;
#2817 = EDGE_CURVE ( 'NONE', #2708, #574, #1799, .T. ) ;
#2818 = CARTESIAN_POINT ( 'NONE',  ( -9.524999999999979039, 56.59000000000000341, 59.18999999999996930 ) ) ;
#2819 = VERTEX_POINT ( 'NONE', #264 ) ;
#2820 = LINE ( 'NONE', #54, #386 ) ;
#2821 = EDGE_CURVE ( 'NONE', #1835, #1080, #3860, .T. ) ;
#2822 = DIRECTION ( 'NONE',  ( -1.000000000000000000, 0.000000000000000000, 3.469446951953616654E-16 ) ) ;
#2823 = EDGE_CURVE ( 'NONE', #2349, #1303, #1774, .T. ) ;
#2824 = DIRECTION ( 'NONE',  ( 6.308085367188383338E-16, 0.000000000000000000, 1.000000000000000000 ) ) ;
#2825 = ORIENTED_EDGE ( 'NONE', *, *, #3597, .T. ) ;
#2826 = DIRECTION ( 'NONE',  ( 3.469446951953611231E-16, 0.000000000000000000, 1.000000000000000000 ) ) ;
#2827 = DIRECTION ( 'NONE',  ( 0.000000000000000000, 0.000000000000000000, 1.000000000000000000 ) ) ;
#2828 = ADVANCED_FACE ( 'NONE', ( #3798 ), #3007, .F. ) ;
#2829 = ORIENTED_EDGE ( 'NONE', *, *, #2051, .T. ) ;
#2830 = AXIS2_PLACEMENT_3D ( 'NONE', #4548, #1002, #1383 ) ;
#2831 = FACE_BOUND ( 'NONE', #2199, .T. ) ;
#2832 = CARTESIAN_POINT ( 'NONE',  ( 12.00000000000000000, 4.525000000000000355, -43.04999999999999716 ) ) ;
#2833 = CARTESIAN_POINT ( 'NONE',  ( -9.525000000000028777, 16.20799999999999841, -84.66599999999951365 ) ) ;
#2834 = ADVANCED_FACE ( 'NONE', ( #2930 ), #1063, .F. ) ;
#2835 = AXIS2_PLACEMENT_3D ( 'NONE', #2681, #4247, #346 ) ;
#2836 = CARTESIAN_POINT ( 'NONE',  ( -9.525000000000021672, 42.25000000000000711, -59.99999999999998579 ) ) ;
#2837 = ORIENTED_EDGE ( 'NONE', *, *, #548, .T. ) ;
#2838 = AXIS2_PLACEMENT_3D ( 'NONE', #2380, #1225, #444 ) ;
#2839 = CARTESIAN_POINT ( 'NONE',  ( 3.469446951953614189E-15, 9.450000000000045475, 9.450000000000020606 ) ) ;
#2840 = CARTESIAN_POINT ( 'NONE',  ( 48.00000000000000000, 4.525000000000000355, -14.00000000000000355 ) ) ;
#2841 = VERTEX_POINT ( 'NONE', #605 ) ;
#2842 = CIRCLE ( 'NONE', #633, 2.750000000000002665 ) ;
#2843 = EDGE_CURVE ( 'NONE', #1632, #3516, #686, .T. ) ;
#2844 = CARTESIAN_POINT ( 'NONE',  ( -3.469446951953614189E-14, 16.20799999999999841, -98.62399999999951206 ) ) ;
#2845 = CARTESIAN_POINT ( 'NONE',  ( -9.525000000000028777, 61.03999999999999915, -84.66599999999999682 ) ) ;
#2846 = CIRCLE ( 'NONE', #4077, 2.750000000000002665 ) ;
#2847 = VECTOR ( 'NONE', #720, 1000.000000000000114 ) ;
#2848 = EDGE_CURVE ( 'NONE', #279, #4926, #2392, .T. ) ;
#2849 = CARTESIAN_POINT ( 'NONE',  ( -1.511419756675985302E-14, 36.31370849898480202, -43.56370849898475939 ) ) ;
#2850 = ORIENTED_EDGE ( 'NONE', *, *, #1254, .F. ) ;
#2851 = EDGE_CURVE ( 'NONE', #530, #1321, #4620, .T. ) ;
#2852 = VECTOR ( 'NONE', #4711, 1000.000000000000000 ) ;
#2853 = DIRECTION ( 'NONE',  ( 6.308085367188383338E-16, 0.000000000000000000, 1.000000000000000000 ) ) ;
#2854 = CARTESIAN_POINT ( 'NONE',  ( -9.525000000000042988, 49.83200000000000074, -121.0399999999998784 ) ) ;
#2855 = CIRCLE ( 'NONE', #652, 2.750000000000002665 ) ;
#2856 = ORIENTED_EDGE ( 'NONE', *, *, #1529, .F. ) ;
#2857 = CARTESIAN_POINT ( 'NONE',  ( -3.911801438327699998E-14, 16.20799999999999841, -112.5819999999995247 ) ) ;
#2858 = CARTESIAN_POINT ( 'NONE',  ( -2.350550309948573928E-14, 27.41600000000000392, -67.74999999999964473 ) ) ;
#2859 = FACE_OUTER_BOUND ( 'NONE', #749, .T. ) ;
#2860 = ORIENTED_EDGE ( 'NONE', *, *, #2704, .F. ) ;
#2861 = CARTESIAN_POINT ( 'NONE',  ( -9.525000000000007461, 24.99999999999999645, -17.74999999999999289 ) ) ;
#2862 = ADVANCED_FACE ( 'NONE', ( #761, #3825 ), #4687, .T. ) ;
#2863 = APPLICATION_PROTOCOL_DEFINITION ( 'draft international standard', 'automotive_design', 1998, #3486 ) ;
#2864 = VERTEX_POINT ( 'NONE', #2266 ) ;
#2865 = DIRECTION ( 'NONE',  ( -3.414809992080329516E-16, 0.000000000000000000, -1.000000000000000000 ) ) ;
#2866 = FACE_OUTER_BOUND ( 'NONE', #3993, .T. ) ;
#2867 = ORIENTED_EDGE ( 'NONE', *, *, #662, .T. ) ;
#2868 = ORIENTED_EDGE ( 'NONE', *, *, #694, .T. ) ;
#2869 = CARTESIAN_POINT ( 'NONE',  ( -9.525000000000011013, 42.25000000000001421, -27.93213562373107095 ) ) ;
#2870 = ORIENTED_EDGE ( 'NONE', *, *, #1308, .F. ) ;
#2871 = DIRECTION ( 'NONE',  ( 0.000000000000000000, 1.000000000000000000, 0.000000000000000000 ) ) ;
#2872 = CIRCLE ( 'NONE', #4187, 4.499999999999999112 ) ;
#2873 = ORIENTED_EDGE ( 'NONE', *, *, #1777, .T. ) ;
#2874 = DIRECTION ( 'NONE',  ( -1.000000000000000000, 0.000000000000000000, 3.469446951953617147E-16 ) ) ;
#2875 = CIRCLE ( 'NONE', #427, 2.750000000000002665 ) ;
#2876 = VECTOR ( 'NONE', #3263, 1000.000000000000000 ) ;
#2877 = CARTESIAN_POINT ( 'NONE',  ( -9.525000000000027001, 61.03999999999999915, -76.20799999999998420 ) ) ;
#2878 = EDGE_CURVE ( 'NONE', #1458, #2281, #4612, .T. ) ;
#2879 = CARTESIAN_POINT ( 'NONE',  ( 12.00000000000000000, 4.525000000000000355, -46.00000000000000000 ) ) ;
#2880 = DIRECTION ( 'NONE',  ( -1.000000000000000000, 0.000000000000000000, 3.469446951953617147E-16 ) ) ;
#2881 = VECTOR ( 'NONE', #4458, 1000.000000000000114 ) ;
#2882 = CIRCLE ( 'NONE', #913, 2.750000000000002665 ) ;
#2883 = AXIS2_PLACEMENT_3D ( 'NONE', #507, #4862, #2054 ) ;
#2884 = CARTESIAN_POINT ( 'NONE',  ( 13.02933746294585760, 35.14358219208495626, -52.49999999999998579 ) ) ;
#2885 = DIRECTION ( 'NONE',  ( 3.469446951953615175E-16, 0.000000000000000000, 1.000000000000000000 ) ) ;
#2886 = EDGE_LOOP ( 'NONE', ( #359, #3417 ) ) ;
#2887 = VERTEX_POINT ( 'NONE', #1971 ) ;
#2888 = LINE ( 'NONE', #937, #1813 ) ;
#2889 = CARTESIAN_POINT ( 'NONE',  ( -9.524999999999998579, 66.04000000000004889, 4.142135623731057592 ) ) ;
#2890 = ORIENTED_EDGE ( 'NONE', *, *, #3415, .T. ) ;
#2891 = EDGE_CURVE ( 'NONE', #4983, #4190, #3049, .T. ) ;
#2892 = ORIENTED_EDGE ( 'NONE', *, *, #157, .T. ) ;
#2893 = CARTESIAN_POINT ( 'NONE',  ( 48.00000000000000000, 9.525000000000000355, -18.50000000000000355 ) ) ;
#2894 = CARTESIAN_POINT ( 'NONE',  ( -9.525000000000023448, 56.04000000000007731, -64.14213562373090838 ) ) ;
#2895 = EDGE_CURVE ( 'NONE', #2864, #1049, #2710, .T. ) ;
#2896 = ORIENTED_EDGE ( 'NONE', *, *, #1088, .F. ) ;
#2897 = DIRECTION ( 'NONE',  ( 0.000000000000000000, 0.000000000000000000, 1.000000000000000000 ) ) ;
#2898 = CARTESIAN_POINT ( 'NONE',  ( -9.525000000000042988, 38.62400000000000233, -123.7899999999997647 ) ) ;
#2899 = FACE_OUTER_BOUND ( 'NONE', #4547, .T. ) ;
#2900 = CARTESIAN_POINT ( 'NONE',  ( 60.00000000000000000, 9.525000000000000355, -59.99999999999998579 ) ) ;
#2901 = ORIENTED_EDGE ( 'NONE', *, *, #858, .F. ) ;
#2902 = EDGE_CURVE ( 'NONE', #1830, #909, #834, .T. ) ;
#2903 = EDGE_LOOP ( 'NONE', ( #2341, #3200, #1771, #3800 ) ) ;
#2904 = EDGE_CURVE ( 'NONE', #2125, #4460, #2912, .T. ) ;
#2905 = CARTESIAN_POINT ( 'NONE',  ( 1.437091981433222693E-15, 56.04000000000004889, 4.142135623731054039 ) ) ;
#2906 = DIRECTION ( 'NONE',  ( 0.000000000000000000, 1.000000000000000000, 0.000000000000000000 ) ) ;
#2907 = CARTESIAN_POINT ( 'NONE',  ( -2.255140518769849223E-14, 5.000000000000000000, -64.99999999999940314 ) ) ;
#2908 = CIRCLE ( 'NONE', #3976, 2.750000000000002665 ) ;
#2909 = ORIENTED_EDGE ( 'NONE', *, *, #60, .F. ) ;
#2910 = ORIENTED_EDGE ( 'NONE', *, *, #1010, .F. ) ;
#2911 = ORIENTED_EDGE ( 'NONE', *, *, #4509, .T. ) ;
#2912 = CIRCLE ( 'NONE', #3310, 2.750000000000002665 ) ;
#2913 = CIRCLE ( 'NONE', #4240, 2.250000000000015987 ) ;
#2914 = VERTEX_POINT ( 'NONE', #3057 ) ;
#2915 = EDGE_CURVE ( 'NONE', #297, #328, #4149, .T. ) ;
#2916 = CARTESIAN_POINT ( 'NONE',  ( 47.99999999999998579, 9.525000000000000355, -50.50000000000000000 ) ) ;
#2917 = ORIENTED_EDGE ( 'NONE', *, *, #2344, .T. ) ;
#2918 = CARTESIAN_POINT ( 'NONE',  ( -3.816391647148975608E-14, 38.62400000000000233, -109.8319999999997663 ) ) ;
#2919 = AXIS2_PLACEMENT_3D ( 'NONE', #2236, #601, #3714 ) ;
#2920 = VECTOR ( 'NONE', #1256, 1000.000000000000000 ) ;
#2921 = ORIENTED_EDGE ( 'NONE', *, *, #4955, .F. ) ;
#2922 = VECTOR ( 'NONE', #2301, 1000.000000000000000 ) ;
#2923 = EDGE_CURVE ( 'NONE', #4, #297, #4298, .T. ) ;
#2924 = FACE_BOUND ( 'NONE', #229, .T. ) ;
#2925 = CARTESIAN_POINT ( 'NONE',  ( -9.525000000000005684, 25.00000000000002132, -14.00000000000000533 ) ) ;
#2926 = CARTESIAN_POINT ( 'NONE',  ( -9.524999999999980815, 56.59000000000000341, 56.58999999999998209 ) ) ;
#2927 = VECTOR ( 'NONE', #2757, 1000.000000000000000 ) ;
#2928 = ORIENTED_EDGE ( 'NONE', *, *, #4501, .F. ) ;
#2929 = AXIS2_PLACEMENT_3D ( 'NONE', #3390, #1510, #3884 ) ;
#2930 = FACE_OUTER_BOUND ( 'NONE', #3704, .T. ) ;
#2931 = CARTESIAN_POINT ( 'NONE',  ( -1.980050422646145458E-14, 63.11106781186552439, -57.07106781186539735 ) ) ;
#2932 = ORIENTED_EDGE ( 'NONE', *, *, #2320, .T. ) ;
#2933 = VERTEX_POINT ( 'NONE', #738 ) ;
#2934 = ORIENTED_EDGE ( 'NONE', *, *, #1487, .F. ) ;
#2935 = CARTESIAN_POINT ( 'NONE',  ( 2.255140518769849223E-14, 42.25000000000000000, -52.49999999999998579 ) ) ;
#2936 = DIRECTION ( 'NONE',  ( 3.469446951953615175E-16, 0.000000000000000000, 1.000000000000000000 ) ) ;
#2937 = CARTESIAN_POINT ( 'NONE',  ( -9.525000000000012790, 33.02000000000029445, -33.01999999999996049 ) ) ;
#2938 = CARTESIAN_POINT ( 'NONE',  ( -2.602085213965210642E-14, 38.62400000000000233, -76.20799999999974261 ) ) ;
#2939 = EDGE_LOOP ( 'NONE', ( #2228, #1714, #3999, #2012 ) ) ;
#2940 = EDGE_CURVE ( 'NONE', #2153, #210, #2339, .T. ) ;
#2941 = ORIENTED_EDGE ( 'NONE', *, *, #4463, .F. ) ;
#2942 = ORIENTED_EDGE ( 'NONE', *, *, #1780, .T. ) ;
#2943 = DIRECTION ( 'NONE',  ( -1.000000000000000000, 0.000000000000000000, 1.224646799147353454E-16 ) ) ;
#2944 = ORIENTED_EDGE ( 'NONE', *, *, #3321, .T. ) ;
#2945 = DIRECTION ( 'NONE',  ( 3.469446951953619119E-16, 0.000000000000000000, 1.000000000000000000 ) ) ;
#2946 = ORIENTED_EDGE ( 'NONE', *, *, #4752, .F. ) ;
#2947 = DIRECTION ( 'NONE',  ( -0.000000000000000000, -1.000000000000000000, -0.000000000000000000 ) ) ;
#2948 = DIRECTION ( 'NONE',  ( -1.000000000000000000, 0.000000000000000000, 3.469446951953616654E-16 ) ) ;
#2949 = VECTOR ( 'NONE', #1761, 1000.000000000000000 ) ;
#2950 = DIRECTION ( 'NONE',  ( -1.000000000000000000, 0.000000000000000000, 3.469446951953616654E-16 ) ) ;
#2951 = CYLINDRICAL_SURFACE ( 'NONE', #2774, 2.599999999999994760 ) ;
#2952 = ORIENTED_EDGE ( 'NONE', *, *, #3686, .T. ) ;
#2953 = EDGE_CURVE ( 'NONE', #3291, #1818, #1525, .T. ) ;
#2954 = AXIS2_PLACEMENT_3D ( 'NONE', #4897, #3835, #4719 ) ;
#2955 = FACE_BOUND ( 'NONE', #4571, .T. ) ;
#2956 = DIRECTION ( 'NONE',  ( -1.000000000000000000, 0.000000000000000000, 3.469446951953616654E-16 ) ) ;
#2957 = CARTESIAN_POINT ( 'NONE',  ( -3.816391647148975608E-14, 16.20799999999999841, -109.8319999999995247 ) ) ;
#2958 = CIRCLE ( 'NONE', #1406, 2.750000000000002665 ) ;
#2959 = EDGE_LOOP ( 'NONE', ( #365, #887, #4422, #160 ) ) ;
#2960 = ORIENTED_EDGE ( 'NONE', *, *, #4861, .F. ) ;
#2961 = DIRECTION ( 'NONE',  ( -1.000000000000000000, 0.000000000000000000, 3.469446951953617147E-16 ) ) ;
#2962 = ORIENTED_EDGE ( 'NONE', *, *, #1130, .T. ) ;
#2963 = LINE ( 'NONE', #3334, #432 ) ;
#2964 = LINE ( 'NONE', #2275, #4814 ) ;
#2965 = CARTESIAN_POINT ( 'NONE',  ( 60.00000000000000000, 9.525000000000000355, -52.49999999999998579 ) ) ;
#2966 = ORIENTED_EDGE ( 'NONE', *, *, #185, .T. ) ;
#2967 = ORIENTED_EDGE ( 'NONE', *, *, #2508, .F. ) ;
#2968 = ORIENTED_EDGE ( 'NONE', *, *, #1451, .T. ) ;
#2969 = EDGE_CURVE ( 'NONE', #2659, #1343, #866, .T. ) ;
#2970 = VERTEX_POINT ( 'NONE', #1521 ) ;
#2971 = CYLINDRICAL_SURFACE ( 'NONE', #4191, 2.750000000000002665 ) ;
#2972 = EDGE_LOOP ( 'NONE', ( #2479, #3391, #4176, #4876 ) ) ;
#2973 = LINE ( 'NONE', #2138, #864 ) ;
#2974 = ORIENTED_EDGE ( 'NONE', *, *, #2589, .T. ) ;
#2975 = ADVANCED_FACE ( 'NONE', ( #3898 ), #1550, .F. ) ;
#2976 = CARTESIAN_POINT ( 'NONE',  ( -9.525000000000000355, 0.000000000000000000, 3.304648221735819487E-15 ) ) ;
#2977 = CARTESIAN_POINT ( 'NONE',  ( -3.374037160774889799E-14, 38.62400000000000233, -95.87399999999976785 ) ) ;
#2978 = LINE ( 'NONE', #1007, #567 ) ;
#2979 = ORIENTED_EDGE ( 'NONE', *, *, #2629, .F. ) ;
#2980 = ADVANCED_FACE ( 'NONE', ( #4664 ), #1571, .F. ) ;
#2981 = DIRECTION ( 'NONE',  ( 6.308085367188383338E-16, 0.000000000000000000, 1.000000000000000000 ) ) ;
#2982 = CARTESIAN_POINT ( 'NONE',  ( 1.908195823574487804E-14, 56.59000000000000341, 56.58999999999998209 ) ) ;
#2983 = ORIENTED_EDGE ( 'NONE', *, *, #4875, .T. ) ;
#2984 = ORIENTED_EDGE ( 'NONE', *, *, #1339, .T. ) ;
#2985 = CARTESIAN_POINT ( 'NONE',  ( -4.166068190338001300E-14, 5.871792049151294856E-14, -121.0399999999999778 ) ) ;
#2986 = EDGE_LOOP ( 'NONE', ( #615, #3674, #1776, #2256 ) ) ;
#2987 = CARTESIAN_POINT ( 'NONE',  ( -3.469446951953614189E-14, 49.83200000000000074, -98.62399999999988154 ) ) ;
#2988 = FACE_OUTER_BOUND ( 'NONE', #4408, .T. ) ;
#2989 = EDGE_LOOP ( 'NONE', ( #4789, #1041, #3248, #1833 ) ) ;
#2990 = ORIENTED_EDGE ( 'NONE', *, *, #3269, .F. ) ;
#2991 = ORIENTED_EDGE ( 'NONE', *, *, #1184, .T. ) ;
#2992 = DIRECTION ( 'NONE',  ( 6.308085367188383338E-16, 0.000000000000000000, 1.000000000000000000 ) ) ;
#2993 = ORIENTED_EDGE ( 'NONE', *, *, #947, .T. ) ;
#2994 = AXIS2_PLACEMENT_3D ( 'NONE', #2090, #4055, #1693 ) ;
#2995 = FACE_OUTER_BOUND ( 'NONE', #4691, .T. ) ;
#2996 = EDGE_CURVE ( 'NONE', #4449, #1315, #4886, .T. ) ;
#2997 = DIRECTION ( 'NONE',  ( 1.000000000000000000, -0.000000000000000000, -3.469446951953616654E-16 ) ) ;
#2998 = DIRECTION ( 'NONE',  ( 3.469446951953611724E-16, 0.000000000000000000, 1.000000000000000000 ) ) ;
#2999 = VECTOR ( 'NONE', #5014, 1000.000000000000000 ) ;
#3000 = EDGE_CURVE ( 'NONE', #4545, #3996, #4321, .T. ) ;
#3001 = CIRCLE ( 'NONE', #2919, 2.750000000000002665 ) ;
#3002 = AXIS2_PLACEMENT_3D ( 'NONE', #3631, #2429, #4000 ) ;
#3003 = CARTESIAN_POINT ( 'NONE',  ( 60.00000000000000000, 0.000000000000000000, -7.347880794884118356E-15 ) ) ;
#3004 = DIRECTION ( 'NONE',  ( 3.469446951953615175E-16, 0.000000000000000000, 1.000000000000000000 ) ) ;
#3005 = EDGE_CURVE ( 'NONE', #1818, #3291, #1931, .T. ) ;
#3006 = CIRCLE ( 'NONE', #2431, 2.950000000000001066 ) ;
#3007 = CYLINDRICAL_SURFACE ( 'NONE', #4286, 2.750000000000002665 ) ;
#3008 = ORIENTED_EDGE ( 'NONE', *, *, #3321, .F. ) ;
#3009 = PLANE ( 'NONE',  #4577 ) ;
#3010 = AXIS2_PLACEMENT_3D ( 'NONE', #2957, #1035, #3031 ) ;
#3011 = ORIENTED_EDGE ( 'NONE', *, *, #2596, .F. ) ;
#3012 = VERTEX_POINT ( 'NONE', #3977 ) ;
#3013 = LINE ( 'NONE', #4175, #591 ) ;
#3014 = ORIENTED_EDGE ( 'NONE', *, *, #4278, .T. ) ;
#3015 = CARTESIAN_POINT ( 'NONE',  ( -9.525000000000023448, 49.83200000000000074, -64.99999999999985789 ) ) ;
#3016 = CARTESIAN_POINT ( 'NONE',  ( -2.159730727591124517E-14, 27.41600000000000392, -62.24999999999963052 ) ) ;
#3017 = VERTEX_POINT ( 'NONE', #1207 ) ;
#3018 = CARTESIAN_POINT ( 'NONE',  ( -9.525000000000037659, 38.62400000000000233, -107.0819999999997663 ) ) ;
#3019 = ORIENTED_EDGE ( 'NONE', *, *, #1529, .T. ) ;
#3020 = ORIENTED_EDGE ( 'NONE', *, *, #1836, .T. ) ;
#3021 = DIRECTION ( 'NONE',  ( -1.000000000000000000, 0.000000000000000000, 3.469446951953616654E-16 ) ) ;
#3022 = ORIENTED_EDGE ( 'NONE', *, *, #4486, .T. ) ;
#3023 = ORIENTED_EDGE ( 'NONE', *, *, #4515, .F. ) ;
#3024 = CARTESIAN_POINT ( 'NONE',  ( -9.525000000000041211, 27.41600000000000392, -112.5819999999996384 ) ) ;
#3025 = CYLINDRICAL_SURFACE ( 'NONE', #3315, 2.950000000000002842 ) ;
#3026 = DIRECTION ( 'NONE',  ( 0.4788265014821655452, 0.8779095519917469170, -0.000000000000000000 ) ) ;
#3027 = ORIENTED_EDGE ( 'NONE', *, *, #273, .F. ) ;
#3028 = CIRCLE ( 'NONE', #5013, 2.599999999999991207 ) ;
#3029 = EDGE_CURVE ( 'NONE', #2042, #1810, #4807, .T. ) ;
#3030 = DIRECTION ( 'NONE',  ( -3.469446951953619119E-16, 0.000000000000000000, -1.000000000000000000 ) ) ;
#3031 = DIRECTION ( 'NONE',  ( 3.469446951953615175E-16, 0.000000000000000000, 1.000000000000000000 ) ) ;
#3032 = DIRECTION ( 'NONE',  ( -1.000000000000000000, 0.000000000000000000, 3.469446951953617147E-16 ) ) ;
#3033 = AXIS2_PLACEMENT_3D ( 'NONE', #2010, #2402, #50 ) ;
#3034 = ORIENTED_EDGE ( 'NONE', *, *, #2572, .T. ) ;
#3035 = CIRCLE ( 'NONE', #2461, 2.950000000000001066 ) ;
#3036 = ADVANCED_FACE ( 'NONE', ( #527 ), #2780, .F. ) ;
#3037 = VECTOR ( 'NONE', #538, 1000.000000000000000 ) ;
#3038 = CARTESIAN_POINT ( 'NONE',  ( -4.163336342344337027E-14, 4.999999999999997335, -121.0399999999994094 ) ) ;
#3039 = ORIENTED_EDGE ( 'NONE', *, *, #1103, .T. ) ;
#3040 = DIRECTION ( 'NONE',  ( -1.000000000000000000, 0.000000000000000000, 3.469446951953617147E-16 ) ) ;
#3041 = LINE ( 'NONE', #4053, #1161 ) ;
#3042 = CARTESIAN_POINT ( 'NONE',  ( -3.374037160774889799E-14, 61.03999999999999915, -95.87399999999998101 ) ) ;
#3043 = CARTESIAN_POINT ( 'NONE',  ( 0.000000000000000000, 66.04000000000004889, 0.000000000000000000 ) ) ;
#3044 = AXIS2_PLACEMENT_3D ( 'NONE', #1556, #3107, #4305 ) ;
#3045 = AXIS2_PLACEMENT_3D ( 'NONE', #974, #3984, #1242 ) ;
#3046 = ORIENTED_EDGE ( 'NONE', *, *, #2891, .T. ) ;
#3047 = EDGE_LOOP ( 'NONE', ( #936, #1105 ) ) ;
#3048 = LINE ( 'NONE', #1106, #2217 ) ;
#3049 = CIRCLE ( 'NONE', #3695, 2.750000000000002665 ) ;
#3050 = EDGE_CURVE ( 'NONE', #2263, #1916, #2586, .T. ) ;
#3051 = ORIENTED_EDGE ( 'NONE', *, *, #4036, .T. ) ;
#3052 = PLANE ( 'NONE',  #1803 ) ;
#3053 = FACE_OUTER_BOUND ( 'NONE', #461, .T. ) ;
#3054 = EDGE_CURVE ( 'NONE', #2299, #818, #2264, .T. ) ;
#3055 = CARTESIAN_POINT ( 'NONE',  ( 48.00000000000000000, 9.525000000000000355, -16.95000000000000639 ) ) ;
#3056 = VERTEX_POINT ( 'NONE', #3593 ) ;
#3057 = CARTESIAN_POINT ( 'NONE',  ( -9.525000000000042988, 27.41600000000000392, -123.7899999999996510 ) ) ;
#3058 = CARTESIAN_POINT ( 'NONE',  ( 3.469446951953614189E-15, 56.58999999999999631, 9.450000000000031264 ) ) ;
#3059 = DIRECTION ( 'NONE',  ( 3.469446951953615175E-16, 0.000000000000000000, 1.000000000000000000 ) ) ;
#3060 = VERTEX_POINT ( 'NONE', #4735 ) ;
#3061 = FACE_OUTER_BOUND ( 'NONE', #1519, .T. ) ;
#3062 = EDGE_LOOP ( 'NONE', ( #1596, #3582, #3513, #2722 ) ) ;
#3063 = DIRECTION ( 'NONE',  ( 0.000000000000000000, 1.000000000000000000, 0.000000000000000000 ) ) ;
#3064 = EDGE_CURVE ( 'NONE', #4753, #2450, #3225, .T. ) ;
#3065 = CARTESIAN_POINT ( 'NONE',  ( -3.911801438327699998E-14, 38.62400000000000233, -112.5819999999997663 ) ) ;
#3066 = DIRECTION ( 'NONE',  ( 1.000000000000000000, -0.000000000000000000, -3.469446951953616654E-16 ) ) ;
#3067 = EDGE_CURVE ( 'NONE', #1462, #2526, #719, .T. ) ;
#3068 = ORIENTED_EDGE ( 'NONE', *, *, #2234, .F. ) ;
#3069 = VERTEX_POINT ( 'NONE', #4397 ) ;
#3070 = DIRECTION ( 'NONE',  ( 0.000000000000000000, 1.000000000000000000, 0.000000000000000000 ) ) ;
#3071 = VERTEX_POINT ( 'NONE', #4419 ) ;
#3072 = CIRCLE ( 'NONE', #2164, 2.750000000000002665 ) ;
#3073 = EDGE_CURVE ( 'NONE', #2277, #4603, #57, .T. ) ;
#3074 = CARTESIAN_POINT ( 'NONE',  ( -5.637851296924630157E-15, 25.00000000000002132, -16.25000000000001066 ) ) ;
#3075 = DIRECTION ( 'NONE',  ( 6.308085367188383338E-16, 0.000000000000000000, 1.000000000000000000 ) ) ;
#3076 = CARTESIAN_POINT ( 'NONE',  ( -9.525000000000023448, 16.20799999999999841, -64.99999999999953104 ) ) ;
#3077 = AXIS2_PLACEMENT_3D ( 'NONE', #61, #4785, #2826 ) ;
#3078 = DIRECTION ( 'NONE',  ( -1.000000000000000000, 0.000000000000000000, 3.469446951953617147E-16 ) ) ;
#3079 = ORIENTED_EDGE ( 'NONE', *, *, #1951, .F. ) ;
#3080 = CARTESIAN_POINT ( 'NONE',  ( 12.00000000000000000, 4.525000000000000355, -46.00000000000000000 ) ) ;
#3081 = EDGE_LOOP ( 'NONE', ( #456, #3626, #1686, #958 ) ) ;
#3082 = VECTOR ( 'NONE', #2207, 1000.000000000000000 ) ;
#3083 = ORIENTED_EDGE ( 'NONE', *, *, #1587, .F. ) ;
#3084 = DIRECTION ( 'NONE',  ( 2.832201593431521726E-16, 0.000000000000000000, 1.000000000000000000 ) ) ;
#3085 = CIRCLE ( 'NONE', #4896, 2.950000000000001066 ) ;
#3086 = CARTESIAN_POINT ( 'NONE',  ( -2.697495005143935347E-14, 61.03999999999999915, -78.95799999999998420 ) ) ;
#3087 = LINE ( 'NONE', #3882, #2184 ) ;
#3088 = FACE_OUTER_BOUND ( 'NONE', #52, .T. ) ;
#3089 = AXIS2_PLACEMENT_3D ( 'NONE', #580, #3275, #4863 ) ;
#3090 = ORIENTED_EDGE ( 'NONE', *, *, #1594, .F. ) ;
#3091 = EDGE_LOOP ( 'NONE', ( #4224, #3350, #2793, #2503 ) ) ;
#3092 = DIRECTION ( 'NONE',  ( -1.000000000000000000, 0.000000000000000000, 3.469446951953617147E-16 ) ) ;
#3093 = EDGE_CURVE ( 'NONE', #4730, #2480, #1444, .T. ) ;
#3094 = AXIS2_PLACEMENT_3D ( 'NONE', #13, #2677, #3821 ) ;
#3095 = ORIENTED_EDGE ( 'NONE', *, *, #1164, .T. ) ;
#3096 = DIRECTION ( 'NONE',  ( -1.000000000000000000, 0.000000000000000000, 3.469446951953617147E-16 ) ) ;
#3097 = CYLINDRICAL_SURFACE ( 'NONE', #2, 2.750000000000002665 ) ;
#3098 = DIRECTION ( 'NONE',  ( -3.469446951953616654E-16, 0.000000000000000000, -1.000000000000000000 ) ) ;
#3099 = DIRECTION ( 'NONE',  ( -1.000000000000000000, 0.000000000000000000, 3.469446951953616654E-16 ) ) ;
#3100 = ORIENTED_EDGE ( 'NONE', *, *, #920, .F. ) ;
#3101 = DIRECTION ( 'NONE',  ( -1.000000000000000000, 0.000000000000000000, 3.469446951953617147E-16 ) ) ;
#3102 = EDGE_CURVE ( 'NONE', #4904, #4383, #380, .T. ) ;
#3103 = DIRECTION ( 'NONE',  ( -1.000000000000000000, -2.465190328815686524E-32, 3.469446951953616161E-16 ) ) ;
#3104 = ORIENTED_EDGE ( 'NONE', *, *, #3713, .F. ) ;
#3105 = CARTESIAN_POINT ( 'NONE',  ( 0.000000000000000000, 9.525000000000000355, 0.000000000000000000 ) ) ;
#3106 = ORIENTED_EDGE ( 'NONE', *, *, #4326, .F. ) ;
#3107 = DIRECTION ( 'NONE',  ( -1.000000000000000000, 0.000000000000000000, 3.469446951953617147E-16 ) ) ;
#3108 = CARTESIAN_POINT ( 'NONE',  ( 24.99999999999998224, 57.09132099187863219, -52.49999999999996447 ) ) ;
#3109 = CIRCLE ( 'NONE', #3525, 2.750000000000002665 ) ;
#3110 = DIRECTION ( 'NONE',  ( -1.000000000000000000, 0.000000000000000000, 3.469446951953616654E-16 ) ) ;
#3111 = AXIS2_PLACEMENT_3D ( 'NONE', #4572, #1052, #1838 ) ;
#3112 = VECTOR ( 'NONE', #2102, 1000.000000000000000 ) ;
#3113 = ORIENTED_EDGE ( 'NONE', *, *, #306, .F. ) ;
#3114 = FACE_OUTER_BOUND ( 'NONE', #2939, .T. ) ;
#3115 = EDGE_LOOP ( 'NONE', ( #2712, #1812, #4039, #2100 ) ) ;
#3116 = AXIS2_PLACEMENT_3D ( 'NONE', #4972, #3416, #1452 ) ;
#3117 = EDGE_CURVE ( 'NONE', #2665, #2058, #3244, .T. ) ;
#3118 = VECTOR ( 'NONE', #2239, 1000.000000000000000 ) ;
#3119 = DIRECTION ( 'NONE',  ( -1.000000000000000000, 0.000000000000000000, 3.469446951953616654E-16 ) ) ;
#3120 = CARTESIAN_POINT ( 'NONE',  ( -3.469446951953614189E-14, 27.41600000000000392, -98.62399999999963995 ) ) ;
#3121 = DIRECTION ( 'NONE',  ( -1.000000000000000000, 0.000000000000000000, 3.469446951953616654E-16 ) ) ;
#3122 = EDGE_LOOP ( 'NONE', ( #4377, #3039 ) ) ;
#3123 = ADVANCED_FACE ( 'NONE', ( #129 ), #3218, .F. ) ;
#3124 = CARTESIAN_POINT ( 'NONE',  ( 12.00000000000000000, 4.525000000000000355, -13.99999999999999822 ) ) ;
#3125 = ORIENTED_EDGE ( 'NONE', *, *, #2344, .F. ) ;
#3126 = DIRECTION ( 'NONE',  ( 0.000000000000000000, 1.000000000000000000, -2.101421533587893380E-16 ) ) ;
#3127 = DIRECTION ( 'NONE',  ( -1.000000000000000000, 0.000000000000000000, 3.469446951953617147E-16 ) ) ;
#3128 = EDGE_LOOP ( 'NONE', ( #1629, #2952, #4717, #1097, #4057 ) ) ;
#3129 = DIRECTION ( 'NONE',  ( 6.672013369141587897E-16, 0.000000000000000000, 1.000000000000000000 ) ) ;
#3130 = LINE ( 'NONE', #1190, #3535 ) ;
#3131 = DIRECTION ( 'NONE',  ( 0.000000000000000000, 0.000000000000000000, 1.000000000000000000 ) ) ;
#3132 = ORIENTED_EDGE ( 'NONE', *, *, #1475, .T. ) ;
#3133 = ADVANCED_FACE ( 'NONE', ( #4836 ), #878, .F. ) ;
#3134 = ORIENTED_EDGE ( 'NONE', *, *, #2468, .F. ) ;
#3135 = CYLINDRICAL_SURFACE ( 'NONE', #2539, 2.750000000000002665 ) ;
#3136 = CARTESIAN_POINT ( 'NONE',  ( -9.525000000000032330, 4.999999999999997335, -90.16599999999941417 ) ) ;
#3137 = CARTESIAN_POINT ( 'NONE',  ( -3.564856743132338579E-14, 49.83200000000000074, -101.3739999999998815 ) ) ;
#3138 = CARTESIAN_POINT ( 'NONE',  ( -2.602085213965210642E-14, 27.41600000000000392, -76.20799999999964314 ) ) ;
#3139 = FACE_OUTER_BOUND ( 'NONE', #2453, .T. ) ;
#3140 = ORIENTED_EDGE ( 'NONE', *, *, #3117, .T. ) ;
#3141 = FACE_BOUND ( 'NONE', #4846, .T. ) ;
#3142 = ADVANCED_FACE ( 'NONE', ( #1311 ), #1646, .F. ) ;
#3143 = DIRECTION ( 'NONE',  ( 6.672013369141579022E-16, 0.000000000000000000, 1.000000000000000000 ) ) ;
#3144 = CARTESIAN_POINT ( 'NONE',  ( -9.525000000000042988, 0.000000000000000000, -121.0399999999999778 ) ) ;
#3145 = AXIS2_PLACEMENT_3D ( 'NONE', #2918, #4494, #972 ) ;
#3146 = CARTESIAN_POINT ( 'NONE',  ( -3.816391647148975608E-14, 16.20799999999999841, -109.8319999999995247 ) ) ;
#3147 = ADVANCED_FACE ( 'NONE', ( #2391 ), #1996, .T. ) ;
#3148 = DIRECTION ( 'NONE',  ( -1.000000000000000000, 0.000000000000000000, 3.469446951953616654E-16 ) ) ;
#3149 = ORIENTED_EDGE ( 'NONE', *, *, #442, .T. ) ;
#3150 = VECTOR ( 'NONE', #5049, 1000.000000000000000 ) ;
#3151 = FACE_BOUND ( 'NONE', #2155, .T. ) ;
#3152 = DIRECTION ( 'NONE',  ( 0.000000000000000000, 1.000000000000000000, 0.000000000000000000 ) ) ;
#3153 = EDGE_CURVE ( 'NONE', #4599, #543, #787, .T. ) ;
#3154 = CYLINDRICAL_SURFACE ( 'NONE', #2509, 2.750000000000002665 ) ;
#3155 = VECTOR ( 'NONE', #1006, 1000.000000000000000 ) ;
#3156 = VERTEX_POINT ( 'NONE', #3619 ) ;
#3157 = DIRECTION ( 'NONE',  ( 0.000000000000000000, 0.000000000000000000, -1.000000000000000000 ) ) ;
#3158 = DIRECTION ( 'NONE',  ( 0.000000000000000000, 1.000000000000000000, 0.000000000000000000 ) ) ;
#3159 = ORIENTED_EDGE ( 'NONE', *, *, #3797, .F. ) ;
#3160 = CIRCLE ( 'NONE', #3089, 2.750000000000009326 ) ;
#3161 = EDGE_CURVE ( 'NONE', #202, #1665, #3815, .T. ) ;
#3162 = CYLINDRICAL_SURFACE ( 'NONE', #3002, 2.750000000000002665 ) ;
#3163 = CIRCLE ( 'NONE', #3324, 2.950000000000002842 ) ;
#3164 = CARTESIAN_POINT ( 'NONE',  ( 1.414460611646869020E-15, 66.04000000000004889, 4.142135623731054039 ) ) ;
#3165 = CARTESIAN_POINT ( 'NONE',  ( -3.720981855970251218E-14, 61.03999999999999915, -107.0819999999999794 ) ) ;
#3166 = LINE ( 'NONE', #1138, #4578 ) ;
#3167 = CYLINDRICAL_SURFACE ( 'NONE', #3446, 2.599999999999991207 ) ;
#3168 = ORIENTED_EDGE ( 'NONE', *, *, #978, .T. ) ;
#3169 = FACE_BOUND ( 'NONE', #1125, .T. ) ;
#3170 = DIRECTION ( 'NONE',  ( -1.000000000000000000, 0.000000000000000000, 3.469446951953616654E-16 ) ) ;
#3171 = CARTESIAN_POINT ( 'NONE',  ( -2.949029909160572061E-14, 16.20799999999999841, -87.41599999999952786 ) ) ;
#3172 = ORIENTED_EDGE ( 'NONE', *, *, #2454, .T. ) ;
#3173 = ADVANCED_FACE ( 'NONE', ( #1059 ), #2510, .F. ) ;
#3174 = EDGE_CURVE ( 'NONE', #3071, #2491, #4962, .T. ) ;
#3175 = FACE_BOUND ( 'NONE', #4394, .T. ) ;
#3176 = CARTESIAN_POINT ( 'NONE',  ( -9.525000000000021672, 16.20799999999999841, -62.24999999999952394 ) ) ;
#3177 = ORIENTED_EDGE ( 'NONE', *, *, #2878, .F. ) ;
#3178 = PLANE ( 'NONE',  #956 ) ;
#3179 = ADVANCED_FACE ( 'NONE', ( #4856 ), #4082, .F. ) ;
#3180 = EDGE_CURVE ( 'NONE', #1856, #2176, #2759, .T. ) ;
#3181 = DIRECTION ( 'NONE',  ( -1.000000000000000000, 0.000000000000000000, 3.469446951953617147E-16 ) ) ;
#3182 = EDGE_LOOP ( 'NONE', ( #3801, #3863, #5006, #2404 ) ) ;
#3183 = CIRCLE ( 'NONE', #2215, 2.750000000000002665 ) ;
#3184 = DIRECTION ( 'NONE',  ( -1.000000000000000000, 0.000000000000000000, 3.469446951953616161E-16 ) ) ;
#3185 = CARTESIAN_POINT ( 'NONE',  ( -3.564856743132338579E-14, 38.62400000000000233, -101.3739999999997679 ) ) ;
#3186 = EDGE_LOOP ( 'NONE', ( #1504, #4106 ) ) ;
#3187 = MECHANICAL_DESIGN_GEOMETRIC_PRESENTATION_REPRESENTATION (  '', ( #830 ), #2220 ) ;
#3188 = CARTESIAN_POINT ( 'NONE',  ( 2.255140518769848907E-14, 56.04000000000004889, 66.03999999999999204 ) ) ;
#3189 = EDGE_CURVE ( 'NONE', #846, #516, #3397, .T. ) ;
#3190 = DIRECTION ( 'NONE',  ( -1.000000000000000000, 0.000000000000000000, 3.469446951953617147E-16 ) ) ;
#3191 = AXIS2_PLACEMENT_3D ( 'NONE', #3725, #4510, #1374 ) ;
#3192 = AXIS2_PLACEMENT_3D ( 'NONE', #4304, #320, #1977 ) ;
#3193 = CARTESIAN_POINT ( 'NONE',  ( 1.944278071874807285E-14, 0.000000000000000000, 56.04000000000000625 ) ) ;
#3194 = ORIENTED_EDGE ( 'NONE', *, *, #4299, .T. ) ;
#3195 = FACE_BOUND ( 'NONE', #2519, .T. ) ;
#3196 = EDGE_CURVE ( 'NONE', #1866, #4293, #2535, .T. ) ;
#3197 = DIRECTION ( 'NONE',  ( -1.000000000000000000, 0.000000000000000000, 3.469446951953617147E-16 ) ) ;
#3198 = LINE ( 'NONE', #449, #4825 ) ;
#3199 = DIRECTION ( 'NONE',  ( 3.469446951953626515E-16, 0.000000000000000000, 1.000000000000000000 ) ) ;
#3200 = ORIENTED_EDGE ( 'NONE', *, *, #1902, .T. ) ;
#3201 = FACE_BOUND ( 'NONE', #2492, .T. ) ;
#3202 = FACE_OUTER_BOUND ( 'NONE', #3208, .T. ) ;
#3203 = DIRECTION ( 'NONE',  ( 6.308085367188383338E-16, 0.000000000000000000, 1.000000000000000000 ) ) ;
#3204 = EDGE_CURVE ( 'NONE', #3413, #4237, #1822, .T. ) ;
#3205 = ORIENTED_EDGE ( 'NONE', *, *, #4834, .T. ) ;
#3206 = EDGE_CURVE ( 'NONE', #1890, #2649, #2621, .T. ) ;
#3207 = CARTESIAN_POINT ( 'NONE',  ( -4.163336342344337027E-14, 38.62400000000000233, -121.0399999999997647 ) ) ;
#3208 = EDGE_LOOP ( 'NONE', ( #3079, #4075, #2944, #1346 ) ) ;
#3209 = CARTESIAN_POINT ( 'NONE',  ( -9.524999999999996803, 9.450000000000045475, 9.450000000000024158 ) ) ;
#3210 = FACE_OUTER_BOUND ( 'NONE', #1435, .T. ) ;
#3211 = EDGE_CURVE ( 'NONE', #4603, #4753, #183, .T. ) ;
#3212 = ORIENTED_EDGE ( 'NONE', *, *, #4670, .F. ) ;
#3213 = LINE ( 'NONE', #3188, #2920 ) ;
#3214 = DIRECTION ( 'NONE',  ( 3.469446951953626515E-16, 0.000000000000000000, 1.000000000000000000 ) ) ;
#3215 = CARTESIAN_POINT ( 'NONE',  ( -9.525000000000027001, 27.41600000000000392, -76.20799999999964314 ) ) ;
#3216 = CARTESIAN_POINT ( 'NONE',  ( 1.908195823574487804E-14, 56.59000000000000341, 56.58999999999998209 ) ) ;
#3217 = ORIENTED_EDGE ( 'NONE', *, *, #3436, .F. ) ;
#3218 = CYLINDRICAL_SURFACE ( 'NONE', #2994, 2.750000000000002665 ) ;
#3219 = CARTESIAN_POINT ( 'NONE',  ( -2.697495005143935347E-14, 27.41600000000000392, -78.95799999999964314 ) ) ;
#3220 = ORIENTED_EDGE ( 'NONE', *, *, #4619, .F. ) ;
#3221 = PRODUCT_DEFINITION_FORMATION_WITH_SPECIFIED_SOURCE ( 'ANY', '', #80, .NOT_KNOWN. ) ;
#3222 = CARTESIAN_POINT ( 'NONE',  ( -5.702484144961864457E-15, 13.68629150101525660, -16.43629150101529390 ) ) ;
#3223 = DIRECTION ( 'NONE',  ( 6.308085367188383338E-16, 0.000000000000000000, 1.000000000000000000 ) ) ;
#3224 = ORIENTED_EDGE ( 'NONE', *, *, #758, .T. ) ;
#3225 = CIRCLE ( 'NONE', #1275, 2.750000000000002665 ) ;
#3226 = CARTESIAN_POINT ( 'NONE',  ( -3.469446951953614189E-14, 61.03999999999999915, -98.62399999999999523 ) ) ;
#3227 = AXIS2_PLACEMENT_3D ( 'NONE', #2525, #143, #1707 ) ;
#3228 = AXIS2_PLACEMENT_3D ( 'NONE', #1265, #1669, #3199 ) ;
#3229 = ORIENTED_EDGE ( 'NONE', *, *, #1127, .T. ) ;
#3230 = DIRECTION ( 'NONE',  ( -1.000000000000000000, 0.000000000000000000, 3.469446951953616161E-16 ) ) ;
#3231 = DIRECTION ( 'NONE',  ( -1.224646799147353454E-16, 0.000000000000000000, -1.000000000000000000 ) ) ;
#3232 = ORIENTED_EDGE ( 'NONE', *, *, #4508, .F. ) ;
#3233 = ADVANCED_FACE ( 'NONE', ( #2174 ), #654, .F. ) ;
#3234 = VECTOR ( 'NONE', #323, 1000.000000000000114 ) ;
#3235 = EDGE_LOOP ( 'NONE', ( #4481, #2668, #4281, #296 ) ) ;
#3236 = EDGE_CURVE ( 'NONE', #3912, #5063, #4239, .T. ) ;
#3237 = DIRECTION ( 'NONE',  ( 1.000000000000000000, 1.665334536937734811E-15, 0.000000000000000000 ) ) ;
#3238 = AXIS2_PLACEMENT_3D ( 'NONE', #2368, #5082, #41 ) ;
#3239 = ORIENTED_EDGE ( 'NONE', *, *, #966, .F. ) ;
#3240 = DIRECTION ( 'NONE',  ( -1.000000000000000000, 0.000000000000000000, 3.469446951953617147E-16 ) ) ;
#3241 = DIRECTION ( 'NONE',  ( -1.000000000000000000, 0.000000000000000000, 3.469446951953616654E-16 ) ) ;
#3242 = ORIENTED_EDGE ( 'NONE', *, *, #2687, .T. ) ;
#3243 = AXIS2_PLACEMENT_3D ( 'NONE', #1694, #4469, #1338 ) ;
#3244 = LINE ( 'NONE', #3637, #1033 ) ;
#3245 = DIRECTION ( 'NONE',  ( 1.000000000000000000, -0.000000000000000000, -3.469446951953616654E-16 ) ) ;
#3246 = CYLINDRICAL_SURFACE ( 'NONE', #1943, 2.750000000000002665 ) ;
#3247 = CARTESIAN_POINT ( 'NONE',  ( 48.00000000000000000, 4.525000000000000355, -14.00000000000000355 ) ) ;
#3248 = ORIENTED_EDGE ( 'NONE', *, *, #4955, .T. ) ;
#3249 = EDGE_CURVE ( 'NONE', #1080, #1835, #4066, .T. ) ;
#3250 = CARTESIAN_POINT ( 'NONE',  ( 12.00000000000000000, 0.000000000000000000, -16.94999999999999929 ) ) ;
#3251 = DIRECTION ( 'NONE',  ( -1.000000000000000000, 0.000000000000000000, 3.469446951953616654E-16 ) ) ;
#3252 = ORIENTED_EDGE ( 'NONE', *, *, #730, .F. ) ;
#3253 = DIRECTION ( 'NONE',  ( 3.469446951953615175E-16, 0.000000000000000000, 1.000000000000000000 ) ) ;
#3254 = DIRECTION ( 'NONE',  ( -1.000000000000000000, 0.000000000000000000, 3.469446951953617147E-16 ) ) ;
#3255 = ORIENTED_EDGE ( 'NONE', *, *, #3000, .F. ) ;
#3256 = EDGE_LOOP ( 'NONE', ( #1076, #2458 ) ) ;
#3257 = AXIS2_PLACEMENT_3D ( 'NONE', #4579, #3346, #4938 ) ;
#3258 = CARTESIAN_POINT ( 'NONE',  ( -2.255140518769849223E-14, 27.41600000000000392, -64.99999999999964473 ) ) ;
#3259 = VECTOR ( 'NONE', #3394, 1000.000000000000000 ) ;
#3260 = EDGE_CURVE ( 'NONE', #530, #1916, #950, .T. ) ;
#3261 = LINE ( 'NONE', #107, #148 ) ;
#3262 = VERTEX_POINT ( 'NONE', #975 ) ;
#3263 = DIRECTION ( 'NONE',  ( -1.000000000000000000, 0.000000000000000000, 3.469446951953617147E-16 ) ) ;
#3264 = AXIS2_PLACEMENT_3D ( 'NONE', #1016, #2575, #637 ) ;
#3265 = VECTOR ( 'NONE', #4651, 1000.000000000000000 ) ;
#3266 = DIRECTION ( 'NONE',  ( -1.000000000000000000, 0.000000000000000000, 0.000000000000000000 ) ) ;
#3267 = DIRECTION ( 'NONE',  ( 3.469446951953618133E-16, 0.000000000000000000, 1.000000000000000000 ) ) ;
#3268 = EDGE_CURVE ( 'NONE', #2330, #2136, #3001, .T. ) ;
#3269 = EDGE_CURVE ( 'NONE', #3291, #4926, #4939, .T. ) ;
#3270 = AXIS2_PLACEMENT_3D ( 'NONE', #1482, #3040, #2936 ) ;
#3271 = ORIENTED_EDGE ( 'NONE', *, *, #1594, .T. ) ;
#3272 = AXIS2_PLACEMENT_3D ( 'NONE', #1119, #4327, #2688 ) ;
#3273 = AXIS2_PLACEMENT_3D ( 'NONE', #4087, #3353, #2981 ) ;
#3274 = CYLINDRICAL_SURFACE ( 'NONE', #1168, 2.750000000000002665 ) ;
#3275 = DIRECTION ( 'NONE',  ( -1.000000000000000000, 0.000000000000000000, 3.469446951953616654E-16 ) ) ;
#3276 = EDGE_LOOP ( 'NONE', ( #2447, #2752 ) ) ;
#3277 = EDGE_LOOP ( 'NONE', ( #1511, #4127, #2983, #1500 ) ) ;
#3278 = ORIENTED_EDGE ( 'NONE', *, *, #5025, .T. ) ;
#3279 = DIRECTION ( 'NONE',  ( 3.469446951953615175E-16, 0.000000000000000000, 1.000000000000000000 ) ) ;
#3280 = ORIENTED_EDGE ( 'NONE', *, *, #117, .F. ) ;
#3281 = DIRECTION ( 'NONE',  ( -3.469446951953616654E-16, 1.892294191711369702E-16, -1.000000000000000000 ) ) ;
#3282 = DIRECTION ( 'NONE',  ( -1.000000000000000000, 0.000000000000000000, 3.469446951953616654E-16 ) ) ;
#3283 = CARTESIAN_POINT ( 'NONE',  ( -9.525000000000041211, 16.20799999999999841, -112.5819999999995247 ) ) ;
#3284 = ORIENTED_EDGE ( 'NONE', *, *, #604, .F. ) ;
#3285 = ORIENTED_EDGE ( 'NONE', *, *, #2118, .F. ) ;
#3286 = ORIENTED_EDGE ( 'NONE', *, *, #2307, .F. ) ;
#3287 = ORIENTED_EDGE ( 'NONE', *, *, #60, .T. ) ;
#3288 = LINE ( 'NONE', #1353, #2302 ) ;
#3289 = ORIENTED_EDGE ( 'NONE', *, *, #4966, .T. ) ;
#3290 = CARTESIAN_POINT ( 'NONE',  ( -9.525000000000028777, 27.41600000000000392, -84.66599999999964155 ) ) ;
#3291 = VERTEX_POINT ( 'NONE', #1419 ) ;
#3292 = FACE_BOUND ( 'NONE', #3186, .T. ) ;
#3293 = FACE_BOUND ( 'NONE', #2466, .T. ) ;
#3294 = CARTESIAN_POINT ( 'NONE',  ( -2.949029909160572061E-14, 49.83200000000000074, -87.41599999999988313 ) ) ;
#3295 = CARTESIAN_POINT ( 'NONE',  ( -9.525000000000023448, 5.000000000000000000, -64.99999999999940314 ) ) ;
#3296 = VERTEX_POINT ( 'NONE', #4530 ) ;
#3297 = EDGE_CURVE ( 'NONE', #3301, #3604, #3319, .T. ) ;
#3298 = EDGE_CURVE ( 'NONE', #4628, #2548, #3487, .T. ) ;
#3299 = DIRECTION ( 'NONE',  ( 1.000000000000000000, 0.000000000000000000, -3.469446951953616161E-16 ) ) ;
#3300 = LINE ( 'NONE', #3826, #4249 ) ;
#3301 = VERTEX_POINT ( 'NONE', #2977 ) ;
#3302 = ORIENTED_EDGE ( 'NONE', *, *, #276, .F. ) ;
#3303 = DIRECTION ( 'NONE',  ( -1.000000000000000000, 0.000000000000000000, 3.469446951953616654E-16 ) ) ;
#3304 = ORIENTED_EDGE ( 'NONE', *, *, #345, .T. ) ;
#3305 = CARTESIAN_POINT ( 'NONE',  ( 48.00000000000000000, 9.525000000000000355, -14.00000000000000355 ) ) ;
#3306 = CARTESIAN_POINT ( 'NONE',  ( -3.044439700339296451E-14, 38.62400000000000233, -90.16599999999975523 ) ) ;
#3307 = ORIENTED_EDGE ( 'NONE', *, *, #4486, .F. ) ;
#3308 = EDGE_LOOP ( 'NONE', ( #2993, #2942 ) ) ;
#3309 = VERTEX_POINT ( 'NONE', #259 ) ;
#3310 = AXIS2_PLACEMENT_3D ( 'NONE', #1113, #1501, #1167 ) ;
#3311 = CARTESIAN_POINT ( 'NONE',  ( -9.524999999999995026, 9.450000000000045475, 12.05000000000001847 ) ) ;
#3312 = ADVANCED_FACE ( 'NONE', ( #2011 ), #77, .F. ) ;
#3313 = ORIENTED_EDGE ( 'NONE', *, *, #2307, .T. ) ;
#3314 = DIRECTION ( 'NONE',  ( -1.000000000000000000, 0.000000000000000000, 3.469446951953616654E-16 ) ) ;
#3315 = AXIS2_PLACEMENT_3D ( 'NONE', #3459, #4608, #2676 ) ;
#3316 = CIRCLE ( 'NONE', #2684, 2.750000000000002665 ) ;
#3317 = ORIENTED_EDGE ( 'NONE', *, *, #4770, .T. ) ;
#3318 = FACE_BOUND ( 'NONE', #1170, .T. ) ;
#3319 = LINE ( 'NONE', #4910, #877 ) ;
#3320 = DIRECTION ( 'NONE',  ( 3.469446951953615175E-16, 0.000000000000000000, 1.000000000000000000 ) ) ;
#3321 = EDGE_CURVE ( 'NONE', #2281, #4365, #1449, .T. ) ;
#3322 = CIRCLE ( 'NONE', #732, 4.499999999999997335 ) ;
#3323 = VERTEX_POINT ( 'NONE', #4775 ) ;
#3324 = AXIS2_PLACEMENT_3D ( 'NONE', #282, #4137, #1846 ) ;
#3325 = DIRECTION ( 'NONE',  ( 3.469446951953615175E-16, 0.000000000000000000, 1.000000000000000000 ) ) ;
#3326 = LINE ( 'NONE', #1065, #393 ) ;
#3327 = VERTEX_POINT ( 'NONE', #2792 ) ;
#3328 = ORIENTED_EDGE ( 'NONE', *, *, #4074, .T. ) ;
#3329 = EDGE_CURVE ( 'NONE', #656, #2299, #3406, .T. ) ;
#3330 = ORIENTED_EDGE ( 'NONE', *, *, #627, .F. ) ;
#3331 = EDGE_CURVE ( 'NONE', #581, #2547, #1855, .T. ) ;
#3332 = CARTESIAN_POINT ( 'NONE',  ( -4.258746133523061417E-14, 27.41600000000000392, -123.7899999999996510 ) ) ;
#3333 = ORIENTED_EDGE ( 'NONE', *, *, #4098, .F. ) ;
#3334 = CARTESIAN_POINT ( 'NONE',  ( -2.697495005143935347E-14, 4.999999999999997335, -78.95799999999941576 ) ) ;
#3335 = CARTESIAN_POINT ( 'NONE',  ( -4.258746133523061417E-14, 61.04000000000002046, -123.7900000000000347 ) ) ;
#3336 = VERTEX_POINT ( 'NONE', #4751 ) ;
#3337 = EDGE_CURVE ( 'NONE', #4964, #3735, #2013, .T. ) ;
#3338 = EDGE_LOOP ( 'NONE', ( #2351, #1, #1959, #3452 ) ) ;
#3339 = CARTESIAN_POINT ( 'NONE',  ( -9.525000000000007461, 13.68629150101525660, -20.93629150101528680 ) ) ;
#3340 = ORIENTED_EDGE ( 'NONE', *, *, #2051, .F. ) ;
#3341 = FACE_OUTER_BOUND ( 'NONE', #2972, .T. ) ;
#3342 = ORIENTED_EDGE ( 'NONE', *, *, #650, .F. ) ;
#3343 = DIRECTION ( 'NONE',  ( 3.469446951953626515E-16, 0.000000000000000000, 1.000000000000000000 ) ) ;
#3344 = ORIENTED_EDGE ( 'NONE', *, *, #2744, .F. ) ;
#3345 = EDGE_CURVE ( 'NONE', #3649, #586, #723, .T. ) ;
#3346 = DIRECTION ( 'NONE',  ( -1.000000000000000000, 0.000000000000000000, 3.469446951953616654E-16 ) ) ;
#3347 = VECTOR ( 'NONE', #82, 1000.000000000000000 ) ;
#3348 = DIRECTION ( 'NONE',  ( -1.000000000000000000, 0.000000000000000000, 3.469446951953616654E-16 ) ) ;
#3349 = CARTESIAN_POINT ( 'NONE',  ( 1.908195823574487804E-14, 9.450000000000045475, 56.58999999999998920 ) ) ;
#3350 = ORIENTED_EDGE ( 'NONE', *, *, #4378, .T. ) ;
#3351 = CIRCLE ( 'NONE', #1889, 2.750000000000002665 ) ;
#3352 = VECTOR ( 'NONE', #4204, 1000.000000000000000 ) ;
#3353 = DIRECTION ( 'NONE',  ( -1.000000000000000000, 0.000000000000000000, 3.469446951953616654E-16 ) ) ;
#3354 = CIRCLE ( 'NONE', #3687, 10.00000000000000178 ) ;
#3355 = DIRECTION ( 'NONE',  ( 0.8779095519917469170, -0.4788265014821655452, 0.000000000000000000 ) ) ;
#3356 = CIRCLE ( 'NONE', #995, 2.950000000000002842 ) ;
#3357 = ORIENTED_EDGE ( 'NONE', *, *, #3983, .F. ) ;
#3358 = VERTEX_POINT ( 'NONE', #1634 ) ;
#3359 = CIRCLE ( 'NONE', #3940, 2.750000000000002665 ) ;
#3360 = DIRECTION ( 'NONE',  ( 3.469446951953619119E-16, 0.000000000000000000, 1.000000000000000000 ) ) ;
#3361 = EDGE_CURVE ( 'NONE', #170, #3692, #1110, .T. ) ;
#3362 = VERTEX_POINT ( 'NONE', #2818 ) ;
#3363 = EDGE_CURVE ( 'NONE', #2548, #4628, #632, .T. ) ;
#3364 = FACE_OUTER_BOUND ( 'NONE', #21, .T. ) ;
#3365 = DIRECTION ( 'NONE',  ( -1.000000000000000000, 0.000000000000000000, 3.469446951953617147E-16 ) ) ;
#3366 = ORIENTED_EDGE ( 'NONE', *, *, #1743, .F. ) ;
#3367 = EDGE_LOOP ( 'NONE', ( #566, #1607 ) ) ;
#3368 = DIRECTION ( 'NONE',  ( 0.000000000000000000, 0.000000000000000000, 1.000000000000000000 ) ) ;
#3369 = EDGE_CURVE ( 'NONE', #418, #1408, #281, .T. ) ;
#3370 = ORIENTED_EDGE ( 'NONE', *, *, #2895, .T. ) ;
#3371 = EDGE_CURVE ( 'NONE', #4214, #291, #1985, .T. ) ;
#3372 = CARTESIAN_POINT ( 'NONE',  ( -2.255140518769849223E-14, 61.04000000000002046, -64.99999999999998579 ) ) ;
#3373 = VERTEX_POINT ( 'NONE', #3136 ) ;
#3374 = DIRECTION ( 'NONE',  ( -0.000000000000000000, 0.000000000000000000, 1.000000000000000000 ) ) ;
#3375 = VERTEX_POINT ( 'NONE', #2376 ) ;
#3376 = DIRECTION ( 'NONE',  ( -1.000000000000000000, 0.000000000000000000, 0.000000000000000000 ) ) ;
#3377 = DIRECTION ( 'NONE',  ( -1.000000000000000000, 0.000000000000000000, 3.469446951953617147E-16 ) ) ;
#3378 = FACE_OUTER_BOUND ( 'NONE', #4555, .T. ) ;
#3379 = EDGE_LOOP ( 'NONE', ( #4035, #66, #1524, #4027 ) ) ;
#3380 = CARTESIAN_POINT ( 'NONE',  ( -2.350550309948573928E-14, 38.62400000000000233, -67.74999999999975842 ) ) ;
#3381 = EDGE_LOOP ( 'NONE', ( #2415, #4156, #873, #3304 ) ) ;
#3382 = DIRECTION ( 'NONE',  ( -1.000000000000000000, 0.000000000000000000, 3.469446951953616654E-16 ) ) ;
#3383 = ORIENTED_EDGE ( 'NONE', *, *, #4870, .F. ) ;
#3384 = CARTESIAN_POINT ( 'NONE',  ( -2.350550309948573928E-14, 5.000000000000000000, -67.74999999999940314 ) ) ;
#3385 = DIRECTION ( 'NONE',  ( 3.469446951953618133E-16, 0.000000000000000000, 1.000000000000000000 ) ) ;
#3386 = VERTEX_POINT ( 'NONE', #1845 ) ;
#3387 = DIRECTION ( 'NONE',  ( -1.000000000000000000, 0.000000000000000000, 3.469446951953617147E-16 ) ) ;
#3388 = DIRECTION ( 'NONE',  ( 0.000000000000000000, 0.000000000000000000, -1.000000000000000000 ) ) ;
#3389 = VERTEX_POINT ( 'NONE', #1472 ) ;
#3390 = CARTESIAN_POINT ( 'NONE',  ( -9.525000000000011013, 24.99999999999999645, -29.99999999999999289 ) ) ;
#3391 = ORIENTED_EDGE ( 'NONE', *, *, #2996, .T. ) ;
#3392 = AXIS2_PLACEMENT_3D ( 'NONE', #3226, #3181, #2814 ) ;
#3393 = ORIENTED_EDGE ( 'NONE', *, *, #4183, .T. ) ;
#3394 = DIRECTION ( 'NONE',  ( 1.000000000000000000, -0.000000000000000000, -3.469446951953616654E-16 ) ) ;
#3395 = ORIENTED_EDGE ( 'NONE', *, *, #3268, .F. ) ;
#3396 = EDGE_LOOP ( 'NONE', ( #35, #1762, #2473, #2495 ) ) ;
#3397 = CIRCLE ( 'NONE', #1193, 2.750000000000009326 ) ;
#3398 = CYLINDRICAL_SURFACE ( 'NONE', #3774, 2.249999999999998668 ) ;
#3399 = ADVANCED_FACE ( 'NONE', ( #3053 ), #3025, .F. ) ;
#3400 = DIRECTION ( 'NONE',  ( -1.000000000000000000, 0.000000000000000000, 3.469446951953617147E-16 ) ) ;
#3401 = DIRECTION ( 'NONE',  ( -1.000000000000000000, 0.000000000000000000, 3.469446951953617147E-16 ) ) ;
#3402 = CIRCLE ( 'NONE', #1197, 2.250000000000001776 ) ;
#3403 = AXIS2_PLACEMENT_3D ( 'NONE', #4044, #2497, #539 ) ;
#3404 = AXIS2_PLACEMENT_3D ( 'NONE', #4197, #4639, #4689 ) ;
#3405 = AXIS2_PLACEMENT_3D ( 'NONE', #4285, #769, #7 ) ;
#3406 = LINE ( 'NONE', #51, #554 ) ;
#3407 = DIRECTION ( 'NONE',  ( -0.8779095519917469170, 0.4788265014821655452, 0.000000000000000000 ) ) ;
#3408 = ORIENTED_EDGE ( 'NONE', *, *, #2904, .T. ) ;
#3409 = VECTOR ( 'NONE', #510, 1000.000000000000000 ) ;
#3410 = DIRECTION ( 'NONE',  ( -1.000000000000000000, 0.000000000000000000, 3.469446951953617147E-16 ) ) ;
#3411 = FACE_OUTER_BOUND ( 'NONE', #1655, .T. ) ;
#3412 = CIRCLE ( 'NONE', #2435, 10.00000000000000000 ) ;
#3413 = VERTEX_POINT ( 'NONE', #811 ) ;
#3414 = CIRCLE ( 'NONE', #1465, 2.599999999999991207 ) ;
#3415 = EDGE_CURVE ( 'NONE', #2273, #3789, #460, .T. ) ;
#3416 = DIRECTION ( 'NONE',  ( -1.000000000000000000, 0.000000000000000000, 3.469446951953616654E-16 ) ) ;
#3417 = ORIENTED_EDGE ( 'NONE', *, *, #1381, .F. ) ;
#3418 = CARTESIAN_POINT ( 'NONE',  ( 48.00000000000000000, 4.525000000000000355, -9.500000000000005329 ) ) ;
#3419 = DIRECTION ( 'NONE',  ( -0.000000000000000000, 1.000000000000000000, -0.000000000000000000 ) ) ;
#3420 = DIRECTION ( 'NONE',  ( 3.469446951953615175E-16, 0.000000000000000000, 1.000000000000000000 ) ) ;
#3421 = EDGE_LOOP ( 'NONE', ( #3125, #3630, #19, #5039 ) ) ;
#3422 = CARTESIAN_POINT ( 'NONE',  ( 1.998401444325281457E-14, 9.450000000000045475, 59.18999999999997641 ) ) ;
#3423 = CIRCLE ( 'NONE', #1468, 2.750000000000002665 ) ;
#3424 = VERTEX_POINT ( 'NONE', #3432 ) ;
#3425 = EDGE_CURVE ( 'NONE', #3327, #1884, #3964, .T. ) ;
#3426 = ORIENTED_EDGE ( 'NONE', *, *, #3970, .F. ) ;
#3427 = DIRECTION ( 'NONE',  ( -1.000000000000000000, 0.000000000000000000, 3.469446951953617147E-16 ) ) ;
#3428 = EDGE_LOOP ( 'NONE', ( #1055, #5081 ) ) ;
#3429 = EDGE_LOOP ( 'NONE', ( #4827, #3836 ) ) ;
#3430 = CARTESIAN_POINT ( 'NONE',  ( -2.697495005143935347E-14, 27.41600000000000392, -78.95799999999964314 ) ) ;
#3431 = CARTESIAN_POINT ( 'NONE',  ( -9.525000000000007461, 13.68629150101525660, -16.43629150101529035 ) ) ;
#3432 = CARTESIAN_POINT ( 'NONE',  ( -2.853620117981847670E-14, 4.999999999999997335, -84.66599999999941417 ) ) ;
#3433 = CYLINDRICAL_SURFACE ( 'NONE', #1297, 2.750000000000002665 ) ;
#3434 = ORIENTED_EDGE ( 'NONE', *, *, #3260, .T. ) ;
#3435 = EDGE_CURVE ( 'NONE', #1733, #3461, #3819, .T. ) ;
#3436 = EDGE_CURVE ( 'NONE', #324, #223, #3737, .T. ) ;
#3437 = DIRECTION ( 'NONE',  ( 6.672013369141579022E-16, 0.000000000000000000, 1.000000000000000000 ) ) ;
#3438 = DIRECTION ( 'NONE',  ( 6.308085367188383338E-16, 0.000000000000000000, 1.000000000000000000 ) ) ;
#3439 = CARTESIAN_POINT ( 'NONE',  ( 2.255140518769849223E-14, 10.00000000000000178, 66.04000000000000625 ) ) ;
#3440 = CIRCLE ( 'NONE', #5017, 4.500000000000000888 ) ;
#3441 = ORIENTED_EDGE ( 'NONE', *, *, #4403, .T. ) ;
#3442 = CIRCLE ( 'NONE', #1233, 2.950000000000001066 ) ;
#3443 = CIRCLE ( 'NONE', #4108, 2.750000000000002665 ) ;
#3444 = FACE_OUTER_BOUND ( 'NONE', #1805, .T. ) ;
#3445 = ORIENTED_EDGE ( 'NONE', *, *, #406, .T. ) ;
#3446 = AXIS2_PLACEMENT_3D ( 'NONE', #3216, #1713, #2801 ) ;
#3447 = CARTESIAN_POINT ( 'NONE',  ( -9.525000000000027001, 16.20799999999999841, -76.20799999999952945 ) ) ;
#3448 = CARTESIAN_POINT ( 'NONE',  ( -9.525000000000014566, 36.31370849898480202, -41.31370849898474518 ) ) ;
#3449 = CARTESIAN_POINT ( 'NONE',  ( -9.525000000000007461, 13.68629150101525660, -16.43629150101529035 ) ) ;
#3450 = ADVANCED_FACE ( 'NONE', ( #3842 ), #339, .F. ) ;
#3451 = VECTOR ( 'NONE', #4217, 1000.000000000000000 ) ;
#3452 = ORIENTED_EDGE ( 'NONE', *, *, #920, .T. ) ;
#3453 = ORIENTED_EDGE ( 'NONE', *, *, #3073, .F. ) ;
#3454 = DIRECTION ( 'NONE',  ( -0.000000000000000000, -1.000000000000000000, -0.000000000000000000 ) ) ;
#3455 = ORIENTED_EDGE ( 'NONE', *, *, #117, .T. ) ;
#3456 = VERTEX_POINT ( 'NONE', #1348 ) ;
#3457 = CARTESIAN_POINT ( 'NONE',  ( 1.998401444325281457E-14, 56.59000000000000341, 59.18999999999996930 ) ) ;
#3458 = DIRECTION ( 'NONE',  ( 1.000000000000000000, 0.000000000000000000, -3.469446951953616654E-16 ) ) ;
#3459 = CARTESIAN_POINT ( 'NONE',  ( 48.00000000000000000, 9.525000000000000355, -14.00000000000000355 ) ) ;
#3460 = PLANE ( 'NONE',  #1619 ) ;
#3461 = VERTEX_POINT ( 'NONE', #3306 ) ;
#3462 = PRODUCT_DEFINITION ( 'UNKNOWN', '', #3221, #4389 ) ;
#3463 = DIRECTION ( 'NONE',  ( 3.469446951953616161E-16, 0.000000000000000000, 1.000000000000000000 ) ) ;
#3464 = DIRECTION ( 'NONE',  ( 3.469446951953615175E-16, 0.000000000000000000, 1.000000000000000000 ) ) ;
#3465 = CARTESIAN_POINT ( 'NONE',  ( -9.525000000000014566, 36.31370849898480202, -41.31370849898474518 ) ) ;
#3466 = ORIENTED_EDGE ( 'NONE', *, *, #3713, .T. ) ;
#3467 = ADVANCED_FACE ( 'NONE', ( #3210 ), #196, .F. ) ;
#3468 = DIRECTION ( 'NONE',  ( 3.469446951953615175E-16, 0.000000000000000000, 1.000000000000000000 ) ) ;
#3469 = ORIENTED_EDGE ( 'NONE', *, *, #2678, .F. ) ;
#3470 = DIRECTION ( 'NONE',  ( 0.000000000000000000, 1.000000000000000000, 0.000000000000000000 ) ) ;
#3471 = CYLINDRICAL_SURFACE ( 'NONE', #3741, 2.750000000000002665 ) ;
#3472 = EDGE_LOOP ( 'NONE', ( #1020, #4970, #2123, #2594, #4380, #747, #1636, #1677, #1191, #377, #3313, #4010, #4093, #2932, #3095, #1077, #3746, #2856, #2191, #3730, #2253, #3498, #3634, #3255 ) ) ;
#3473 = FACE_OUTER_BOUND ( 'NONE', #1895, .T. ) ;
#3474 = ADVANCED_FACE ( 'NONE', ( #4484 ), #991, .F. ) ;
#3475 = VERTEX_POINT ( 'NONE', #3607 ) ;
#3476 = ORIENTED_EDGE ( 'NONE', *, *, #577, .F. ) ;
#3477 = DIRECTION ( 'NONE',  ( -1.000000000000000000, 0.000000000000000000, 3.469446951953617147E-16 ) ) ;
#3478 = EDGE_LOOP ( 'NONE', ( #996, #4371 ) ) ;
#3479 = VECTOR ( 'NONE', #2483, 1000.000000000000000 ) ;
#3480 = DIRECTION ( 'NONE',  ( 6.308085367188383338E-16, 0.000000000000000000, 1.000000000000000000 ) ) ;
#3481 = ADVANCED_FACE ( 'NONE', ( #3995 ), #565, .F. ) ;
#3482 = DIRECTION ( 'NONE',  ( -1.000000000000000000, 0.000000000000000000, 3.469446951953617147E-16 ) ) ;
#3483 = CARTESIAN_POINT ( 'NONE',  ( -9.525000000000028777, 61.03999999999999915, -78.95799999999998420 ) ) ;
#3484 = AXIS2_PLACEMENT_3D ( 'NONE', #3565, #3170, #471 ) ;
#3485 = EDGE_LOOP ( 'NONE', ( #4848, #3813 ) ) ;
#3486 = APPLICATION_CONTEXT ( 'automotive_design' ) ;
#3487 = CIRCLE ( 'NONE', #4732, 2.750000000000002665 ) ;
#3488 = CIRCLE ( 'NONE', #2506, 2.750000000000009326 ) ;
#3489 = CARTESIAN_POINT ( 'NONE',  ( 12.00000000000000000, 4.525000000000000355, -13.99999999999999822 ) ) ;
#3490 = ORIENTED_EDGE ( 'NONE', *, *, #2733, .T. ) ;
#3491 = CARTESIAN_POINT ( 'NONE',  ( 4.371503159461552300E-15, 9.450000000000045475, 12.05000000000001492 ) ) ;
#3492 = DIRECTION ( 'NONE',  ( -1.000000000000000000, 0.000000000000000000, 3.469446951953616654E-16 ) ) ;
#3493 = VECTOR ( 'NONE', #4147, 1000.000000000000000 ) ;
#3494 = AXIS2_PLACEMENT_3D ( 'NONE', #2002, #2347, #3908 ) ;
#3495 = ORIENTED_EDGE ( 'NONE', *, *, #327, .F. ) ;
#3496 = DIRECTION ( 'NONE',  ( 3.469446951953615175E-16, 0.000000000000000000, 1.000000000000000000 ) ) ;
#3497 = CIRCLE ( 'NONE', #1542, 2.750000000000002665 ) ;
#3498 = ORIENTED_EDGE ( 'NONE', *, *, #5024, .T. ) ;
#3499 = CIRCLE ( 'NONE', #69, 2.950000000000002842 ) ;
#3500 = CARTESIAN_POINT ( 'NONE',  ( 60.00000000000000000, 0.000000000000000000, -59.99999999999999289 ) ) ;
#3501 = ADVANCED_FACE ( 'NONE', ( #2866 ), #1756, .F. ) ;
#3502 = DIRECTION ( 'NONE',  ( 0.000000000000000000, 0.000000000000000000, -1.000000000000000000 ) ) ;
#3503 = CARTESIAN_POINT ( 'NONE',  ( -9.525000000000025224, 16.20799999999999841, -73.45799999999952945 ) ) ;
#3504 = AXIS2_PLACEMENT_3D ( 'NONE', #184, #2208, #976 ) ;
#3505 = AXIS2_PLACEMENT_3D ( 'NONE', #1151, #325, #1888 ) ;
#3506 = ORIENTED_EDGE ( 'NONE', *, *, #4036, .F. ) ;
#3507 = CARTESIAN_POINT ( 'NONE',  ( -4.067926551165612636E-14, 38.62400000000000233, -118.2899999999997505 ) ) ;
#3508 = ADVANCED_FACE ( 'NONE', ( #3676, #3628 ), #1376, .T. ) ;
#3509 = ORIENTED_EDGE ( 'NONE', *, *, #3567, .T. ) ;
#3510 = DIRECTION ( 'NONE',  ( -1.000000000000000000, 0.000000000000000000, 3.469446951953617147E-16 ) ) ;
#3511 = CARTESIAN_POINT ( 'NONE',  ( -4.067926551165612636E-14, 27.41600000000000392, -118.2899999999996510 ) ) ;
#3512 = DIRECTION ( 'NONE',  ( 0.000000000000000000, -0.000000000000000000, 1.000000000000000000 ) ) ;
#3513 = ORIENTED_EDGE ( 'NONE', *, *, #2076, .T. ) ;
#3514 = ADVANCED_FACE ( 'NONE', ( #895 ), #4894, .F. ) ;
#3515 = DIRECTION ( 'NONE',  ( 3.469446951953615175E-16, 0.000000000000000000, 1.000000000000000000 ) ) ;
#3516 = VERTEX_POINT ( 'NONE', #2889 ) ;
#3517 = CARTESIAN_POINT ( 'NONE',  ( -3.564856743132338579E-14, 27.41600000000000392, -101.3739999999996400 ) ) ;
#3518 = VERTEX_POINT ( 'NONE', #2452 ) ;
#3519 = VERTEX_POINT ( 'NONE', #2060 ) ;
#3520 = ADVANCED_FACE ( 'NONE', ( #486 ), #120, .F. ) ;
#3521 = ORIENTED_EDGE ( 'NONE', *, *, #79, .T. ) ;
#3522 = DIRECTION ( 'NONE',  ( 0.000000000000000000, -1.156482317317872218E-16, -1.000000000000000000 ) ) ;
#3523 = FACE_OUTER_BOUND ( 'NONE', #4559, .T. ) ;
#3524 = DIRECTION ( 'NONE',  ( -1.000000000000000000, 0.000000000000000000, 3.469446951953617147E-16 ) ) ;
#3525 = AXIS2_PLACEMENT_3D ( 'NONE', #680, #1440, #4242 ) ;
#3526 = VECTOR ( 'NONE', #3655, 1000.000000000000000 ) ;
#3527 = EDGE_CURVE ( 'NONE', #3389, #701, #964, .T. ) ;
#3528 = CIRCLE ( 'NONE', #4524, 2.750000000000002665 ) ;
#3529 = ORIENTED_EDGE ( 'NONE', *, *, #4993, .T. ) ;
#3530 = FACE_OUTER_BOUND ( 'NONE', #2219, .T. ) ;
#3531 = AXIS2_PLACEMENT_3D ( 'NONE', #2839, #1706, #894 ) ;
#3532 = AXIS2_PLACEMENT_3D ( 'NONE', #4479, #962, #3385 ) ;
#3533 = ADVANCED_FACE ( 'NONE', ( #917 ), #2478, .F. ) ;
#3534 = ADVANCED_FACE ( 'NONE', ( #2079 ), #3651, .F. ) ;
#3535 = VECTOR ( 'NONE', #2762, 1000.000000000000000 ) ;
#3536 = DIRECTION ( 'NONE',  ( -1.000000000000000000, 0.000000000000000000, 3.469446951953616161E-16 ) ) ;
#3537 = CARTESIAN_POINT ( 'NONE',  ( -2.602085213965210642E-14, 38.62400000000000233, -76.20799999999974261 ) ) ;
#3538 = CARTESIAN_POINT ( 'NONE',  ( -3.816391647148975608E-14, 61.03999999999999915, -109.8319999999999794 ) ) ;
#3539 = DIRECTION ( 'NONE',  ( 3.469446951953615175E-16, 0.000000000000000000, 1.000000000000000000 ) ) ;
#3540 = ORIENTED_EDGE ( 'NONE', *, *, #4990, .F. ) ;
#3541 = FACE_BOUND ( 'NONE', #2282, .T. ) ;
#3542 = DIRECTION ( 'NONE',  ( 1.000000000000000000, 0.000000000000000000, -3.469446951953616654E-16 ) ) ;
#3543 = DIRECTION ( 'NONE',  ( 3.469446951953615668E-16, 0.000000000000000000, 1.000000000000000000 ) ) ;
#3544 = ORIENTED_EDGE ( 'NONE', *, *, #109, .T. ) ;
#3545 = DIRECTION ( 'NONE',  ( 6.308085367188383338E-16, 0.000000000000000000, 1.000000000000000000 ) ) ;
#3546 = ORIENTED_EDGE ( 'NONE', *, *, #1878, .F. ) ;
#3547 = CARTESIAN_POINT ( 'NONE',  ( -3.044439700339296451E-14, 4.999999999999997335, -90.16599999999941417 ) ) ;
#3548 = EDGE_CURVE ( 'NONE', #4545, #4585, #4845, .T. ) ;
#3549 = CARTESIAN_POINT ( 'NONE',  ( -9.525000000000030553, 16.20799999999999841, -87.41599999999952786 ) ) ;
#3550 = EDGE_LOOP ( 'NONE', ( #2745, #4079, #3961, #102 ) ) ;
#3551 = DIRECTION ( 'NONE',  ( -1.000000000000000000, 0.000000000000000000, 3.469446951953616654E-16 ) ) ;
#3552 = EDGE_LOOP ( 'NONE', ( #1887, #487, #3217, #644 ) ) ;
#3553 = CARTESIAN_POINT ( 'NONE',  ( -2.602085213965210642E-14, 4.999999999999997335, -76.20799999999941576 ) ) ;
#3554 = DIRECTION ( 'NONE',  ( 3.469446951953615175E-16, 0.000000000000000000, 1.000000000000000000 ) ) ;
#3555 = ORIENTED_EDGE ( 'NONE', *, *, #4047, .T. ) ;
#3556 = CARTESIAN_POINT ( 'NONE',  ( -2.506675422786485936E-14, 27.41600000000000392, -73.45799999999962893 ) ) ;
#3557 = CARTESIAN_POINT ( 'NONE',  ( -2.255140518769849223E-14, 16.20799999999999841, -64.99999999999953104 ) ) ;
#3558 = FACE_OUTER_BOUND ( 'NONE', #3729, .T. ) ;
#3559 = FACE_OUTER_BOUND ( 'NONE', #2036, .T. ) ;
#3560 = EDGE_CURVE ( 'NONE', #818, #1555, #938, .T. ) ;
#3561 = VERTEX_POINT ( 'NONE', #3283 ) ;
#3562 = DIRECTION ( 'NONE',  ( 1.000000000000000000, -0.000000000000000000, -3.469446951953616654E-16 ) ) ;
#3563 = FACE_BOUND ( 'NONE', #684, .T. ) ;
#3564 = CIRCLE ( 'NONE', #1680, 2.599999999999994760 ) ;
#3565 = CARTESIAN_POINT ( 'NONE',  ( -9.524999999999987921, 33.02000000000002444, 33.01999999999999602 ) ) ;
#3566 = DIRECTION ( 'NONE',  ( -1.000000000000000000, 0.000000000000000000, 3.469446951953617147E-16 ) ) ;
#3567 = EDGE_CURVE ( 'NONE', #3309, #2789, #1126, .T. ) ;
#3568 = DIRECTION ( 'NONE',  ( -1.000000000000000000, 0.000000000000000000, 3.469446951953616654E-16 ) ) ;
#3569 = ORIENTED_EDGE ( 'NONE', *, *, #3560, .F. ) ;
#3570 = AXIS2_PLACEMENT_3D ( 'NONE', #110, #4878, #1337 ) ;
#3571 = FACE_BOUND ( 'NONE', #1621, .T. ) ;
#3572 = DIRECTION ( 'NONE',  ( 1.000000000000000000, 0.000000000000000000, -3.469446951953617147E-16 ) ) ;
#3573 = CARTESIAN_POINT ( 'NONE',  ( 48.00000000000000000, 9.525000000000000355, -14.00000000000000355 ) ) ;
#3574 = VECTOR ( 'NONE', #4334, 1000.000000000000000 ) ;
#3575 = ORIENTED_EDGE ( 'NONE', *, *, #314, .T. ) ;
#3576 = EDGE_CURVE ( 'NONE', #2176, #1710, #4542, .T. ) ;
#3577 = AXIS2_PLACEMENT_3D ( 'NONE', #612, #3365, #2159 ) ;
#3578 = FACE_OUTER_BOUND ( 'NONE', #1708, .T. ) ;
#3579 = ORIENTED_EDGE ( 'NONE', *, *, #2154, .T. ) ;
#3580 = CARTESIAN_POINT ( 'NONE',  ( 13.02933746294587181, 35.14358219208494916, 0.000000000000000000 ) ) ;
#3581 = DIRECTION ( 'NONE',  ( 3.469446951953615175E-16, 0.000000000000000000, 1.000000000000000000 ) ) ;
#3582 = ORIENTED_EDGE ( 'NONE', *, *, #62, .F. ) ;
#3583 = VECTOR ( 'NONE', #3126, 1000.000000000000000 ) ;
#3584 = EDGE_CURVE ( 'NONE', #5063, #3912, #2348, .T. ) ;
#3585 = CARTESIAN_POINT ( 'NONE',  ( -9.525000000000023448, 5.000000000000000000, -64.99999999999940314 ) ) ;
#3586 = FACE_BOUND ( 'NONE', #4781, .T. ) ;
#3587 = AXIS2_PLACEMENT_3D ( 'NONE', #415, #1948, #5020 ) ;
#3588 = DIRECTION ( 'NONE',  ( 6.308085367188383338E-16, 0.000000000000000000, 1.000000000000000000 ) ) ;
#3589 = CARTESIAN_POINT ( 'NONE',  ( 47.99999999999998579, 4.525000000000000355, -46.00000000000000711 ) ) ;
#3590 = ORIENTED_EDGE ( 'NONE', *, *, #1294, .F. ) ;
#3591 = CARTESIAN_POINT ( 'NONE',  ( 47.99999999999998579, 4.525000000000000355, -46.00000000000000711 ) ) ;
#3592 = EDGE_CURVE ( 'NONE', #2176, #1856, #4318, .T. ) ;
#3593 = CARTESIAN_POINT ( 'NONE',  ( -9.525000000000025224, 49.83200000000000074, -67.74999999999987210 ) ) ;
#3594 = LINE ( 'NONE', #2071, #2604 ) ;
#3595 = EDGE_LOOP ( 'NONE', ( #3046, #299 ) ) ;
#3596 = ADVANCED_FACE ( 'NONE', ( #2194 ), #4229, .F. ) ;
#3597 = EDGE_CURVE ( 'NONE', #3262, #3796, #2764, .T. ) ;
#3598 = FACE_BOUND ( 'NONE', #859, .T. ) ;
#3599 = ORIENTED_EDGE ( 'NONE', *, *, #3268, .T. ) ;
#3600 = DIRECTION ( 'NONE',  ( -1.000000000000000000, 0.000000000000000000, 3.469446951953616654E-16 ) ) ;
#3601 = CYLINDRICAL_SURFACE ( 'NONE', #882, 4.499999999999997335 ) ;
#3602 = ORIENTED_EDGE ( 'NONE', *, *, #406, .F. ) ;
#3603 = CARTESIAN_POINT ( 'NONE',  ( 47.99999999999998579, 4.525000000000000355, -50.50000000000000000 ) ) ;
#3604 = VERTEX_POINT ( 'NONE', #2577 ) ;
#3605 = AXIS2_PLACEMENT_3D ( 'NONE', #493, #2085, #3214 ) ;
#3606 = CARTESIAN_POINT ( 'NONE',  ( 12.00000000000000000, 9.525000000000000355, -18.50000000000000000 ) ) ;
#3607 = CARTESIAN_POINT ( 'NONE',  ( -9.524999999999980815, 66.04000000000004889, 56.03999999999999204 ) ) ;
#3608 = EDGE_CURVE ( 'NONE', #286, #3701, #1457, .T. ) ;
#3609 = ORIENTED_EDGE ( 'NONE', *, *, #482, .T. ) ;
#3610 = VECTOR ( 'NONE', #3092, 1000.000000000000000 ) ;
#3611 = VECTOR ( 'NONE', #2748, 1000.000000000000000 ) ;
#3612 = PLANE ( 'NONE',  #301 ) ;
#3613 = DIRECTION ( 'NONE',  ( 3.469446951953615175E-16, 0.000000000000000000, 1.000000000000000000 ) ) ;
#3614 = AXIS2_PLACEMENT_3D ( 'NONE', #1911, #3470, #3931 ) ;
#3615 = CIRCLE ( 'NONE', #1085, 2.250000000000008882 ) ;
#3616 = LINE ( 'NONE', #151, #2778 ) ;
#3617 = VERTEX_POINT ( 'NONE', #1402 ) ;
#3618 = CIRCLE ( 'NONE', #4777, 2.750000000000002665 ) ;
#3619 = CARTESIAN_POINT ( 'NONE',  ( -9.525000000000014566, 13.68629150101525305, -39.06370849898469544 ) ) ;
#3620 = FACE_OUTER_BOUND ( 'NONE', #891, .T. ) ;
#3621 = ORIENTED_EDGE ( 'NONE', *, *, #3189, .T. ) ;
#3622 = FACE_OUTER_BOUND ( 'NONE', #131, .T. ) ;
#3623 = CARTESIAN_POINT ( 'NONE',  ( -2.159730727591124517E-14, 16.20799999999999841, -62.24999999999952394 ) ) ;
#3624 = CARTESIAN_POINT ( 'NONE',  ( -9.525000000000042988, 38.62400000000000233, -121.0399999999997647 ) ) ;
#3625 = EDGE_CURVE ( 'NONE', #4585, #2649, #3760, .T. ) ;
#3626 = ORIENTED_EDGE ( 'NONE', *, *, #838, .T. ) ;
#3627 = CARTESIAN_POINT ( 'NONE',  ( -9.524999999999995026, 33.02000000000002444, 12.52000000000003155 ) ) ;
#3628 = FACE_OUTER_BOUND ( 'NONE', #4226, .T. ) ;
#3629 = ORIENTED_EDGE ( 'NONE', *, *, #2037, .T. ) ;
#3630 = ORIENTED_EDGE ( 'NONE', *, *, #3907, .T. ) ;
#3631 = CARTESIAN_POINT ( 'NONE',  ( -3.469446951953614189E-14, 61.03999999999999915, -98.62399999999999523 ) ) ;
#3632 = CARTESIAN_POINT ( 'NONE',  ( 24.99999999999998224, 57.09132099187863219, -52.49999999999998579 ) ) ;
#3633 = DIRECTION ( 'NONE',  ( 3.469446951953615175E-16, 0.000000000000000000, 1.000000000000000000 ) ) ;
#3634 = ORIENTED_EDGE ( 'NONE', *, *, #355, .T. ) ;
#3635 = LINE ( 'NONE', #1284, #2876 ) ;
#3636 = EDGE_CURVE ( 'NONE', #2655, #3883, #3727, .T. ) ;
#3637 = CARTESIAN_POINT ( 'NONE',  ( -4.199418590644655876E-14, 66.04000000000007731, -121.0399999999999778 ) ) ;
#3638 = DIRECTION ( 'NONE',  ( 1.000000000000000000, -0.000000000000000000, -3.469446951953616654E-16 ) ) ;
#3639 = CARTESIAN_POINT ( 'NONE',  ( -2.602085213965210642E-14, 16.20799999999999841, -76.20799999999952945 ) ) ;
#3640 = VERTEX_POINT ( 'NONE', #3042 ) ;
#3641 = CARTESIAN_POINT ( 'NONE',  ( -4.166068190338001300E-14, 66.04000000000007731, -121.0399999999999778 ) ) ;
#3642 = DIRECTION ( 'NONE',  ( 3.469446951953626515E-16, 0.000000000000000000, 1.000000000000000000 ) ) ;
#3643 = EDGE_LOOP ( 'NONE', ( #3340, #4126, #3194, #2132 ) ) ;
#3644 = AXIS2_PLACEMENT_3D ( 'NONE', #2437, #4005, #2045 ) ;
#3645 = DIRECTION ( 'NONE',  ( 3.469446951953615175E-16, 0.000000000000000000, 1.000000000000000000 ) ) ;
#3646 = EDGE_CURVE ( 'NONE', #3701, #4585, #668, .T. ) ;
#3647 = AXIS2_PLACEMENT_3D ( 'NONE', #4205, #1429, #294 ) ;
#3648 = AXIS2_PLACEMENT_3D ( 'NONE', #3927, #4323, #42 ) ;
#3649 = VERTEX_POINT ( 'NONE', #4976 ) ;
#3650 = LINE ( 'NONE', #142, #4693 ) ;
#3651 = CYLINDRICAL_SURFACE ( 'NONE', #3227, 2.750000000000002665 ) ;
#3652 = VERTEX_POINT ( 'NONE', #1018 ) ;
#3653 = ORIENTED_EDGE ( 'NONE', *, *, #2005, .F. ) ;
#3654 = ADVANCED_FACE ( 'NONE', ( #2988 ), #4625, .F. ) ;
#3655 = DIRECTION ( 'NONE',  ( -1.000000000000000000, 0.000000000000000000, 3.469446951953617147E-16 ) ) ;
#3656 = AXIS2_PLACEMENT_3D ( 'NONE', #4301, #1906, #2682 ) ;
#3657 = ORIENTED_EDGE ( 'NONE', *, *, #4183, .F. ) ;
#3658 = DIRECTION ( 'NONE',  ( -1.000000000000000000, 0.000000000000000000, 3.469446951953617147E-16 ) ) ;
#3659 = ORIENTED_EDGE ( 'NONE', *, *, #2527, .F. ) ;
#3660 = FACE_OUTER_BOUND ( 'NONE', #1368, .T. ) ;
#3661 = AXIS2_PLACEMENT_3D ( 'NONE', #4189, #1031, #3004 ) ;
#3662 = DIRECTION ( 'NONE',  ( -1.000000000000000000, 0.000000000000000000, 3.469446951953617147E-16 ) ) ;
#3663 = CARTESIAN_POINT ( 'NONE',  ( -2.081668171172168513E-14, 9.525000000000000355, -59.99999999999998579 ) ) ;
#3664 = AXIS2_PLACEMENT_3D ( 'NONE', #3589, #2871, #2800 ) ;
#3665 = EDGE_CURVE ( 'NONE', #2153, #2665, #3823, .T. ) ;
#3666 = ORIENTED_EDGE ( 'NONE', *, *, #1004, .T. ) ;
#3667 = CARTESIAN_POINT ( 'NONE',  ( -9.525000000000035882, 61.03999999999999915, -98.62399999999999523 ) ) ;
#3668 = LINE ( 'NONE', #1701, #1692 ) ;
#3669 = EDGE_CURVE ( 'NONE', #3735, #357, #1101, .T. ) ;
#3670 = ORIENTED_EDGE ( 'NONE', *, *, #3371, .T. ) ;
#3671 = ORIENTED_EDGE ( 'NONE', *, *, #4372, .T. ) ;
#3672 = VERTEX_POINT ( 'NONE', #3065 ) ;
#3673 = DIRECTION ( 'NONE',  ( 1.000000000000000000, 0.000000000000000000, 0.000000000000000000 ) ) ;
#3674 = ORIENTED_EDGE ( 'NONE', *, *, #3425, .T. ) ;
#3675 = DIRECTION ( 'NONE',  ( -1.000000000000000000, 0.000000000000000000, 3.469446951953617147E-16 ) ) ;
#3676 = FACE_BOUND ( 'NONE', #4426, .T. ) ;
#3677 = ORIENTED_EDGE ( 'NONE', *, *, #1908, .F. ) ;
#3678 = ORIENTED_EDGE ( 'NONE', *, *, #89, .T. ) ;
#3679 = AXIS2_PLACEMENT_3D ( 'NONE', #1947, #2408, #4368 ) ;
#3680 = ORIENTED_EDGE ( 'NONE', *, *, #4662, .F. ) ;
#3681 = DIRECTION ( 'NONE',  ( -1.224646799147353454E-16, 0.000000000000000000, -1.000000000000000000 ) ) ;
#3682 = EDGE_CURVE ( 'NONE', #1979, #3323, #2664, .T. ) ;
#3683 = CARTESIAN_POINT ( 'NONE',  ( -1.511419756675983093E-14, 13.68629150101525305, -43.56370849898470254 ) ) ;
#3684 = ORIENTED_EDGE ( 'NONE', *, *, #199, .T. ) ;
#3685 = DIRECTION ( 'NONE',  ( 0.000000000000000000, 0.000000000000000000, -1.000000000000000000 ) ) ;
#3686 = EDGE_CURVE ( 'NONE', #286, #2124, #4923, .T. ) ;
#3687 = AXIS2_PLACEMENT_3D ( 'NONE', #588, #916, #2524 ) ;
#3688 = VECTOR ( 'NONE', #1439, 1000.000000000000000 ) ;
#3689 = DIRECTION ( 'NONE',  ( -1.000000000000000000, 0.000000000000000000, 3.469446951953617147E-16 ) ) ;
#3690 = CARTESIAN_POINT ( 'NONE',  ( 2.567390744445676077E-15, 9.450000000000045475, 6.850000000000026290 ) ) ;
#3691 = AXIS2_PLACEMENT_3D ( 'NONE', #930, #3600, #1341 ) ;
#3692 = VERTEX_POINT ( 'NONE', #4178 ) ;
#3693 = CIRCLE ( 'NONE', #5028, 2.249999999999998668 ) ;
#3694 = FACE_BOUND ( 'NONE', #929, .T. ) ;
#3695 = AXIS2_PLACEMENT_3D ( 'NONE', #315, #3099, #2293 ) ;
#3696 = CARTESIAN_POINT ( 'NONE',  ( -3.911801438327699998E-14, 61.03999999999999915, -112.5819999999999936 ) ) ;
#3697 = DIRECTION ( 'NONE',  ( 3.469446951953615175E-16, 0.000000000000000000, 1.000000000000000000 ) ) ;
#3698 = EDGE_LOOP ( 'NONE', ( #533, #4454 ) ) ;
#3699 = ORIENTED_EDGE ( 'NONE', *, *, #2201, .F. ) ;
#3700 = DIRECTION ( 'NONE',  ( 0.000000000000000000, 1.000000000000000000, 0.000000000000000000 ) ) ;
#3701 = VERTEX_POINT ( 'NONE', #2223 ) ;
#3702 = CARTESIAN_POINT ( 'NONE',  ( -3.816391647148975608E-14, 38.62400000000000233, -109.8319999999997663 ) ) ;
#3703 = DIRECTION ( 'NONE',  ( 0.000000000000000000, -0.000000000000000000, 1.000000000000000000 ) ) ;
#3704 = EDGE_LOOP ( 'NONE', ( #1789, #1271, #3544, #3022 ) ) ;
#3705 = EDGE_LOOP ( 'NONE', ( #4685, #3344, #619, #2612 ) ) ;
#3706 = ORIENTED_EDGE ( 'NONE', *, *, #794, .T. ) ;
#3707 = ORIENTED_EDGE ( 'NONE', *, *, #1010, .T. ) ;
#3708 = DIRECTION ( 'NONE',  ( 3.469446951953611231E-16, 0.000000000000000000, 1.000000000000000000 ) ) ;
#3709 = VERTEX_POINT ( 'NONE', #3016 ) ;
#3710 = CARTESIAN_POINT ( 'NONE',  ( -9.525000000000014566, 36.31370849898480202, -41.31370849898474518 ) ) ;
#3711 = ORIENTED_EDGE ( 'NONE', *, *, #2848, .T. ) ;
#3712 = FACE_BOUND ( 'NONE', #4824, .T. ) ;
#3713 = EDGE_CURVE ( 'NONE', #2635, #2106, #3006, .T. ) ;
#3714 = DIRECTION ( 'NONE',  ( 6.308085367188383338E-16, 0.000000000000000000, 1.000000000000000000 ) ) ;
#3715 = ADVANCED_FACE ( 'NONE', ( #3832 ), #1886, .F. ) ;
#3716 = FACE_OUTER_BOUND ( 'NONE', #1758, .T. ) ;
#3717 = ORIENTED_EDGE ( 'NONE', *, *, #2162, .F. ) ;
#3718 = ADVANCED_FACE ( 'NONE', ( #4718 ), #3178, .F. ) ;
#3719 = DIRECTION ( 'NONE',  ( -1.000000000000000000, 0.000000000000000000, 3.469446951953617147E-16 ) ) ;
#3720 = CARTESIAN_POINT ( 'NONE',  ( -2.853620117981847670E-14, 49.83200000000000074, -84.66599999999988313 ) ) ;
#3721 = ORIENTED_EDGE ( 'NONE', *, *, #2297, .F. ) ;
#3722 = ORIENTED_EDGE ( 'NONE', *, *, #758, .F. ) ;
#3723 = CIRCLE ( 'NONE', #4472, 9.999999999999994671 ) ;
#3724 = CARTESIAN_POINT ( 'NONE',  ( -9.525000000000039435, 61.03999999999999915, -109.8319999999999794 ) ) ;
#3725 = CARTESIAN_POINT ( 'NONE',  ( -9.525000000000014566, 13.68629150101525305, -41.31370849898469544 ) ) ;
#3726 = CARTESIAN_POINT ( 'NONE',  ( -2.350550309948573928E-14, 61.04000000000002046, -67.74999999999998579 ) ) ;
#3727 = LINE ( 'NONE', #2247, #136 ) ;
#3728 = AXIS2_PLACEMENT_3D ( 'NONE', #2023, #4032, #3951 ) ;
#3729 = EDGE_LOOP ( 'NONE', ( #4139, #4264, #4525, #4676 ) ) ;
#3730 = ORIENTED_EDGE ( 'NONE', *, *, #4421, .F. ) ;
#3731 = EDGE_CURVE ( 'NONE', #1431, #2819, #3087, .T. ) ;
#3732 = AXIS2_PLACEMENT_3D ( 'NONE', #2131, #2035, #4823 ) ;
#3733 = EDGE_LOOP ( 'NONE', ( #4277, #1335 ) ) ;
#3734 = CARTESIAN_POINT ( 'NONE',  ( -1.517883041479706523E-14, 25.00000000000001776, -43.74999999999998579 ) ) ;
#3735 = VERTEX_POINT ( 'NONE', #1122 ) ;
#3736 = LINE ( 'NONE', #1415, #2498 ) ;
#3737 = CIRCLE ( 'NONE', #1534, 2.250000000000008882 ) ;
#3738 = EDGE_CURVE ( 'NONE', #3912, #4599, #3858, .T. ) ;
#3739 = VERTEX_POINT ( 'NONE', #4674 ) ;
#3740 = LINE ( 'NONE', #4835, #4435 ) ;
#3741 = AXIS2_PLACEMENT_3D ( 'NONE', #436, #6, #832 ) ;
#3742 = CARTESIAN_POINT ( 'NONE',  ( -2.506675422786485936E-14, 61.03999999999999915, -73.45799999999998420 ) ) ;
#3743 = DIRECTION ( 'NONE',  ( 6.308085367188383338E-16, 0.000000000000000000, 1.000000000000000000 ) ) ;
#3744 = CARTESIAN_POINT ( 'NONE',  ( -9.525000000000042988, 61.04000000000002046, -121.0400000000000347 ) ) ;
#3745 = AXIS2_PLACEMENT_3D ( 'NONE', #214, #1828, #1775 ) ;
#3746 = ORIENTED_EDGE ( 'NONE', *, *, #4198, .T. ) ;
#3747 = VECTOR ( 'NONE', #5037, 1000.000000000000000 ) ;
#3748 = EDGE_CURVE ( 'NONE', #2933, #5043, #793, .T. ) ;
#3749 = CIRCLE ( 'NONE', #2358, 2.750000000000009326 ) ;
#3750 = CARTESIAN_POINT ( 'NONE',  ( -3.469446951953614189E-14, 16.20799999999999841, -98.62399999999951206 ) ) ;
#3751 = DIRECTION ( 'NONE',  ( 3.469446951953611724E-16, 0.000000000000000000, 1.000000000000000000 ) ) ;
#3752 = ORIENTED_EDGE ( 'NONE', *, *, #3830, .T. ) ;
#3753 = ADVANCED_FACE ( 'NONE', ( #2718 ), #1912, .F. ) ;
#3754 = ORIENTED_EDGE ( 'NONE', *, *, #3329, .F. ) ;
#3755 = ORIENTED_EDGE ( 'NONE', *, *, #3196, .F. ) ;
#3756 = ADVANCED_FACE ( 'NONE', ( #2786 ), #3471, .F. ) ;
#3757 = CARTESIAN_POINT ( 'NONE',  ( -9.525000000000030553, 4.999999999999997335, -87.41599999999941417 ) ) ;
#3758 = CARTESIAN_POINT ( 'NONE',  ( -9.525000000000025224, 27.41600000000000392, -67.74999999999964473 ) ) ;
#3759 = SURFACE_STYLE_FILL_AREA ( #4624 ) ;
#3760 = LINE ( 'NONE', #2965, #3234 ) ;
#3761 = ORIENTED_EDGE ( 'NONE', *, *, #79, .F. ) ;
#3762 = ORIENTED_EDGE ( 'NONE', *, *, #2969, .F. ) ;
#3763 = VERTEX_POINT ( 'NONE', #1958 ) ;
#3764 = CARTESIAN_POINT ( 'NONE',  ( 4.371503159461552300E-15, 56.58999999999999631, 12.05000000000002558 ) ) ;
#3765 = ORIENTED_EDGE ( 'NONE', *, *, #2292, .T. ) ;
#3766 = DIRECTION ( 'NONE',  ( 6.308085367188383338E-16, 0.000000000000000000, 1.000000000000000000 ) ) ;
#3767 = ORIENTED_EDGE ( 'NONE', *, *, #1144, .F. ) ;
#3768 = DIRECTION ( 'NONE',  ( 1.000000000000000000, 0.000000000000000000, -3.469446951953616654E-16 ) ) ;
#3769 = CIRCLE ( 'NONE', #4099, 2.750000000000002665 ) ;
#3770 = DIRECTION ( 'NONE',  ( 6.308085367188383338E-16, 0.000000000000000000, 1.000000000000000000 ) ) ;
#3771 = CARTESIAN_POINT ( 'NONE',  ( -4.258746133523061417E-14, 16.20799999999999841, -123.7899999999995231 ) ) ;
#3772 = ORIENTED_EDGE ( 'NONE', *, *, #730, .T. ) ;
#3773 = AXIS2_PLACEMENT_3D ( 'NONE', #4750, #1222, #517 ) ;
#3774 = AXIS2_PLACEMENT_3D ( 'NONE', #4526, #4466, #3685 ) ;
#3775 = CARTESIAN_POINT ( 'NONE',  ( -9.525000000000027001, 49.83200000000000074, -76.20799999999987051 ) ) ;
#3776 = FACE_OUTER_BOUND ( 'NONE', #1794, .T. ) ;
#3777 = AXIS2_PLACEMENT_3D ( 'NONE', #2694, #248, #3368 ) ;
#3778 = ORIENTED_EDGE ( 'NONE', *, *, #2821, .T. ) ;
#3779 = VERTEX_POINT ( 'NONE', #1530 ) ;
#3780 = AXIS2_PLACEMENT_3D ( 'NONE', #4944, #1445, #2542 ) ;
#3781 = LINE ( 'NONE', #4201, #1240 ) ;
#3782 = EDGE_LOOP ( 'NONE', ( #2195, #2868, #1929, #766 ) ) ;
#3783 = CYLINDRICAL_SURFACE ( 'NONE', #2643, 2.950000000000002842 ) ;
#3784 = FILL_AREA_STYLE_COLOUR ( '', #4405 ) ;
#3785 = CARTESIAN_POINT ( 'NONE',  ( 60.00000000000000000, 9.525000000000000355, -7.347880794884118356E-15 ) ) ;
#3786 = ORIENTED_EDGE ( 'NONE', *, *, #1790, .F. ) ;
#3787 = ADVANCED_FACE ( 'NONE', ( #1174 ), #2763, .F. ) ;
#3788 = EDGE_LOOP ( 'NONE', ( #3962, #1352, #4090, #266 ) ) ;
#3789 = VERTEX_POINT ( 'NONE', #807 ) ;
#3790 = CARTESIAN_POINT ( 'NONE',  ( -9.525000000000035882, 27.41600000000000392, -98.62399999999963995 ) ) ;
#3791 = ORIENTED_EDGE ( 'NONE', *, *, #4116, .F. ) ;
#3792 = DIRECTION ( 'NONE',  ( 0.000000000000000000, 0.000000000000000000, -1.000000000000000000 ) ) ;
#3793 = FACE_OUTER_BOUND ( 'NONE', #4842, .T. ) ;
#3794 = CARTESIAN_POINT ( 'NONE',  ( 60.00000000000000000, 9.525000000000000355, -7.347880794884118356E-15 ) ) ;
#3795 = DIRECTION ( 'NONE',  ( -1.000000000000000000, 0.000000000000000000, 3.469446951953617147E-16 ) ) ;
#3796 = VERTEX_POINT ( 'NONE', #4284 ) ;
#3797 = EDGE_CURVE ( 'NONE', #2914, #4832, #1366, .T. ) ;
#3798 = FACE_OUTER_BOUND ( 'NONE', #269, .T. ) ;
#3799 = CARTESIAN_POINT ( 'NONE',  ( -9.525000000000025224, 61.04000000000002046, -67.74999999999998579 ) ) ;
#3800 = ORIENTED_EDGE ( 'NONE', *, *, #4801, .F. ) ;
#3801 = ORIENTED_EDGE ( 'NONE', *, *, #4520, .F. ) ;
#3802 = ADVANCED_FACE ( 'NONE', ( #455 ), #1936, .F. ) ;
#3803 = FACE_OUTER_BOUND ( 'NONE', #239, .T. ) ;
#3804 = ORIENTED_EDGE ( 'NONE', *, *, #4809, .T. ) ;
#3805 = DIRECTION ( 'NONE',  ( 1.000000000000000000, 0.000000000000000000, -3.469446951953616654E-16 ) ) ;
#3806 = CARTESIAN_POINT ( 'NONE',  ( 60.00000000000000000, 9.525000000000000355, 0.000000000000000000 ) ) ;
#3807 = EDGE_LOOP ( 'NONE', ( #2928, #4307 ) ) ;
#3808 = CARTESIAN_POINT ( 'NONE',  ( 48.00000000000000000, 4.525000000000000355, -14.00000000000000355 ) ) ;
#3809 = ORIENTED_EDGE ( 'NONE', *, *, #3576, .F. ) ;
#3810 = CIRCLE ( 'NONE', #4395, 2.599999999999994760 ) ;
#3811 = VERTEX_POINT ( 'NONE', #768 ) ;
#3812 = CARTESIAN_POINT ( 'NONE',  ( -9.525000000000027001, 16.20799999999999841, -76.20799999999952945 ) ) ;
#3813 = ORIENTED_EDGE ( 'NONE', *, *, #5053, .T. ) ;
#3814 = ADVANCED_FACE ( 'NONE', ( #2373 ), #2328, .F. ) ;
#3815 = CIRCLE ( 'NONE', #3570, 12.25000000000000000 ) ;
#3816 = AXIS2_PLACEMENT_3D ( 'NONE', #2658, #3103, #2738 ) ;
#3817 = ADVANCED_FACE ( 'NONE', ( #4697 ), #3154, .F. ) ;
#3818 = LINE ( 'NONE', #4633, #3451 ) ;
#3819 = CIRCLE ( 'NONE', #2269, 2.750000000000002665 ) ;
#3820 = CARTESIAN_POINT ( 'NONE',  ( 12.00000000000000000, 4.525000000000000355, -50.50000000000000000 ) ) ;
#3821 = DIRECTION ( 'NONE',  ( 6.308085367188367561E-16, 0.000000000000000000, 1.000000000000000000 ) ) ;
#3822 = ORIENTED_EDGE ( 'NONE', *, *, #4054, .F. ) ;
#3823 = CIRCLE ( 'NONE', #4737, 5.000000000000004441 ) ;
#3824 = ADVANCED_FACE ( 'NONE', ( #4306 ), #1217, .F. ) ;
#3825 = FACE_OUTER_BOUND ( 'NONE', #921, .T. ) ;
#3826 = CARTESIAN_POINT ( 'NONE',  ( 48.00000000000000000, 4.525000000000000355, -9.500000000000005329 ) ) ;
#3827 = VERTEX_POINT ( 'NONE', #27 ) ;
#3828 = FACE_BOUND ( 'NONE', #2187, .T. ) ;
#3829 = ORIENTED_EDGE ( 'NONE', *, *, #490, .F. ) ;
#3830 = EDGE_CURVE ( 'NONE', #2562, #1892, #4324, .T. ) ;
#3831 = CARTESIAN_POINT ( 'NONE',  ( -9.524999999999995026, 56.58999999999999631, 12.05000000000002913 ) ) ;
#3832 = FACE_OUTER_BOUND ( 'NONE', #2903, .T. ) ;
#3833 = ORIENTED_EDGE ( 'NONE', *, *, #4107, .T. ) ;
#3834 = DIRECTION ( 'NONE',  ( 1.000000000000000000, -0.000000000000000000, -3.469446951953616654E-16 ) ) ;
#3835 = DIRECTION ( 'NONE',  ( -1.000000000000000000, 0.000000000000000000, 3.469446951953616654E-16 ) ) ;
#3836 = ORIENTED_EDGE ( 'NONE', *, *, #3093, .F. ) ;
#3837 = ORIENTED_EDGE ( 'NONE', *, *, #1989, .T. ) ;
#3838 = LINE ( 'NONE', #673, #2794 ) ;
#3839 = EDGE_LOOP ( 'NONE', ( #1757, #535 ) ) ;
#3840 = DIRECTION ( 'NONE',  ( 3.384826294588897856E-16, 0.000000000000000000, 1.000000000000000000 ) ) ;
#3841 = CARTESIAN_POINT ( 'NONE',  ( -9.524999999999979039, 9.450000000000045475, 59.18999999999997641 ) ) ;
#3842 = FACE_OUTER_BOUND ( 'NONE', #553, .T. ) ;
#3843 = FACE_OUTER_BOUND ( 'NONE', #4202, .T. ) ;
#3844 = EDGE_CURVE ( 'NONE', #818, #1224, #4382, .T. ) ;
#3845 = ORIENTED_EDGE ( 'NONE', *, *, #337, .T. ) ;
#3846 = AXIS2_PLACEMENT_3D ( 'NONE', #4076, #2456, #1735 ) ;
#3847 = CARTESIAN_POINT ( 'NONE',  ( -2.949029909160572061E-14, 27.41600000000000392, -87.41599999999964155 ) ) ;
#3848 = DIRECTION ( 'NONE',  ( -1.000000000000000000, 0.000000000000000000, 3.469446951953617147E-16 ) ) ;
#3849 = DIRECTION ( 'NONE',  ( 0.000000000000000000, 0.000000000000000000, -1.000000000000000000 ) ) ;
#3850 = AXIS2_PLACEMENT_3D ( 'NONE', #4262, #4701, #750 ) ;
#3851 = VERTEX_POINT ( 'NONE', #479 ) ;
#3852 = AXIS2_PLACEMENT_3D ( 'NONE', #4705, #3916, #2772 ) ;
#3853 = AXIS2_PLACEMENT_3D ( 'NONE', #2300, #3063, #1885 ) ;
#3854 = LINE ( 'NONE', #350, #2644 ) ;
#3855 = ORIENTED_EDGE ( 'NONE', *, *, #2454, .F. ) ;
#3856 = AXIS2_PLACEMENT_3D ( 'NONE', #1014, #4561, #3360 ) ;
#3857 = DIRECTION ( 'NONE',  ( 3.469446951953615175E-16, 0.000000000000000000, 1.000000000000000000 ) ) ;
#3858 = LINE ( 'NONE', #5058, #2922 ) ;
#3859 = DIRECTION ( 'NONE',  ( -1.000000000000000000, -0.000000000000000000, 3.469446951953616654E-16 ) ) ;
#3860 = CIRCLE ( 'NONE', #4533, 2.750000000000002665 ) ;
#3861 = EDGE_CURVE ( 'NONE', #43, #3012, #4487, .T. ) ;
#3862 = EDGE_LOOP ( 'NONE', ( #1682, #1026, #4738, #776 ) ) ;
#3863 = ORIENTED_EDGE ( 'NONE', *, *, #3592, .F. ) ;
#3864 = FACE_OUTER_BOUND ( 'NONE', #220, .T. ) ;
#3865 = ORIENTED_EDGE ( 'NONE', *, *, #3005, .T. ) ;
#3866 = ORIENTED_EDGE ( 'NONE', *, *, #4047, .F. ) ;
#3867 = CARTESIAN_POINT ( 'NONE',  ( -2.697495005143935347E-14, 16.20799999999999841, -78.95799999999952945 ) ) ;
#3868 = DIRECTION ( 'NONE',  ( 6.308085367188383338E-16, 0.000000000000000000, 1.000000000000000000 ) ) ;
#3869 = LINE ( 'NONE', #364, #1213 ) ;
#3870 = CARTESIAN_POINT ( 'NONE',  ( -2.081668171172168513E-14, 0.000000000000000000, -59.99999999999998579 ) ) ;
#3871 = ORIENTED_EDGE ( 'NONE', *, *, #2698, .F. ) ;
#3872 = EDGE_CURVE ( 'NONE', #3389, #2374, #2089, .T. ) ;
#3873 = CARTESIAN_POINT ( 'NONE',  ( -3.374037160774889799E-14, 27.41600000000000392, -95.87399999999963995 ) ) ;
#3874 = ORIENTED_EDGE ( 'NONE', *, *, #2332, .T. ) ;
#3875 = LINE ( 'NONE', #5027, #2852 ) ;
#3876 = CARTESIAN_POINT ( 'NONE',  ( -9.525000000000000355, 66.04000000000004889, 3.304648221735819881E-15 ) ) ;
#3877 = VERTEX_POINT ( 'NONE', #4792 ) ;
#3878 = EDGE_CURVE ( 'NONE', #2570, #223, #3668, .T. ) ;
#3879 = CARTESIAN_POINT ( 'NONE',  ( -9.525000000000025224, 38.62400000000000233, -67.74999999999975842 ) ) ;
#3880 = EDGE_LOOP ( 'NONE', ( #1344, #137 ) ) ;
#3881 = FACE_OUTER_BOUND ( 'NONE', #1116, .T. ) ;
#3882 = CARTESIAN_POINT ( 'NONE',  ( 1.817990202823694150E-14, 56.59000000000000341, 53.98999999999998778 ) ) ;
#3883 = VERTEX_POINT ( 'NONE', #2833 ) ;
#3884 = DIRECTION ( 'NONE',  ( -2.832201593431520740E-16, 0.000000000000000000, -1.000000000000000000 ) ) ;
#3885 = ORIENTED_EDGE ( 'NONE', *, *, #1108, .F. ) ;
#3886 = CYLINDRICAL_SURFACE ( 'NONE', #253, 2.750000000000002665 ) ;
#3887 = ORIENTED_EDGE ( 'NONE', *, *, #345, .F. ) ;
#3888 = AXIS2_PLACEMENT_3D ( 'NONE', #943, #2168, #2532 ) ;
#3889 = DIRECTION ( 'NONE',  ( 0.000000000000000000, 0.000000000000000000, -1.000000000000000000 ) ) ;
#3890 = DIRECTION ( 'NONE',  ( 6.672013369141587897E-16, 0.000000000000000000, 1.000000000000000000 ) ) ;
#3891 = EDGE_CURVE ( 'NONE', #4293, #1745, #2272, .T. ) ;
#3892 = DIRECTION ( 'NONE',  ( -1.000000000000000000, 0.000000000000000000, -0.000000000000000000 ) ) ;
#3893 = AXIS2_PLACEMENT_3D ( 'NONE', #424, #2656, #902 ) ;
#3894 = DIRECTION ( 'NONE',  ( -3.469446951953616654E-16, 0.000000000000000000, -1.000000000000000000 ) ) ;
#3895 = VERTEX_POINT ( 'NONE', #1269 ) ;
#3896 = AXIS2_PLACEMENT_3D ( 'NONE', #1920, #791, #3840 ) ;
#3897 = VECTOR ( 'NONE', #4459, 1000.000000000000000 ) ;
#3898 = FACE_OUTER_BOUND ( 'NONE', #2756, .T. ) ;
#3899 = VERTEX_POINT ( 'NONE', #4840 ) ;
#3900 = CARTESIAN_POINT ( 'NONE',  ( -9.524999999999977263, 3.469446951953614189E-15, 66.04000000000000625 ) ) ;
#3901 = CARTESIAN_POINT ( 'NONE',  ( -9.524999999999980815, 10.00000000000000000, 56.04000000000000625 ) ) ;
#3902 = AXIS2_PLACEMENT_3D ( 'NONE', #376, #4257, #1149 ) ;
#3903 = ORIENTED_EDGE ( 'NONE', *, *, #4451, .T. ) ;
#3904 = DIRECTION ( 'NONE',  ( -3.469446951953611231E-16, 0.000000000000000000, -1.000000000000000000 ) ) ;
#3905 = AXIS2_PLACEMENT_3D ( 'NONE', #285, #1852, #4999 ) ;
#3906 = FACE_OUTER_BOUND ( 'NONE', #1176, .T. ) ;
#3907 = EDGE_CURVE ( 'NONE', #3811, #3895, #3085, .T. ) ;
#3908 = DIRECTION ( 'NONE',  ( 3.469446951953615175E-16, 0.000000000000000000, 1.000000000000000000 ) ) ;
#3909 = EDGE_CURVE ( 'NONE', #3012, #2887, #4038, .T. ) ;
#3910 = CIRCLE ( 'NONE', #3243, 2.750000000000002665 ) ;
#3911 = AXIS2_PLACEMENT_3D ( 'NONE', #1459, #3834, #1937 ) ;
#3912 = VERTEX_POINT ( 'NONE', #1749 ) ;
#3913 = DIRECTION ( 'NONE',  ( -1.000000000000000000, 0.000000000000000000, 3.469446951953617147E-16 ) ) ;
#3914 = CIRCLE ( 'NONE', #2613, 2.750000000000002665 ) ;
#3915 = LINE ( 'NONE', #3556, #2636 ) ;
#3916 = DIRECTION ( 'NONE',  ( -1.000000000000000000, 0.000000000000000000, 3.469446951953616654E-16 ) ) ;
#3917 = LINE ( 'NONE', #333, #2999 ) ;
#3918 = DIRECTION ( 'NONE',  ( -1.000000000000000000, 0.000000000000000000, 3.469446951953616654E-16 ) ) ;
#3919 = DIRECTION ( 'NONE',  ( 3.469446951953615175E-16, 0.000000000000000000, 1.000000000000000000 ) ) ;
#3920 = DIRECTION ( 'NONE',  ( -1.000000000000000000, 0.000000000000000000, 3.469446951953616654E-16 ) ) ;
#3921 = ORIENTED_EDGE ( 'NONE', *, *, #1875, .T. ) ;
#3922 = LINE ( 'NONE', #3948, #2117 ) ;
#3923 = FACE_BOUND ( 'NONE', #3880, .T. ) ;
#3924 = DIRECTION ( 'NONE',  ( -1.000000000000000000, 0.000000000000000000, 3.469446951953616654E-16 ) ) ;
#3925 = ORIENTED_EDGE ( 'NONE', *, *, #2129, .F. ) ;
#3926 = CYLINDRICAL_SURFACE ( 'NONE', #308, 2.250000000000008882 ) ;
#3927 = CARTESIAN_POINT ( 'NONE',  ( 12.00000000000000000, 4.525000000000000355, -46.00000000000000000 ) ) ;
#3928 = EDGE_LOOP ( 'NONE', ( #4097, #3707 ) ) ;
#3929 = VECTOR ( 'NONE', #3096, 1000.000000000000000 ) ;
#3930 = PLANE ( 'NONE',  #2310 ) ;
#3931 = DIRECTION ( 'NONE',  ( 0.000000000000000000, 0.000000000000000000, 1.000000000000000000 ) ) ;
#3932 = CIRCLE ( 'NONE', #3033, 2.250000000000008882 ) ;
#3933 = ORIENTED_EDGE ( 'NONE', *, *, #2076, .F. ) ;
#3934 = DIRECTION ( 'NONE',  ( 3.469446951953618133E-16, 0.000000000000000000, 1.000000000000000000 ) ) ;
#3935 = AXIS2_PLACEMENT_3D ( 'NONE', #4950, #3805, #4623 ) ;
#3936 = ORIENTED_EDGE ( 'NONE', *, *, #3174, .F. ) ;
#3937 = FACE_OUTER_BOUND ( 'NONE', #2507, .T. ) ;
#3938 = ADVANCED_FACE ( 'NONE', ( #2074 ), #1654, .F. ) ;
#3939 = CARTESIAN_POINT ( 'NONE',  ( -9.525000000000016342, 25.00000000000001776, -48.24999999999998579 ) ) ;
#3940 = AXIS2_PLACEMENT_3D ( 'NONE', #744, #1578, #4283 ) ;
#3941 = CIRCLE ( 'NONE', #3780, 2.950000000000001066 ) ;
#3942 = CARTESIAN_POINT ( 'NONE',  ( -1.040834085586084257E-14, 52.25000000000001421, -27.93213562373107450 ) ) ;
#3943 = ADVANCED_FACE ( 'NONE', ( #189 ), #4453, .F. ) ;
#3944 = DIRECTION ( 'NONE',  ( -0.000000000000000000, -1.000000000000000000, -0.000000000000000000 ) ) ;
#3945 = DIRECTION ( 'NONE',  ( -1.000000000000000000, 0.000000000000000000, 3.469446951953617147E-16 ) ) ;
#3946 = DIRECTION ( 'NONE',  ( 6.308085367188383338E-16, 0.000000000000000000, 1.000000000000000000 ) ) ;
#3947 = ORIENTED_EDGE ( 'NONE', *, *, #3054, .T. ) ;
#3948 = CARTESIAN_POINT ( 'NONE',  ( -3.044439700339296451E-14, 49.83200000000000074, -90.16599999999988313 ) ) ;
#3949 = DIRECTION ( 'NONE',  ( -1.000000000000000000, 0.000000000000000000, 3.469446951953616654E-16 ) ) ;
#3950 = DIRECTION ( 'NONE',  ( 0.000000000000000000, 0.000000000000000000, 1.000000000000000000 ) ) ;
#3951 = DIRECTION ( 'NONE',  ( 3.469446951953615175E-16, 0.000000000000000000, 1.000000000000000000 ) ) ;
#3952 = DIRECTION ( 'NONE',  ( -1.000000000000000000, 0.000000000000000000, 3.469446951953616654E-16 ) ) ;
#3953 = EDGE_CURVE ( 'NONE', #4926, #279, #4574, .T. ) ;
#3954 = EDGE_LOOP ( 'NONE', ( #2061, #707, #3711, #2990 ) ) ;
#3955 = LINE ( 'NONE', #2216, #4440 ) ;
#3956 = LINE ( 'NONE', #452, #4364 ) ;
#3957 = CARTESIAN_POINT ( 'NONE',  ( -2.255140518769849223E-14, 38.62400000000000233, -64.99999999999975842 ) ) ;
#3958 = ORIENTED_EDGE ( 'NONE', *, *, #4966, .F. ) ;
#3959 = DIRECTION ( 'NONE',  ( -1.000000000000000000, 0.000000000000000000, 3.469446951953616654E-16 ) ) ;
#3960 = ADVANCED_FACE ( 'NONE', ( #557 ), #3601, .F. ) ;
#3961 = ORIENTED_EDGE ( 'NONE', *, *, #2493, .T. ) ;
#3962 = ORIENTED_EDGE ( 'NONE', *, *, #1380, .T. ) ;
#3963 = DIRECTION ( 'NONE',  ( -1.000000000000000000, 0.000000000000000000, 3.469446951953617147E-16 ) ) ;
#3964 = LINE ( 'NONE', #5046, #4154 ) ;
#3965 = VERTEX_POINT ( 'NONE', #4406 ) ;
#3966 = ADVANCED_FACE ( 'NONE', ( #2859 ), #890, .F. ) ;
#3967 = ORIENTED_EDGE ( 'NONE', *, *, #1294, .T. ) ;
#3968 = DIRECTION ( 'NONE',  ( -1.000000000000000000, 0.000000000000000000, 3.469446951953617147E-16 ) ) ;
#3969 = DIRECTION ( 'NONE',  ( 3.469446951953626515E-16, 0.000000000000000000, 1.000000000000000000 ) ) ;
#3970 = EDGE_CURVE ( 'NONE', #3789, #1925, #2350, .T. ) ;
#3971 = DIRECTION ( 'NONE',  ( 0.000000000000000000, 1.000000000000000000, 0.000000000000000000 ) ) ;
#3972 = EDGE_LOOP ( 'NONE', ( #40, #3921, #3229, #3933 ) ) ;
#3973 = EDGE_CURVE ( 'NONE', #4190, #194, #1296, .T. ) ;
#3974 = DIRECTION ( 'NONE',  ( 6.308085367188367561E-16, 0.000000000000000000, 1.000000000000000000 ) ) ;
#3975 = FACE_OUTER_BOUND ( 'NONE', #3472, .T. ) ;
#3976 = AXIS2_PLACEMENT_3D ( 'NONE', #3207, #483, #140 ) ;
#3977 = CARTESIAN_POINT ( 'NONE',  ( -3.720981855970251218E-14, 4.999999999999997335, -107.0819999999994110 ) ) ;
#3978 = DIRECTION ( 'NONE',  ( 1.156482317317871232E-16, -0.000000000000000000, 1.000000000000000000 ) ) ;
#3979 = CYLINDRICAL_SURFACE ( 'NONE', #2929, 12.25000000000000355 ) ;
#3980 = VERTEX_POINT ( 'NONE', #2472 ) ;
#3981 = FACE_OUTER_BOUND ( 'NONE', #48, .T. ) ;
#3982 = AXIS2_PLACEMENT_3D ( 'NONE', #740, #1115, #3059 ) ;
#3983 = EDGE_CURVE ( 'NONE', #2349, #4089, #3160, .T. ) ;
#3984 = DIRECTION ( 'NONE',  ( -0.000000000000000000, 1.000000000000000000, -0.000000000000000000 ) ) ;
#3985 = DIRECTION ( 'NONE',  ( -1.000000000000000000, 0.000000000000000000, 3.469446951953617147E-16 ) ) ;
#3986 = VERTEX_POINT ( 'NONE', #2900 ) ;
#3987 = CARTESIAN_POINT ( 'NONE',  ( -2.602085213965210642E-14, 61.03999999999999915, -76.20799999999998420 ) ) ;
#3988 = VECTOR ( 'NONE', #4432, 1000.000000000000000 ) ;
#3989 = EDGE_LOOP ( 'NONE', ( #1950, #1393 ) ) ;
#3990 = CARTESIAN_POINT ( 'NONE',  ( -3.469446951953614189E-14, 27.41600000000000392, -98.62399999999963995 ) ) ;
#3991 = VECTOR ( 'NONE', #4148, 1000.000000000000000 ) ;
#3992 =( LENGTH_UNIT ( ) NAMED_UNIT ( * ) SI_UNIT ( .MILLI., .METRE. ) );
#3993 = EDGE_LOOP ( 'NONE', ( #1839, #2161, #1661, #3822 ) ) ;
#3994 = DIRECTION ( 'NONE',  ( -1.000000000000000000, 0.000000000000000000, 3.469446951953616654E-16 ) ) ;
#3995 = FACE_OUTER_BOUND ( 'NONE', #689, .T. ) ;
#3996 = VERTEX_POINT ( 'NONE', #4474 ) ;
#3997 = CIRCLE ( 'NONE', #3656, 2.750000000000009326 ) ;
#3998 = CARTESIAN_POINT ( 'NONE',  ( -9.525000000000034106, 27.41600000000000392, -95.87399999999963995 ) ) ;
#3999 = ORIENTED_EDGE ( 'NONE', *, *, #1220, .T. ) ;
#4000 = DIRECTION ( 'NONE',  ( 3.469446951953615175E-16, 0.000000000000000000, 1.000000000000000000 ) ) ;
#4001 = CARTESIAN_POINT ( 'NONE',  ( -2.159730727591124517E-14, 27.41600000000000392, -62.24999999999963052 ) ) ;
#4002 = CYLINDRICAL_SURFACE ( 'NONE', #1443, 2.750000000000002665 ) ;
#4003 = ORIENTED_EDGE ( 'NONE', *, *, #2953, .T. ) ;
#4004 = VERTEX_POINT ( 'NONE', #2121 ) ;
#4005 = DIRECTION ( 'NONE',  ( -1.000000000000000000, 0.000000000000000000, 3.469446951953616161E-16 ) ) ;
#4006 = ADVANCED_FACE ( 'NONE', ( #3776 ), #687, .F. ) ;
#4007 = DIRECTION ( 'NONE',  ( -1.000000000000000000, 0.000000000000000000, 3.469446951953617147E-16 ) ) ;
#4008 = CARTESIAN_POINT ( 'NONE',  ( -4.336808689942017736E-14, 5.000000000000000000, -126.0399999999999920 ) ) ;
#4009 = CYLINDRICAL_SURFACE ( 'NONE', #4319, 4.499999999999999112 ) ;
#4010 = ORIENTED_EDGE ( 'NONE', *, *, #4310, .F. ) ;
#4011 = FACE_BOUND ( 'NONE', #99, .T. ) ;
#4012 = DIRECTION ( 'NONE',  ( -0.000000000000000000, 1.000000000000000000, -0.000000000000000000 ) ) ;
#4013 = EDGE_CURVE ( 'NONE', #3895, #2635, #3326, .T. ) ;
#4014 = DIRECTION ( 'NONE',  ( -1.000000000000000000, 0.000000000000000000, 3.469446951953617147E-16 ) ) ;
#4015 = VERTEX_POINT ( 'NONE', #3720 ) ;
#4016 = AXIS2_PLACEMENT_3D ( 'NONE', #1874, #2705, #3075 ) ;
#4017 = CARTESIAN_POINT ( 'NONE',  ( -2.255140518769849223E-14, 5.000000000000000000, -64.99999999999940314 ) ) ;
#4018 = CARTESIAN_POINT ( 'NONE',  ( 48.00000000000000000, 4.525000000000000355, -14.00000000000000355 ) ) ;
#4019 = ORIENTED_EDGE ( 'NONE', *, *, #4416, .T. ) ;
#4020 = EDGE_CURVE ( 'NONE', #1224, #274, #2569, .T. ) ;
#4021 = AXIS2_PLACEMENT_3D ( 'NONE', #2767, #382, #837 ) ;
#4022 = AXIS2_PLACEMENT_3D ( 'NONE', #343, #366, #4031 ) ;
#4023 = DIRECTION ( 'NONE',  ( 0.000000000000000000, 0.000000000000000000, -1.000000000000000000 ) ) ;
#4024 = CARTESIAN_POINT ( 'NONE',  ( 48.00000000000000000, 0.000000000000000000, -11.05000000000000071 ) ) ;
#4025 = CIRCLE ( 'NONE', #513, 2.750000000000002665 ) ;
#4026 = CIRCLE ( 'NONE', #2122, 2.599999999999991207 ) ;
#4027 = ORIENTED_EDGE ( 'NONE', *, *, #4795, .T. ) ;
#4028 = PLANE ( 'NONE',  #3664 ) ;
#4029 = ORIENTED_EDGE ( 'NONE', *, *, #3331, .T. ) ;
#4030 = AXIS2_PLACEMENT_3D ( 'NONE', #4716, #3152, #2717 ) ;
#4031 = DIRECTION ( 'NONE',  ( 0.000000000000000000, 0.000000000000000000, -1.000000000000000000 ) ) ;
#4032 = DIRECTION ( 'NONE',  ( -1.000000000000000000, 0.000000000000000000, 3.469446951953616654E-16 ) ) ;
#4033 = DIRECTION ( 'NONE',  ( -1.000000000000000000, 0.000000000000000000, 3.469446951953616161E-16 ) ) ;
#4034 = LINE ( 'NONE', #1719, #2436 ) ;
#4035 = ORIENTED_EDGE ( 'NONE', *, *, #344, .F. ) ;
#4036 = EDGE_CURVE ( 'NONE', #2547, #581, #886, .T. ) ;
#4037 = CARTESIAN_POINT ( 'NONE',  ( -3.564856743132338579E-14, 16.20799999999999841, -101.3739999999995263 ) ) ;
#4038 = LINE ( 'NONE', #2813, #2689 ) ;
#4039 = ORIENTED_EDGE ( 'NONE', *, *, #4900, .T. ) ;
#4040 = EDGE_CURVE ( 'NONE', #5043, #2933, #1046, .T. ) ;
#4041 = DIRECTION ( 'NONE',  ( 3.469446951953615175E-16, 0.000000000000000000, 1.000000000000000000 ) ) ;
#4042 = ORIENTED_EDGE ( 'NONE', *, *, #147, .T. ) ;
#4043 = DIRECTION ( 'NONE',  ( 6.308085367188367561E-16, 0.000000000000000000, 1.000000000000000000 ) ) ;
#4044 = CARTESIAN_POINT ( 'NONE',  ( -3.816391647148975608E-14, 4.999999999999997335, -109.8319999999994110 ) ) ;
#4045 = ORIENTED_EDGE ( 'NONE', *, *, #3797, .T. ) ;
#4046 = VERTEX_POINT ( 'NONE', #2931 ) ;
#4047 = EDGE_CURVE ( 'NONE', #4089, #4898, #4171, .T. ) ;
#4048 = DIRECTION ( 'NONE',  ( -1.000000000000000000, 0.000000000000000000, 3.469446951953616654E-16 ) ) ;
#4049 = VERTEX_POINT ( 'NONE', #4915 ) ;
#4050 = DIRECTION ( 'NONE',  ( -1.000000000000000000, 0.000000000000000000, 3.469446951953616654E-16 ) ) ;
#4051 = ORIENTED_EDGE ( 'NONE', *, *, #3361, .F. ) ;
#4052 = FACE_OUTER_BOUND ( 'NONE', #3552, .T. ) ;
#4053 = CARTESIAN_POINT ( 'NONE',  ( 60.00000000000000000, 9.525000000000000355, -7.347880794884118356E-15 ) ) ;
#4054 = EDGE_CURVE ( 'NONE', #2400, #2562, #3300, .T. ) ;
#4055 = DIRECTION ( 'NONE',  ( -1.000000000000000000, 0.000000000000000000, 3.469446951953617147E-16 ) ) ;
#4056 = CARTESIAN_POINT ( 'NONE',  ( 12.00000000000000000, 9.525000000000000355, -46.00000000000000000 ) ) ;
#4057 = ORIENTED_EDGE ( 'NONE', *, *, #660, .T. ) ;
#4058 = AXIS2_PLACEMENT_3D ( 'NONE', #4157, #4905, #2945 ) ;
#4059 = DIRECTION ( 'NONE',  ( -1.000000000000000000, 0.000000000000000000, 3.469446951953617147E-16 ) ) ;
#4060 = DIRECTION ( 'NONE',  ( -1.000000000000000000, 0.000000000000000000, 3.469446951953616654E-16 ) ) ;
#4061 = EDGE_LOOP ( 'NONE', ( #1095, #3289 ) ) ;
#4062 = VECTOR ( 'NONE', #4582, 1000.000000000000000 ) ;
#4063 = AXIS2_PLACEMENT_3D ( 'NONE', #370, #4616, #1523 ) ;
#4064 = EDGE_CURVE ( 'NONE', #2641, #3296, #1392, .T. ) ;
#4065 = DIRECTION ( 'NONE',  ( 1.000000000000000000, -5.951495925657743913E-32, -3.469446951953616161E-16 ) ) ;
#4066 = CIRCLE ( 'NONE', #1281, 2.750000000000002665 ) ;
#4067 = AXIS2_PLACEMENT_3D ( 'NONE', #1853, #3032, #2323 ) ;
#4068 = VERTEX_POINT ( 'NONE', #4882 ) ;
#4069 = AXIS2_PLACEMENT_3D ( 'NONE', #3942, #1637, #2796 ) ;
#4070 = CARTESIAN_POINT ( 'NONE',  ( -9.525000000000023448, 16.20799999999999841, -64.99999999999953104 ) ) ;
#4071 = CARTESIAN_POINT ( 'NONE',  ( -9.525000000000021672, 0.000000000000000000, -59.99999999999998579 ) ) ;
#4072 = EDGE_CURVE ( 'NONE', #224, #1013, #4743, .T. ) ;
#4073 = VERTEX_POINT ( 'NONE', #3799 ) ;
#4074 = EDGE_CURVE ( 'NONE', #1384, #1792, #1460, .T. ) ;
#4075 = ORIENTED_EDGE ( 'NONE', *, *, #2878, .T. ) ;
#4076 = CARTESIAN_POINT ( 'NONE',  ( -3.816391647148975608E-14, 49.83200000000000074, -109.8319999999998799 ) ) ;
#4077 = AXIS2_PLACEMENT_3D ( 'NONE', #5050, #1187, #1208 ) ;
#4078 = CARTESIAN_POINT ( 'NONE',  ( -9.525000000000021672, 38.62400000000000233, -62.24999999999974420 ) ) ;
#4079 = ORIENTED_EDGE ( 'NONE', *, *, #3369, .T. ) ;
#4080 = AXIS2_PLACEMENT_3D ( 'NONE', #2361, #5075, #3892 ) ;
#4081 = FACE_BOUND ( 'NONE', #1398, .T. ) ;
#4082 = CYLINDRICAL_SURFACE ( 'NONE', #549, 2.750000000000002665 ) ;
#4083 = DIRECTION ( 'NONE',  ( -1.000000000000000000, 0.000000000000000000, 3.469446951953616654E-16 ) ) ;
#4084 = EDGE_LOOP ( 'NONE', ( #4654, #4812, #2870, #2401 ) ) ;
#4085 = EDGE_CURVE ( 'NONE', #2887, #1837, #477, .T. ) ;
#4086 = APPLICATION_CONTEXT ( 'automotive_design' ) ;
#4087 = CARTESIAN_POINT ( 'NONE',  ( -9.525000000000027001, 4.999999999999997335, -76.20799999999941576 ) ) ;
#4088 = CARTESIAN_POINT ( 'NONE',  ( -1.595945597898663158E-14, 25.00000000000001776, -45.99999999999998579 ) ) ;
#4089 = VERTEX_POINT ( 'NONE', #4503 ) ;
#4090 = ORIENTED_EDGE ( 'NONE', *, *, #3625, .F. ) ;
#4091 = ADVANCED_FACE ( 'NONE', ( #3411 ), #4118, .F. ) ;
#4092 = DIRECTION ( 'NONE',  ( -1.000000000000000000, 0.000000000000000000, 3.469446951953616654E-16 ) ) ;
#4093 = ORIENTED_EDGE ( 'NONE', *, *, #466, .T. ) ;
#4094 = CARTESIAN_POINT ( 'NONE',  ( -3.911801438327699998E-14, 49.83200000000000074, -112.5819999999998799 ) ) ;
#4095 = DIRECTION ( 'NONE',  ( 0.000000000000000000, 0.000000000000000000, 1.000000000000000000 ) ) ;
#4096 = ORIENTED_EDGE ( 'NONE', *, *, #1471, .T. ) ;
#4097 = ORIENTED_EDGE ( 'NONE', *, *, #2969, .T. ) ;
#4098 = EDGE_CURVE ( 'NONE', #4004, #1431, #643, .T. ) ;
#4099 = AXIS2_PLACEMENT_3D ( 'NONE', #309, #4162, #653 ) ;
#4100 = ADVANCED_FACE ( 'NONE', ( #238 ), #3009, .F. ) ;
#4101 = CYLINDRICAL_SURFACE ( 'NONE', #752, 5.000000000000004441 ) ;
#4102 = ORIENTED_EDGE ( 'NONE', *, *, #306, .T. ) ;
#4103 = CIRCLE ( 'NONE', #2721, 2.750000000000002665 ) ;
#4104 = DIRECTION ( 'NONE',  ( -1.000000000000000000, 0.000000000000000000, 3.469446951953617147E-16 ) ) ;
#4105 = AXIS2_PLACEMENT_3D ( 'NONE', #37, #2735, #3143 ) ;
#4106 = ORIENTED_EDGE ( 'NONE', *, *, #3073, .T. ) ;
#4107 = EDGE_CURVE ( 'NONE', #1274, #3424, #3497, .T. ) ;
#4108 = AXIS2_PLACEMENT_3D ( 'NONE', #1148, #2691, #46 ) ;
#4109 = VECTOR ( 'NONE', #2961, 1000.000000000000000 ) ;
#4110 = FACE_BOUND ( 'NONE', #2886, .T. ) ;
#4111 = CARTESIAN_POINT ( 'NONE',  ( -3.720981855970251218E-14, 49.83200000000000074, -107.0819999999998657 ) ) ;
#4112 = LINE ( 'NONE', #602, #1546 ) ;
#4113 = CIRCLE ( 'NONE', #2648, 2.750000000000002665 ) ;
#4114 = ORIENTED_EDGE ( 'NONE', *, *, #2529, .T. ) ;
#4115 = EDGE_CURVE ( 'NONE', #2111, #3877, #4196, .T. ) ;
#4116 = EDGE_CURVE ( 'NONE', #326, #187, #68, .T. ) ;
#4117 = CARTESIAN_POINT ( 'NONE',  ( -9.525000000000011013, 52.25000000000000711, -32.06786437626909958 ) ) ;
#4118 = CYLINDRICAL_SURFACE ( 'NONE', #1289, 2.750000000000009326 ) ;
#4119 = ORIENTED_EDGE ( 'NONE', *, *, #1451, .F. ) ;
#4120 = ORIENTED_EDGE ( 'NONE', *, *, #679, .T. ) ;
#4121 = ORIENTED_EDGE ( 'NONE', *, *, #2776, .T. ) ;
#4122 = DIRECTION ( 'NONE',  ( -0.000000000000000000, 1.000000000000000000, -0.000000000000000000 ) ) ;
#4123 = VERTEX_POINT ( 'NONE', #710 ) ;
#4124 = CARTESIAN_POINT ( 'NONE',  ( -9.525000000000005684, 25.00000000000002132, -14.00000000000000533 ) ) ;
#4125 = DIRECTION ( 'NONE',  ( 0.000000000000000000, 0.000000000000000000, 1.000000000000000000 ) ) ;
#4126 = ORIENTED_EDGE ( 'NONE', *, *, #2386, .T. ) ;
#4127 = ORIENTED_EDGE ( 'NONE', *, *, #199, .F. ) ;
#4128 = CARTESIAN_POINT ( 'NONE',  ( 12.00000000000000000, 4.525000000000000355, -13.99999999999999822 ) ) ;
#4129 = ORIENTED_EDGE ( 'NONE', *, *, #1407, .F. ) ;
#4130 = DIRECTION ( 'NONE',  ( -1.000000000000000000, 0.000000000000000000, 3.469446951953616654E-16 ) ) ;
#4131 = EDGE_LOOP ( 'NONE', ( #4003, #3865 ) ) ;
#4132 = FACE_OUTER_BOUND ( 'NONE', #764, .T. ) ;
#4133 = FACE_BOUND ( 'NONE', #4592, .T. ) ;
#4134 = EDGE_CURVE ( 'NONE', #4773, #1424, #780, .T. ) ;
#4135 = DIRECTION ( 'NONE',  ( -1.000000000000000000, 0.000000000000000000, 3.469446951953616161E-16 ) ) ;
#4136 = EDGE_CURVE ( 'NONE', #1792, #1384, #3322, .T. ) ;
#4137 = DIRECTION ( 'NONE',  ( 0.000000000000000000, 1.000000000000000000, 0.000000000000000000 ) ) ;
#4138 = EDGE_CURVE ( 'NONE', #1710, #3386, #2188, .T. ) ;
#4139 = ORIENTED_EDGE ( 'NONE', *, *, #2315, .F. ) ;
#4140 = CARTESIAN_POINT ( 'NONE',  ( -9.525000000000042988, 4.999999999999997335, -121.0399999999994094 ) ) ;
#4141 = DIRECTION ( 'NONE',  ( 6.308085367188383338E-16, 0.000000000000000000, 1.000000000000000000 ) ) ;
#4142 = ORIENTED_EDGE ( 'NONE', *, *, #2848, .F. ) ;
#4143 = AXIS2_PLACEMENT_3D ( 'NONE', #3710, #2584, #2561 ) ;
#4144 = LINE ( 'NONE', #193, #4937 ) ;
#4145 = ORIENTED_EDGE ( 'NONE', *, *, #3738, .T. ) ;
#4146 = FACE_OUTER_BOUND ( 'NONE', #4929, .T. ) ;
#4147 = DIRECTION ( 'NONE',  ( -2.453269466693412919E-16, -0.7071067811865440200, -0.7071067811865511255 ) ) ;
#4148 = DIRECTION ( 'NONE',  ( 0.000000000000000000, 0.000000000000000000, -1.000000000000000000 ) ) ;
#4149 = CIRCLE ( 'NONE', #2835, 2.750000000000002665 ) ;
#4150 = ORIENTED_EDGE ( 'NONE', *, *, #947, .F. ) ;
#4151 = ADVANCED_FACE ( 'NONE', ( #2322 ), #4322, .F. ) ;
#4152 = VECTOR ( 'NONE', #2333, 1000.000000000000000 ) ;
#4153 = ORIENTED_EDGE ( 'NONE', *, *, #2232, .F. ) ;
#4154 = VECTOR ( 'NONE', #839, 1000.000000000000000 ) ;
#4155 = DIRECTION ( 'NONE',  ( -1.000000000000000000, 0.000000000000000000, 3.469446951953617147E-16 ) ) ;
#4156 = ORIENTED_EDGE ( 'NONE', *, *, #3548, .F. ) ;
#4157 = CARTESIAN_POINT ( 'NONE',  ( -6.483109709151411084E-15, 36.31370849898480202, -18.68629150101524772 ) ) ;
#4158 = ORIENTED_EDGE ( 'NONE', *, *, #3050, .T. ) ;
#4159 = DIRECTION ( 'NONE',  ( 0.000000000000000000, 0.000000000000000000, 1.000000000000000000 ) ) ;
#4160 = CARTESIAN_POINT ( 'NONE',  ( -2.853620117981847670E-14, 38.62400000000000233, -84.66599999999975523 ) ) ;
#4161 = VECTOR ( 'NONE', #2240, 1000.000000000000000 ) ;
#4162 = DIRECTION ( 'NONE',  ( -1.000000000000000000, 0.000000000000000000, 3.469446951953616654E-16 ) ) ;
#4163 = DIRECTION ( 'NONE',  ( -1.000000000000000000, 0.000000000000000000, 3.469446951953616654E-16 ) ) ;
#4164 = FACE_OUTER_BOUND ( 'NONE', #3396, .T. ) ;
#4165 = VECTOR ( 'NONE', #111, 1000.000000000000000 ) ;
#4166 = ORIENTED_EDGE ( 'NONE', *, *, #4943, .T. ) ;
#4167 = AXIS2_PLACEMENT_3D ( 'NONE', #4230, #4675, #2278 ) ;
#4168 = EDGE_CURVE ( 'NONE', #3309, #3456, #762, .T. ) ;
#4169 = VECTOR ( 'NONE', #1518, 1000.000000000000000 ) ;
#4170 = CYLINDRICAL_SURFACE ( 'NONE', #438, 10.00000000000000178 ) ;
#4171 = LINE ( 'NONE', #2267, #1781 ) ;
#4172 = ORIENTED_EDGE ( 'NONE', *, *, #1380, .F. ) ;
#4173 = VERTEX_POINT ( 'NONE', #1593 ) ;
#4174 = ORIENTED_EDGE ( 'NONE', *, *, #1220, .F. ) ;
#4175 = CARTESIAN_POINT ( 'NONE',  ( -2.853620117981847670E-14, 61.03999999999999915, -84.66599999999999682 ) ) ;
#4176 = ORIENTED_EDGE ( 'NONE', *, *, #4354, .T. ) ;
#4177 = DIRECTION ( 'NONE',  ( 0.000000000000000000, 0.000000000000000000, -1.000000000000000000 ) ) ;
#4178 = CARTESIAN_POINT ( 'NONE',  ( -9.525000000000037659, 38.62400000000000233, -101.3739999999997679 ) ) ;
#4179 = ORIENTED_EDGE ( 'NONE', *, *, #642, .F. ) ;
#4180 = EDGE_LOOP ( 'NONE', ( #3342, #4485, #1650, #3829 ) ) ;
#4181 = ORIENTED_EDGE ( 'NONE', *, *, #412, .T. ) ;
#4182 = DIRECTION ( 'NONE',  ( 3.469446951953615175E-16, 0.000000000000000000, 1.000000000000000000 ) ) ;
#4183 = EDGE_CURVE ( 'NONE', #3516, #267, #3412, .T. ) ;
#4184 = VERTEX_POINT ( 'NONE', #4688 ) ;
#4185 = ORIENTED_EDGE ( 'NONE', *, *, #4783, .F. ) ;
#4186 = CARTESIAN_POINT ( 'NONE',  ( 12.00000000000000000, 9.525000000000000355, -41.49999999999999289 ) ) ;
#4187 = AXIS2_PLACEMENT_3D ( 'NONE', #1921, #12, #1180 ) ;
#4188 = CARTESIAN_POINT ( 'NONE',  ( 3.469446951953614189E-15, 9.450000000000045475, 9.450000000000020606 ) ) ;
#4189 = CARTESIAN_POINT ( 'NONE',  ( -2.949029909160572061E-14, 49.83200000000000074, -87.41599999999988313 ) ) ;
#4190 = VERTEX_POINT ( 'NONE', #1551 ) ;
#4191 = AXIS2_PLACEMENT_3D ( 'NONE', #2558, #4930, #4182 ) ;
#4192 = AXIS2_PLACEMENT_3D ( 'NONE', #2022, #5016, #335 ) ;
#4193 = CARTESIAN_POINT ( 'NONE',  ( -2.225377369315485714E-14, 56.04000000000007731, -64.14213562373090838 ) ) ;
#4194 = CIRCLE ( 'NONE', #2120, 2.250000000000001776 ) ;
#4195 = EDGE_LOOP ( 'NONE', ( #537, #144 ) ) ;
#4196 = LINE ( 'NONE', #2212, #4161 ) ;
#4197 = CARTESIAN_POINT ( 'NONE',  ( 1.214306433183764966E-14, 33.02000000000002444, 33.01999999999999602 ) ) ;
#4198 = EDGE_CURVE ( 'NONE', #5068, #1051, #1135, .T. ) ;
#4199 = EDGE_LOOP ( 'NONE', ( #1553, #439, #590, #2571 ) ) ;
#4200 = AXIS2_PLACEMENT_3D ( 'NONE', #3957, #454, #1700 ) ;
#4201 = CARTESIAN_POINT ( 'NONE',  ( 48.00000000000000000, 4.525000000000000355, -18.50000000000000355 ) ) ;
#4202 = EDGE_LOOP ( 'NONE', ( #3887, #2083, #3529, #4702 ) ) ;
#4203 = LINE ( 'NONE', #242, #1722 ) ;
#4204 = DIRECTION ( 'NONE',  ( -1.000000000000000000, 5.473822126268817899E-48, 3.469446951953617147E-16 ) ) ;
#4205 = CARTESIAN_POINT ( 'NONE',  ( -9.525000000000005684, 25.00000000000002132, -14.00000000000000533 ) ) ;
#4206 = VERTEX_POINT ( 'NONE', #348 ) ;
#4207 = ORIENTED_EDGE ( 'NONE', *, *, #1409, .F. ) ;
#4208 = LINE ( 'NONE', #298, #647 ) ;
#4209 = EDGE_CURVE ( 'NONE', #3336, #3980, #4736, .T. ) ;
#4210 = ORIENTED_EDGE ( 'NONE', *, *, #3527, .F. ) ;
#4211 = EDGE_LOOP ( 'NONE', ( #2444, #4461, #351, #4359 ) ) ;
#4212 = DIRECTION ( 'NONE',  ( 3.469446951953615175E-16, 0.000000000000000000, 1.000000000000000000 ) ) ;
#4213 = ORIENTED_EDGE ( 'NONE', *, *, #2162, .T. ) ;
#4214 = VERTEX_POINT ( 'NONE', #3517 ) ;
#4215 = EDGE_CURVE ( 'NONE', #4821, #2434, #3997, .T. ) ;
#4216 = DIRECTION ( 'NONE',  ( 3.469446951953626515E-16, 0.000000000000000000, 1.000000000000000000 ) ) ;
#4217 = DIRECTION ( 'NONE',  ( -1.000000000000000000, 0.000000000000000000, 3.469446951953617147E-16 ) ) ;
#4218 = CARTESIAN_POINT ( 'NONE',  ( 12.00000000000000000, 9.525000000000000355, -13.99999999999999822 ) ) ;
#4219 = FACE_OUTER_BOUND ( 'NONE', #3062, .T. ) ;
#4220 = EDGE_CURVE ( 'NONE', #1872, #3652, #3875, .T. ) ;
#4221 = DIRECTION ( 'NONE',  ( 6.308085367188383338E-16, 0.000000000000000000, 1.000000000000000000 ) ) ;
#4222 = DIRECTION ( 'NONE',  ( -0.000000000000000000, 1.000000000000000000, -0.000000000000000000 ) ) ;
#4223 = LINE ( 'NONE', #711, #4888 ) ;
#4224 = ORIENTED_EDGE ( 'NONE', *, *, #679, .F. ) ;
#4225 = FACE_BOUND ( 'NONE', #4949, .T. ) ;
#4226 = EDGE_LOOP ( 'NONE', ( #2204, #3671 ) ) ;
#4227 = CYLINDRICAL_SURFACE ( 'NONE', #3270, 2.750000000000002665 ) ;
#4228 = PRESENTATION_STYLE_ASSIGNMENT (( #4564 ) ) ;
#4229 = CYLINDRICAL_SURFACE ( 'NONE', #3577, 2.750000000000002665 ) ;
#4230 = CARTESIAN_POINT ( 'NONE',  ( -9.525000000000011013, 52.25000000000001421, -27.93213562373107095 ) ) ;
#4231 = ADVANCED_FACE ( 'NONE', ( #1880 ), #17, .F. ) ;
#4232 = EDGE_LOOP ( 'NONE', ( #3278, #146 ) ) ;
#4233 = CIRCLE ( 'NONE', #4058, 2.250000000000008882 ) ;
#4234 = ORIENTED_EDGE ( 'NONE', *, *, #4587, .F. ) ;
#4235 = DIRECTION ( 'NONE',  ( 0.000000000000000000, 0.000000000000000000, 1.000000000000000000 ) ) ;
#4236 = EDGE_CURVE ( 'NONE', #2810, #833, #2846, .T. ) ;
#4237 = VERTEX_POINT ( 'NONE', #800 ) ;
#4238 = ORIENTED_EDGE ( 'NONE', *, *, #1029, .F. ) ;
#4239 = CIRCLE ( 'NONE', #133, 2.250000000000001776 ) ;
#4240 = AXIS2_PLACEMENT_3D ( 'NONE', #3465, #4712, #3849 ) ;
#4241 = CARTESIAN_POINT ( 'NONE',  ( 12.00000000000000000, 9.525000000000000355, -11.04999999999999716 ) ) ;
#4242 = DIRECTION ( 'NONE',  ( 6.308085367188383338E-16, 0.000000000000000000, 1.000000000000000000 ) ) ;
#4243 = AXIS2_PLACEMENT_3D ( 'NONE', #2840, #4410, #3703 ) ;
#4244 = DIRECTION ( 'NONE',  ( -1.000000000000000000, 0.000000000000000000, 3.469446951953616654E-16 ) ) ;
#4245 = CARTESIAN_POINT ( 'NONE',  ( 60.00000000000000000, 9.525000000000000355, -52.49999999999998579 ) ) ;
#4246 = AXIS2_PLACEMENT_3D ( 'NONE', #3573, #1579, #3131 ) ;
#4247 = DIRECTION ( 'NONE',  ( -1.000000000000000000, 0.000000000000000000, 3.469446951953616654E-16 ) ) ;
#4248 = DIRECTION ( 'NONE',  ( -1.000000000000000000, -0.000000000000000000, 3.469446951953616654E-16 ) ) ;
#4249 = VECTOR ( 'NONE', #4222, 1000.000000000000000 ) ;
#4250 = ADVANCED_FACE ( 'NONE', ( #2393 ), #3926, .F. ) ;
#4251 = DIRECTION ( 'NONE',  ( -3.469446951953613696E-16, 0.000000000000000000, -1.000000000000000000 ) ) ;
#4252 = EDGE_LOOP ( 'NONE', ( #4661, #1479, #1150, #2488 ) ) ;
#4253 = AXIS2_PLACEMENT_3D ( 'NONE', #2091, #2025, #154 ) ;
#4254 = DIRECTION ( 'NONE',  ( 1.000000000000000000, -0.000000000000000000, -3.469446951953616654E-16 ) ) ;
#4255 = ORIENTED_EDGE ( 'NONE', *, *, #4054, .T. ) ;
#4256 = DIRECTION ( 'NONE',  ( -1.000000000000000000, 0.000000000000000000, 3.469446951953616654E-16 ) ) ;
#4257 = DIRECTION ( 'NONE',  ( -1.000000000000000000, 0.000000000000000000, 3.469446951953617147E-16 ) ) ;
#4258 = ORIENTED_EDGE ( 'NONE', *, *, #835, .T. ) ;
#4259 = CARTESIAN_POINT ( 'NONE',  ( -4.258746133523061417E-14, 16.20799999999999841, -123.7899999999995231 ) ) ;
#4260 = VERTEX_POINT ( 'NONE', #2781 ) ;
#4261 = EDGE_LOOP ( 'NONE', ( #204, #1533, #1064, #4210 ) ) ;
#4262 = CARTESIAN_POINT ( 'NONE',  ( -3.816391647148975608E-14, 61.03999999999999915, -109.8319999999999794 ) ) ;
#4263 = EDGE_CURVE ( 'NONE', #2480, #4730, #2354, .T. ) ;
#4264 = ORIENTED_EDGE ( 'NONE', *, *, #490, .T. ) ;
#4265 = EDGE_CURVE ( 'NONE', #246, #2641, #4902, .T. ) ;
#4266 = CARTESIAN_POINT ( 'NONE',  ( 4.371503159461552300E-15, 56.58999999999999631, 12.05000000000002558 ) ) ;
#4267 = CARTESIAN_POINT ( 'NONE',  ( -9.524999999999980815, 0.000000000000000000, 56.04000000000000625 ) ) ;
#4268 = CARTESIAN_POINT ( 'NONE',  ( -9.525000000000005684, 25.00000000000002132, -16.25000000000000711 ) ) ;
#4269 = CARTESIAN_POINT ( 'NONE',  ( -9.525000000000002132, 63.11106781186556702, -2.928932188134388603 ) ) ;
#4270 = ORIENTED_EDGE ( 'NONE', *, *, #1127, .F. ) ;
#4271 = EDGE_CURVE ( 'NONE', #4015, #428, #2695, .T. ) ;
#4272 = AXIS2_PLACEMENT_3D ( 'NONE', #1058, #1795, #2998 ) ;
#4273 = CARTESIAN_POINT ( 'NONE',  ( -1.040834085586084730E-14, 24.99999999999999645, -29.99999999999999645 ) ) ;
#4274 = DIRECTION ( 'NONE',  ( -1.000000000000000000, 0.000000000000000000, 3.469446951953616654E-16 ) ) ;
#4275 = FACE_OUTER_BOUND ( 'NONE', #671, .T. ) ;
#4276 = CIRCLE ( 'NONE', #1720, 25.00000000000000000 ) ;
#4277 = ORIENTED_EDGE ( 'NONE', *, *, #2902, .F. ) ;
#4278 = EDGE_CURVE ( 'NONE', #3375, #1830, #1926, .T. ) ;
#4279 = AXIS2_PLACEMENT_3D ( 'NONE', #3447, #1173, #1957 ) ;
#4280 = CARTESIAN_POINT ( 'NONE',  ( -9.525000000000021672, 42.25000000000000711, -59.99999999999998579 ) ) ;
#4281 = ORIENTED_EDGE ( 'NONE', *, *, #1843, .F. ) ;
#4282 = CIRCLE ( 'NONE', #678, 2.250000000000015987 ) ;
#4283 = DIRECTION ( 'NONE',  ( 6.308085367188383338E-16, 0.000000000000000000, 1.000000000000000000 ) ) ;
#4284 = CARTESIAN_POINT ( 'NONE',  ( -3.044439700339296451E-14, 61.03999999999999915, -90.16599999999999682 ) ) ;
#4285 = CARTESIAN_POINT ( 'NONE',  ( -1.433357200257026774E-14, 13.68629150101525305, -41.31370849898469544 ) ) ;
#4286 = AXIS2_PLACEMENT_3D ( 'NONE', #4588, #1391, #3325 ) ;
#4287 = ORIENTED_EDGE ( 'NONE', *, *, #1825, .F. ) ;
#4288 = LINE ( 'NONE', #3507, #4768 ) ;
#4289 = LINE ( 'NONE', #4241, #1279 ) ;
#4290 = CARTESIAN_POINT ( 'NONE',  ( 60.00000000000000000, 9.525000000000000355, -59.99999999999999289 ) ) ;
#4291 = EDGE_CURVE ( 'NONE', #3375, #4433, #4987, .T. ) ;
#4292 = LINE ( 'NONE', #4268, #2101 ) ;
#4293 = VERTEX_POINT ( 'NONE', #2898 ) ;
#4294 = EDGE_CURVE ( 'NONE', #2273, #1494, #2019, .T. ) ;
#4295 = DIRECTION ( 'NONE',  ( -1.000000000000000000, 0.000000000000000000, 3.469446951953616654E-16 ) ) ;
#4296 = CARTESIAN_POINT ( 'NONE',  ( -2.255140518769849223E-14, 5.000000000000000000, -64.99999999999940314 ) ) ;
#4297 = EDGE_CURVE ( 'NONE', #194, #1725, #1206, .T. ) ;
#4298 = LINE ( 'NONE', #778, #295 ) ;
#4299 = EDGE_CURVE ( 'NONE', #1036, #1045, #4748, .T. ) ;
#4300 = EDGE_LOOP ( 'NONE', ( #2317, #651 ) ) ;
#4301 = CARTESIAN_POINT ( 'NONE',  ( -9.525000000000023448, 27.41600000000000392, -64.99999999999964473 ) ) ;
#4302 = DIRECTION ( 'NONE',  ( -3.414809992080329516E-16, -0.000000000000000000, -1.000000000000000000 ) ) ;
#4303 = ORIENTED_EDGE ( 'NONE', *, *, #2468, .T. ) ;
#4304 = CARTESIAN_POINT ( 'NONE',  ( 12.00000000000000000, 0.000000000000000000, -13.99999999999999822 ) ) ;
#4305 = DIRECTION ( 'NONE',  ( 3.469446951953618133E-16, 0.000000000000000000, 1.000000000000000000 ) ) ;
#4306 = FACE_OUTER_BOUND ( 'NONE', #305, .T. ) ;
#4307 = ORIENTED_EDGE ( 'NONE', *, *, #1747, .F. ) ;
#4308 = ORIENTED_EDGE ( 'NONE', *, *, #2823, .T. ) ;
#4309 = FACE_OUTER_BOUND ( 'NONE', #3643, .T. ) ;
#4310 = EDGE_CURVE ( 'NONE', #3652, #2009, #4375, .T. ) ;
#4311 = CIRCLE ( 'NONE', #289, 4.500000000000003553 ) ;
#4312 = DIRECTION ( 'NONE',  ( -1.000000000000000000, 0.000000000000000000, 3.469446951953616654E-16 ) ) ;
#4313 = DIRECTION ( 'NONE',  ( -2.453269466693411440E-16, -0.7071067811865442421, -0.7071067811865507924 ) ) ;
#4314 = DIRECTION ( 'NONE',  ( -1.000000000000000000, 0.000000000000000000, 3.469446951953617147E-16 ) ) ;
#4315 = AXIS2_PLACEMENT_3D ( 'NONE', #3794, #3266, #2897 ) ;
#4316 = DIRECTION ( 'NONE',  ( -3.414809992080329516E-16, 0.000000000000000000, -1.000000000000000000 ) ) ;
#4317 = ORIENTED_EDGE ( 'NONE', *, *, #966, .T. ) ;
#4318 = CIRCLE ( 'NONE', #2087, 2.750000000000002665 ) ;
#4319 = AXIS2_PLACEMENT_3D ( 'NONE', #3247, #881, #4345 ) ;
#4320 = CARTESIAN_POINT ( 'NONE',  ( -2.853620117981847670E-14, 49.83200000000000074, -84.66599999999988313 ) ) ;
#4321 = LINE ( 'NONE', #798, #626 ) ;
#4322 = CYLINDRICAL_SURFACE ( 'NONE', #4491, 2.750000000000002665 ) ;
#4323 = DIRECTION ( 'NONE',  ( 0.000000000000000000, 1.000000000000000000, 0.000000000000000000 ) ) ;
#4324 = CIRCLE ( 'NONE', #4246, 4.499999999999999112 ) ;
#4325 = ORIENTED_EDGE ( 'NONE', *, *, #1385, .F. ) ;
#4326 = EDGE_CURVE ( 'NONE', #3156, #4383, #3594, .T. ) ;
#4327 = DIRECTION ( 'NONE',  ( 1.000000000000000000, -0.000000000000000000, -3.469446951953616654E-16 ) ) ;
#4328 = AXIS2_PLACEMENT_3D ( 'NONE', #2711, #4274, #369 ) ;
#4329 = CARTESIAN_POINT ( 'NONE',  ( -9.525000000000007461, 36.31370849898480202, -16.43629150101523351 ) ) ;
#4330 = DIRECTION ( 'NONE',  ( 1.000000000000000000, 0.000000000000000000, -2.775557561562891351E-16 ) ) ;
#4331 = DIRECTION ( 'NONE',  ( 3.469446951953616161E-16, 0.000000000000000000, 1.000000000000000000 ) ) ;
#4332 = EDGE_LOOP ( 'NONE', ( #1905, #3068 ) ) ;
#4333 = DIRECTION ( 'NONE',  ( 0.000000000000000000, 0.000000000000000000, 1.000000000000000000 ) ) ;
#4334 = DIRECTION ( 'NONE',  ( -0.000000000000000000, 1.000000000000000000, -0.000000000000000000 ) ) ;
#4335 = CARTESIAN_POINT ( 'NONE',  ( 12.00000000000000000, 0.000000000000000000, -13.99999999999999822 ) ) ;
#4336 = PLANE ( 'NONE',  #1363 ) ;
#4337 = ADVANCED_FACE ( 'NONE', ( #3620 ), #1618, .F. ) ;
#4338 = LINE ( 'NONE', #4290, #4430 ) ;
#4339 = CARTESIAN_POINT ( 'NONE',  ( -2.159730727591124517E-14, 49.83200000000000074, -62.24999999999985079 ) ) ;
#4340 = ORIENTED_EDGE ( 'NONE', *, *, #1743, .T. ) ;
#4341 = CARTESIAN_POINT ( 'NONE',  ( -9.525000000000035882, 49.83200000000000074, -98.62399999999988154 ) ) ;
#4342 = EDGE_CURVE ( 'NONE', #2970, #4521, #1698, .T. ) ;
#4343 = DIRECTION ( 'NONE',  ( -1.000000000000000000, 0.000000000000000000, 3.469446951953616654E-16 ) ) ;
#4344 = CARTESIAN_POINT ( 'NONE',  ( -9.525000000000027001, 61.03999999999999915, -76.20799999999998420 ) ) ;
#4345 = DIRECTION ( 'NONE',  ( 0.000000000000000000, 0.000000000000000000, 1.000000000000000000 ) ) ;
#4346 = ORIENTED_EDGE ( 'NONE', *, *, #3584, .T. ) ;
#4347 = AXIS2_PLACEMENT_3D ( 'NONE', #4755, #4313, #1159 ) ;
#4348 = FACE_OUTER_BOUND ( 'NONE', #4424, .T. ) ;
#4349 = DIRECTION ( 'NONE',  ( -1.000000000000000000, 0.000000000000000000, 3.469446951953616654E-16 ) ) ;
#4350 = AXIS2_PLACEMENT_3D ( 'NONE', #1022, #4155, #4212 ) ;
#4351 = ADVANCED_FACE ( 'NONE', ( #130 ), #1236, .F. ) ;
#4352 = CARTESIAN_POINT ( 'NONE',  ( -2.255140518769849223E-14, 16.20799999999999841, -64.99999999999953104 ) ) ;
#4353 = ORIENTED_EDGE ( 'NONE', *, *, #3050, .F. ) ;
#4354 = EDGE_CURVE ( 'NONE', #1315, #2619, #2487, .T. ) ;
#4355 = CIRCLE ( 'NONE', #3531, 2.599999999999994760 ) ;
#4356 = AXIS2_PLACEMENT_3D ( 'NONE', #4986, #2997, #3792 ) ;
#4357 = EDGE_CURVE ( 'NONE', #661, #3060, #3910, .T. ) ;
#4358 = DIRECTION ( 'NONE',  ( -1.000000000000000000, 0.000000000000000000, 3.469446951953616654E-16 ) ) ;
#4359 = ORIENTED_EDGE ( 'NONE', *, *, #4741, .F. ) ;
#4360 = CARTESIAN_POINT ( 'NONE',  ( 48.00000000000000000, 4.525000000000000355, -11.05000000000000071 ) ) ;
#4361 = DIRECTION ( 'NONE',  ( 1.000000000000000000, -0.000000000000000000, -3.469446951953616654E-16 ) ) ;
#4362 = ADVANCED_FACE ( 'NONE', ( #87 ), #879, .F. ) ;
#4363 = ORIENTED_EDGE ( 'NONE', *, *, #783, .T. ) ;
#4364 = VECTOR ( 'NONE', #4909, 1000.000000000000000 ) ;
#4365 = VERTEX_POINT ( 'NONE', #1668 ) ;
#4366 = AXIS2_PLACEMENT_3D ( 'NONE', #2568, #3924, #4221 ) ;
#4367 = CARTESIAN_POINT ( 'NONE',  ( 12.00000000000000000, 0.000000000000000000, -46.00000000000000000 ) ) ;
#4368 = DIRECTION ( 'NONE',  ( 3.469446951953615175E-16, 0.000000000000000000, 1.000000000000000000 ) ) ;
#4369 = CARTESIAN_POINT ( 'NONE',  ( -9.525000000000030553, 61.03999999999999915, -87.41599999999999682 ) ) ;
#4370 = CARTESIAN_POINT ( 'NONE',  ( -9.525000000000037659, 27.41600000000000392, -101.3739999999996400 ) ) ;
#4371 = ORIENTED_EDGE ( 'NONE', *, *, #3180, .T. ) ;
#4372 = EDGE_CURVE ( 'NONE', #162, #2400, #4671, .T. ) ;
#4373 = FACE_BOUND ( 'NONE', #4906, .T. ) ;
#4374 = CARTESIAN_POINT ( 'NONE',  ( -9.525000000000039435, 49.83200000000000074, -109.8319999999998799 ) ) ;
#4375 = LINE ( 'NONE', #4762, #1053 ) ;
#4376 = CARTESIAN_POINT ( 'NONE',  ( -7.263735273340977432E-15, 36.31370849898480202, -20.93629150101525482 ) ) ;
#4377 = ORIENTED_EDGE ( 'NONE', *, *, #1438, .T. ) ;
#4378 = EDGE_CURVE ( 'NONE', #267, #4912, #3198, .T. ) ;
#4379 = FACE_BOUND ( 'NONE', #2428, .T. ) ;
#4380 = ORIENTED_EDGE ( 'NONE', *, *, #2433, .T. ) ;
#4381 = DIRECTION ( 'NONE',  ( -1.000000000000000000, 0.000000000000000000, 3.469446951953617147E-16 ) ) ;
#4382 = LINE ( 'NONE', #4769, #3409 ) ;
#4383 = VERTEX_POINT ( 'NONE', #4398 ) ;
#4384 = FACE_OUTER_BOUND ( 'NONE', #1216, .T. ) ;
#4385 = ORIENTED_EDGE ( 'NONE', *, *, #4451, .F. ) ;
#4386 = CARTESIAN_POINT ( 'NONE',  ( -9.525000000000016342, 25.00000000000001776, -45.99999999999998579 ) ) ;
#4387 = DIRECTION ( 'NONE',  ( 6.308085367188383338E-16, 0.000000000000000000, 1.000000000000000000 ) ) ;
#4388 = ORIENTED_EDGE ( 'NONE', *, *, #4134, .F. ) ;
#4389 = PRODUCT_DEFINITION_CONTEXT ( 'detailed design', #3486, 'design' ) ;
#4390 = EDGE_CURVE ( 'NONE', #4365, #2281, #2026, .T. ) ;
#4391 = DIRECTION ( 'NONE',  ( -1.000000000000000000, 5.951495925657743913E-32, 3.469446951953616161E-16 ) ) ;
#4392 = CYLINDRICAL_SURFACE ( 'NONE', #2631, 2.599999999999991207 ) ;
#4393 = CARTESIAN_POINT ( 'NONE',  ( -9.525000000000037659, 49.83200000000000074, -107.0819999999998657 ) ) ;
#4394 = EDGE_LOOP ( 'NONE', ( #3871, #1163 ) ) ;
#4395 = AXIS2_PLACEMENT_3D ( 'NONE', #2006, #4358, #2449 ) ;
#4396 = FACE_BOUND ( 'NONE', #2556, .T. ) ;
#4397 = CARTESIAN_POINT ( 'NONE',  ( -2.081668171172168513E-14, 57.09132099187863219, -59.99999999999999289 ) ) ;
#4398 = CARTESIAN_POINT ( 'NONE',  ( -1.355294643838070139E-14, 13.68629150101525305, -39.06370849898469544 ) ) ;
#4399 = FACE_OUTER_BOUND ( 'NONE', #451, .T. ) ;
#4400 = EDGE_LOOP ( 'NONE', ( #3307, #771 ) ) ;
#4401 = AXIS2_PLACEMENT_3D ( 'NONE', #4218, #3158, #2427 ) ;
#4402 = FACE_BOUND ( 'NONE', #4866, .T. ) ;
#4403 = EDGE_CURVE ( 'NONE', #1425, #1408, #2439, .T. ) ;
#4404 = FACE_OUTER_BOUND ( 'NONE', #992, .T. ) ;
#4405 = COLOUR_RGB ( '',0.7921568627450980005, 0.8196078431372548767, 0.9333333333333333481 ) ;
#4406 = CARTESIAN_POINT ( 'NONE',  ( -9.525000000000011013, 42.25000000000000711, -32.06786437626909958 ) ) ;
#4407 = AXIS2_PLACEMENT_3D ( 'NONE', #3448, #5036, #3502 ) ;
#4408 = EDGE_LOOP ( 'NONE', ( #2896, #2531, #2962, #4916 ) ) ;
#4409 = CARTESIAN_POINT ( 'NONE',  ( -4.336808689942017736E-14, 61.04000000000006310, -126.0399999999999920 ) ) ;
#4410 = DIRECTION ( 'NONE',  ( 0.000000000000000000, 1.000000000000000000, 0.000000000000000000 ) ) ;
#4411 = ORIENTED_EDGE ( 'NONE', *, *, #1999, .F. ) ;
#4412 = AXIS2_PLACEMENT_3D ( 'NONE', #1365, #658, #265 ) ;
#4413 = CARTESIAN_POINT ( 'NONE',  ( -2.255140518769849223E-14, 27.41600000000000392, -64.99999999999964473 ) ) ;
#4414 = CIRCLE ( 'NONE', #4995, 2.750000000000002665 ) ;
#4415 = LINE ( 'NONE', #898, #2949 ) ;
#4416 = EDGE_CURVE ( 'NONE', #581, #2810, #1997, .T. ) ;
#4417 = LINE ( 'NONE', #4803, #4725 ) ;
#4418 = ORIENTED_EDGE ( 'NONE', *, *, #5062, .F. ) ;
#4419 = CARTESIAN_POINT ( 'NONE',  ( 60.00000000000000000, 0.000000000000000000, -7.347880794884118356E-15 ) ) ;
#4420 = DIRECTION ( 'NONE',  ( 0.000000000000000000, 0.000000000000000000, -1.000000000000000000 ) ) ;
#4421 = EDGE_CURVE ( 'NONE', #3877, #1351, #498, .T. ) ;
#4422 = ORIENTED_EDGE ( 'NONE', *, *, #36, .T. ) ;
#4423 = CARTESIAN_POINT ( 'NONE',  ( -4.163336342344337027E-14, 38.62400000000000233, -121.0399999999997647 ) ) ;
#4424 = EDGE_LOOP ( 'NONE', ( #3885, #1536, #1752, #1446 ) ) ;
#4425 = CARTESIAN_POINT ( 'NONE',  ( -4.258746133523061417E-14, 49.83200000000000074, -123.7899999999998926 ) ) ;
#4426 = EDGE_LOOP ( 'NONE', ( #3113, #4713 ) ) ;
#4427 = EDGE_CURVE ( 'NONE', #4068, #3069, #1288, .T. ) ;
#4428 = DIRECTION ( 'NONE',  ( 1.000000000000000000, -0.000000000000000000, -3.469446951953616654E-16 ) ) ;
#4429 = ORIENTED_EDGE ( 'NONE', *, *, #3093, .T. ) ;
#4430 = VECTOR ( 'NONE', #2381, 1000.000000000000000 ) ;
#4431 = CARTESIAN_POINT ( 'NONE',  ( -9.525000000000042988, 5.000000000000000000, -126.0399999999999920 ) ) ;
#4432 = DIRECTION ( 'NONE',  ( -1.000000000000000000, 0.000000000000000000, 3.469446951953617147E-16 ) ) ;
#4433 = VERTEX_POINT ( 'NONE', #3690 ) ;
#4434 = AXIS2_PLACEMENT_3D ( 'NONE', #2496, #2906, #1659 ) ;
#4435 = VECTOR ( 'NONE', #2874, 1000.000000000000000 ) ;
#4436 = ADVANCED_FACE ( 'NONE', ( #235 ), #1360, .F. ) ;
#4437 = EDGE_LOOP ( 'NONE', ( #3699, #321, #1008, #4622 ) ) ;
#4438 = LINE ( 'NONE', #1332, #2043 ) ;
#4439 = AXIS2_PLACEMENT_3D ( 'NONE', #3549, #4256, #405 ) ;
#4440 = VECTOR ( 'NONE', #1674, 1000.000000000000000 ) ;
#4441 = PRESENTATION_LAYER_ASSIGNMENT (  '', '', ( #830 ) ) ;
#4442 = EDGE_LOOP ( 'NONE', ( #1179, #49, #2911, #3958 ) ) ;
#4443 = CARTESIAN_POINT ( 'NONE',  ( 0.000000000000000000, 66.04000000000004889, 0.000000000000000000 ) ) ;
#4444 = ORIENTED_EDGE ( 'NONE', *, *, #1715, .F. ) ;
#4445 = DIRECTION ( 'NONE',  ( 0.000000000000000000, 1.000000000000000000, 0.000000000000000000 ) ) ;
#4446 = CARTESIAN_POINT ( 'NONE',  ( 3.469446951953614189E-15, 56.58999999999999631, 9.450000000000031264 ) ) ;
#4447 = CARTESIAN_POINT ( 'NONE',  ( -9.525000000000034106, 4.999999999999997335, -95.87399999999939837 ) ) ;
#4448 = DIRECTION ( 'NONE',  ( 0.000000000000000000, 1.000000000000000000, 0.000000000000000000 ) ) ;
#4449 = VERTEX_POINT ( 'NONE', #2536 ) ;
#4450 = ADVANCED_FACE ( 'NONE', ( #3378 ), #1442, .T. ) ;
#4451 = EDGE_CURVE ( 'NONE', #2296, #3456, #3749, .T. ) ;
#4452 = CARTESIAN_POINT ( 'NONE',  ( -9.525000000000023448, 61.04000000000002046, -64.99999999999998579 ) ) ;
#4453 = CYLINDRICAL_SURFACE ( 'NONE', #4984, 2.750000000000002665 ) ;
#4454 = ORIENTED_EDGE ( 'NONE', *, *, #4597, .T. ) ;
#4455 = ORIENTED_EDGE ( 'NONE', *, *, #4209, .F. ) ;
#4456 = DIRECTION ( 'NONE',  ( 0.000000000000000000, 0.000000000000000000, 1.000000000000000000 ) ) ;
#4457 = ORIENTED_EDGE ( 'NONE', *, *, #1438, .F. ) ;
#4458 = DIRECTION ( 'NONE',  ( 2.453269466693388760E-16, -0.7071067811865507924, 0.7071067811865442421 ) ) ;
#4459 = DIRECTION ( 'NONE',  ( 1.000000000000000000, 0.000000000000000000, 0.000000000000000000 ) ) ;
#4460 = VERTEX_POINT ( 'NONE', #3771 ) ;
#4461 = ORIENTED_EDGE ( 'NONE', *, *, #105, .F. ) ;
#4462 = LINE ( 'NONE', #942, #3259 ) ;
#4463 = EDGE_CURVE ( 'NONE', #428, #4015, #801, .T. ) ;
#4464 = DIRECTION ( 'NONE',  ( -1.000000000000000000, 0.000000000000000000, 0.000000000000000000 ) ) ;
#4465 = EDGE_LOOP ( 'NONE', ( #1642, #501 ) ) ;
#4466 = DIRECTION ( 'NONE',  ( 1.000000000000000000, -0.000000000000000000, -3.469446951953616654E-16 ) ) ;
#4467 = FACE_BOUND ( 'NONE', #981, .T. ) ;
#4468 = DIRECTION ( 'NONE',  ( 3.469446951953616654E-16, -1.892294191711369455E-16, 1.000000000000000000 ) ) ;
#4469 = DIRECTION ( 'NONE',  ( -1.000000000000000000, 0.000000000000000000, 3.469446951953616654E-16 ) ) ;
#4470 = CARTESIAN_POINT ( 'NONE',  ( -5.702484144961844736E-15, 36.31370849898480202, -16.43629150101523706 ) ) ;
#4471 = ORIENTED_EDGE ( 'NONE', *, *, #3363, .T. ) ;
#4472 = AXIS2_PLACEMENT_3D ( 'NONE', #2894, #178, #1025 ) ;
#4473 = CARTESIAN_POINT ( 'NONE',  ( -9.525000000000042988, 61.04000000000007020, -121.0399999999999778 ) ) ;
#4474 = CARTESIAN_POINT ( 'NONE',  ( 0.000000000000000000, 9.525000000000000355, -7.500000000000000000 ) ) ;
#4475 = EDGE_LOOP ( 'NONE', ( #2528, #940 ) ) ;
#4476 = VERTEX_POINT ( 'NONE', #1744 ) ;
#4477 = VECTOR ( 'NONE', #2566, 1000.000000000000000 ) ;
#4478 = ADVANCED_FACE ( 'NONE', ( #4164 ), #260, .F. ) ;
#4479 = CARTESIAN_POINT ( 'NONE',  ( -2.255140518769849223E-14, 16.20799999999999841, -64.99999999999953104 ) ) ;
#4480 = AXIS2_PLACEMENT_3D ( 'NONE', #5019, #310, #4387 ) ;
#4481 = ORIENTED_EDGE ( 'NONE', *, *, #412, .F. ) ;
#4482 = AXIS2_PLACEMENT_3D ( 'NONE', #1558, #3110, #4778 ) ;
#4483 = LINE ( 'NONE', #2130, #2881 ) ;
#4484 = FACE_OUTER_BOUND ( 'NONE', #4917, .T. ) ;
#4485 = ORIENTED_EDGE ( 'NONE', *, *, #4817, .F. ) ;
#4486 = EDGE_CURVE ( 'NONE', #812, #3323, #481, .T. ) ;
#4487 = CIRCLE ( 'NONE', #2016, 2.750000000000002665 ) ;
#4488 = EDGE_LOOP ( 'NONE', ( #4648, #2734, #3370, #1073 ) ) ;
#4489 = ORIENTED_EDGE ( 'NONE', *, *, #5025, .F. ) ;
#4490 = DIRECTION ( 'NONE',  ( -1.000000000000000000, 0.000000000000000000, 3.469446951953617147E-16 ) ) ;
#4491 = AXIS2_PLACEMENT_3D ( 'NONE', #1169, #2737, #425 ) ;
#4492 = CIRCLE ( 'NONE', #5078, 10.00000000000000178 ) ;
#4493 = ORIENTED_EDGE ( 'NONE', *, *, #1505, .F. ) ;
#4494 = DIRECTION ( 'NONE',  ( -1.000000000000000000, 0.000000000000000000, 3.469446951953617147E-16 ) ) ;
#4495 = ORIENTED_EDGE ( 'NONE', *, *, #1656, .F. ) ;
#4496 = FACE_BOUND ( 'NONE', #1736, .T. ) ;
#4497 = CARTESIAN_POINT ( 'NONE',  ( -2.255140518769849223E-14, 49.83200000000000074, -64.99999999999985789 ) ) ;
#4498 = CARTESIAN_POINT ( 'NONE',  ( 6.829655489762119877E-30, 57.09132099187862508, 1.080335751100613070E-14 ) ) ;
#4499 = FACE_OUTER_BOUND ( 'NONE', #191, .T. ) ;
#4500 = ORIENTED_EDGE ( 'NONE', *, *, #1254, .T. ) ;
#4501 = EDGE_CURVE ( 'NONE', #2107, #3561, #967, .T. ) ;
#4502 = CARTESIAN_POINT ( 'NONE',  ( -4.163336342344337027E-14, 61.04000000000002046, -121.0400000000000347 ) ) ;
#4503 = CARTESIAN_POINT ( 'NONE',  ( -2.159730727591124517E-14, 38.62400000000000233, -62.24999999999974420 ) ) ;
#4504 = ORIENTED_EDGE ( 'NONE', *, *, #2433, .F. ) ;
#4505 = EDGE_LOOP ( 'NONE', ( #1840, #3140, #4721, #933 ) ) ;
#4506 = ORIENTED_EDGE ( 'NONE', *, *, #4708, .F. ) ;
#4507 = DIRECTION ( 'NONE',  ( 0.000000000000000000, 1.000000000000000000, 0.000000000000000000 ) ) ;
#4508 = EDGE_CURVE ( 'NONE', #3362, #2819, #3414, .T. ) ;
#4509 = EDGE_CURVE ( 'NONE', #4763, #324, #4112, .T. ) ;
#4510 = DIRECTION ( 'NONE',  ( 1.000000000000000000, -0.000000000000000000, -3.469446951953616654E-16 ) ) ;
#4511 = DIRECTION ( 'NONE',  ( -1.000000000000000000, 0.000000000000000000, 3.469446951953617147E-16 ) ) ;
#4512 = DIRECTION ( 'NONE',  ( 3.469446951953626515E-16, 0.000000000000000000, 1.000000000000000000 ) ) ;
#4513 = ORIENTED_EDGE ( 'NONE', *, *, #2286, .T. ) ;
#4514 = ADVANCED_FACE ( 'NONE', ( #3716 ), #4583, .F. ) ;
#4515 = EDGE_CURVE ( 'NONE', #586, #3649, #4414, .T. ) ;
#4516 = ORIENTED_EDGE ( 'NONE', *, *, #121, .T. ) ;
#4517 = CIRCLE ( 'NONE', #1485, 2.599999999999991207 ) ;
#4518 = ADVANCED_FACE ( 'NONE', ( #4911 ), #2951, .F. ) ;
#4519 = FACE_OUTER_BOUND ( 'NONE', #2410, .T. ) ;
#4520 = EDGE_CURVE ( 'NONE', #1856, #3386, #2978, .T. ) ;
#4521 = VERTEX_POINT ( 'NONE', #2567 ) ;
#4522 = AXIS2_PLACEMENT_3D ( 'NONE', #2352, #3913, #2375 ) ;
#4523 = CARTESIAN_POINT ( 'NONE',  ( -9.525000000000042988, 49.83200000000000074, -121.0399999999998784 ) ) ;
#4524 = AXIS2_PLACEMENT_3D ( 'NONE', #4818, #1630, #1726 ) ;
#4525 = ORIENTED_EDGE ( 'NONE', *, *, #3204, .F. ) ;
#4526 = CARTESIAN_POINT ( 'NONE',  ( -9.525000000000007461, 13.68629150101525660, -18.68629150101529035 ) ) ;
#4527 = CIRCLE ( 'NONE', #3614, 4.500000000000003553 ) ;
#4528 = AXIS2_PLACEMENT_3D ( 'NONE', #1932, #4254, #1172 ) ;
#4529 = FACE_BOUND ( 'NONE', #1967, .T. ) ;
#4530 = CARTESIAN_POINT ( 'NONE',  ( 12.00000000000000000, 0.000000000000000000, -43.04999999999999716 ) ) ;
#4531 = CARTESIAN_POINT ( 'NONE',  ( 3.469446951953614189E-15, 9.450000000000045475, 9.450000000000020606 ) ) ;
#4532 = EDGE_CURVE ( 'NONE', #2042, #4534, #3163, .T. ) ;
#4533 = AXIS2_PLACEMENT_3D ( 'NONE', #2210, #2956, #188 ) ;
#4534 = VERTEX_POINT ( 'NONE', #623 ) ;
#4535 = CARTESIAN_POINT ( 'NONE',  ( -9.524999999999998579, 66.04000000000004889, 4.142135623731057592 ) ) ;
#4536 = CARTESIAN_POINT ( 'NONE',  ( 47.99999999999998579, 9.525000000000000355, -46.00000000000000711 ) ) ;
#4537 = ORIENTED_EDGE ( 'NONE', *, *, #4597, .F. ) ;
#4538 = ORIENTED_EDGE ( 'NONE', *, *, #1624, .T. ) ;
#4539 = DIRECTION ( 'NONE',  ( 6.308085367188383338E-16, 0.000000000000000000, 1.000000000000000000 ) ) ;
#4540 = CYLINDRICAL_SURFACE ( 'NONE', #3264, 20.49999999999996447 ) ;
#4541 = DIRECTION ( 'NONE',  ( 6.308085367188383338E-16, 0.000000000000000000, 1.000000000000000000 ) ) ;
#4542 = LINE ( 'NONE', #2639, #4658 ) ;
#4543 = ORIENTED_EDGE ( 'NONE', *, *, #1711, .F. ) ;
#4544 = ORIENTED_EDGE ( 'NONE', *, *, #192, .F. ) ;
#4545 = VERTEX_POINT ( 'NONE', #4554 ) ;
#4546 = DIRECTION ( 'NONE',  ( 0.000000000000000000, 1.000000000000000000, 0.000000000000000000 ) ) ;
#4547 = EDGE_LOOP ( 'NONE', ( #712, #4166, #2611, #1266 ) ) ;
#4548 = CARTESIAN_POINT ( 'NONE',  ( -9.525000000000011013, 24.99999999999999645, -29.99999999999999289 ) ) ;
#4549 = ORIENTED_EDGE ( 'NONE', *, *, #1922, .F. ) ;
#4550 = EDGE_CURVE ( 'NONE', #656, #2153, #655, .T. ) ;
#4551 = DIRECTION ( 'NONE',  ( -3.469446951953616654E-16, 0.000000000000000000, -1.000000000000000000 ) ) ;
#4552 = CARTESIAN_POINT ( 'NONE',  ( -9.525000000000037659, 27.41600000000000392, -107.0819999999996384 ) ) ;
#4553 = DIRECTION ( 'NONE',  ( 0.000000000000000000, 0.000000000000000000, -1.000000000000000000 ) ) ;
#4554 = CARTESIAN_POINT ( 'NONE',  ( 0.000000000000000000, 9.525000000000000355, -52.49999999999998579 ) ) ;
#4555 = EDGE_LOOP ( 'NONE', ( #3575, #1249, #2185, #1283 ) ) ;
#4556 = FACE_BOUND ( 'NONE', #3839, .T. ) ;
#4557 = FACE_OUTER_BOUND ( 'NONE', #14, .T. ) ;
#4558 = DIRECTION ( 'NONE',  ( -1.000000000000000000, 0.000000000000000000, 3.469446951953617147E-16 ) ) ;
#4559 = EDGE_LOOP ( 'NONE', ( #2728, #2979, #3555, #2326 ) ) ;
#4560 = ADVANCED_FACE ( 'NONE', ( #2750 ), #3460, .T. ) ;
#4561 = DIRECTION ( 'NONE',  ( -1.000000000000000000, 0.000000000000000000, 3.469446951953617147E-16 ) ) ;
#4562 = ORIENTED_EDGE ( 'NONE', *, *, #2923, .T. ) ;
#4563 = DIRECTION ( 'NONE',  ( 3.469446951953615175E-16, 0.000000000000000000, 1.000000000000000000 ) ) ;
#4564 = SURFACE_STYLE_USAGE ( .BOTH. , #1808 ) ;
#4565 = CARTESIAN_POINT ( 'NONE',  ( -4.163336342344337027E-14, 27.41600000000000392, -121.0399999999996510 ) ) ;
#4566 = AXIS2_PLACEMENT_3D ( 'NONE', #2877, #497, #2070 ) ;
#4567 = AXIS2_PLACEMENT_3D ( 'NONE', #387, #731, #2357 ) ;
#4568 = ORIENTED_EDGE ( 'NONE', *, *, #2633, .T. ) ;
#4569 = AXIS2_PLACEMENT_3D ( 'NONE', #3901, #1927, #4251 ) ;
#4570 = AXIS2_PLACEMENT_3D ( 'NONE', #4367, #841, #1662 ) ;
#4571 = EDGE_LOOP ( 'NONE', ( #2966, #4538 ) ) ;
#4572 = CARTESIAN_POINT ( 'NONE',  ( -3.469446951953614189E-14, 16.20799999999999841, -98.62399999999951206 ) ) ;
#4573 = VERTEX_POINT ( 'NONE', #2335 ) ;
#4574 = CIRCLE ( 'NONE', #2765, 2.750000000000002665 ) ;
#4575 = ORIENTED_EDGE ( 'NONE', *, *, #4138, .F. ) ;
#4576 = CARTESIAN_POINT ( 'NONE',  ( -9.525000000000028777, 4.999999999999997335, -78.95799999999941576 ) ) ;
#4577 = AXIS2_PLACEMENT_3D ( 'NONE', #4589, #1800, #3355 ) ;
#4578 = VECTOR ( 'NONE', #4660, 1000.000000000000000 ) ;
#4579 = CARTESIAN_POINT ( 'NONE',  ( -9.525000000000042988, 4.999999999999997335, -121.0399999999994094 ) ) ;
#4580 = LINE ( 'NONE', #1514, #3265 ) ;
#4581 = ADVANCED_FACE ( 'NONE', ( #3843 ), #2706, .T. ) ;
#4582 = DIRECTION ( 'NONE',  ( -1.000000000000000000, 0.000000000000000000, 3.469446951953617147E-16 ) ) ;
#4583 = CYLINDRICAL_SURFACE ( 'NONE', #2516, 2.599999999999991207 ) ;
#4584 = AXIS2_PLACEMENT_3D ( 'NONE', #2879, #2438, #472 ) ;
#4585 = VERTEX_POINT ( 'NONE', #4245 ) ;
#4586 = VECTOR ( 'NONE', #2384, 1000.000000000000000 ) ;
#4587 = EDGE_CURVE ( 'NONE', #4073, #918, #1870, .T. ) ;
#4588 = CARTESIAN_POINT ( 'NONE',  ( -2.949029909160572061E-14, 38.62400000000000233, -87.41599999999975523 ) ) ;
#4589 = CARTESIAN_POINT ( 'NONE',  ( 60.00000000000000000, 9.525000000000000355, -52.49999999999998579 ) ) ;
#4590 = ORIENTED_EDGE ( 'NONE', *, *, #3102, .T. ) ;
#4591 = CARTESIAN_POINT ( 'NONE',  ( 48.00000000000000000, 0.000000000000000000, -14.00000000000000355 ) ) ;
#4592 = EDGE_LOOP ( 'NONE', ( #973, #3476 ) ) ;
#4593 = CYLINDRICAL_SURFACE ( 'NONE', #171, 2.750000000000002665 ) ;
#4594 = DIRECTION ( 'NONE',  ( 3.469446951953618133E-16, 0.000000000000000000, 1.000000000000000000 ) ) ;
#4595 = ORIENTED_EDGE ( 'NONE', *, *, #790, .F. ) ;
#4596 = CARTESIAN_POINT ( 'NONE',  ( -3.816391647148975608E-14, 38.62400000000000233, -109.8319999999997663 ) ) ;
#4597 = EDGE_CURVE ( 'NONE', #1979, #3763, #2284, .T. ) ;
#4598 = EDGE_LOOP ( 'NONE', ( #4504, #861, #2476, #4680 ) ) ;
#4599 = VERTEX_POINT ( 'NONE', #391 ) ;
#4600 = DIRECTION ( 'NONE',  ( 6.308085367188383338E-16, 0.000000000000000000, 1.000000000000000000 ) ) ;
#4601 = ORIENTED_EDGE ( 'NONE', *, *, #3953, .T. ) ;
#4602 = EDGE_CURVE ( 'NONE', #2673, #287, #2197, .T. ) ;
#4603 = VERTEX_POINT ( 'NONE', #2654 ) ;
#4604 = VECTOR ( 'NONE', #3401, 1000.000000000000000 ) ;
#4605 = CARTESIAN_POINT ( 'NONE',  ( 48.00000000000000000, 0.000000000000000000, -14.00000000000000355 ) ) ;
#4606 = AXIS2_PLACEMENT_3D ( 'NONE', #3812, #251, #1816 ) ;
#4607 = AXIS2_PLACEMENT_3D ( 'NONE', #4341, #4295, #394 ) ;
#4608 = DIRECTION ( 'NONE',  ( -0.000000000000000000, -1.000000000000000000, -0.000000000000000000 ) ) ;
#4609 = CARTESIAN_POINT ( 'NONE',  ( -9.525000000000039435, 16.20799999999999841, -109.8319999999995247 ) ) ;
#4610 = CIRCLE ( 'NONE', #1569, 2.750000000000009326 ) ;
#4611 = CIRCLE ( 'NONE', #2383, 12.25000000000000000 ) ;
#4612 = LINE ( 'NONE', #1879, #180 ) ;
#4613 = CIRCLE ( 'NONE', #4855, 2.750000000000002665 ) ;
#4614 = CARTESIAN_POINT ( 'NONE',  ( -2.081668171172168513E-14, 5.551115123125782702E-14, -59.99999999999999289 ) ) ;
#4615 = CIRCLE ( 'NONE', #2050, 10.00000000000000000 ) ;
#4616 = DIRECTION ( 'NONE',  ( -1.000000000000000000, 0.000000000000000000, 3.469446951953616654E-16 ) ) ;
#4617 = ADVANCED_FACE ( 'NONE', ( #4219 ), #3097, .F. ) ;
#4618 = EDGE_LOOP ( 'NONE', ( #4543, #3159 ) ) ;
#4619 = EDGE_CURVE ( 'NONE', #4898, #1303, #736, .T. ) ;
#4620 = CIRCLE ( 'NONE', #2807, 20.49999999999996447 ) ;
#4621 = DIRECTION ( 'NONE',  ( -1.000000000000000000, 0.000000000000000000, 3.469446951953617147E-16 ) ) ;
#4622 = ORIENTED_EDGE ( 'NONE', *, *, #3064, .T. ) ;
#4623 = DIRECTION ( 'NONE',  ( -3.469446951953611231E-16, 0.000000000000000000, -1.000000000000000000 ) ) ;
#4624 = FILL_AREA_STYLE ('',( #3784 ) ) ;
#4625 = CYLINDRICAL_SURFACE ( 'NONE', #1286, 2.750000000000002665 ) ;
#4626 = DIRECTION ( 'NONE',  ( 0.000000000000000000, 1.000000000000000000, -0.000000000000000000 ) ) ;
#4627 = ORIENTED_EDGE ( 'NONE', *, *, #1951, .T. ) ;
#4628 = VERTEX_POINT ( 'NONE', #1498 ) ;
#4629 = DIRECTION ( 'NONE',  ( -1.000000000000000000, 0.000000000000000000, 3.469446951953616654E-16 ) ) ;
#4630 = ORIENTED_EDGE ( 'NONE', *, *, #569, .F. ) ;
#4631 = DIRECTION ( 'NONE',  ( -1.000000000000000000, 0.000000000000000000, 3.469446951953617147E-16 ) ) ;
#4632 = DIRECTION ( 'NONE',  ( -1.000000000000000000, 0.000000000000000000, 3.469446951953616161E-16 ) ) ;
#4633 = CARTESIAN_POINT ( 'NONE',  ( -3.564856743132338579E-14, 4.999999999999997335, -101.3739999999994126 ) ) ;
#4634 = DIRECTION ( 'NONE',  ( 3.469446951953626515E-16, 0.000000000000000000, 1.000000000000000000 ) ) ;
#4635 = DIRECTION ( 'NONE',  ( -1.000000000000000000, 0.000000000000000000, 3.469446951953617147E-16 ) ) ;
#4636 = ORIENTED_EDGE ( 'NONE', *, *, #1323, .F. ) ;
#4637 = DIRECTION ( 'NONE',  ( -1.000000000000000000, 0.000000000000000000, 3.469446951953616654E-16 ) ) ;
#4638 = DIRECTION ( 'NONE',  ( -1.000000000000000000, 0.000000000000000000, 3.469446951953617147E-16 ) ) ;
#4639 = DIRECTION ( 'NONE',  ( -1.000000000000000000, 0.000000000000000000, 3.469446951953617147E-16 ) ) ;
#4640 = EDGE_LOOP ( 'NONE', ( #4865, #272 ) ) ;
#4641 = CYLINDRICAL_SURFACE ( 'NONE', #3272, 2.249999999999998668 ) ;
#4642 = ORIENTED_EDGE ( 'NONE', *, *, #1211, .F. ) ;
#4643 = CARTESIAN_POINT ( 'NONE',  ( -9.525000000000025224, 61.03999999999999915, -73.45799999999998420 ) ) ;
#4644 = DIRECTION ( 'NONE',  ( 0.000000000000000000, 1.000000000000000000, 0.000000000000000000 ) ) ;
#4645 = EDGE_LOOP ( 'NONE', ( #3466, #1259 ) ) ;
#4646 = EDGE_CURVE ( 'NONE', #4214, #2864, #2855, .T. ) ;
#4647 = CARTESIAN_POINT ( 'NONE',  ( -3.044439700339296451E-14, 49.83200000000000074, -90.16599999999988313 ) ) ;
#4648 = ORIENTED_EDGE ( 'NONE', *, *, #3371, .F. ) ;
#4649 = ORIENTED_EDGE ( 'NONE', *, *, #569, .T. ) ;
#4650 = CARTESIAN_POINT ( 'NONE',  ( -9.525000000000007461, 13.68629150101525660, -20.93629150101528680 ) ) ;
#4651 = DIRECTION ( 'NONE',  ( -1.000000000000000000, 0.000000000000000000, 3.469446951953617147E-16 ) ) ;
#4652 = ADVANCED_FACE ( 'NONE', ( #5047 ), #795, .F. ) ;
#4653 = ORIENTED_EDGE ( 'NONE', *, *, #4550, .T. ) ;
#4654 = ORIENTED_EDGE ( 'NONE', *, *, #1908, .T. ) ;
#4655 = AXIS2_PLACEMENT_3D ( 'NONE', #153, #1287, #4761 ) ;
#4656 = DIRECTION ( 'NONE',  ( 3.469446951953615175E-16, 0.000000000000000000, 1.000000000000000000 ) ) ;
#4657 = CARTESIAN_POINT ( 'NONE',  ( 12.00000000000000000, 9.525000000000000355, -13.99999999999999822 ) ) ;
#4658 = VECTOR ( 'NONE', #5005, 1000.000000000000000 ) ;
#4659 = DIRECTION ( 'NONE',  ( 6.308085367188367561E-16, 0.000000000000000000, 1.000000000000000000 ) ) ;
#4660 = DIRECTION ( 'NONE',  ( -1.000000000000000000, 0.000000000000000000, 3.469446951953617147E-16 ) ) ;
#4661 = ORIENTED_EDGE ( 'NONE', *, *, #1624, .F. ) ;
#4662 = EDGE_CURVE ( 'NONE', #4534, #2607, #1966, .T. ) ;
#4663 = AXIS2_PLACEMENT_3D ( 'NONE', #1980, #1599, #786 ) ;
#4664 = FACE_OUTER_BOUND ( 'NONE', #5064, .T. ) ;
#4665 = DIRECTION ( 'NONE',  ( 0.000000000000000000, 1.000000000000000000, 0.000000000000000000 ) ) ;
#4666 = AXIS2_PLACEMENT_3D ( 'NONE', #2982, #2544, #3751 ) ;
#4667 = AXIS2_PLACEMENT_3D ( 'NONE', #4859, #2092, #155 ) ;
#4668 = ORIENTED_EDGE ( 'NONE', *, *, #1825, .T. ) ;
#4669 = ORIENTED_EDGE ( 'NONE', *, *, #1993, .T. ) ;
#4670 = EDGE_CURVE ( 'NONE', #944, #641, #403, .T. ) ;
#4671 = CIRCLE ( 'NONE', #312, 4.499999999999999112 ) ;
#4672 = CARTESIAN_POINT ( 'NONE',  ( 47.99999999999998579, 9.525000000000000355, -41.50000000000000711 ) ) ;
#4673 = CARTESIAN_POINT ( 'NONE',  ( -3.374037160774889799E-14, 4.999999999999997335, -95.87399999999939837 ) ) ;
#4674 = CARTESIAN_POINT ( 'NONE',  ( -2.602085213965204331E-15, 57.09132099187863219, -7.500000000000000000 ) ) ;
#4675 = DIRECTION ( 'NONE',  ( 1.000000000000000000, 0.000000000000000000, -3.469446951953616654E-16 ) ) ;
#4676 = ORIENTED_EDGE ( 'NONE', *, *, #5062, .T. ) ;
#4677 = ORIENTED_EDGE ( 'NONE', *, *, #3973, .T. ) ;
#4678 = CARTESIAN_POINT ( 'NONE',  ( 47.99999999999998579, 4.525000000000000355, -41.50000000000000711 ) ) ;
#4679 = EDGE_CURVE ( 'NONE', #4860, #2708, #3423, .T. ) ;
#4680 = ORIENTED_EDGE ( 'NONE', *, *, #4889, .F. ) ;
#4681 = ADVANCED_FACE ( 'NONE', ( #3139 ), #3433, .F. ) ;
#4682 = FACE_OUTER_BOUND ( 'NONE', #2986, .T. ) ;
#4683 = DIRECTION ( 'NONE',  ( -1.000000000000000000, 0.000000000000000000, 3.469446951953616654E-16 ) ) ;
#4684 = LINE ( 'NONE', #2751, #1543 ) ;
#4685 = ORIENTED_EDGE ( 'NONE', *, *, #1764, .F. ) ;
#4686 = CIRCLE ( 'NONE', #4272, 2.599999999999991207 ) ;
#4687 = PLANE ( 'NONE',  #599 ) ;
#4688 = CARTESIAN_POINT ( 'NONE',  ( 12.00000000000000000, 0.000000000000000000, -11.04999999999999716 ) ) ;
#4689 = DIRECTION ( 'NONE',  ( 3.469446951953617147E-16, 0.000000000000000000, 1.000000000000000000 ) ) ;
#4690 = CIRCLE ( 'NONE', #422, 2.750000000000009326 ) ;
#4691 = EDGE_LOOP ( 'NONE', ( #799, #5038, #3168, #3383 ) ) ;
#4692 = CIRCLE ( 'NONE', #2540, 2.750000000000009326 ) ;
#4693 = VECTOR ( 'NONE', #3675, 1000.000000000000000 ) ;
#4694 = DIRECTION ( 'NONE',  ( -1.000000000000000000, 0.000000000000000000, 3.469446951953616161E-16 ) ) ;
#4695 = CIRCLE ( 'NONE', #2727, 2.750000000000002665 ) ;
#4696 = CYLINDRICAL_SURFACE ( 'NONE', #2387, 2.750000000000002665 ) ;
#4697 = FACE_OUTER_BOUND ( 'NONE', #156, .T. ) ;
#4698 = CARTESIAN_POINT ( 'NONE',  ( 12.00000000000000000, 4.525000000000000355, -50.50000000000000000 ) ) ;
#4699 = AXIS2_PLACEMENT_3D ( 'NONE', #3750, #3410, #1748 ) ;
#4700 = EDGE_LOOP ( 'NONE', ( #163, #4142 ) ) ;
#4701 = DIRECTION ( 'NONE',  ( -1.000000000000000000, 0.000000000000000000, 3.469446951953617147E-16 ) ) ;
#4702 = ORIENTED_EDGE ( 'NONE', *, *, #314, .F. ) ;
#4703 = ORIENTED_EDGE ( 'NONE', *, *, #1079, .F. ) ;
#4704 = EDGE_CURVE ( 'NONE', #1120, #1866, #3914, .T. ) ;
#4705 = CARTESIAN_POINT ( 'NONE',  ( -9.525000000000035882, 16.20799999999999841, -98.62399999999951206 ) ) ;
#4706 = DIRECTION ( 'NONE',  ( -1.000000000000000000, -5.951495925657777851E-32, 3.469446951953616654E-16 ) ) ;
#4707 = DIRECTION ( 'NONE',  ( -1.000000000000000000, 0.000000000000000000, 3.469446951953616654E-16 ) ) ;
#4708 = EDGE_CURVE ( 'NONE', #5063, #543, #4292, .T. ) ;
#4709 = ORIENTED_EDGE ( 'NONE', *, *, #1407, .T. ) ;
#4710 = DIRECTION ( 'NONE',  ( 0.000000000000000000, 1.000000000000000000, 0.000000000000000000 ) ) ;
#4711 = DIRECTION ( 'NONE',  ( 1.000000000000000000, -5.473822126268817899E-48, -3.469446951953617147E-16 ) ) ;
#4712 = DIRECTION ( 'NONE',  ( -1.000000000000000000, 0.000000000000000000, 3.469446951953616161E-16 ) ) ;
#4713 = ORIENTED_EDGE ( 'NONE', *, *, #4532, .F. ) ;
#4714 = CARTESIAN_POINT ( 'NONE',  ( -6.158268339717667552E-15, 24.99999999999999645, -17.74999999999999645 ) ) ;
#4715 = ORIENTED_EDGE ( 'NONE', *, *, #3748, .T. ) ;
#4716 = CARTESIAN_POINT ( 'NONE',  ( 12.00000000000000000, 4.525000000000000355, -13.99999999999999822 ) ) ;
#4717 = ORIENTED_EDGE ( 'NONE', *, *, #1764, .T. ) ;
#4718 = FACE_OUTER_BOUND ( 'NONE', #3091, .T. ) ;
#4719 = DIRECTION ( 'NONE',  ( 3.469446951953619119E-16, 0.000000000000000000, 1.000000000000000000 ) ) ;
#4720 = EDGE_CURVE ( 'NONE', #4585, #3986, #3869, .T. ) ;
#4721 = ORIENTED_EDGE ( 'NONE', *, *, #2251, .F. ) ;
#4722 = DIRECTION ( 'NONE',  ( -1.000000000000000000, 0.000000000000000000, 3.469446951953617147E-16 ) ) ;
#4723 = DIRECTION ( 'NONE',  ( -1.000000000000000000, 0.000000000000000000, 3.469446951953617147E-16 ) ) ;
#4724 = ORIENTED_EDGE ( 'NONE', *, *, #1108, .T. ) ;
#4725 = VECTOR ( 'NONE', #126, 1000.000000000000000 ) ;
#4726 = DIRECTION ( 'NONE',  ( 3.469446951953618133E-16, 0.000000000000000000, 1.000000000000000000 ) ) ;
#4727 = CARTESIAN_POINT ( 'NONE',  ( 12.00000000000000000, 4.525000000000000355, -41.49999999999999289 ) ) ;
#4728 = DIRECTION ( 'NONE',  ( 3.469446951953615175E-16, 0.000000000000000000, 1.000000000000000000 ) ) ;
#4729 = VECTOR ( 'NONE', #4468, 1000.000000000000000 ) ;
#4730 = VERTEX_POINT ( 'NONE', #3483 ) ;
#4731 = AXIS2_PLACEMENT_3D ( 'NONE', #1158, #4312, #3480 ) ;
#4732 = AXIS2_PLACEMENT_3D ( 'NONE', #1387, #2950, #3770 ) ;
#4733 = CIRCLE ( 'NONE', #4482, 2.750000000000002665 ) ;
#4734 = FACE_OUTER_BOUND ( 'NONE', #1580, .T. ) ;
#4735 = CARTESIAN_POINT ( 'NONE',  ( -9.525000000000041211, 16.20799999999999841, -118.2899999999995231 ) ) ;
#4736 = LINE ( 'NONE', #3900, #3583 ) ;
#4737 = AXIS2_PLACEMENT_3D ( 'NONE', #1809, #1786, #271 ) ;
#4738 = ORIENTED_EDGE ( 'NONE', *, *, #3102, .F. ) ;
#4739 = CARTESIAN_POINT ( 'NONE',  ( 1.908195823574487804E-14, 56.59000000000000341, 56.58999999999998209 ) ) ;
#4740 = ADVANCED_FACE ( 'NONE', ( #83, #3559 ), #4028, .T. ) ;
#4741 = EDGE_CURVE ( 'NONE', #1351, #1555, #446, .T. ) ;
#4742 = FACE_BOUND ( 'NONE', #4332, .T. ) ;
#4743 = CIRCLE ( 'NONE', #3010, 2.750000000000002665 ) ;
#4744 = AXIS2_PLACEMENT_3D ( 'NONE', #2809, #3859, #378 ) ;
#4745 = CARTESIAN_POINT ( 'NONE',  ( -9.525000000000039435, 27.41600000000000392, -109.8319999999996384 ) ) ;
#4746 = DIRECTION ( 'NONE',  ( 3.469446951953615175E-16, 0.000000000000000000, 1.000000000000000000 ) ) ;
#4747 = ORIENTED_EDGE ( 'NONE', *, *, #4074, .F. ) ;
#4748 = CIRCLE ( 'NONE', #4253, 2.750000000000002665 ) ;
#4749 = ORIENTED_EDGE ( 'NONE', *, *, #699, .T. ) ;
#4750 = CARTESIAN_POINT ( 'NONE',  ( -9.525000000000039435, 38.62400000000000233, -109.8319999999997663 ) ) ;
#4751 = CARTESIAN_POINT ( 'NONE',  ( -9.524999999999977263, 10.00000000000000178, 66.04000000000000625 ) ) ;
#4752 = EDGE_CURVE ( 'NONE', #3358, #1778, #1949, .T. ) ;
#4753 = VERTEX_POINT ( 'NONE', #4393 ) ;
#4754 = FACE_OUTER_BOUND ( 'NONE', #1389, .T. ) ;
#4755 = CARTESIAN_POINT ( 'NONE',  ( -2.081668171172168513E-14, 66.04000000000013415, -59.99999999999999289 ) ) ;
#4756 = CARTESIAN_POINT ( 'NONE',  ( -9.525000000000021672, 27.41600000000000392, -62.24999999999963052 ) ) ;
#4757 = CARTESIAN_POINT ( 'NONE',  ( 1.944278071874807285E-14, 10.00000000000000000, 56.04000000000000625 ) ) ;
#4758 = ORIENTED_EDGE ( 'NONE', *, *, #1409, .T. ) ;
#4759 = FACE_BOUND ( 'NONE', #3047, .T. ) ;
#4760 = CARTESIAN_POINT ( 'NONE',  ( -4.163336342344337027E-14, 61.04000000000002046, -121.0400000000000347 ) ) ;
#4761 = DIRECTION ( 'NONE',  ( -3.469446951953611231E-16, 0.000000000000000000, -1.000000000000000000 ) ) ;
#4762 = CARTESIAN_POINT ( 'NONE',  ( -2.081668171172169144E-14, 42.25000000000000711, -59.99999999999998579 ) ) ;
#4763 = VERTEX_POINT ( 'NONE', #2777 ) ;
#4764 = AXIS2_PLACEMENT_3D ( 'NONE', #1963, #3944, #55 ) ;
#4765 = FACE_BOUND ( 'NONE', #4195, .T. ) ;
#4766 = FACE_OUTER_BOUND ( 'NONE', #983, .T. ) ;
#4767 = ADVANCED_FACE ( 'NONE', ( #871 ), #2040, .F. ) ;
#4768 = VECTOR ( 'NONE', #3963, 1000.000000000000000 ) ;
#4769 = CARTESIAN_POINT ( 'NONE',  ( -4.199418590644657139E-14, -0.000000000000000000, -121.0399999999999778 ) ) ;
#4770 = EDGE_CURVE ( 'NONE', #4173, #2548, #3261, .T. ) ;
#4771 = CIRCLE ( 'NONE', #1083, 2.750000000000002665 ) ;
#4772 = CYLINDRICAL_SURFACE ( 'NONE', #4880, 2.750000000000002665 ) ;
#4773 = VERTEX_POINT ( 'NONE', #1228 ) ;
#4774 = DIRECTION ( 'NONE',  ( -1.000000000000000000, 0.000000000000000000, 3.469446951953616654E-16 ) ) ;
#4775 = CARTESIAN_POINT ( 'NONE',  ( -9.525000000000042988, 61.04000000000002046, -123.7900000000000347 ) ) ;
#4776 = ORIENTED_EDGE ( 'NONE', *, *, #10, .T. ) ;
#4777 = AXIS2_PLACEMENT_3D ( 'NONE', #4745, #4349, #2096 ) ;
#4778 = DIRECTION ( 'NONE',  ( 3.469446951953615175E-16, 0.000000000000000000, 1.000000000000000000 ) ) ;
#4779 = CARTESIAN_POINT ( 'NONE',  ( -9.525000000000009237, 45.17893218813449607, -20.86106781186562742 ) ) ;
#4780 = LINE ( 'NONE', #4443, #1847 ) ;
#4781 = EDGE_LOOP ( 'NONE', ( #215, #1670 ) ) ;
#4782 = CARTESIAN_POINT ( 'NONE',  ( 12.00000000000000000, 4.525000000000000355, -13.99999999999999822 ) ) ;
#4783 = EDGE_CURVE ( 'NONE', #3672, #328, #1280, .T. ) ;
#4784 = VERTEX_POINT ( 'NONE', #465 ) ;
#4785 = DIRECTION ( 'NONE',  ( -1.000000000000000000, 0.000000000000000000, 3.469446951953616654E-16 ) ) ;
#4786 = CARTESIAN_POINT ( 'NONE',  ( 12.00000000000000000, 9.525000000000000355, -13.99999999999999822 ) ) ;
#4787 = CARTESIAN_POINT ( 'NONE',  ( -2.159730727591124517E-14, 16.20799999999999841, -62.24999999999952394 ) ) ;
#4788 = CARTESIAN_POINT ( 'NONE',  ( 47.99999999999998579, 4.525000000000000355, -46.00000000000000711 ) ) ;
#4789 = ORIENTED_EDGE ( 'NONE', *, *, #1471, .F. ) ;
#4790 = CYLINDRICAL_SURFACE ( 'NONE', #3045, 4.499999999999997335 ) ;
#4791 = CARTESIAN_POINT ( 'NONE',  ( 12.00000000000000000, 4.525000000000000355, -13.99999999999999822 ) ) ;
#4792 = CARTESIAN_POINT ( 'NONE',  ( 2.358583941775868438E-47, 0.000000000000000000, -2.888432274816164184E-63 ) ) ;
#4793 = EDGE_LOOP ( 'NONE', ( #166, #3506, #3666, #2601 ) ) ;
#4794 = LINE ( 'NONE', #2836, #3611 ) ;
#4795 = EDGE_CURVE ( 'NONE', #3060, #661, #803, .T. ) ;
#4796 = ORIENTED_EDGE ( 'NONE', *, *, #2923, .F. ) ;
#4797 = DIRECTION ( 'NONE',  ( 3.469446951953618133E-16, 0.000000000000000000, 1.000000000000000000 ) ) ;
#4798 = DIRECTION ( 'NONE',  ( 3.469446951953615175E-16, 0.000000000000000000, 1.000000000000000000 ) ) ;
#4799 = ORIENTED_EDGE ( 'NONE', *, *, #4040, .T. ) ;
#4800 = FACE_OUTER_BOUND ( 'NONE', #2231, .T. ) ;
#4801 = EDGE_CURVE ( 'NONE', #2441, #4869, #3616, .T. ) ;
#4802 = CARTESIAN_POINT ( 'NONE',  ( -9.525000000000011013, 52.25000000000000711, -32.06786437626909958 ) ) ;
#4803 = CARTESIAN_POINT ( 'NONE',  ( -2.225377369315485399E-14, 66.04000000000007731, -64.14213562373090838 ) ) ;
#4804 = ORIENTED_EDGE ( 'NONE', *, *, #4857, .T. ) ;
#4805 =( GEOMETRIC_REPRESENTATION_CONTEXT ( 3 ) GLOBAL_UNCERTAINTY_ASSIGNED_CONTEXT ( ( #488 ) ) GLOBAL_UNIT_ASSIGNED_CONTEXT ( ( #3992, #74, #561 ) ) REPRESENTATION_CONTEXT ( 'NONE', 'WORKASPACE' ) );
#4806 = VECTOR ( 'NONE', #1617, 1000.000000000000000 ) ;
#4807 = LINE ( 'NONE', #2806, #4806 ) ;
#4808 = CARTESIAN_POINT ( 'NONE',  ( -9.525000000000016342, 25.00000000000001776, -45.99999999999998579 ) ) ;
#4809 = EDGE_CURVE ( 'NONE', #4860, #3518, #1611, .T. ) ;
#4810 = CARTESIAN_POINT ( 'NONE',  ( -9.525000000000042988, 49.83200000000000074, -123.7899999999998926 ) ) ;
#4811 = CARTESIAN_POINT ( 'NONE',  ( -2.602085213965210642E-14, 38.62400000000000233, -76.20799999999974261 ) ) ;
#4812 = ORIENTED_EDGE ( 'NONE', *, *, #562, .T. ) ;
#4813 = CYLINDRICAL_SURFACE ( 'NONE', #2729, 4.500000000000000888 ) ;
#4814 = VECTOR ( 'NONE', #638, 1000.000000000000000 ) ;
#4815 = DIRECTION ( 'NONE',  ( -3.469446951953619612E-16, 0.000000000000000000, -1.000000000000000000 ) ) ;
#4816 = VECTOR ( 'NONE', #3388, 1000.000000000000000 ) ;
#4817 = EDGE_CURVE ( 'NONE', #72, #1378, #4417, .T. ) ;
#4818 = CARTESIAN_POINT ( 'NONE',  ( -2.949029909160572061E-14, 16.20799999999999841, -87.41599999999952786 ) ) ;
#4819 = AXIS2_PLACEMENT_3D ( 'NONE', #823, #3148, #3545 ) ;
#4820 = CARTESIAN_POINT ( 'NONE',  ( -3.816391647148975608E-14, 38.62400000000000233, -109.8319999999997663 ) ) ;
#4821 = VERTEX_POINT ( 'NONE', #4756 ) ;
#4822 = DIRECTION ( 'NONE',  ( 0.000000000000000000, 0.000000000000000000, -1.000000000000000000 ) ) ;
#4823 = DIRECTION ( 'NONE',  ( 3.469446951953618133E-16, 0.000000000000000000, 1.000000000000000000 ) ) ;
#4824 = EDGE_LOOP ( 'NONE', ( #1003, #2116 ) ) ;
#4825 = VECTOR ( 'NONE', #3245, 1000.000000000000000 ) ;
#4826 = AXIS2_PLACEMENT_3D ( 'NONE', #1124, #2693, #2720 ) ;
#4827 = ORIENTED_EDGE ( 'NONE', *, *, #4263, .F. ) ;
#4828 = AXIS2_PLACEMENT_3D ( 'NONE', #4369, #924, #56 ) ;
#4829 = CARTESIAN_POINT ( 'NONE',  ( -9.525000000000039435, 16.20799999999999841, -109.8319999999995247 ) ) ;
#4830 = ADVANCED_FACE ( 'NONE', ( #1990 ), #4002, .F. ) ;
#4831 = DIRECTION ( 'NONE',  ( 3.469446951953615175E-16, 0.000000000000000000, 1.000000000000000000 ) ) ;
#4832 = VERTEX_POINT ( 'NONE', #1309 ) ;
#4833 = DIRECTION ( 'NONE',  ( 0.000000000000000000, 0.000000000000000000, -1.000000000000000000 ) ) ;
#4834 = EDGE_CURVE ( 'NONE', #418, #1612, #4311, .T. ) ;
#4835 = CARTESIAN_POINT ( 'NONE',  ( -3.044439700339296451E-14, 16.20799999999999841, -90.16599999999952786 ) ) ;
#4836 = FACE_OUTER_BOUND ( 'NONE', #1739, .T. ) ;
#4837 = CARTESIAN_POINT ( 'NONE',  ( -2.255140518769849223E-14, 61.04000000000002046, -64.99999999999998579 ) ) ;
#4838 = ORIENTED_EDGE ( 'NONE', *, *, #3891, .T. ) ;
#4839 = DIRECTION ( 'NONE',  ( -1.000000000000000000, 0.000000000000000000, 3.469446951953617147E-16 ) ) ;
#4840 = CARTESIAN_POINT ( 'NONE',  ( -3.564856743132338579E-14, 4.999999999999997335, -101.3739999999994126 ) ) ;
#4841 = CARTESIAN_POINT ( 'NONE',  ( -9.524999999999996803, 56.58999999999999631, 9.450000000000034817 ) ) ;
#4842 = EDGE_LOOP ( 'NONE', ( #397, #1732, #716, #2991 ) ) ;
#4843 = AXIS2_PLACEMENT_3D ( 'NONE', #4802, #1382, #2530 ) ;
#4844 = DIRECTION ( 'NONE',  ( 3.469446951953615175E-16, 0.000000000000000000, 1.000000000000000000 ) ) ;
#4845 = LINE ( 'NONE', #1328, #3897 ) ;
#4846 = EDGE_LOOP ( 'NONE', ( #3509, #1490 ) ) ;
#4847 = VECTOR ( 'NONE', #1941, 1000.000000000000000 ) ;
#4848 = ORIENTED_EDGE ( 'NONE', *, *, #4704, .T. ) ;
#4849 = DIRECTION ( 'NONE',  ( -1.000000000000000000, 0.000000000000000000, 3.469446951953617147E-16 ) ) ;
#4850 = AXIS2_PLACEMENT_3D ( 'NONE', #611, #2221, #2552 ) ;
#4851 = CIRCLE ( 'NONE', #2545, 2.599999999999991207 ) ;
#4852 = DIRECTION ( 'NONE',  ( -1.000000000000000000, 0.000000000000000000, 3.469446951953616654E-16 ) ) ;
#4853 = ORIENTED_EDGE ( 'NONE', *, *, #1930, .F. ) ;
#4854 = CARTESIAN_POINT ( 'NONE',  ( -9.525000000000007461, 36.31370849898480202, -18.68629150101524417 ) ) ;
#4855 = AXIS2_PLACEMENT_3D ( 'NONE', #4140, #954, #213 ) ;
#4856 = FACE_OUTER_BOUND ( 'NONE', #1300, .T. ) ;
#4857 = EDGE_CURVE ( 'NONE', #5068, #1632, #4780, .T. ) ;
#4858 = CARTESIAN_POINT ( 'NONE',  ( 12.00000000000000000, 9.525000000000000355, -16.94999999999999929 ) ) ;
#4859 = CARTESIAN_POINT ( 'NONE',  ( -2.255140518769849223E-14, 49.83200000000000074, -64.99999999999985789 ) ) ;
#4860 = VERTEX_POINT ( 'NONE', #1258 ) ;
#4861 = EDGE_CURVE ( 'NONE', #833, #2810, #714, .T. ) ;
#4862 = DIRECTION ( 'NONE',  ( -1.000000000000000000, 0.000000000000000000, 3.469446951953616654E-16 ) ) ;
#4863 = DIRECTION ( 'NONE',  ( 3.469446951953618133E-16, 0.000000000000000000, 1.000000000000000000 ) ) ;
#4864 = VERTEX_POINT ( 'NONE', #2457 ) ;
#4865 = ORIENTED_EDGE ( 'NONE', *, *, #2629, .T. ) ;
#4866 = EDGE_LOOP ( 'NONE', ( #4575, #4918 ) ) ;
#4867 = CARTESIAN_POINT ( 'NONE',  ( -2.255140518769849223E-14, 27.41600000000000392, -64.99999999999964473 ) ) ;
#4868 = DIRECTION ( 'NONE',  ( 0.000000000000000000, 0.000000000000000000, 1.000000000000000000 ) ) ;
#4869 = VERTEX_POINT ( 'NONE', #2849 ) ;
#4870 = EDGE_CURVE ( 'NONE', #2713, #659, #5061, .T. ) ;
#4871 = EDGE_LOOP ( 'NONE', ( #2934, #3252 ) ) ;
#4872 = FACE_OUTER_BOUND ( 'NONE', #4598, .T. ) ;
#4873 = EDGE_LOOP ( 'NONE', ( #3455, #4935, #4181, #4172, #409 ) ) ;
#4874 = FACE_OUTER_BOUND ( 'NONE', #691, .T. ) ;
#4875 = EDGE_CURVE ( 'NONE', #516, #4864, #1203, .T. ) ;
#4876 = ORIENTED_EDGE ( 'NONE', *, *, #808, .F. ) ;
#4877 = DIRECTION ( 'NONE',  ( 3.469446951953615175E-16, 0.000000000000000000, 1.000000000000000000 ) ) ;
#4878 = DIRECTION ( 'NONE',  ( -1.000000000000000000, 0.000000000000000000, 3.469446951953616161E-16 ) ) ;
#4879 = DIRECTION ( 'NONE',  ( -1.000000000000000000, 0.000000000000000000, 3.469446951953616654E-16 ) ) ;
#4880 = AXIS2_PLACEMENT_3D ( 'NONE', #4820, #2057, #1728 ) ;
#4881 = CARTESIAN_POINT ( 'NONE',  ( -2.350550309948573928E-14, 5.000000000000000000, -67.74999999999940314 ) ) ;
#4882 = CARTESIAN_POINT ( 'NONE',  ( -1.821459649775647449E-14, 57.09132099187863219, -52.49999999999998579 ) ) ;
#4883 = ORIENTED_EDGE ( 'NONE', *, *, #4297, .F. ) ;
#4884 = EDGE_CURVE ( 'NONE', #1152, #1696, #546, .T. ) ;
#4885 = ORIENTED_EDGE ( 'NONE', *, *, #327, .T. ) ;
#4886 = CIRCLE ( 'NONE', #872, 2.950000000000001066 ) ;
#4887 = ORIENTED_EDGE ( 'NONE', *, *, #3161, .T. ) ;
#4888 = VECTOR ( 'NONE', #1881, 1000.000000000000000 ) ;
#4889 = EDGE_CURVE ( 'NONE', #210, #2299, #3736, .T. ) ;
#4890 = DIRECTION ( 'NONE',  ( -1.000000000000000000, 0.000000000000000000, 3.469446951953617147E-16 ) ) ;
#4891 = AXIS2_PLACEMENT_3D ( 'NONE', #2105, #518, #4868 ) ;
#4892 = ORIENTED_EDGE ( 'NONE', *, *, #4662, .T. ) ;
#4893 = DIRECTION ( 'NONE',  ( -0.000000000000000000, -1.000000000000000000, -0.000000000000000000 ) ) ;
#4894 = CYLINDRICAL_SURFACE ( 'NONE', #1038, 2.750000000000002665 ) ;
#4895 = VERTEX_POINT ( 'NONE', #2110 ) ;
#4896 = AXIS2_PLACEMENT_3D ( 'NONE', #1319, #1245, #1672 ) ;
#4897 = CARTESIAN_POINT ( 'NONE',  ( 1.908195823574487173E-14, 56.04000000000004889, 56.03999999999999204 ) ) ;
#4898 = VERTEX_POINT ( 'NONE', #4078 ) ;
#4899 = ORIENTED_EDGE ( 'NONE', *, *, #3236, .T. ) ;
#4900 = EDGE_CURVE ( 'NONE', #4983, #1725, #2973, .T. ) ;
#4901 = CARTESIAN_POINT ( 'NONE',  ( -4.163336342344337027E-14, 5.000000000000000000, -121.0399999999999778 ) ) ;
#4902 = CIRCLE ( 'NONE', #139, 2.950000000000001066 ) ;
#4903 = CIRCLE ( 'NONE', #1461, 2.750000000000002665 ) ;
#4904 = VERTEX_POINT ( 'NONE', #3683 ) ;
#4905 = DIRECTION ( 'NONE',  ( -1.000000000000000000, 0.000000000000000000, 3.469446951953616161E-16 ) ) ;
#4906 = EDGE_LOOP ( 'NONE', ( #4776, #1056 ) ) ;
#4907 = VECTOR ( 'NONE', #4940, 1000.000000000000000 ) ;
#4908 = EDGE_CURVE ( 'NONE', #4237, #72, #3723, .T. ) ;
#4909 = DIRECTION ( 'NONE',  ( -1.000000000000000000, 0.000000000000000000, 3.469446951953617147E-16 ) ) ;
#4910 = CARTESIAN_POINT ( 'NONE',  ( -3.374037160774889799E-14, 38.62400000000000233, -95.87399999999976785 ) ) ;
#4911 = FACE_OUTER_BOUND ( 'NONE', #1394, .T. ) ;
#4912 = VERTEX_POINT ( 'NONE', #1737 ) ;
#4913 = FACE_BOUND ( 'NONE', #1955, .T. ) ;
#4914 = CARTESIAN_POINT ( 'NONE',  ( -9.525000000000028777, 27.41600000000000392, -78.95799999999964314 ) ) ;
#4915 = CARTESIAN_POINT ( 'NONE',  ( -9.525000000000028777, 16.20799999999999841, -78.95799999999952945 ) ) ;
#4916 = ORIENTED_EDGE ( 'NONE', *, *, #1711, .T. ) ;
#4917 = EDGE_LOOP ( 'NONE', ( #2385, #2209, #480, #3441 ) ) ;
#4918 = ORIENTED_EDGE ( 'NONE', *, *, #2805, .F. ) ;
#4919 = CARTESIAN_POINT ( 'NONE',  ( -4.258746133523061417E-14, 4.999999999999997335, -123.7899999999994094 ) ) ;
#4920 = ORIENTED_EDGE ( 'NONE', *, *, #1385, .T. ) ;
#4921 = LINE ( 'NONE', #1042, #2226 ) ;
#4922 = LINE ( 'NONE', #1401, #389 ) ;
#4923 = LINE ( 'NONE', #3806, #1610 ) ;
#4924 = EDGE_LOOP ( 'NONE', ( #1367, #2336, #2697, #4601 ) ) ;
#4925 = ADVANCED_FACE ( 'NONE', ( #4874 ), #596, .F. ) ;
#4926 = VERTEX_POINT ( 'NONE', #3290 ) ;
#4927 = ORIENTED_EDGE ( 'NONE', *, *, #2596, .T. ) ;
#4928 = CIRCLE ( 'NONE', #3257, 2.750000000000002665 ) ;
#4929 = EDGE_LOOP ( 'NONE', ( #4346, #4145, #1673, #4506 ) ) ;
#4930 = DIRECTION ( 'NONE',  ( -1.000000000000000000, 0.000000000000000000, 3.469446951953617147E-16 ) ) ;
#4931 = ORIENTED_EDGE ( 'NONE', *, *, #4463, .T. ) ;
#4932 = VECTOR ( 'NONE', #2200, 1000.000000000000000 ) ;
#4933 = CARTESIAN_POINT ( 'NONE',  ( -4.067926551165612636E-14, 49.83200000000000074, -118.2899999999998784 ) ) ;
#4934 = AXIS2_PLACEMENT_3D ( 'NONE', #2411, #3542, #3098 ) ;
#4935 = ORIENTED_EDGE ( 'NONE', *, *, #1469, .T. ) ;
#4936 = CIRCLE ( 'NONE', #1081, 2.250000000000001776 ) ;
#4937 = VECTOR ( 'NONE', #2606, 1000.000000000000000 ) ;
#4938 = DIRECTION ( 'NONE',  ( 6.308085367188383338E-16, 0.000000000000000000, 1.000000000000000000 ) ) ;
#4939 = LINE ( 'NONE', #207, #3082 ) ;
#4940 = DIRECTION ( 'NONE',  ( -3.469446951953616654E-16, 1.892294191711369702E-16, -1.000000000000000000 ) ) ;
#4941 = VECTOR ( 'NONE', #1011, 1000.000000000000000 ) ;
#4942 = ORIENTED_EDGE ( 'NONE', *, *, #4291, .F. ) ;
#4943 = EDGE_CURVE ( 'NONE', #4895, #2441, #209, .T. ) ;
#4944 = CARTESIAN_POINT ( 'NONE',  ( 47.99999999999998579, 0.000000000000000000, -46.00000000000000711 ) ) ;
#4945 = CARTESIAN_POINT ( 'NONE',  ( -2.949029909160572061E-14, 4.999999999999997335, -87.41599999999941417 ) ) ;
#4946 = ORIENTED_EDGE ( 'NONE', *, *, #1777, .F. ) ;
#4947 = EDGE_CURVE ( 'NONE', #1725, #194, #3072, .T. ) ;
#4948 = FACE_OUTER_BOUND ( 'NONE', #4211, .T. ) ;
#4949 = EDGE_LOOP ( 'NONE', ( #4977, #2645 ) ) ;
#4950 = CARTESIAN_POINT ( 'NONE',  ( -4.199418590644656507E-14, 5.000000000000000000, -121.0399999999999778 ) ) ;
#4951 = CARTESIAN_POINT ( 'NONE',  ( 60.00000000000000000, 9.525000000000000355, -7.347880794884118356E-15 ) ) ;
#4952 = ORIENTED_EDGE ( 'NONE', *, *, #1164, .F. ) ;
#4953 = ORIENTED_EDGE ( 'NONE', *, *, #2843, .T. ) ;
#4954 = ORIENTED_EDGE ( 'NONE', *, *, #5057, .T. ) ;
#4955 = EDGE_CURVE ( 'NONE', #3692, #3604, #624, .T. ) ;
#4956 = CARTESIAN_POINT ( 'NONE',  ( -9.525000000000035882, 16.20799999999999841, -98.62399999999951206 ) ) ;
#4957 = ORIENTED_EDGE ( 'NONE', *, *, #2405, .T. ) ;
#4958 = CARTESIAN_POINT ( 'NONE',  ( -3.816391647148975608E-14, 16.20799999999999841, -109.8319999999995247 ) ) ;
#4959 = LINE ( 'NONE', #2205, #3688 ) ;
#4960 = ADVANCED_FACE ( 'NONE', ( #1355 ), #1763, .F. ) ;
#4961 = DIRECTION ( 'NONE',  ( -1.000000000000000000, 0.000000000000000000, 3.469446951953616654E-16 ) ) ;
#4962 = LINE ( 'NONE', #3003, #2084 ) ;
#4963 = CARTESIAN_POINT ( 'NONE',  ( -4.336808689942017736E-14, 61.04000000000006310, -126.0399999999999920 ) ) ;
#4964 = VERTEX_POINT ( 'NONE', #203 ) ;
#4965 = FACE_BOUND ( 'NONE', #197, .T. ) ;
#4966 = EDGE_CURVE ( 'NONE', #223, #324, #4233, .T. ) ;
#4967 = CYLINDRICAL_SURFACE ( 'NONE', #2312, 9.999999999999994671 ) ;
#4968 = EDGE_LOOP ( 'NONE', ( #1430, #2311, #630, #906, #743, #118 ) ) ;
#4969 = DIRECTION ( 'NONE',  ( -0.000000000000000000, -1.000000000000000000, -0.000000000000000000 ) ) ;
#4970 = ORIENTED_EDGE ( 'NONE', *, *, #4427, .T. ) ;
#4971 = AXIS2_PLACEMENT_3D ( 'NONE', #4958, #4852, #4041 ) ;
#4972 = CARTESIAN_POINT ( 'NONE',  ( -3.469446951953614189E-14, 38.62400000000000233, -98.62399999999976785 ) ) ;
#4973 = ORIENTED_EDGE ( 'NONE', *, *, #2632, .T. ) ;
#4974 = ADVANCED_FACE ( 'NONE', ( #230 ), #1436, .F. ) ;
#4975 = CARTESIAN_POINT ( 'NONE',  ( -2.506675422786485936E-14, 4.999999999999997335, -73.45799999999941576 ) ) ;
#4976 = CARTESIAN_POINT ( 'NONE',  ( -3.374037160774889799E-14, 49.83200000000000074, -95.87399999999988154 ) ) ;
#4977 = ORIENTED_EDGE ( 'NONE', *, *, #4403, .F. ) ;
#4978 = CARTESIAN_POINT ( 'NONE',  ( 0.000000000000000000, 9.525000000000000355, -7.500000000000000000 ) ) ;
#4979 = EDGE_LOOP ( 'NONE', ( #3791, #932, #782, #4985 ) ) ;
#4980 = CIRCLE ( 'NONE', #470, 2.750000000000002665 ) ;
#4981 = ORIENTED_EDGE ( 'NONE', *, *, #1505, .T. ) ;
#4982 = CARTESIAN_POINT ( 'NONE',  ( -9.525000000000014566, 24.99999999999999645, -42.24999999999999289 ) ) ;
#4983 = VERTEX_POINT ( 'NONE', #4933 ) ;
#4984 = AXIS2_PLACEMENT_3D ( 'NONE', #2055, #955, #115 ) ;
#4985 = ORIENTED_EDGE ( 'NONE', *, *, #2687, .F. ) ;
#4986 = CARTESIAN_POINT ( 'NONE',  ( -9.525000000000016342, 25.00000000000001776, -45.99999999999998579 ) ) ;
#4987 = CIRCLE ( 'NONE', #2770, 2.599999999999994760 ) ;
#4988 = AXIS2_PLACEMENT_3D ( 'NONE', #4596, #2642, #2303 ) ;
#4989 = DIRECTION ( 'NONE',  ( -0.000000000000000000, -1.000000000000000000, -0.000000000000000000 ) ) ;
#4990 = EDGE_CURVE ( 'NONE', #2450, #4753, #945, .T. ) ;
#4991 = DIRECTION ( 'NONE',  ( -0.000000000000000000, -1.000000000000000000, -0.000000000000000000 ) ) ;
#4992 = DIRECTION ( 'NONE',  ( -1.000000000000000000, 0.000000000000000000, 3.469446951953617147E-16 ) ) ;
#4993 = EDGE_CURVE ( 'NONE', #3739, #3779, #2004, .T. ) ;
#4994 = EDGE_CURVE ( 'NONE', #1013, #224, #1118, .T. ) ;
#4995 = AXIS2_PLACEMENT_3D ( 'NONE', #1420, #1770, #3320 ) ;
#4996 = EDGE_LOOP ( 'NONE', ( #3100, #2946 ) ) ;
#4997 = AXIS2_PLACEMENT_3D ( 'NONE', #1664, #1688, #845 ) ;
#4998 = FACE_OUTER_BOUND ( 'NONE', #5003, .T. ) ;
#4999 = DIRECTION ( 'NONE',  ( 3.469446951953618133E-16, 0.000000000000000000, 1.000000000000000000 ) ) ;
#5000 = LINE ( 'NONE', #1575, #2265 ) ;
#5001 = ORIENTED_EDGE ( 'NONE', *, *, #4085, .F. ) ;
#5002 = DIRECTION ( 'NONE',  ( 0.000000000000000000, 0.000000000000000000, 1.000000000000000000 ) ) ;
#5003 = EDGE_LOOP ( 'NONE', ( #1404, #1901, #625, #2499 ) ) ;
#5004 = CYLINDRICAL_SURFACE ( 'NONE', #341, 2.250000000000001776 ) ;
#5005 = DIRECTION ( 'NONE',  ( -1.000000000000000000, 0.000000000000000000, 3.469446951953617147E-16 ) ) ;
#5006 = ORIENTED_EDGE ( 'NONE', *, *, #3576, .T. ) ;
#5007 = DIRECTION ( 'NONE',  ( 0.000000000000000000, 1.000000000000000000, 0.000000000000000000 ) ) ;
#5008 = ADVANCED_FACE ( 'NONE', ( #3578 ), #457, .F. ) ;
#5009 = ORIENTED_EDGE ( 'NONE', *, *, #3435, .F. ) ;
#5010 = EDGE_LOOP ( 'NONE', ( #2075, #2308 ) ) ;
#5011 = CARTESIAN_POINT ( 'NONE',  ( -9.525000000000039435, 61.03999999999999915, -109.8319999999999794 ) ) ;
#5012 = VERTEX_POINT ( 'NONE', #3603 ) ;
#5013 = AXIS2_PLACEMENT_3D ( 'NONE', #1584, #3918, #3890 ) ;
#5014 = DIRECTION ( 'NONE',  ( -1.000000000000000000, 0.000000000000000000, 3.469446951953617147E-16 ) ) ;
#5015 = DIRECTION ( 'NONE',  ( -3.469446951953616654E-16, 0.000000000000000000, -1.000000000000000000 ) ) ;
#5016 = DIRECTION ( 'NONE',  ( -1.000000000000000000, 0.000000000000000000, 3.469446951953616654E-16 ) ) ;
#5017 = AXIS2_PLACEMENT_3D ( 'NONE', #4128, #4546, #329 ) ;
#5018 = AXIS2_PLACEMENT_3D ( 'NONE', #4296, #2319, #5048 ) ;
#5019 = CARTESIAN_POINT ( 'NONE',  ( -9.525000000000027001, 38.62400000000000233, -76.20799999999974261 ) ) ;
#5020 = DIRECTION ( 'NONE',  ( 6.308085367188367561E-16, 0.000000000000000000, 1.000000000000000000 ) ) ;
#5021 = ORIENTED_EDGE ( 'NONE', *, *, #4299, .F. ) ;
#5022 = CIRCLE ( 'NONE', #4850, 20.49999999999996447 ) ;
#5023 = AXIS2_PLACEMENT_3D ( 'NONE', #3757, #4092, #2634 ) ;
#5024 = EDGE_CURVE ( 'NONE', #2111, #3739, #1705, .T. ) ;
#5025 = EDGE_CURVE ( 'NONE', #641, #944, #3810, .T. ) ;
#5026 = CARTESIAN_POINT ( 'NONE',  ( 1.214306433183764966E-14, 33.02000000000002444, 33.01999999999999602 ) ) ;
#5027 = CARTESIAN_POINT ( 'NONE',  ( -1.040834085586084257E-14, 42.25000000000001421, -27.93213562373107450 ) ) ;
#5028 = AXIS2_PLACEMENT_3D ( 'NONE', #1267, #2534, #476 ) ;
#5029 = CARTESIAN_POINT ( 'NONE',  ( -2.081668171172168513E-14, 0.000000000000000000, -59.99999999999998579 ) ) ;
#5030 = ORIENTED_EDGE ( 'NONE', *, *, #2286, .F. ) ;
#5031 = AXIS2_PLACEMENT_3D ( 'NONE', #4502, #979, #2624 ) ;
#5032 = ADVANCED_FACE ( 'NONE', ( #2494 ), #98, .F. ) ;
#5033 = DIRECTION ( 'NONE',  ( 0.000000000000000000, 0.000000000000000000, -1.000000000000000000 ) ) ;
#5034 = ORIENTED_EDGE ( 'NONE', *, *, #1323, .T. ) ;
#5035 = FACE_OUTER_BOUND ( 'NONE', #3705, .T. ) ;
#5036 = DIRECTION ( 'NONE',  ( 1.000000000000000000, -0.000000000000000000, -3.469446951953616654E-16 ) ) ;
#5037 = DIRECTION ( 'NONE',  ( -1.000000000000000000, 0.000000000000000000, 3.469446951953617147E-16 ) ) ;
#5038 = ORIENTED_EDGE ( 'NONE', *, *, #1079, .T. ) ;
#5039 = ORIENTED_EDGE ( 'NONE', *, *, #2753, .F. ) ;
#5040 = DIRECTION ( 'NONE',  ( -1.000000000000000000, 0.000000000000000000, 3.469446951953616654E-16 ) ) ;
#5041 = ADVANCED_FACE ( 'NONE', ( #4384 ), #4772, .F. ) ;
#5042 = ORIENTED_EDGE ( 'NONE', *, *, #1099, .T. ) ;
#5043 = VERTEX_POINT ( 'NONE', #2077 ) ;
#5044 = CARTESIAN_POINT ( 'NONE',  ( -4.336808689942017736E-14, 5.898059818321144121E-14, -126.0399999999999920 ) ) ;
#5045 = LINE ( 'NONE', #233, #2719 ) ;
#5046 = CARTESIAN_POINT ( 'NONE',  ( 1.817990202823694150E-14, 9.450000000000045475, 53.98999999999999488 ) ) ;
#5047 = FACE_OUTER_BOUND ( 'NONE', #4261, .T. ) ;
#5048 = DIRECTION ( 'NONE',  ( 3.469446951953618133E-16, 0.000000000000000000, 1.000000000000000000 ) ) ;
#5049 = DIRECTION ( 'NONE',  ( -0.000000000000000000, -1.000000000000000000, -0.000000000000000000 ) ) ;
#5050 = CARTESIAN_POINT ( 'NONE',  ( -9.525000000000027001, 27.41600000000000392, -76.20799999999964314 ) ) ;
#5051 = ORIENTED_EDGE ( 'NONE', *, *, #4064, .F. ) ;
#5052 = ORIENTED_EDGE ( 'NONE', *, *, #4378, .F. ) ;
#5053 = EDGE_CURVE ( 'NONE', #1866, #1120, #2908, .T. ) ;
#5054 = CARTESIAN_POINT ( 'NONE',  ( -9.525000000000011013, 24.99999999999999645, -29.99999999999999289 ) ) ;
#5055 = EDGE_LOOP ( 'NONE', ( #4590, #3149 ) ) ;
#5056 = DIRECTION ( 'NONE',  ( -1.000000000000000000, 0.000000000000000000, 3.469446951953617147E-16 ) ) ;
#5057 = EDGE_CURVE ( 'NONE', #2484, #1512, #3564, .T. ) ;
#5058 = CARTESIAN_POINT ( 'NONE',  ( -9.525000000000005684, 25.00000000000002132, -11.75000000000000355 ) ) ;
#5059 = ORIENTED_EDGE ( 'NONE', *, *, #2112, .F. ) ;
#5060 = FACE_OUTER_BOUND ( 'NONE', #2425, .T. ) ;
#5061 = CIRCLE ( 'NONE', #1766, 2.249999999999998668 ) ;
#5062 = EDGE_CURVE ( 'NONE', #3413, #957, #1631, .T. ) ;
#5063 = VERTEX_POINT ( 'NONE', #914 ) ;
#5064 = EDGE_LOOP ( 'NONE', ( #4051, #1690, #198, #4981 ) ) ;
#5065 = CARTESIAN_POINT ( 'NONE',  ( -2.853620117981847670E-14, 4.999999999999997335, -84.66599999999941417 ) ) ;
#5066 = CYLINDRICAL_SURFACE ( 'NONE', #2306, 2.750000000000009326 ) ;
#5067 = CIRCLE ( 'NONE', #4731, 2.750000000000002665 ) ;
#5068 = VERTEX_POINT ( 'NONE', #2422 ) ;
#5069 = AXIS2_PLACEMENT_3D ( 'NONE', #4018, #1273, #4095 ) ;
#5070 = CLOSED_SHELL ( 'NONE', ( #2417, #1625, #4518, #4231, #3966, #4652, #1340, #4006, #2666, #4436, #3787, #2144, #3814, #5008, #3533, #3753, #2064, #4337, #2716, #1981, #515, #4681, #240, #3450, #3534, #3467, #4974, #2460, #4767, #4960, #2785, #3312, #2975, #1928, #2056, #31, #505, #4830, #5032, #2142, #4151, #3715, #777, #1252, #1370, #2359, #844, #4925, #2709, #4362, #1390, #3501, #2372, #2146, #713, #1539, #727, #1974, #1622, #3036, #3399, #1313, #502, #3520, #3173, #4351, #132, #3508, #3960, #4740, #3474, #2469, #870, #2862, #1412, #1261, #319, #4250, #347, #874, #2395, #1027, #2702, #534, #4560, #2834, #3817, #504, #3943, #3938, #4091, #1773, #2446, #3179, #621, #941, #5041, #2980, #2828, #3514, #2560, #2406, #2108, #3123, #1602, #1759, #3142, #3756, #3824, #212, #1244, #4478, #3596, #4617, #2672, #819, #2522, #3481, #3654, #1684, #1276, #372, #2614, #1048, #3133, #3233, #4514, #18, #4450, #4581, #4100, #1548, #1616, #3718, #1226, #770, #2760, #1516, #2788, #95, #1811, #3147, #3802, #2537 ) ) ;
#5071 = CIRCLE ( 'NONE', #4570, 2.950000000000001066 ) ;
#5072 = CYLINDRICAL_SURFACE ( 'NONE', #817, 2.750000000000002665 ) ;
#5073 = CIRCLE ( 'NONE', #1285, 9.999999999999994671 ) ;
#5074 = VECTOR ( 'NONE', #2610, 1000.000000000000000 ) ;
#5075 = DIRECTION ( 'NONE',  ( 0.000000000000000000, 0.000000000000000000, -1.000000000000000000 ) ) ;
#5076 = VERTEX_POINT ( 'NONE', #1657 ) ;
#5077 = AXIS2_PLACEMENT_3D ( 'NONE', #3058, #4638, #3464 ) ;
#5078 = AXIS2_PLACEMENT_3D ( 'NONE', #4757, #2707, #3894 ) ;
#5079 = FACE_BOUND ( 'NONE', #2782, .T. ) ;
#5080 = DIRECTION ( 'NONE',  ( -0.000000000000000000, 1.000000000000000000, -0.000000000000000000 ) ) ;
#5081 = ORIENTED_EDGE ( 'NONE', *, *, #2440, .F. ) ;
#5082 = DIRECTION ( 'NONE',  ( 1.000000000000000000, 0.000000000000000000, -3.469446951953616654E-16 ) ) ;
#5083 = FACE_OUTER_BOUND ( 'NONE', #447, .T. ) ;
ENDSEC;
END-ISO-10303-21;
